transaction_id,record_count,combined_payment,first_transaction,last_transaction
531bf663-4fc3-ed11-842b-c6890f19f82e,3304,0.0,2023-03-15 16:58:09.407,2023-03-15 16:58:09.407
80769186-e99d-ee11-8445-bab229a7e2d3,1860,140809.0,2023-12-18 21:13:37.093,2023-12-18 21:13:37.093
3854054c-3c90-79c7-b31d-08dda2b305d3,1666,0.0,2025-06-03 15:28:19.033,2025-06-03 15:28:19.033
3a346fba-2e27-ee11-8444-e5c7cfca5dd9,1633,0.0,2023-07-20 18:57:32.200,2023-07-20 18:57:32.200
4b320301-0011-6c34-fc95-08dedc2f4224,1600,0.0,2026-07-07 13:57:38.960,2026-07-07 13:57:38.960
43b27a51-c80c-ec11-8315-d10a2ea2725a,1540,47600.0,2021-09-03 15:09:55.390,2021-09-03 15:09:55.390
15f0044c-3c90-79c7-51b8-08dda2afd808,1527,0.0,2025-06-03 15:08:43.513,2025-06-03 15:08:43.513
2a26e0f3-9aa5-179e-7002-019f4d7a590b,1500,15000.0,2026-07-10 19:23:37.733,2026-07-10 19:23:37.733
515729c9-2ebe-ef11-84ee-cb0e60af9bc6,1293,143123.0,2024-12-19 17:32:24.360,2024-12-19 17:32:24.360
8e94d42f-4a90-378a-7002-019f4d78334a,1225,12250.0,2026-07-10 19:21:11.310,2026-07-10 19:21:11.310
e88807a3-f756-ed11-83d0-c713aecbc20c,1200,0.0,2022-10-28 19:36:24.107,2022-10-28 19:36:24.107
0d270701-00d4-415f-4847-08de9edbc3be,1126,45994.0,2026-04-20 12:56:50.050,2026-04-20 12:56:50.050
690b234e-31be-ef11-84ee-cb0e60af9bc6,1107,101174.75,2024-12-19 17:50:03.880,2024-12-19 17:50:03.880
0d5509a2-32be-ef11-84ee-cb0e60af9bc6,1107,101190.75,2024-12-19 18:03:54.823,2024-12-19 18:03:54.823
dd5dc349-2fbe-ef11-84ee-cb0e60af9bc6,1107,107119.75,2024-12-19 17:38:53.517,2024-12-19 17:38:53.517
97a81034-30be-ef11-84ee-cb0e60af9bc6,1107,103143.75,2024-12-19 17:42:24.380,2024-12-19 17:42:24.380
c6d4c1a1-30be-ef11-84ee-cb0e60af9bc6,1107,96241.25,2024-12-19 17:45:17.940,2024-12-19 17:45:17.940
ae40f9c4-2d27-ee11-8444-e5c7cfca5dd9,1071,0.0,2023-07-20 18:53:35.487,2023-07-20 18:53:35.487
8da55a3b-44f9-ef11-84f5-8c5d6342710d,1000,0.0,2025-03-04 22:04:10.793,2025-03-04 22:04:10.793
7d9f0701-005a-1a99-744e-08de7480e63c,1000,0.0,2026-02-25 15:18:34.420,2026-02-25 15:18:34.420
a413569a-a8e0-ee11-8444-c47ffd55a884,1000,0.0,2024-03-12 19:44:34.583,2024-03-12 19:44:34.583
04c59fd8-43f9-ef11-84f5-8c5d6342710d,1000,0.0,2025-03-04 22:01:11.687,2025-03-04 22:01:11.687
22195d88-2672-ef11-84bd-ed9f20982f9d,1000,0.0,2024-09-13 23:20:58.923,2024-09-13 23:20:58.923
c2840701-005a-1a99-e994-08de7480a6a6,1000,0.0,2026-02-25 15:16:37.180,2026-02-25 15:16:37.180
60790b98-ce90-79c7-871f-08dd99403d7a,997,0.0,2025-05-22 14:58:52.057,2025-05-22 14:58:52.057
f787c829-7b88-ec11-8350-b49a0219ae01,968,0.0,2022-02-08 01:09:02.370,2022-02-08 01:09:02.370
fda795a4-d82f-ee11-8444-a14c688afcb8,967,0.0,2023-07-31 19:50:30.153,2023-07-31 19:50:30.153
850c4986-c760-eb11-82b1-f8d59df4db12,960,0.0,2021-01-27 17:47:54.367,2021-01-27 17:47:54.367
3f843f53-e0ea-ee11-8445-a7e21a374836,922,0.0,2024-03-25 19:51:21.510,2024-03-25 19:51:21.510
a49c49ba-7b88-ec11-8350-b49a0219ae01,896,0.0,2022-02-08 01:10:48.570,2022-02-08 01:10:48.570
3f390701-00d4-415f-f5b3-08de9edc5b8e,895,34195.0,2026-04-20 12:58:37.180,2026-04-20 12:58:37.180
3f2606bd-2dbe-ef11-84ee-cb0e60af9bc6,862,97771.75,2024-12-19 17:24:47.690,2024-12-19 17:24:47.690
cdc798ed-29be-ef11-84ee-cb0e60af9bc6,862,100586.25,2024-12-19 16:57:38.533,2024-12-19 16:57:38.533
28f785c9-2cbe-ef11-84ee-cb0e60af9bc6,862,92137.0,2024-12-19 17:19:19.270,2024-12-19 17:19:19.270
c887ae14-2bbe-ef11-84ee-cb0e60af9bc6,862,99194.75,2024-12-19 17:08:18.167,2024-12-19 17:08:18.167
cba18b32-2ebe-ef11-84ee-cb0e60af9bc6,862,96343.0,2024-12-19 17:28:26.033,2024-12-19 17:28:26.033
f147d626-29be-ef11-84ee-cb0e60af9bc6,862,100586.25,2024-12-19 16:52:27.417,2024-12-19 16:52:27.417
ca9f5870-2dbe-ef11-84ee-cb0e60af9bc6,862,92137.0,2024-12-19 17:21:25.143,2024-12-19 17:21:25.143
49cb0101-0028-1e19-04c2-08de3121d8e7,848,46840.64,2025-12-01 21:39:15.800,2025-12-01 21:39:15.800
63320101-0028-1e19-49ce-08de3120ca8f,848,46840.64,2025-12-01 21:37:15.997,2025-12-01 21:37:15.997
a1dc0101-0028-1e19-d71d-08de312219bb,848,46840.64,2025-12-01 21:40:46.507,2025-12-01 21:40:46.507
01f10101-0028-1e19-8d36-08de31225020,848,46840.64,2025-12-01 21:41:59.693,2025-12-01 21:41:59.693
ff35b596-7a88-ec11-8350-b49a0219ae01,838,0.0,2022-02-08 01:04:33.823,2022-02-08 01:04:33.823
0d4524e5-25f7-ec11-83ad-c35b536a62f6,823,44455.0,2022-06-28 21:08:13.617,2022-06-28 21:08:13.617
8a3dcaa8-44f9-ef11-84f5-8c5d6342710d,800,0.0,2025-03-04 22:06:33.027,2025-03-04 22:06:33.027
5bd00701-00d2-8833-0c72-08de762d82a9,800,16000.0,2026-02-27 18:33:10.353,2026-02-27 18:33:10.353
d1d58527-a8e0-ee11-8444-c47ffd55a884,800,0.0,2024-03-12 19:41:55.873,2024-03-12 19:41:55.873
3f710701-005a-1a99-b6b9-08de74803e68,800,0.0,2026-02-25 15:14:43.083,2026-02-25 15:14:43.083
e46934fb-a8e0-ee11-8444-c47ffd55a884,800,0.0,2024-03-12 19:46:59.227,2024-03-12 19:46:59.227
ad97a4fc-dfea-ee11-8445-a7e21a374836,770,0.0,2024-03-25 19:46:00.413,2024-03-25 19:46:00.413
923f0501-0019-341c-2f28-08de2b6e94ed,745,48819.89,2025-11-24 15:31:48.397,2025-11-24 15:31:48.397
e1a30501-0019-341c-0469-08de2b6f1ef2,745,48819.89,2025-11-24 15:35:40.307,2025-11-24 15:35:40.307
da2b0501-0019-341c-efa6-08de2b6e7b2b,745,48819.89,2025-11-24 15:31:05.237,2025-11-24 15:31:05.237
f4670501-0019-341c-7869-08de2b6ecb3b,745,48819.89,2025-11-24 15:33:19.747,2025-11-24 15:33:19.747
d4c70401-0019-341c-26fb-08de2b6ddc97,745,48819.89,2025-11-24 15:26:39.150,2025-11-24 15:26:39.150
13b40401-0019-341c-3787-08de2b6d9ffb,745,48819.89,2025-11-24 15:24:57.407,2025-11-24 15:24:57.407
f6160501-0019-341c-f90e-08de2b6e4481,745,48819.89,2025-11-24 15:29:33.607,2025-11-24 15:29:33.607
99b70501-0019-341c-34e3-08de2b6f32b4,745,48819.89,2025-11-24 15:36:13.093,2025-11-24 15:36:13.093
97f50501-0019-341c-745a-08de2b6fd86c,745,48876.01,2025-11-24 15:40:51.297,2025-11-24 15:40:51.297
69cb0501-0019-341c-0ffe-08de2b6f4b7c,745,48819.89,2025-11-24 15:36:54.803,2025-11-24 15:36:54.803
38030501-0019-341c-3dd9-08de2b6e2d10,745,48819.89,2025-11-24 15:28:54.097,2025-11-24 15:28:54.097
05540501-0019-341c-cf15-08de2b6eabea,745,48819.89,2025-11-24 15:32:27.087,2025-11-24 15:32:27.087
76df0501-0019-341c-4a64-08de2b6f7a0d,745,48819.89,2025-11-24 15:38:13.000,2025-11-24 15:38:13.000
72db0401-0019-341c-722d-08de2b6df1bc,745,48819.89,2025-11-24 15:27:14.680,2025-11-24 15:27:14.680
397c0501-0019-341c-5e28-08de2b6ef538,745,48819.89,2025-11-24 15:34:29.947,2025-11-24 15:34:29.947
16900501-0019-341c-04ea-08de2b6f09c8,745,48819.89,2025-11-24 15:35:04.557,2025-11-24 15:35:04.557
6eef0401-0019-341c-e710-08de2b6e149a,745,48819.89,2025-11-24 15:28:13.313,2025-11-24 15:28:13.313
af980b98-ce90-79c7-6152-08dd9941846a,744,0.0,2025-05-22 15:04:02.090,2025-05-22 15:04:02.090
e2130379-97da-eb11-8315-8d26e61881fc,736,68067.5,2021-07-01 18:18:03.217,2021-07-01 18:18:03.217
d2194cac-33be-ef11-84ee-cb0e60af9bc6,722,64959.0,2024-12-19 18:07:27.057,2024-12-19 18:07:27.057
49ed2642-998b-3a81-7004-019fce7115ee,710,34183.5,2026-08-04 20:25:46.373,2026-08-04 20:25:46.373
717dc518-4741-ef11-84a5-97264a812b15,709,24815.0,2024-07-13 18:45:07.593,2024-07-13 18:45:07.593
507c2940-e9ec-eb11-8315-a00d96e260a2,700,52012.0,2021-07-25 01:48:18.420,2021-07-25 01:48:18.420
6a2621fa-df08-f011-84f4-ff0475a88a10,700,24500.0,2025-03-24 18:46:20.077,2025-03-24 18:46:20.077
941e054c-3c90-79c7-ad87-08dda2b0bb30,690,0.0,2025-06-03 15:12:36.543,2025-06-03 15:12:36.543
0cb6a1b5-6e99-ec11-8375-f227097a87c7,666,0.0,2022-03-01 14:51:32.273,2022-03-01 14:51:32.273
9fafb958-de08-f011-84f4-ff0475a88a10,655,22925.0,2025-03-24 18:36:33.207,2025-03-24 18:36:33.207
60229b9a-dfea-ee11-8445-a7e21a374836,616,0.0,2024-03-25 19:43:45.043,2024-03-25 19:43:45.043
dd5fd176-63e9-ef11-84f4-b2de9326c23f,616,0.0,2025-02-12 17:05:51.037,2025-02-12 17:05:51.037
33b919b4-df08-f011-84f4-ff0475a88a10,600,21000.0,2025-03-24 18:43:54.527,2025-03-24 18:43:54.527
d7635236-2cea-eb11-8315-9c489a1c80e8,600,30000.0,2021-07-21 14:05:55.400,2021-07-21 14:05:55.400
05bc13e0-a878-ec11-8350-fef18b0f35d4,600,43320.0,2022-01-18 21:52:26.877,2022-01-18 21:52:26.877
032b07a9-ccb4-eb11-82e4-e1821c3ae6b0,600,41040.0,2021-05-14 15:55:06.077,2021-05-14 15:55:06.077
7e1eed5b-784c-ec11-8350-ce97e399b80d,600,55600.0,2021-11-23 16:33:40.630,2021-11-23 16:33:40.630
d4145bc1-89c7-ee11-8445-f25537ef4d2b,600,0.0,2024-02-09 20:28:41.217,2024-02-09 20:28:41.217
f0b60701-00d2-8833-da67-08de7629d320,600,12000.0,2026-02-27 18:23:01.853,2026-02-27 18:23:01.853
eae90701-00d2-8833-0fa5-08de762ed4e9,600,12000.0,2026-02-27 18:37:36.023,2026-02-27 18:37:36.023
f7268e17-aa01-ef11-8445-e4e555f949f0,586,125110.88,2024-04-23 19:47:01.197,2024-04-23 19:47:01.197
89b65061-0ba2-ec11-8395-e029040d783a,563,0.0,2022-03-12 13:59:16.037,2022-03-12 13:59:16.037
6916e5a7-888b-ec11-8350-f9e42d383a1a,532,341526.72,2022-02-11 22:19:37.177,2022-02-11 22:19:37.177
3421c37f-20a9-ec11-8395-9d6ffccc9af0,526,0.0,2022-03-21 14:15:44.630,2022-03-21 14:15:44.630
2c477988-1778-ed11-83d0-dbe72732717b,520,0.0,2022-12-09 23:16:42.770,2022-12-09 23:16:42.770
82192301-0050-fc61-b249-08de294020b8,520,0.0,2025-11-21 20:54:13.980,2025-11-21 20:54:13.980
e59c1c01-0050-fc61-daf7-08de293e96d0,516,0.0,2025-11-21 20:43:13.190,2025-11-21 20:43:13.190
eecb43f0-fcee-eb11-8315-d6d741cbae3f,516,0.0,2021-07-27 17:08:40.317,2021-07-27 17:08:40.317
cc85a2db-dcd5-ee11-8445-d1238f281058,516,34220.0,2024-02-28 02:03:53.287,2024-02-28 02:03:53.287
f901cc7a-335b-eb11-82b1-fced9c41084e,514,0.0,2021-01-20 15:30:56.267,2021-01-20 15:30:56.267
7902298d-5f32-ef11-84bc-97a119070b89,514,45852.4,2024-06-24 19:27:09.303,2024-06-24 19:27:09.303
55c822a2-8d9b-ee11-8445-cc0b759db311,513,0.0,2023-12-15 21:05:15.827,2023-12-15 21:05:15.827
b48427d8-dbd5-ee11-8445-d1238f281058,512,32610.0,2024-02-28 01:57:53.407,2024-02-28 01:57:53.407
3390c534-62e9-ef11-84f4-b2de9326c23f,510,0.0,2025-02-12 16:57:43.077,2025-02-12 16:57:43.077
5e9b7bb2-cd48-ee11-8444-e466214b73fa,508,0.0,2023-09-01 13:45:53.983,2023-09-01 13:45:53.983
8302a241-d6bc-ef11-84e2-fc9af4fb06cf,507,0.0,2024-12-18 00:23:18.773,2024-12-18 00:23:18.773
7bbd044c-3c90-79c7-32b4-08dda2ac9a9a,506,0.0,2025-06-03 14:44:26.057,2025-06-03 14:44:26.057
0d01108a-531a-f011-8506-b278d1941312,505,54240.48,2025-04-15 23:44:53.777,2025-04-15 23:44:53.777
c3d18aef-ded5-ee11-8445-d1238f281058,504,36885.0,2024-02-28 02:21:21.947,2024-02-28 02:21:21.947
771a32c1-c07e-ec11-8350-d3131e7fd828,502,0.0,2022-01-26 16:05:56.387,2022-01-26 16:05:56.387
7a4bdb0a-e2d9-eb11-8315-8d26e61881fc,500,0.0,2021-06-30 20:37:22.333,2021-06-30 20:37:22.333
6f178f3b-e9e5-ec11-83ad-cf224e3f7390,500,0.0,2022-06-06 22:40:33.050,2022-06-06 22:40:33.050
825aff3b-b44c-ec11-8350-ce97e399b80d,500,50500.0,2021-11-23 23:24:51.367,2021-11-23 23:24:51.367
17caca55-c190-ef11-84e1-b3413cdc9116,500,0.0,2024-10-22 22:03:38.457,2024-10-22 22:03:38.457
0ce72d20-e1d9-eb11-8315-8d26e61881fc,500,54480.0,2021-06-30 20:28:49.273,2021-06-30 20:28:49.273
6d9bcc97-c390-ef11-84e1-b3413cdc9116,500,0.0,2024-10-22 22:20:39.190,2024-10-22 22:20:39.190
f4701b3f-e3d9-eb11-8315-8d26e61881fc,500,0.0,2021-06-30 20:42:25.720,2021-06-30 20:42:25.720
d1013d48-b247-ec11-8350-8758689bb432,500,0.0,2021-11-17 14:28:11.917,2021-11-17 14:28:11.917
7ccda88e-db2f-ee11-8444-a14c688afcb8,500,0.0,2023-07-31 19:55:59.153,2023-07-31 19:55:59.153
e7ab6096-3691-ec11-8375-db934db4a381,500,0.0,2022-02-19 03:51:23.947,2022-02-19 03:51:23.947
e90e6953-cf8a-ec11-8350-f9e42d383a1a,500,0.0,2022-02-11 00:16:35.237,2022-02-11 00:16:35.237
9bd00401-0019-341c-7cd9-08de2b6de069,498,21398.26,2025-11-24 15:26:45.307,2025-11-24 15:26:45.307
5ec00501-0019-341c-1f36-08de2b6f365d,498,21398.26,2025-11-24 15:36:19.010,2025-11-24 15:36:19.010
100c0501-0019-341c-e656-08de2b6e3103,498,21398.26,2025-11-24 15:29:00.523,2025-11-24 15:29:00.523
d8bc0401-0019-341c-c596-08de2b6da565,498,21398.26,2025-11-24 15:25:06.300,2025-11-24 15:25:06.300
bb700501-0019-341c-9aac-08de2b6ecfba,498,21398.26,2025-11-24 15:33:26.800,2025-11-24 15:33:26.800
6c480501-0019-341c-dd93-08de2b6e98cc,498,21398.26,2025-11-24 15:31:54.647,2025-11-24 15:31:54.647
3ae80501-0019-341c-ec27-08de2b6f7ebf,498,21398.26,2025-11-24 15:38:20.410,2025-11-24 15:38:20.410
48f80401-0019-341c-3a26-08de2b6e1950,498,21398.26,2025-11-24 15:28:20.813,2025-11-24 15:28:20.813
db980501-0019-341c-f2cc-08de2b6f0d71,498,21398.26,2025-11-24 15:35:10.353,2025-11-24 15:35:10.353
9d340501-0019-341c-8be6-08de2b6e7f3f,498,21398.26,2025-11-24 15:31:11.757,2025-11-24 15:31:11.757
b91f0501-0019-341c-310c-08de2b6e484e,498,21398.26,2025-11-24 15:29:39.567,2025-11-24 15:29:39.567
b4ac0501-0019-341c-381c-08de2b6f230a,498,21398.26,2025-11-24 15:35:46.620,2025-11-24 15:35:46.620
37e40401-0019-341c-43a0-08de2b6df5a5,498,21398.26,2025-11-24 15:27:20.890,2025-11-24 15:27:20.890
ff840501-0019-341c-3fcc-08de2b6efa2f,498,21398.26,2025-11-24 15:34:38.027,2025-11-24 15:34:38.027
2bd40501-0019-341c-5124-08de2b6f4f2b,498,21398.26,2025-11-24 15:37:00.623,2025-11-24 15:37:00.623
e8fe0501-0019-341c-779d-08de2b6fdce5,498,21420.94,2025-11-24 15:40:58.387,2025-11-24 15:40:58.387
fb5c0501-0019-341c-b7b6-08de2b6eb01a,498,21398.26,2025-11-24 15:32:33.763,2025-11-24 15:32:33.763
9509f755-63e9-ef11-84f4-b2de9326c23f,496,0.0,2025-02-12 17:04:41.163,2025-02-12 17:04:41.163
8814ad48-818a-ec11-8350-f9e42d383a1a,496,0.0,2022-02-10 15:09:45.820,2022-02-10 15:09:45.820
db7e1af3-62e9-ef11-84f4-b2de9326c23f,496,0.0,2025-02-12 17:02:09.337,2025-02-12 17:02:09.337
cdbd78d9-531a-f011-8506-b278d1941312,496,40714.64,2025-04-15 23:47:54.027,2025-04-15 23:47:54.027
08d8fed6-653b-ec11-8344-a02f15b47440,496,0.0,2021-11-01 22:50:12.867,2021-11-01 22:50:12.867
f2390701-0061-d2c7-f6a4-08de5cdd1d95,496,0.0,2026-01-26 13:19:15.463,2026-01-26 13:19:15.463
b431f159-663b-ec11-8344-a02f15b47440,496,0.0,2021-11-01 22:53:40.647,2021-11-01 22:53:40.647
850a9e1c-63e9-ef11-84f4-b2de9326c23f,496,0.0,2025-02-12 17:03:33.080,2025-02-12 17:03:33.080
78a8064c-3c90-79c7-4b43-08dda3883ef3,492,0.0,2025-06-04 16:53:23.120,2025-06-04 16:53:23.120
a5363106-5f32-ef11-84bc-97a119070b89,492,36042.8,2024-06-24 19:24:37.280,2024-06-24 19:24:37.280
63007723-663b-ec11-8344-a02f15b47440,491,0.0,2021-11-01 22:51:35.603,2021-11-01 22:51:35.603
3525cacb-ddeb-7389-7004-019f811c25c7,490,0.0,2026-07-20 20:00:38.333,2026-07-20 20:00:38.333
7b820b98-ce90-79c7-c968-08dd99412ebf,488,0.0,2025-05-22 15:00:43.253,2025-05-22 15:00:43.253
1ca181ec-511a-f011-8506-b278d1941312,488,76464.49,2025-04-15 23:33:53.320,2025-04-15 23:33:53.320
7930d8db-7d5c-ec11-8350-fd1908bc5a53,488,0.0,2021-12-14 01:33:44.207,2021-12-14 01:33:44.207
4c65a09c-d8c7-eb11-830a-eba63e91bc91,482,0.0,2021-06-07 21:39:47.487,2021-06-07 21:39:47.487
755967a4-663b-ec11-8344-a02f15b47440,481,0.0,2021-11-01 22:56:06.970,2021-11-01 22:56:06.970
450d1c01-0050-fc61-f9f1-08de293e7597,480,0.0,2025-11-21 20:42:17.520,2025-11-21 20:42:17.520
d3caaef4-521a-f011-8506-b278d1941312,479,35510.93,2025-04-15 23:41:08.313,2025-04-15 23:41:08.313
ec693700-91b7-ed11-83d0-fa8b2ae66d09,479,342671.04,2023-02-28 17:55:07.217,2023-02-28 17:55:07.217
f641a0f8-d7bc-ef11-84e2-fc9af4fb06cf,476,0.0,2024-12-18 00:35:29.003,2024-12-18 00:35:29.003
a0325337-521a-f011-8506-b278d1941312,474,89396.64,2025-04-15 23:35:31.223,2025-04-15 23:35:31.223
f66d1f01-0050-fc61-4dd2-08de293f4212,472,0.0,2025-11-21 20:48:00.440,2025-11-21 20:48:00.440
19f61801-0050-fc61-20b8-08de293dbe61,470,196533.42,2025-11-21 20:37:10.293,2025-11-21 20:37:10.293
264d7b9a-43ad-ed11-83d0-bc2deafb76de,470,0.0,2023-02-15 15:45:43.437,2023-02-15 15:45:43.437
6a751910-1778-ed11-83d0-dbe72732717b,468,0.0,2022-12-09 23:13:22.783,2022-12-09 23:13:22.783
44bf3a3f-3ce4-ed11-8445-997b9ea2b757,465,38280.0,2023-04-26 14:14:26.937,2023-04-26 14:14:26.937
c3750801-00d2-0d60-e89b-08de10cb0d70,463,29232.0,2025-10-21 17:56:40.340,2025-10-21 17:56:40.340
56035c89-c78a-ec11-8350-f9e42d383a1a,460,296640.0,2022-02-10 23:17:48.907,2022-02-10 23:17:48.907
def97b6b-c328-ef11-8445-f27e36216b47,460,0.0,2024-06-12 14:20:46.940,2024-06-12 14:20:46.940
69603929-531a-f011-8506-b278d1941312,460,44088.69,2025-04-15 23:42:28.177,2025-04-15 23:42:28.177
e6296f85-521a-f011-8506-b278d1941312,458,60436.8,2025-04-15 23:37:52.147,2025-04-15 23:37:52.147
cee829de-7522-ef11-8445-ca4334f55552,457,28245.0,2024-06-04 13:26:32.900,2024-06-04 13:26:32.900
154b6c39-8c9b-ee11-8445-cc0b759db311,456,191227.36,2023-12-15 20:55:16.947,2023-12-15 20:55:16.947
0c313932-8e9b-ee11-8445-cc0b759db311,456,0.0,2023-12-15 21:09:14.917,2023-12-15 21:09:14.917
4e342a84-7c5c-ec11-8350-fd1908bc5a53,456,180250.08,2021-12-14 01:24:09.987,2021-12-14 01:24:09.987
b780e3e1-7d5c-ec11-8350-fd1908bc5a53,456,0.0,2021-12-14 01:33:55.947,2021-12-14 01:33:55.947
f7385d0b-638c-7787-7002-019faa3fe8db,455,27269.5,2026-07-28 19:45:10.777,2026-07-28 19:45:10.777
6a0f29d1-b12c-ef11-8445-f37f9b6abd98,446,0.0,2024-06-17 14:02:52.650,2024-06-17 14:02:52.650
a14e838e-1778-ed11-83d0-dbe72732717b,440,0.0,2022-12-09 23:16:59.577,2022-12-09 23:16:59.577
a6b42290-8d9b-ee11-8445-cc0b759db311,436,0.0,2023-12-15 21:04:51.837,2023-12-15 21:04:51.837
db919670-653b-ec11-8344-a02f15b47440,431,0.0,2021-11-01 22:48:16.387,2021-11-01 22:48:16.387
4d6b0801-00d2-0d60-bbf9-08de10ca93b7,429,24353.0,2025-10-21 17:57:23.217,2025-10-21 17:57:23.217
9b13970d-0faf-ed11-83d0-bf902b37111e,420,389376.0,2023-02-17 22:04:48.897,2023-02-17 22:04:48.897
92fd0001-00f7-2ff1-04f4-08de58463858,420,0.0,2026-01-20 17:06:20.920,2026-01-20 17:06:20.920
d3860801-0061-d2c7-8284-08de5deb28dc,420,0.0,2026-01-27 21:29:36.447,2026-01-27 21:29:36.447
46bb1950-981a-ee11-8445-90beee555b76,420,0.0,2023-07-04 18:29:26.997,2023-07-04 18:29:26.997
6f1ac3d5-7d5c-ec11-8350-fd1908bc5a53,412,0.0,2021-12-14 01:33:32.267,2021-12-14 01:33:32.267
ed52800b-d6bc-ef11-84e2-fc9af4fb06cf,408,0.0,2024-12-18 00:21:48.153,2024-12-18 00:21:48.153
2392c40f-850e-ed11-83ad-d4fcc580e049,405,0.0,2022-07-28 14:57:19.650,2022-07-28 14:57:19.650
f5b35681-7d5c-ec11-8350-fd1908bc5a53,402,0.0,2021-12-14 01:31:13.373,2021-12-14 01:31:13.373
731c79ea-473d-ef11-84bc-d460b42757f1,401,8020.0,2024-07-08 16:38:31.090,2024-07-08 16:38:31.090
5ce705c4-b890-79c7-c433-08ddbe244825,400,0.0,2025-07-08 13:36:45.047,2025-07-08 13:36:45.047
ad712101-0050-fc61-214d-08de293fbc0a,400,21101.4,2025-11-21 20:51:25.120,2025-11-21 20:51:25.120
6c9c065c-7190-79c7-7ec6-08ddace65ecf,400,40000.0,2025-06-16 15:00:57.350,2025-06-16 15:00:57.350
944dcca0-a82b-ec11-8344-c054e276146e,400,39525.8,2021-10-12 22:11:18.753,2021-10-12 22:11:18.753
3df895dd-78d3-eb11-830a-9b92ee7b3382,400,31016.0,2021-06-22 16:45:50.020,2021-06-22 16:45:50.020
49152101-0050-fc61-b1a7-08de293fa6be,400,0.0,2025-11-21 20:50:49.347,2025-11-21 20:50:49.347
67d1b4e2-6209-ee11-8445-f17048f7cf77,400,0.0,2023-06-12 20:55:12.577,2023-06-12 20:55:12.577
809606c0-f690-79c7-21fb-08ddd375a9b6,400,7000.0,2025-08-04 16:44:01.517,2025-08-04 16:44:01.517
a86b0801-00d2-0d60-a715-08de10cad552,400,12800.0,2025-10-21 17:55:07.787,2025-10-21 17:55:07.787
82939d20-d5bc-ef11-84e2-fc9af4fb06cf,400,196964.0,2024-12-18 00:15:05.437,2024-12-18 00:15:05.437
3ea1516f-501a-f011-8506-b278d1941312,400,51894.6,2025-04-15 23:31:43.547,2025-04-15 23:31:43.547
f4be2a45-aa24-ee11-8445-8fdf8cc9a243,400,0.0,2023-07-17 14:03:05.023,2023-07-17 14:03:05.023
31f284fb-61d1-eab4-7000-019f4c678854,400,0.0,2026-07-10 14:31:09.463,2026-07-10 14:31:09.463
7b76f875-fa35-ee11-8444-fe3a86f97ec7,396,0.0,2023-08-08 14:49:16.287,2023-08-08 14:49:16.287
17a3874e-3791-ec11-8375-db934db4a381,396,23522.4,2022-02-19 03:57:20.123,2022-02-19 03:57:20.123
217703e4-9d90-79c7-5970-08dd91746a39,393,33631.44,2025-05-12 16:48:10.527,2025-05-12 16:48:10.527
ca286d1d-a701-ef11-8445-e4e555f949f0,392,140904.96,2024-04-23 19:25:19.947,2024-04-23 19:25:19.947
d5d9d81c-e537-ef11-84bc-8e000b18e45d,390,0.0,2024-07-01 20:11:49.797,2024-07-01 20:11:49.797
6a80581a-d7bc-ef11-84e2-fc9af4fb06cf,388,0.0,2024-12-18 00:29:16.737,2024-12-18 00:29:16.737
36cb1c01-0050-fc61-66c0-08de293ea1e8,387,0.0,2025-11-21 20:43:31.820,2025-11-21 20:43:31.820
34198bab-531a-f011-8506-b278d1941312,382,37132.88,2025-04-15 23:46:07.013,2025-04-15 23:46:07.013
d28877de-f506-ea11-a9ce-0a593f791696,380,350000.0,2019-11-14 15:47:07.687,2019-11-14 15:47:07.687
cb2e1ea3-869b-ee11-8445-cc0b759db311,380,213020.2,2023-12-15 20:15:08.087,2023-12-15 20:15:08.087
23d06c8d-7d5c-ec11-8350-fd1908bc5a53,380,180000.0,2021-12-14 01:31:28.767,2021-12-14 01:31:28.767
5cace5e7-7d5c-ec11-8350-fd1908bc5a53,380,163200.0,2021-12-14 01:34:06.037,2021-12-14 01:34:06.037
c85310f4-6291-eb11-82e4-d91ed18fb88e,380,350000.0,2021-03-30 14:22:41.140,2021-03-30 14:22:41.140
b2954d34-2807-ea11-a9ce-0a593f791696,380,340000.0,2019-11-14 21:47:42.467,2019-11-14 21:47:42.467
d39d80e5-0207-ea11-a9ce-0a593f791696,380,320000.0,2019-11-14 17:20:32.010,2019-11-14 17:20:32.010
87f90760-8d9b-ee11-8445-cc0b759db311,380,202475.52,2023-12-15 21:03:26.640,2023-12-15 21:03:26.640
05c2ac05-0207-ea11-a9ce-0a593f791696,380,360000.0,2019-11-14 17:14:00.067,2019-11-14 17:14:00.067
3eb53c33-7d5c-ec11-8350-fd1908bc5a53,380,183600.0,2021-12-14 01:28:56.047,2021-12-14 01:28:56.047
5313eb73-f806-ea11-a9ce-0a593f791696,380,350000.0,2019-11-14 16:05:41.103,2019-11-14 16:05:41.103
5695e2cc-8e70-eb11-82b1-d249468406d3,380,350000.0,2021-02-16 19:44:03.730,2021-02-16 19:44:03.730
65d00202-7236-eb11-82b1-f04ba4cd4076,380,288000.0,2020-12-04 20:49:34.757,2020-12-04 20:49:34.757
396fbb80-0307-ea11-a9ce-0a593f791696,380,310000.0,2019-11-14 17:24:16.267,2019-11-14 17:24:16.267
f0a3f94d-0307-ea11-a9ce-0a593f791696,380,310000.0,2019-11-14 17:23:12.597,2019-11-14 17:23:12.597
1727506c-f606-ea11-a9ce-0a593f791696,380,340000.0,2019-11-14 15:51:25.117,2019-11-14 15:51:25.117
4e35f868-0207-ea11-a9ce-0a593f791696,380,360000.0,2019-11-14 17:17:09.500,2019-11-14 17:17:09.500
3b0f0601-0050-fc61-2ce9-08de2939bccb,380,0.0,2025-11-21 20:08:29.380,2025-11-21 20:08:29.380
e620a6b6-0207-ea11-a9ce-0a593f791696,380,340000.0,2019-11-14 17:18:44.887,2019-11-14 17:18:44.887
ca3473f3-c660-eb11-82b1-f8d59df4db12,379,318947.38,2021-01-27 17:43:21.257,2021-01-27 17:43:21.257
5dd63848-9070-eb11-82b1-d249468406d3,379,358815.8,2021-02-16 19:53:06.200,2021-02-16 19:53:06.200
db8ba566-07f7-ed11-8445-fd1f8d77c6fa,378,222921.6,2023-05-20 12:11:24.560,2023-05-20 12:11:24.560
f8584b6f-7d5c-ec11-8350-fd1908bc5a53,378,175100.0,2021-12-14 01:30:36.447,2021-12-14 01:30:36.447
09440701-0061-d2c7-ebe6-08de5cdd861d,372,0.0,2026-01-26 13:20:01.340,2026-01-26 13:20:01.340
b4aca103-f318-99ba-7004-019fa4c4fb23,367,24787.94,2026-07-27 18:14:10.417,2026-07-27 18:14:10.417
4f510701-0061-d2c7-b6b2-08de5cdda04c,364,0.0,2026-01-26 13:22:17.847,2026-01-26 13:22:17.847
313f74a3-a624-ee11-8445-8fdf8cc9a243,364,0.0,2023-07-17 13:37:56.670,2023-07-17 13:37:56.670
b2e70108-6590-79c7-da9c-08dde1660c9d,362,6335.0,2025-08-22 10:26:49.710,2025-08-22 10:26:49.710
2c8728fc-d6bc-ef11-84e2-fc9af4fb06cf,360,0.0,2024-12-18 00:28:31.437,2024-12-18 00:28:31.437
a158ab03-ded5-ee11-8445-d1238f281058,358,24275.0,2024-02-28 02:12:43.103,2024-02-28 02:12:43.103
e60e7f1d-8d9b-ee11-8445-cc0b759db311,357,140789.6,2023-12-15 21:01:36.433,2023-12-15 21:01:36.433
9b623fef-a13f-ef11-84a5-97264a812b15,350,20240.0,2024-07-11 16:24:12.350,2024-07-11 16:24:12.350
cc3c4ec4-df2c-ef11-8445-f37f9b6abd98,347,17726.8,2024-06-17 19:31:27.470,2024-06-17 19:31:27.470
50690789-51ee-eb11-8315-8809eea0ef23,343,0.0,2021-07-26 20:43:44.887,2021-07-26 20:43:44.887
253d9bad-afef-ef11-84f4-a54065c285f4,342,0.0,2025-02-20 17:25:44.313,2025-02-20 17:25:44.313
45baed1e-2fee-ef11-84f4-a54065c285f4,342,0.0,2025-02-18 19:34:48.990,2025-02-18 19:34:48.990
7171d550-9149-ed11-83d0-b8a6317a1dbd,341,0.0,2022-10-11 18:21:44.217,2022-10-11 18:21:44.217
575c426e-d7bc-ef11-84e2-fc9af4fb06cf,340,0.0,2024-12-18 00:31:43.220,2024-12-18 00:31:43.220
2350438f-cfbc-ef11-84e2-fc9af4fb06cf,340,16169.0,2024-12-17 23:35:14.717,2024-12-17 23:35:14.717
f6acc48c-3cdf-ef11-84f4-83c9eaeed764,340,19228.0,2025-01-30 19:06:01.807,2025-01-30 19:06:01.807
27a2a805-4d54-ec11-8350-e91d5dfc718b,339,0.0,2021-12-03 15:25:26.467,2021-12-03 15:25:26.467
d761b36c-587b-ed11-83d0-dbe117b3817e,336,385876.16,2022-12-14 02:38:50.063,2022-12-14 02:38:50.063
1ae0b9d2-4f7b-ed11-83d0-dbe117b3817e,336,339488.0,2022-12-14 01:37:13.627,2022-12-14 01:37:13.627
e7d60401-002c-5a4b-0ef9-08de6042e72b,336,0.0,2026-01-30 21:05:32.437,2026-01-30 21:05:32.437
9954b36c-587b-ed11-83d0-dbe117b3817e,336,341776.0,2022-12-14 02:38:45.843,2022-12-14 02:38:45.843
44d07a32-457b-ed11-83d0-dbe117b3817e,336,305540.16,2022-12-14 00:21:09.523,2022-12-14 00:21:09.523
d56cd6d8-4f7b-ed11-83d0-dbe117b3817e,336,360706.24,2022-12-14 01:37:28.470,2022-12-14 01:37:28.470
5a212866-587b-ed11-83d0-dbe117b3817e,336,181913.0,2022-12-14 02:38:36.403,2022-12-14 02:38:36.403
d45dd9fd-4f7b-ed11-83d0-dbe117b3817e,336,371316.16,2022-12-14 01:38:32.693,2022-12-14 01:38:32.693
e14a632c-457b-ed11-83d0-dbe117b3817e,336,374544.0,2022-12-14 00:21:04.860,2022-12-14 00:21:04.860
e6b32414-457b-ed11-83d0-dbe117b3817e,336,364140.16,2022-12-14 00:20:26.417,2022-12-14 00:20:26.417
2d5704a8-d6bc-ef11-84e2-fc9af4fb06cf,336,0.0,2024-12-18 00:26:03.220,2024-12-18 00:26:03.220
2780ef65-447b-ed11-83d0-dbe117b3817e,336,360000.0,2022-12-14 00:15:27.397,2022-12-14 00:15:27.397
1e222e07-587b-ed11-83d0-dbe117b3817e,336,378560.0,2022-12-14 02:36:04.180,2022-12-14 02:36:04.180
1753d9fd-4f7b-ed11-83d0-dbe117b3817e,336,381924.16,2022-12-14 01:38:27.487,2022-12-14 01:38:27.487
d857ec5f-447b-ed11-83d0-dbe117b3817e,336,340000.0,2022-12-14 00:15:22.653,2022-12-14 00:15:22.653
4fab6c13-587b-ed11-83d0-dbe117b3817e,336,400192.0,2022-12-14 02:36:24.100,2022-12-14 02:36:24.100
f77f4e0d-587b-ed11-83d0-dbe117b3817e,336,335296.0,2022-12-14 02:36:08.940,2022-12-14 02:36:08.940
a88ce0f7-4f7b-ed11-83d0-dbe117b3817e,336,381924.16,2022-12-14 01:38:17.657,2022-12-14 01:38:17.657
3cb38683-a9b7-7683-7004-019fd375363d,336,0.0,2026-08-05 19:45:16.357,2026-08-05 19:45:16.357
bb8a4e0d-587b-ed11-83d0-dbe117b3817e,336,367744.0,2022-12-14 02:36:13.827,2022-12-14 02:36:13.827
162c2866-587b-ed11-83d0-dbe117b3817e,336,396900.16,2022-12-14 02:38:41.460,2022-12-14 02:38:41.460
a37d6735-5cf9-ec11-83ad-a4b925eb8480,330,0.0,2022-07-01 16:39:18.163,2022-07-01 16:39:18.163
1f4a0630-2290-79c7-730d-08ddfb93cb00,329,21974.8,2025-09-24 17:58:41.897,2025-09-24 17:58:41.897
37afd5dd-ba31-ef11-8445-cb87ee6cfc0a,327,0.0,2024-06-23 23:51:15.193,2024-06-23 23:51:15.193
a432903f-9bd2-ef11-84ee-8fcd5b264584,326,0.0,2025-01-14 17:17:29.267,2025-01-14 17:17:29.267
c208682f-e0d5-ee11-8445-d1238f281058,325,21670.0,2024-02-28 02:27:22.533,2024-02-28 02:27:22.533
c3577433-8c9b-ee11-8445-cc0b759db311,323,174353.92,2023-12-15 20:55:02.373,2023-12-15 20:55:02.373
2765abca-521a-f011-8506-b278d1941312,322,45231.65,2025-04-15 23:39:31.433,2025-04-15 23:39:31.433
93ee1801-0050-fc61-9d16-08de293dbc21,320,0.0,2025-11-21 20:37:06.227,2025-11-21 20:37:06.227
012777ef-3e41-eb11-82b1-85086e9cc17b,320,0.0,2020-12-18 14:40:33.533,2020-12-18 14:40:33.533
40d40101-00e4-a4da-3ecc-08de6fd4495e,320,0.0,2026-02-19 16:31:39.747,2026-02-19 16:31:39.747
200b1a01-0050-fc61-4216-08de293dfce3,320,0.0,2025-11-21 20:38:54.873,2025-11-21 20:38:54.873
a488675a-c8b9-eb11-830a-a4b0d298b5f4,320,360000.0,2021-05-21 00:06:20.773,2021-05-21 00:06:20.773
3d8c5ace-d7bc-ef11-84e2-fc9af4fb06cf,320,0.0,2024-12-18 00:34:23.970,2024-12-18 00:34:23.970
55f21801-0050-fc61-e463-08de293dbd30,320,0.0,2025-11-21 20:37:08.007,2025-11-21 20:37:08.007
774f7988-1778-ed11-83d0-dbe72732717b,320,0.0,2022-12-09 23:16:46.083,2022-12-09 23:16:46.083
1a2bf0d7-0fd1-ee11-8445-b301c4e59e1c,320,0.0,2024-02-21 23:20:54.210,2024-02-21 23:20:54.210
04da2dc0-a840-eb11-82b1-85086e9cc17b,320,340000.0,2020-12-17 20:46:08.320,2020-12-17 20:46:08.320
86deaa0b-6bcd-eb11-830a-d15739d7672a,320,360000.0,2021-06-14 23:48:56.923,2021-06-14 23:48:56.923
166a92fb-5706-ea11-a9ce-0a593f791696,320,330000.0,2019-11-13 20:57:08.720,2019-11-13 20:57:08.720
72ef1201-0050-fc61-915b-08de293c7421,320,0.0,2025-11-21 20:27:56.153,2025-11-21 20:27:56.153
51940301-006e-ace0-9453-08de6e7ae4cc,320,0.0,2026-02-17 23:19:34.500,2026-02-17 23:19:34.500
94ba844d-cdb4-eb11-82e4-e1821c3ae6b0,320,370000.0,2021-05-14 15:59:47.807,2021-05-14 15:59:47.807
13572001-0050-fc61-bd15-08de293f7a49,319,0.0,2025-11-21 20:49:34.793,2025-11-21 20:49:34.793
0cefbbae-ad37-ef11-84bc-8e000b18e45d,318,0.0,2024-07-01 13:35:50.220,2024-07-01 13:35:50.220
8404dc2d-b17c-ed11-83d0-a66103c9ecd8,316,15578.8,2022-12-15 19:48:02.107,2022-12-15 19:48:02.107
8d370801-0061-d2c7-e563-08de5dc2f830,315,100122.4,2026-01-27 16:41:56.143,2026-01-27 16:41:56.143
3f230674-af90-79c7-e9d1-08dd82a3ba7c,311,0.0,2025-04-23 20:16:46.203,2025-04-23 20:16:46.203
6b550670-4b90-79c7-f62b-08ddec8593ea,310,15788.0,2025-09-05 14:15:02.967,2025-09-05 14:15:02.967
0ae507e1-3bd0-ee11-8445-b301c4e59e1c,308,0.0,2024-02-20 22:03:58.940,2024-02-20 22:03:58.940
56080701-00d0-0f73-bdfe-08de70c0009e,308,0.0,2026-02-20 20:41:55.300,2026-02-20 20:41:55.300
e9f19a3e-3a0e-ef11-8445-9b982487e2a8,305,119386.68,2024-05-09 19:28:26.187,2024-05-09 19:28:26.187
a433d7fb-60ae-ee11-8445-952d5572c14c,305,95508.5,2024-01-08 20:03:59.477,2024-01-08 20:03:59.477
8c0a7427-8c9b-ee11-8445-cc0b759db311,304,48108.0,2023-12-15 20:54:41.720,2023-12-15 20:54:41.720
d8a336eb-7c5c-ec11-8350-fd1908bc5a53,304,185400.0,2021-12-14 01:27:02.747,2021-12-14 01:27:02.747
210f9890-7c5c-ec11-8350-fd1908bc5a53,304,170000.0,2021-12-14 01:24:30.630,2021-12-14 01:24:30.630
fb3d167f-869b-ee11-8445-cc0b759db311,304,49191.0,2023-12-15 20:14:09.470,2023-12-15 20:14:09.470
59406c39-8c9b-ee11-8445-cc0b759db311,304,191226.88,2023-12-15 20:55:10.737,2023-12-15 20:55:10.737
3b6c7499-8c9b-ee11-8445-cc0b759db311,304,196690.88,2023-12-15 20:57:54.567,2023-12-15 20:57:54.567
ee2a7670-8a9b-ee11-8445-cc0b759db311,304,185711.52,2023-12-15 20:42:28.910,2023-12-15 20:42:28.910
241ed17e-765c-ec11-8350-fd1908bc5a53,304,182000.0,2021-12-14 00:41:05.940,2021-12-14 00:41:05.940
eb5c15c0-8d9b-ee11-8445-cc0b759db311,304,202584.48,2023-12-15 21:06:06.870,2023-12-15 21:06:06.870
83476c39-8c9b-ee11-8445-cc0b759db311,304,179432.0,2023-12-15 20:55:14.617,2023-12-15 20:55:14.617
fa0cd17e-765c-ec11-8350-fd1908bc5a53,304,175100.0,2021-12-14 00:40:58.563,2021-12-14 00:40:58.563
660a1578-7c5c-ec11-8350-fd1908bc5a53,304,161200.0,2021-12-14 01:23:49.047,2021-12-14 01:23:49.047
56291a7e-7c5c-ec11-8350-fd1908bc5a53,304,176800.0,2021-12-14 01:23:57.880,2021-12-14 01:23:57.880
fd4720e4-8d9b-ee11-8445-cc0b759db311,304,208099.84,2023-12-15 21:07:05.677,2023-12-15 21:07:05.677
8c2f2a84-7c5c-ec11-8350-fd1908bc5a53,304,162750.08,2021-12-14 01:24:07.783,2021-12-14 01:24:07.783
c82a2a84-7c5c-ec11-8350-fd1908bc5a53,304,189000.0,2021-12-14 01:24:05.883,2021-12-14 01:24:05.883
eeeb70a8-7a5c-ec11-8350-fd1908bc5a53,304,178500.0,2021-12-14 01:10:50.983,2021-12-14 01:10:50.983
b61494a5-7d5c-ec11-8350-fd1908bc5a53,304,183750.08,2021-12-14 01:32:17.253,2021-12-14 01:32:17.253
cc5b958a-7c5c-ec11-8350-fd1908bc5a53,304,0.0,2021-12-14 01:24:20.330,2021-12-14 01:24:20.330
50c2249d-869b-ee11-8445-cc0b759db311,304,185763.68,2023-12-15 20:15:02.780,2023-12-15 20:15:02.780
203cb154-765c-ec11-8350-fd1908bc5a53,304,164800.0,2021-12-14 00:39:52.027,2021-12-14 00:39:52.027
07e2b9bd-7d5c-ec11-8350-fd1908bc5a53,304,192400.0,2021-12-14 01:32:51.553,2021-12-14 01:32:51.553
8b241a7e-7c5c-ec11-8350-fd1908bc5a53,302,172110.28,2021-12-14 01:23:55.600,2021-12-14 01:23:55.600
226d6045-8c9b-ee11-8445-cc0b759db311,302,85000.0,2023-12-15 20:55:36.513,2023-12-15 20:55:36.513
76bf1e41-ef00-f011-84f4-ba516b1a1612,301,11465.0,2025-03-14 16:22:13.617,2025-03-14 16:22:13.617
ebb01989-72b9-ee11-8444-aa5d7bd22832,300,18285.0,2024-01-22 22:07:32.483,2024-01-22 22:07:32.483
91564485-0433-ef11-84bc-cbe17cf984ab,300,0.0,2024-06-25 15:07:42.903,2024-06-25 15:07:42.903
50d20301-0088-d037-9180-08de75627460,300,6000.0,2026-02-26 18:14:43.430,2026-02-26 18:14:43.430
5989c8ab-0433-ef11-84bc-cbe17cf984ab,300,0.0,2024-06-25 15:13:09.677,2024-06-25 15:13:09.677
b026067e-9292-4ba9-7004-019fce988f8e,300,18558.0,2026-08-04 21:05:50.110,2026-08-04 21:05:50.110
a0250104-1f90-79c7-13fd-08ddda8271bc,300,0.0,2025-08-13 16:00:37.607,2025-08-13 16:00:37.607
fd0a7bc3-602e-ea11-a9ce-0a593f791696,300,96672.0,2020-01-03 19:44:35.667,2020-01-03 19:44:35.667
4b72a6ed-02ce-eb11-830a-ec86c785ce06,300,23798.0,2021-06-15 17:58:19.493,2021-06-15 17:58:19.493
f31889b9-8583-ec11-8350-8614ea56c896,300,153458.56,2022-02-01 17:39:04.070,2022-02-01 17:39:04.070
516fd9dc-65a8-ec11-8395-9d6ffccc9af0,300,0.0,2022-03-20 15:54:48.290,2022-03-20 15:54:48.290
dbdcdd01-3bee-8da7-7000-01a0c9734205,300,0.0,2026-09-22 14:11:14.263,2026-09-22 14:11:14.263
1360590f-80b4-ee11-8445-b7edf7acda0c,300,20850.0,2024-01-16 15:04:16.240,2024-01-16 15:04:16.240
f7420301-006e-ace0-d9c1-08de6e65dc0a,300,6000.0,2026-02-17 20:53:56.430,2026-02-17 20:53:56.430
fa4dfcaf-aa2b-ec11-8344-c054e276146e,300,9790.0,2021-10-12 22:22:19.307,2021-10-12 22:22:19.307
caa6d7e3-0f01-f011-84f4-ba516b1a1612,300,10615.0,2025-03-14 20:07:23.533,2025-03-14 20:07:23.533
fd130c34-c890-79c7-54dc-08dda9f74b4e,300,31407.0,2025-06-12 21:26:10.980,2025-06-12 21:26:10.980
ecbbdbdb-a8bf-ee11-8444-c65b8e4b6a2d,296,19902.4,2024-01-30 20:00:05.840,2024-01-30 20:00:05.840
6b926a41-d9d0-ee11-8445-b301c4e59e1c,294,0.0,2024-02-21 16:57:33.107,2024-02-21 16:57:33.107
ef436c39-8c9b-ee11-8445-cc0b759db311,292,200147.48,2023-12-15 20:55:12.647,2023-12-15 20:55:12.647
a35524aa-0b04-de93-7001-01a0cf081c50,291,0.0,2026-09-23 16:11:26.290,2026-09-23 16:11:26.290
be5595c8-6bec-ee11-8445-fc324195da63,290,18676.0,2024-03-27 19:07:55.583,2024-03-27 19:07:55.583
04335714-d5bc-ef11-84e2-fc9af4fb06cf,289,0.0,2024-12-18 00:14:49.460,2024-12-18 00:14:49.460
4ac41035-efca-eb11-830a-e63fe982fa52,288,304210.24,2021-06-11 19:57:17.153,2021-06-11 19:57:17.153
2f020c79-869b-ee11-8445-cc0b759db311,288,165634.56,2023-12-15 20:13:59.763,2023-12-15 20:13:59.763
bd8a0001-00ff-0be6-a564-08dec7a7e99a,285,0.0,2026-06-11 10:58:51.477,2026-06-11 10:58:51.477
ca262ff9-95e8-ee11-8445-e29d04804015,285,0.0,2024-03-22 21:49:21.693,2024-03-22 21:49:21.693
fad6065c-7190-79c7-e327-08ddacf5fee1,285,0.0,2025-06-16 16:53:29.637,2025-06-16 16:53:29.637
df980318-b890-79c7-fb8e-08ddf6e363e5,283,0.0,2025-09-18 18:44:53.297,2025-09-18 18:44:53.297
95f30730-2290-79c7-605f-08ddfc69100d,281,18383.02,2025-09-25 19:25:34.993,2025-09-25 19:25:34.993
64d7b77c-5c7d-ed11-83d0-a66103c9ecd8,281,0.0,2022-12-16 16:18:42.913,2022-12-16 16:18:42.913
eec2a494-1778-ed11-83d0-dbe72732717b,280,0.0,2022-12-09 23:17:03.057,2022-12-09 23:17:03.057
c8436a89-733e-ec11-8350-bdcf55b07c40,280,0.0,2021-11-05 20:11:18.773,2021-11-05 20:11:18.773
ee1f2301-0050-fc61-dd1c-08de2940226c,280,0.0,2025-11-21 20:54:16.827,2025-11-21 20:54:16.827
8ebe85df-74c9-eb11-830a-eba63e91bc91,273,0.0,2021-06-09 22:49:40.987,2021-06-09 22:49:40.987
96be771a-d5bc-ef11-84e2-fc9af4fb06cf,272,0.0,2024-12-18 00:15:00.163,2024-12-18 00:15:00.163
82857c7a-d5bc-ef11-84e2-fc9af4fb06cf,272,0.0,2024-12-18 00:17:37.577,2024-12-18 00:17:37.577
c8c1771a-d5bc-ef11-84e2-fc9af4fb06cf,272,0.0,2024-12-18 00:15:02.587,2024-12-18 00:15:02.587
928d96b0-8dd2-ef11-84ee-8fcd5b264584,272,24904.0,2025-01-14 15:39:36.127,2025-01-14 15:39:36.127
5ef19f26-d5bc-ef11-84e2-fc9af4fb06cf,272,0.0,2024-12-18 00:15:22.757,2024-12-18 00:15:22.757
ce484b89-cfbc-ef11-84e2-fc9af4fb06cf,272,0.0,2024-12-17 23:35:10.690,2024-12-17 23:35:10.690
a25f115f-cfbc-ef11-84e2-fc9af4fb06cf,272,0.0,2024-12-17 23:33:58.807,2024-12-17 23:33:58.807
7f38d8db-7d5c-ec11-8350-fd1908bc5a53,271,0.0,2021-12-14 01:33:46.963,2021-12-14 01:33:46.963
032f5424-6e54-ec11-8350-e91d5dfc718b,271,0.0,2021-12-03 19:21:55.093,2021-12-03 19:21:55.093
26b84e3e-d7bc-ef11-84e2-fc9af4fb06cf,271,0.0,2024-12-18 00:30:21.117,2024-12-18 00:30:21.117
a1af2315-f9e9-ed11-8445-a4a44f72e42a,270,0.0,2023-05-03 21:27:32.087,2023-05-03 21:27:32.087
f87e3c85-c99d-ed11-83d0-b4684c7fb715,270,26910.0,2023-01-26 22:38:00.747,2023-01-26 22:38:00.747
2cce0301-0098-7ebf-9303-08de9b096b43,270,18900.0,2026-04-15 16:14:33.420,2026-04-15 16:14:33.420
42846d57-d3bc-ef11-84e2-fc9af4fb06cf,269,0.0,2024-12-18 00:02:23.740,2024-12-18 00:02:23.740
6acf044c-3c90-79c7-f8b4-08dda2ad8a9e,266,0.0,2025-06-03 14:56:04.647,2025-06-03 14:56:04.647
d8d9044c-3c90-79c7-342e-08dda2aec747,266,0.0,2025-06-03 14:59:31.037,2025-06-03 14:59:31.037
9ea4e5e7-7d5c-ec11-8350-fd1908bc5a53,266,0.0,2021-12-14 01:34:02.553,2021-12-14 01:34:02.553
6ae6044c-3c90-79c7-3c4d-08dda2af47cf,266,0.0,2025-06-03 15:02:37.763,2025-06-03 15:02:37.763
68363932-8e9b-ee11-8445-cc0b759db311,266,0.0,2023-12-15 21:09:17.387,2023-12-15 21:09:17.387
1580682d-e346-ec11-8350-f2feb60bc3bb,266,0.0,2021-11-16 13:48:40.013,2021-11-16 13:48:40.013
5aa314a2-743e-ec11-8350-bdcf55b07c40,263,0.0,2021-11-05 20:16:55.250,2021-11-05 20:16:55.250
e4d9cf2d-ba16-ee11-8445-8a2c811e9288,262,0.0,2023-06-29 20:28:55.920,2023-06-29 20:28:55.920
bc991567-a656-ef11-84bd-919a6660cd60,260,14560.0,2024-08-09 23:25:33.190,2024-08-09 23:25:33.190
c34d4679-cab9-eb11-830a-a4b0d298b5f4,260,0.0,2021-05-21 00:23:11.743,2021-05-21 00:23:11.743
221a31a1-7de1-ee11-8445-b65018b46cfc,253,11891.0,2024-03-13 21:08:24.363,2024-03-13 21:08:24.363
33085ac3-dee5-ed11-8445-871489f8b3b1,253,16192.0,2023-04-28 16:10:17.057,2023-04-28 16:10:17.057
d4c0e3da-9176-ef11-84bd-ae174287a9b2,252,8820.0,2024-09-19 14:18:07.530,2024-09-19 14:18:07.530
f2c2fbdc-d4ef-eb11-8315-bae74a7ce118,251,0.0,2021-07-28 18:53:15.433,2021-07-28 18:53:15.433
802a7fb8-045f-ee11-8444-d4442c016a55,250,0.0,2023-09-29 20:15:16.327,2023-09-29 20:15:16.327
b0f940b8-604e-ed11-83d0-8d3ea47daa31,250,13570.0,2022-10-17 21:19:01.127,2022-10-17 21:19:01.127
cf090301-009a-cf5a-fd52-08deaf619eda,250,0.0,2026-05-11 13:35:47.317,2026-05-11 13:35:47.317
6b6563df-e709-ed11-83ad-a78220d98f0f,250,0.0,2022-07-22 18:00:21.717,2022-07-22 18:00:21.717
fa74ccef-8b5f-ee11-8444-fab8da2453f7,250,0.0,2023-09-30 12:24:10.030,2023-09-30 12:24:10.030
48aa1afe-8a31-a99d-7000-019f940c4a76,250,0.0,2026-07-24 12:14:35.670,2026-07-24 12:14:35.670
a84c760a-b13d-a4a2-7002-01a000ccb782,250,0.0,2026-08-14 15:05:20.237,2026-08-14 15:05:20.237
db5609f3-fe5e-ee11-8444-d4442c016a55,250,0.0,2023-09-29 19:33:20.637,2023-09-29 19:33:20.637
50e59c8b-b54c-ee11-8444-9c13097c7da8,250,0.0,2023-09-06 13:05:00.363,2023-09-06 13:05:00.363
997c0601-005c-9ca5-b330-08dec3157680,250,0.0,2026-06-05 15:17:59.500,2026-06-05 15:17:59.500
f7350101-0067-9614-eb99-08dec23cca75,250,0.0,2026-06-04 13:26:58.060,2026-06-04 13:26:58.060
dda6158d-8d5f-ee11-8444-fab8da2453f7,250,0.0,2023-09-30 12:34:17.953,2023-09-30 12:34:17.953
45b3a7ee-fabc-ed11-842b-8e09a4593b34,247,0.0,2023-03-07 15:15:53.463,2023-03-07 15:15:53.463
e75057fb-cafd-ef11-84f4-dac438e126e9,245,20991.6,2025-03-10 16:17:32.320,2025-03-10 16:17:32.320
29434c0c-09f4-ed11-8445-aff51c9e0726,244,0.0,2023-05-16 16:46:13.530,2023-05-16 16:46:13.530
76503b94-85f8-ec11-83ad-e28fdb250adc,243,9335.0,2022-06-30 15:05:38.793,2022-06-30 15:05:38.793
86ac064c-3c90-79c7-6189-08dda3885f44,241,0.0,2025-06-04 16:54:08.560,2025-06-04 16:54:08.560
f7d4b653-898a-ec11-8350-f9e42d383a1a,240,0.0,2022-02-10 15:51:42.577,2022-02-10 15:51:42.577
1588d415-541a-f011-8506-b278d1941312,240,26496.7,2025-04-15 23:48:43.027,2025-04-15 23:48:43.027
e0410601-0050-fc61-408c-08de2939c796,240,23150.4,2025-11-21 20:08:47.390,2025-11-21 20:08:47.390
86f00201-006e-ace0-c781-08de6e51f415,240,44840.0,2026-02-17 18:27:09.003,2026-02-17 18:27:09.003
40351901-0050-fc61-7770-08de293dcd39,240,20909.4,2025-11-21 20:37:34.857,2025-11-21 20:37:34.857
222f0601-0050-fc61-4c6a-08de2939c3a8,240,26412.6,2025-11-21 20:08:40.857,2025-11-21 20:08:40.857
2ee1ffef-afed-ed11-8445-be6476c01abb,240,10598.4,2023-05-08 14:55:08.097,2023-05-08 14:55:08.097
ee130601-0050-fc61-fd3e-08de2939be14,240,85755.96,2025-11-21 20:08:31.473,2025-11-21 20:08:31.473
8d47a0f8-d7bc-ef11-84e2-fc9af4fb06cf,238,0.0,2024-12-18 00:35:31.883,2024-12-18 00:35:31.883
0b8ffb84-5a4b-ef11-84a5-a563d9fef745,236,0.0,2024-07-26 14:23:59.177,2024-07-26 14:23:59.177
97a90760-0c90-79c7-647f-08dd8341ed84,234,16495.44,2025-04-24 15:12:41.693,2025-04-24 15:12:41.693
2d63cdb9-def9-ef11-84f4-90b12890b33d,233,0.0,2025-03-05 16:30:05.190,2025-03-05 16:30:05.190
5e05f072-bb7c-ed11-83d0-a66103c9ecd8,232,0.0,2022-12-15 21:05:45.087,2022-12-15 21:05:45.087
b77d0601-004c-04c6-6a00-08de59d134c6,231,0.0,2026-01-22 16:13:44.330,2026-01-22 16:13:44.330
b2a3ec1a-6515-ec11-8315-fb5a79dba31f,231,0.0,2021-09-14 14:12:30.180,2021-09-14 14:12:30.180
fe12faea-07f7-ed11-8445-fd1f8d77c6fa,230,0.0,2023-05-20 12:15:05.180,2023-05-20 12:15:05.180
40e1065c-7190-79c7-5dcd-08ddacf65c87,228,0.0,2025-06-16 16:55:25.967,2025-06-16 16:55:25.967
bd060c79-869b-ee11-8445-cc0b759db311,228,24643.0,2023-12-15 20:14:02.143,2023-12-15 20:14:02.143
cbe8065c-7190-79c7-1e0f-08ddacf6a16b,228,0.0,2025-06-16 16:57:51.917,2025-06-16 16:57:51.917
1657c75a-765c-ec11-8350-fd1908bc5a53,228,36522.0,2021-12-14 00:40:02.420,2021-12-14 00:40:02.420
73567657-8c9b-ee11-8445-cc0b759db311,228,20083.0,2023-12-15 20:55:57.540,2023-12-15 20:55:57.540
10728fa2-7c5c-ec11-8350-fd1908bc5a53,228,29495.92,2021-12-14 01:24:53.777,2021-12-14 01:24:53.777
2e43b154-765c-ec11-8350-fd1908bc5a53,228,22081.8,2021-12-14 00:39:54.863,2021-12-14 00:39:54.863
262b0d73-869b-ee11-8445-cc0b759db311,228,82365.0,2023-12-15 20:13:49.497,2023-12-15 20:13:49.497
9e131e85-c367-0288-7002-019f8567b330,227,14665.0,2026-07-21 16:06:55.027,2026-07-21 16:06:55.027
e9c701fa-663b-ec11-8344-a02f15b47440,227,0.0,2021-11-01 22:57:18.717,2021-11-01 22:57:18.717
10ce32df-b919-ee11-8445-c27e613bd174,226,0.0,2023-07-03 15:59:59.960,2023-07-03 15:59:59.960
36939204-f3c7-ed11-842b-8ce166053e31,225,9936.0,2023-03-21 14:18:14.687,2023-03-21 14:18:14.687
200b391b-d3b6-ed11-83d0-d412bbdf58d3,225,9936.0,2023-02-27 19:18:03.980,2023-02-27 19:18:03.980
ec4c054c-3c90-79c7-b701-08dda2b2c9b6,225,0.0,2025-06-03 15:26:10.520,2025-06-03 15:26:10.520
47a769a5-e0e2-ed11-842b-da3ae40f9c85,225,9936.0,2023-04-24 20:46:16.070,2023-04-24 20:46:16.070
177121a0-aed7-ed11-842b-8448f4d1371c,225,9936.0,2023-04-10 14:49:22.633,2023-04-10 14:49:22.633
f75bfc0c-68b0-ed11-83d0-ead14ebf54fd,225,9936.0,2023-02-19 15:16:44.873,2023-02-19 15:16:44.873
bd0e3780-68d3-ee9c-7003-01a082ad0992,224,9800.0,2026-09-08 20:24:45.007,2026-09-08 20:24:45.007
f8c65d34-5fed-ef11-84f4-a54065c285f4,221,10387.0,2025-02-17 18:45:46.800,2025-02-17 18:45:46.800
7918e352-81e6-eb11-8315-a7b253237166,220,0.0,2021-07-16 22:16:30.433,2021-07-16 22:16:30.433
56275608-9d1e-ef11-8445-9287b6d5635e,220,0.0,2024-05-30 15:57:59.487,2024-05-30 15:57:59.487
833e2254-3154-ea11-a9ce-0a593f791696,220,96368.0,2020-02-20 22:43:25.023,2020-02-20 22:43:25.023
f2c7301c-1778-ed11-83d0-dbe72732717b,220,0.0,2022-12-09 23:13:42.567,2022-12-09 23:13:42.567
dd322669-be1e-ef11-8445-9287b6d5635e,220,0.0,2024-05-30 19:57:38.997,2024-05-30 19:57:38.997
695c1118-b890-79c7-84f3-08ddfa1ea52e,216,0.0,2025-09-22 21:29:43.403,2025-09-22 21:29:43.403
81977789-e54b-ed11-83d0-a09449832e75,216,0.0,2022-10-14 17:29:06.547,2022-10-14 17:29:06.547
510307c0-f690-79c7-3270-08ddd3912af9,216,0.0,2025-08-04 20:06:05.427,2025-08-04 20:06:05.427
f04b9c52-f535-ee11-8444-fe3a86f97ec7,216,0.0,2023-08-08 14:11:17.447,2023-08-08 14:11:17.447
5b6ed27e-6ecf-ee11-8445-abb785dc7704,216,0.0,2024-02-19 21:50:08.157,2024-02-19 21:50:08.157
909c49b0-79d4-ed11-842b-fab1865e22d8,216,0.0,2023-04-06 12:51:14.313,2023-04-06 12:51:14.313
fa4e2550-e008-f011-84f4-ff0475a88a10,215,7525.0,2025-03-24 18:47:19.183,2025-03-24 18:47:19.183
e1baa607-bceb-ee11-8445-b391b1ade63b,215,14411.8,2024-03-26 22:02:14.340,2024-03-26 22:02:14.340
910d0201-0028-1e19-de62-08de312288b0,212,11723.99,2025-12-01 21:43:05.037,2025-12-01 21:43:05.037
cac49517-4fee-ec11-83ad-85d4df778223,211,14073.7,2022-06-17 15:08:44.193,2022-06-17 15:08:44.193
cad7064f-723c-ee11-8444-94a8d4560ff0,210,0.0,2023-08-16 20:23:00.340,2023-08-16 20:23:00.340
a8d11c01-0050-fc61-889b-08de293ea386,209,0.0,2025-11-21 20:43:34.463,2025-11-21 20:43:34.463
2bdc6c8d-7d5c-ec11-8350-fd1908bc5a53,209,34798.88,2021-12-14 01:31:35.297,2021-12-14 01:31:35.297
81b81ea8-8d9b-ee11-8445-cc0b759db311,209,38356.25,2023-12-15 21:05:23.943,2023-12-15 21:05:23.943
a5400e72-c54f-ed11-83d0-aa7fbf16a382,207,16353.0,2022-10-19 15:49:47.197,2022-10-19 15:49:47.197
75993f4a-34eb-ec11-83ad-ba668f1797a6,207,12213.0,2022-06-13 16:18:14.077,2022-06-13 16:18:14.077
ae5f8859-5201-ee11-8445-bd342c1f1ab3,207,13248.0,2023-06-02 14:33:56.037,2023-06-02 14:33:56.037
c6edc397-0c19-ef11-8445-a8481daca5a8,205,7175.0,2024-05-23 14:00:23.620,2024-05-23 14:00:23.620
0a6985ef-cfbc-ef11-84e2-fc9af4fb06cf,204,50061.2,2024-12-17 23:38:01.177,2024-12-17 23:38:01.177
55754f6b-cfbc-ef11-84e2-fc9af4fb06cf,204,28021.2,2024-12-17 23:34:19.657,2024-12-17 23:34:19.657
67644f6b-cfbc-ef11-84e2-fc9af4fb06cf,204,25870.4,2024-12-17 23:34:13.190,2024-12-17 23:34:13.190
1bb4de20-1f3b-ec11-8344-a02f15b47440,204,1920.0,2021-11-01 14:27:08.847,2021-11-01 14:27:08.847
10539932-d5bc-ef11-84e2-fc9af4fb06cf,204,20531.4,2024-12-18 00:15:43.030,2024-12-18 00:15:43.030
d662115f-cfbc-ef11-84e2-fc9af4fb06cf,204,84143.4,2024-12-17 23:34:00.970,2024-12-17 23:34:00.970
f36fbf80-d5ff-e911-a9ce-0a593f791696,200,180272.0,2019-11-05 14:17:03.667,2019-11-05 14:17:03.667
556c88d7-4e2c-ec11-8344-c054e276146e,200,4000.0,2021-10-13 17:59:47.267,2021-10-13 17:59:47.267
fa01ecf1-1100-ea11-a9ce-0a593f791696,200,134216.0,2019-11-05 21:32:14.087,2019-11-05 21:32:14.087
b8f65c7b-f449-ef11-84a5-a563d9fef745,200,0.0,2024-07-24 19:42:26.473,2024-07-24 19:42:26.473
8360c8a9-661c-f011-8506-f620b75292ac,200,0.0,2025-04-18 15:12:03.830,2025-04-18 15:12:03.830
4c9b338d-2bf9-eb11-8315-b0e5071e2d01,200,4000.0,2021-08-09 16:09:29.070,2021-08-09 16:09:29.070
47fc0865-b2d7-ed11-842b-c8f256297d76,200,0.0,2023-04-10 15:18:39.557,2023-04-10 15:18:39.557
2da304b8-b390-79c7-2502-08de0025224e,200,0.0,2025-09-30 13:27:50.257,2025-09-30 13:27:50.257
1cbbdf67-b68a-ec11-8350-f9e42d383a1a,200,0.0,2022-02-10 21:16:35.053,2022-02-10 21:16:35.053
c7d75bea-f2fe-ed11-8445-f78d65b4782c,200,0.0,2023-05-30 14:08:22.413,2023-05-30 14:08:22.413
b8b50648-9547-ea11-a9ce-0a593f791696,200,56240.0,2020-02-04 21:48:50.707,2020-02-04 21:48:50.707
188f3c5b-9ed8-ed11-842b-837fa46c4409,200,0.0,2023-04-11 19:23:44.970,2023-04-11 19:23:44.970
6d472baa-f8fe-ed11-8445-f78d65b4782c,200,0.0,2023-05-30 14:46:01.043,2023-05-30 14:46:01.043
d00400ce-1720-ee11-8445-c3fa346bda63,200,0.0,2023-07-11 18:23:03.837,2023-07-11 18:23:03.837
dbcf03e8-961e-ef11-8445-9287b6d5635e,200,0.0,2024-05-30 15:13:45.137,2024-05-30 15:13:45.137
8e261d04-dd37-ea11-a9ce-0a593f791696,200,88160.0,2020-01-15 21:22:16.093,2020-01-15 21:22:16.093
4d0b490a-7eff-eb11-8315-fb1d4ba83829,200,4000.0,2021-08-17 17:11:06.907,2021-08-17 17:11:06.907
828e7d59-5606-f011-84f5-f46f85476544,200,8470.0,2025-03-21 13:17:57.650,2025-03-21 13:17:57.650
98507e82-1778-ed11-83d0-dbe72732717b,200,0.0,2022-12-09 23:16:30.647,2022-12-09 23:16:30.647
7e5507c0-f690-79c7-b8c5-08ddd3a696f7,200,8498.0,2025-08-04 22:35:03.863,2025-08-04 22:35:03.863
e73775e6-f848-ee11-8444-9c06c603ccdb,200,0.0,2023-09-01 18:54:04.927,2023-09-01 18:54:04.927
8c1b0201-0087-ee53-ccf4-08de93f33b00,200,0.0,2026-04-06 15:45:58.737,2026-04-06 15:45:58.737
2c984bce-dc00-ea11-a9ce-0a593f791696,200,142120.0,2019-11-06 21:33:00.377,2019-11-06 21:33:00.377
b8023863-92cb-ee11-8445-cd5450d9af54,200,9200.0,2024-02-14 23:41:27.710,2024-02-14 23:41:27.710
226618a4-ac05-ea11-a9ce-0a593f791696,200,140144.0,2019-11-13 00:31:49.030,2019-11-13 00:31:49.030
b27e03ac-2590-79c7-8ee5-08dda507ce38,200,0.0,2025-06-06 14:45:50.433,2025-06-06 14:45:50.433
b68b7963-d34c-ee11-8444-cbefdbcedd81,200,0.0,2023-09-06 16:37:35.307,2023-09-06 16:37:35.307
3b94fbf6-e449-ea11-a9ce-0a593f791696,200,72048.0,2020-02-07 20:08:33.093,2020-02-07 20:08:33.093
4214ddff-b3d8-cdb8-7000-019fec07579d,200,0.0,2026-08-10 14:15:41.540,2026-08-10 14:15:41.540
2ffe7f9b-7a01-ea11-a9ce-0a593f791696,200,90136.0,2019-11-07 16:29:12.370,2019-11-07 16:29:12.370
8cf54716-5748-ee11-8444-e466214b73fa,200,0.0,2023-08-31 23:35:43.717,2023-08-31 23:35:43.717
dadbe9c9-5df1-eb11-8315-e19a95d8a465,200,7760.0,2021-07-30 17:45:43.300,2021-07-30 17:45:43.300
d4280957-7bf3-ef11-84f4-9f60f9898fd7,200,0.0,2025-02-25 13:22:08.327,2025-02-25 13:22:08.327
0d9c87a1-760d-ea11-a9ce-0a593f791696,200,138016.0,2019-11-22 22:24:41.177,2019-11-22 22:24:41.177
f47ead0d-f80a-ea11-a9ce-0a593f791696,200,150024.0,2019-11-19 18:14:42.037,2019-11-19 18:14:42.037
be7f87f2-dfe2-ed11-842b-da3ae40f9c85,200,0.0,2023-04-24 20:41:32.080,2023-04-24 20:41:32.080
c789fbe1-a924-ee11-8445-8fdf8cc9a243,200,0.0,2023-07-17 13:58:59.090,2023-07-17 13:58:59.090
56d2699a-10db-ed11-842b-a6fb533d87ca,200,0.0,2023-04-14 22:06:41.283,2023-04-14 22:06:41.283
32214ded-3a5b-eb11-82b1-fced9c41084e,200,0.0,2021-01-20 16:19:03.733,2021-01-20 16:19:03.733
1173f2a2-291c-ea11-a9ce-0a593f791696,200,88160.0,2019-12-11 15:36:12.163,2019-12-11 15:36:12.163
6f154f0f-a8e0-ee11-8444-c47ffd55a884,200,0.0,2024-03-12 19:38:48.320,2024-03-12 19:38:48.320
228c4bc7-e841-ee11-8444-dcc5b4482a90,200,0.0,2023-08-23 19:10:59.250,2023-08-23 19:10:59.250
e0714a7b-1440-6ebc-7003-019fde08a900,200,0.0,2026-08-07 21:15:41.513,2026-08-07 21:15:41.513
20240201-0087-ee53-806c-08de93f4cb8e,200,0.0,2026-04-06 15:57:10.160,2026-04-06 15:57:10.160
a636b273-1406-ee11-8445-dbaba6384eee,200,0.0,2023-06-08 15:52:32.820,2023-06-08 15:52:32.820
f5a66813-aa24-ee11-8445-8fdf8cc9a243,200,0.0,2023-07-17 14:00:19.157,2023-07-17 14:00:19.157
2415e407-2c2b-ee11-8444-fc222fe68e55,200,0.0,2023-07-25 20:45:07.587,2023-07-25 20:45:07.587
e02065b5-f0fe-ed11-8445-f78d65b4782c,200,0.0,2023-05-30 13:51:12.680,2023-05-30 13:51:12.680
68f8fc2d-d4f4-ed11-8445-b5d49e094b1d,200,0.0,2023-05-17 16:59:38.247,2023-05-17 16:59:38.247
d75d08c0-f690-79c7-fbbf-08ddd421921e,200,0.0,2025-08-05 13:11:22.117,2025-08-05 13:11:22.117
113d1562-5142-ed11-83d0-d55dbc6549db,200,9440.0,2022-10-02 12:59:40.917,2022-10-02 12:59:40.917
995a813c-495b-eb11-82b1-fced9c41084e,200,0.0,2021-01-20 17:59:50.147,2021-01-20 17:59:50.147
2ecd59d0-d18d-ec11-8350-f9e42d383a1a,200,0.0,2022-02-14 20:10:32.060,2022-02-14 20:10:32.060
fd857ea7-10db-ed11-842b-a6fb533d87ca,200,0.0,2023-04-14 22:07:00.543,2023-04-14 22:07:00.543
21d9bd7a-4dff-e911-a9ce-0a593f791696,200,168112.0,2019-11-04 23:02:57.163,2019-11-04 23:02:57.163
8cbcfce5-d204-f011-84f5-f46f85476544,200,8000.0,2025-03-19 15:05:42.487,2025-03-19 15:05:42.487
ac12c888-1178-ed11-83d0-dbe72732717b,200,7790.0,2022-12-09 22:33:43.970,2022-12-09 22:33:43.970
ccfa1c01-0050-fc61-fa40-08de293eacfb,200,0.0,2025-11-21 20:43:50.223,2025-11-21 20:43:50.223
4b750601-0050-fc61-9eb4-08de2939d2f7,200,125974.8,2025-11-21 20:09:06.470,2025-11-21 20:09:06.470
23b1c6f9-4e8b-ec11-8350-f9e42d383a1a,200,0.0,2022-02-11 15:30:05.460,2022-02-11 15:30:05.460
9ef77ae9-fbc2-77b4-7006-019f8b5009e7,200,0.0,2026-07-22 19:31:48.103,2026-07-22 19:31:48.103
034bf835-d28d-ec11-8350-f9e42d383a1a,200,0.0,2022-02-14 20:14:20.920,2022-02-14 20:14:20.920
e96c833f-4c4c-ea11-a9ce-0a593f791696,200,56240.0,2020-02-10 21:33:05.163,2020-02-10 21:33:05.163
c75826c0-b68a-ec11-8350-f9e42d383a1a,200,0.0,2022-02-10 21:18:44.777,2022-02-10 21:18:44.777
a7d8f106-e4ee-d1b2-7001-01a0ca09b024,200,0.0,2026-09-22 16:58:58.740,2026-09-22 16:58:58.740
30e6387c-bbe6-eb11-8315-a7b253237166,200,0.0,2021-07-17 04:59:23.713,2021-07-17 04:59:23.713
a3cf7fa2-475b-eb11-82b1-fced9c41084e,200,0.0,2021-01-20 17:48:43.207,2021-01-20 17:48:43.207
054b0224-ca90-79c7-0fb1-08ddb8ce6667,200,0.0,2025-07-01 18:38:16.107,2025-07-01 18:38:16.107
96a99e73-870b-ee11-8445-8b119c6328a6,200,0.0,2023-06-15 14:18:16.987,2023-06-15 14:18:16.987
13e50001-00fe-04e2-85dc-08de90c4d182,200,0.0,2026-04-02 14:37:39.507,2026-04-02 14:37:39.507
3f086e77-3301-ed11-83ad-f479a1f2c2cd,200,0.0,2022-07-11 16:10:06.253,2022-07-11 16:10:06.253
fcf10b23-3f2d-ee11-8444-fe9b38708296,200,0.0,2023-07-28 12:06:18.170,2023-07-28 12:06:18.170
f1ee373c-ec57-ea11-a9ce-0a593f791696,200,88160.0,2020-02-25 16:36:44.817,2020-02-25 16:36:44.817
19140201-0087-ee53-7476-08de93f2a96b,200,0.0,2026-04-06 15:43:00.757,2026-04-06 15:43:00.757
a62c74aa-fbe9-ed11-8445-a4a44f72e42a,200,0.0,2023-05-03 21:48:55.387,2023-05-03 21:48:55.387
c2368fc3-27f3-ed11-8445-d7f97a045102,200,0.0,2023-05-15 13:55:47.383,2023-05-15 13:55:47.383
f3d806e5-d2f4-ed11-8445-b5d49e094b1d,200,0.0,2023-05-17 17:01:45.727,2023-05-17 17:01:45.727
71b80698-5d90-79c7-bfb7-08ddeaef493f,200,0.0,2025-09-03 13:43:07.110,2025-09-03 13:43:07.110
15d382aa-981e-ef11-8445-9287b6d5635e,200,0.0,2024-05-30 15:25:43.233,2024-05-30 15:25:43.233
1ce62196-2cc7-ed11-842b-8ce166053e31,200,0.0,2023-03-20 14:38:32.963,2023-03-20 14:38:32.963
fed7efec-4d96-ec11-8375-a8b7d793be26,200,8350.0,2022-02-25 15:18:02.040,2022-02-25 15:18:02.040
72c1d7b1-d938-ef11-84bc-8e000b18e45d,200,0.0,2024-07-03 01:15:25.560,2024-07-03 01:15:25.560
b31c06c4-b890-79c7-ce6e-08ddbe3b9ea0,200,0.0,2025-07-08 16:30:25.810,2025-07-08 16:30:25.810
ea02aaa5-971a-ee11-8445-90beee555b76,200,0.0,2023-07-04 18:21:59.047,2023-07-04 18:21:59.047
9347dd4f-d866-ef11-84c9-c9d4c8683514,200,0.0,2024-08-30 14:24:26.297,2024-08-30 14:24:26.297
d18f0d01-0050-fc61-549b-08de293b538a,200,9692.5,2025-11-21 20:19:51.653,2025-11-21 20:19:51.653
c700b37c-b435-50be-7000-01a091904fc2,200,0.0,2026-09-11 17:45:11.770,2026-09-11 17:45:11.770
534c14b8-8da9-4f8a-7003-01a0c48db3b5,200,0.0,2026-09-21 15:22:24.150,2026-09-21 15:22:24.150
def6a070-624f-0091-7003-01a0c490ba77,200,0.0,2026-09-21 15:24:38.423,2026-09-21 15:24:38.423
a73c39aa-db6e-ef11-84bd-f9a60ce4059c,200,7000.0,2024-09-09 18:46:19.840,2024-09-09 18:46:19.840
5ed40301-0019-5c9c-89cc-08de72e547c8,200,0.0,2026-02-23 14:13:55.017,2026-02-23 14:13:55.017
abb86d90-524c-ea11-a9ce-0a593f791696,200,72048.0,2020-02-10 22:24:51.677,2020-02-10 22:24:51.677
30a6b920-77ad-ed11-83d0-ab38fb59afa0,199,0.0,2023-02-15 21:57:54.170,2023-02-15 21:57:54.170
3238f8c9-bcef-ef11-84f4-a54065c285f4,199,0.0,2025-02-20 19:03:34.227,2025-02-20 19:03:34.227
58381ee0-f50a-ee11-8445-fdfd55a04627,198,0.0,2023-06-14 21:00:25.467,2023-06-14 21:00:25.467
04e81a15-5627-ee11-8444-e5c7cfca5dd9,197,0.0,2023-07-20 23:36:47.007,2023-07-20 23:36:47.007
fd8f111b-fbbc-ed11-842b-8e09a4593b34,196,0.0,2023-03-07 15:17:18.927,2023-03-07 15:17:18.927
f94d50aa-a7f0-ec11-83ad-cba00cc9c6dd,194,2109.6,2022-06-20 14:48:41.483,2022-06-20 14:48:41.483
03232613-cdcb-ec11-8398-cc830bffdbec,194,1240.2,2022-05-04 17:13:35.400,2022-05-04 17:13:35.400
ded2079c-1790-79c7-1218-08ddfec0d51d,194,0.0,2025-09-28 19:00:18.487,2025-09-28 19:00:18.487
c7d0eb14-0b46-ee11-8444-e28876abf53b,193,0.0,2023-08-29 01:31:20.557,2023-08-29 01:31:20.557
48908a9c-e9d2-eb11-830a-9b92ee7b3382,192,0.0,2021-06-21 23:44:58.897,2021-06-21 23:44:58.897
056fc92f-5c21-ec11-8344-c92b692bb295,191,0.0,2021-09-29 19:47:10.667,2021-09-29 19:47:10.667
f4141578-8325-ef11-8445-b8bf113fd342,190,0.0,2024-06-08 10:42:48.340,2024-06-08 10:42:48.340
0f0b01d9-785c-ec11-8350-fd1908bc5a53,190,7600.0,2021-12-14 00:57:49.597,2021-12-14 00:57:49.597
2c338323-8d9b-ee11-8445-cc0b759db311,190,0.0,2023-12-15 21:01:49.027,2023-12-15 21:01:49.027
8768c3b3-2e09-ee11-8445-9a38d72e0313,190,0.0,2023-06-12 14:39:50.393,2023-06-12 14:39:50.393
455505cc-3690-79c7-8b48-08ddd8f8c52b,190,0.0,2025-08-11 17:07:33.407,2025-08-11 17:07:33.407
fd26c3d5-7d5c-ec11-8350-fd1908bc5a53,190,0.0,2021-12-14 01:33:37.070,2021-12-14 01:33:37.070
834b8df8-84ee-eb11-8315-8809eea0ef23,190,0.0,2021-07-27 02:47:42.600,2021-07-27 02:47:42.600
dee27635-3b84-ec11-8350-bb310905b72f,190,0.0,2022-02-02 16:05:52.233,2022-02-02 16:05:52.233
1c750201-006e-ace0-0e79-08de6e26c4ef,190,0.0,2026-02-17 13:24:26.097,2026-02-17 13:24:26.097
39900301-0088-d037-a422-08de7555d212,190,0.0,2026-02-26 16:53:28.763,2026-02-26 16:53:28.763
fd4eb8c5-889b-ee11-8445-cc0b759db311,190,8882.5,2023-12-15 20:30:27.447,2023-12-15 20:30:27.447
f2f7b5d8-467b-ed11-83d0-dbe117b3817e,189,105678.0,2022-12-14 00:32:55.997,2022-12-14 00:32:55.997
b1dec75b-971e-ef11-8445-9287b6d5635e,189,0.0,2024-05-30 15:16:40.793,2024-05-30 15:16:40.793
2ce5ed1f-7422-ef11-8445-ca4334f55552,188,16280.0,2024-06-04 13:25:06.513,2024-06-04 13:25:06.513
9f45ec68-adab-ed11-83d0-989400cc50d4,185,12977.75,2023-02-13 14:49:26.537,2023-02-13 14:49:26.537
6dc098c9-a24e-ef11-84a5-a563d9fef745,185,10915.0,2024-07-30 18:40:55.883,2024-07-30 18:40:55.883
8d58a3cb-e60c-ed11-83ad-d4d1f783549f,185,13000.6,2022-07-26 13:35:36.333,2022-07-26 13:35:36.333
22d2c93f-0c46-ee11-8444-e28876abf53b,184,0.0,2023-08-29 01:38:07.460,2023-08-29 01:38:07.460
d830603e-e4e0-eb11-8315-dc6a78f920b7,183,9516.0,2021-07-09 18:35:11.263,2021-07-09 18:35:11.263
669ba80e-a446-ee11-8444-e28876abf53b,183,0.0,2023-08-29 19:46:27.207,2023-08-29 19:46:27.207
3083c3de-5be7-ec11-83ad-95493500c6e7,182,0.0,2022-06-08 18:52:51.190,2022-06-08 18:52:51.190
709e5e4a-3130-ec11-8344-fe6e699b6d03,182,0.0,2021-10-18 16:36:41.263,2021-10-18 16:36:41.263
1fe7afde-a232-ed11-83d0-c079aa792785,182,0.0,2022-09-12 13:59:01.627,2022-09-12 13:59:01.627
58042ec3-27ff-ec11-83ad-914adfa5ce6d,182,0.0,2022-07-09 01:42:31.447,2022-07-09 01:42:31.447
dd7cc72b-afbe-ed11-842b-fbb830928ed2,182,0.0,2023-03-09 19:20:23.943,2023-03-09 19:20:23.943
55ca6f42-dfb5-ec11-8398-9efd49979765,182,0.0,2022-04-06 19:26:28.720,2022-04-06 19:26:28.720
e41a0fb7-f04e-ed11-83d0-c9c3b60274f1,182,0.0,2022-10-18 14:26:09.310,2022-10-18 14:26:09.310
405db08b-a514-ec11-8315-fb5a79dba31f,182,0.0,2021-09-13 15:23:07.250,2021-09-13 15:23:07.250
dc1e8898-9ddd-eb11-8315-c35465b0131a,182,0.0,2021-07-05 14:34:50.357,2021-07-05 14:34:50.357
7281a1e5-3bb1-ed11-83d0-e026e261897a,182,0.0,2023-02-20 16:31:48.750,2023-02-20 16:31:48.750
9eb67254-2c4a-ed11-83d0-96fad5fcf243,182,0.0,2022-10-12 12:51:05.703,2022-10-12 12:51:05.703
b3d074b2-d5f3-eb11-8315-c6c50cbabc28,182,0.0,2021-08-02 21:10:43.370,2021-08-02 21:10:43.370
2b6e9801-799a-ec11-8395-e6355712281b,182,0.0,2022-03-02 22:36:27.503,2022-03-02 22:36:27.503
3d2acfdb-5d2b-ec11-8344-c054e276146e,182,0.0,2021-10-12 13:14:34.077,2021-10-12 13:14:34.077
3e82cdac-9d27-ed11-83d0-bbe3d50a93e1,182,0.0,2022-08-29 13:24:52.403,2022-08-29 13:24:52.403
9a5f5b71-1b22-ec11-8344-c92b692bb295,182,0.0,2021-09-30 18:26:37.593,2021-09-30 18:26:37.593
e68cfafd-2e01-ec11-8315-fb1d4ba83829,182,0.0,2021-08-19 20:51:58.313,2021-08-19 20:51:58.313
12bda789-db14-ec11-8315-fb5a79dba31f,182,0.0,2021-09-13 21:45:23.347,2021-09-13 21:45:23.347
391ff59e-2d22-ed11-83d0-c8c5dcec0299,182,0.0,2022-08-22 15:19:53.043,2022-08-22 15:19:53.043
54490401-00e8-b8cb-a035-08de15936d4e,182,0.0,2025-10-27 20:01:08.583,2025-10-27 20:01:08.583
b0b71cd4-2435-ed11-83d0-da448c932752,182,0.0,2022-09-15 18:34:27.017,2022-09-15 18:34:27.017
0932d08c-f590-ec11-8375-db934db4a381,182,0.0,2022-02-18 20:03:21.487,2022-02-18 20:03:21.487
26d1da24-fb17-ed11-83ad-c3844712c2f1,182,0.0,2022-08-09 15:53:03.643,2022-08-09 15:53:03.643
fb854e32-1f44-ed11-83d0-adb65bca05da,182,0.0,2022-10-04 20:03:11.670,2022-10-04 20:03:11.670
99958a0f-d411-ed11-83ad-8ba70674c129,182,0.0,2022-08-01 19:58:25.787,2022-08-01 19:58:25.787
9f9946d4-ae37-ef11-84bc-8e000b18e45d,182,0.0,2024-07-01 13:42:34.830,2024-07-01 13:42:34.830
146917a3-eebf-ec11-8398-f3810c65084b,182,0.0,2022-04-19 14:41:37.173,2022-04-19 14:41:37.173
68ec3018-acf8-ed11-8445-b1b933414c4d,182,0.0,2023-05-22 14:26:55.740,2023-05-22 14:26:55.740
d246963a-0ec5-ee11-8445-b1caec3f8168,180,12924.0,2024-02-06 16:43:38.447,2024-02-06 16:43:38.447
f09ff397-85ac-ed11-83d0-804b26644635,180,0.0,2023-02-14 16:49:02.243,2023-02-14 16:49:02.243
1e461e01-0050-fc61-ef25-08de293ef87e,180,0.0,2025-11-21 20:45:56.997,2025-11-21 20:45:56.997
64820601-004c-04c6-da62-08de59d13c1b,180,50239.92,2026-01-22 16:14:03.377,2026-01-22 16:14:03.377
62563915-0f78-ed11-83d0-dbe72732717b,180,7590.5,2022-12-09 22:16:17.527,2022-12-09 22:16:17.527
d8bc1401-0050-fc61-dab5-08de293cd80c,180,8723.25,2025-11-21 20:30:43.460,2025-11-21 20:30:43.460
d44b73e4-d0ee-eb11-8315-d6d741cbae3f,180,0.0,2021-07-27 11:55:21.160,2021-07-27 11:55:21.160
b8d80acc-e8b6-ed11-83d0-d412bbdf58d3,180,0.0,2023-02-27 21:54:07.607,2023-02-27 21:54:07.607
8ff8e542-1478-ed11-83d0-dbe72732717b,180,7011.0,2022-12-09 22:53:24.733,2022-12-09 22:53:24.733
68b245a7-abf8-ed11-8445-b1b933414c4d,180,0.0,2023-05-22 14:22:08.260,2023-05-22 14:22:08.260
bf5a2708-32f8-ea11-828e-e678ee22ca46,180,12996.0,2020-09-16 15:36:21.173,2020-09-16 15:36:21.173
b8390701-0050-fc61-27f1-08de2939fc2a,180,9227.6,2025-11-21 20:10:15.563,2025-11-21 20:10:15.563
b66f0c31-3a5b-eb11-82b1-fced9c41084e,180,0.0,2021-01-20 16:13:59.560,2021-01-20 16:13:59.560
52d60d01-0050-fc61-dccf-08de293b6228,180,11061.45,2025-11-21 20:20:16.163,2025-11-21 20:20:16.163
294b2f0c-4f47-ee11-8444-ab58af33a075,180,0.0,2023-08-30 16:08:08.800,2023-08-30 16:08:08.800
411ee16f-81f8-ec11-83ad-ed12e88aa534,179,0.0,2022-06-30 14:35:38.103,2022-06-30 14:35:38.103
c779a90c-f735-ee11-8444-fe3a86f97ec7,179,0.0,2023-08-08 14:23:45.487,2023-08-08 14:23:45.487
062ecfe1-e9d6-ec11-8398-f125a57a4043,178,0.0,2022-05-18 20:35:51.740,2022-05-18 20:35:51.740
fba2b2c8-a0fe-eb11-8315-d161287b62a5,177,0.0,2021-08-16 14:49:56.640,2021-08-16 14:49:56.640
7c548307-5e4b-ef11-84a5-a563d9fef745,176,9917.6,2024-07-26 14:48:05.173,2024-07-26 14:48:05.173
8df4dd77-b147-ec11-8350-8758689bb432,176,0.0,2021-11-17 14:23:21.580,2021-11-17 14:23:21.580
d78d2795-3dc7-ec11-8398-85e7718142bd,175,10562.75,2022-04-28 21:58:28.263,2022-04-28 21:58:28.263
736798a5-94a5-08b3-7000-01a024860627,175,9306.5,2026-08-21 13:33:11.990,2026-08-21 13:33:11.990
60421118-b890-79c7-0fe2-08ddfa1334e4,175,8225.0,2025-09-22 20:04:56.327,2025-09-22 20:04:56.327
126d0860-0c90-79c7-1322-08dd83756dda,174,0.0,2025-04-24 21:19:35.690,2025-04-24 21:19:35.690
0096c98a-50ef-ed11-8445-97dfc8556c8c,173,0.0,2023-05-10 16:37:29.717,2023-05-10 16:37:29.717
eb260730-2290-79c7-7fb5-08ddfc3dfc94,172,9953.27,2025-09-25 14:17:31.350,2025-09-25 14:17:31.350
aba767d7-dcc0-ec11-8398-c3c48911cada,172,0.0,2022-04-20 19:05:34.617,2022-04-20 19:05:34.617
55e75fe9-c74f-ed11-83d0-b7c542764386,171,0.0,2022-10-19 16:06:56.177,2022-10-19 16:06:56.177
94553021-795c-ec11-8350-fd1908bc5a53,171,50581.8,2021-12-14 00:59:53.720,2021-12-14 00:59:53.720
182e1a7e-7c5c-ec11-8350-fd1908bc5a53,171,0.0,2021-12-14 01:24:00.317,2021-12-14 01:24:00.317
7adddc3e-7b5c-ec11-8350-fd1908bc5a53,171,6498.0,2021-12-14 01:14:57.660,2021-12-14 01:14:57.660
a5762a2d-879b-ee11-8445-cc0b759db311,171,26329.25,2023-12-15 20:19:08.473,2023-12-15 20:19:08.473
b066c3d7-889b-ee11-8445-cc0b759db311,171,23678.75,2023-12-15 20:31:03.693,2023-12-15 20:31:03.693
efcc19cd-869b-ee11-8445-cc0b759db311,171,8616.5,2023-12-15 20:16:23.297,2023-12-15 20:16:23.297
a5001701-8b9b-ee11-8445-cc0b759db311,171,7994.25,2023-12-15 20:46:25.097,2023-12-15 20:46:25.097
2ed3f801-899b-ee11-8445-cc0b759db311,171,53865.0,2023-12-15 20:32:13.783,2023-12-15 20:32:13.783
60be1bb5-765c-ec11-8350-fd1908bc5a53,171,7182.0,2021-12-14 00:42:34.367,2021-12-14 00:42:34.367
166d799c-7a5c-ec11-8350-fd1908bc5a53,171,32176.5,2021-12-14 01:10:25.170,2021-12-14 01:10:25.170
eedf6127-775c-ec11-8350-fd1908bc5a53,171,24265.28,2021-12-14 00:45:40.843,2021-12-14 00:45:40.843
d092f165-d6bc-ef11-84e2-fc9af4fb06cf,170,86177.6,2024-12-18 00:24:11.397,2024-12-18 00:24:11.397
6ced597d-cfbc-ef11-84e2-fc9af4fb06cf,170,120520.8,2024-12-17 23:34:47.210,2024-12-17 23:34:47.210
9018cab2-d1bc-ef11-84e2-fc9af4fb06cf,170,9319.5,2024-12-17 23:50:33.703,2024-12-17 23:50:33.703
c6a705f4-1990-79c7-300a-08dd88be49f6,170,6616.4,2025-05-01 14:45:56.710,2025-05-01 14:45:56.710
71d2dc53-d6bc-ef11-84e2-fc9af4fb06cf,170,0.0,2024-12-18 00:23:41.610,2024-12-18 00:23:41.610
70b28d09-477b-ed11-83d0-dbe117b3817e,168,242440.0,2022-12-14 00:34:24.870,2022-12-14 00:34:24.870
fe8fe407-457b-ed11-83d0-dbe117b3817e,168,93778.0,2022-12-14 00:19:59.183,2022-12-14 00:19:59.183
5a9027b4-56c9-eb11-830a-eba63e91bc91,168,0.0,2021-06-09 19:22:11.687,2021-06-09 19:22:11.687
dfc91b71-507b-ed11-83d0-dbe117b3817e,168,111297.76,2022-12-14 01:41:46.450,2022-12-14 01:41:46.450
199b3e0f-557b-ed11-83d0-dbe117b3817e,168,59280.0,2022-12-14 02:14:42.923,2022-12-14 02:14:42.923
5f61d6d8-4f7b-ed11-83d0-dbe117b3817e,168,178350.72,2022-12-14 01:37:23.297,2022-12-14 01:37:23.297
f453e677-467b-ed11-83d0-dbe117b3817e,168,155223.52,2022-12-14 00:30:16.923,2022-12-14 00:30:16.923
229b0c0b-577b-ed11-83d0-dbe117b3817e,168,51680.0,2022-12-14 02:28:58.637,2022-12-14 02:28:58.637
a27a6126-457b-ed11-83d0-dbe117b3817e,168,156084.24,2022-12-14 00:20:50.943,2022-12-14 00:20:50.943
a03a054c-3c90-79c7-1216-08dda2b1b367,168,0.0,2025-06-03 15:18:28.490,2025-06-03 15:18:28.490
ff937f2d-557b-ed11-83d0-dbe117b3817e,168,77216.0,2022-12-14 02:15:37.447,2022-12-14 02:15:37.447
a03c2ddd-557b-ed11-83d0-dbe117b3817e,168,29792.0,2022-12-14 02:20:26.277,2022-12-14 02:20:26.277
05567d90-467b-ed11-83d0-dbe117b3817e,168,93936.0,2022-12-14 00:30:57.707,2022-12-14 00:30:57.707
b532b9d2-467b-ed11-83d0-dbe117b3817e,168,93936.0,2022-12-14 00:32:48.337,2022-12-14 00:32:48.337
14bbd1a2-547b-ed11-83d0-dbe117b3817e,168,32832.0,2022-12-14 02:11:40.170,2022-12-14 02:11:40.170
d63bc3cc-4f7b-ed11-83d0-dbe117b3817e,168,191252.0,2022-12-14 01:37:07.987,2022-12-14 01:37:07.987
c07571eb-447b-ed11-83d0-dbe117b3817e,168,152760.0,2022-12-14 00:19:15.153,2022-12-14 00:19:15.153
3e190e11-577b-ed11-83d0-dbe117b3817e,168,93936.0,2022-12-14 02:29:03.547,2022-12-14 02:29:03.547
602a5951-587b-ed11-83d0-dbe117b3817e,168,186787.36,2022-12-14 02:38:00.667,2022-12-14 02:38:00.667
328f969c-577b-ed11-83d0-dbe117b3817e,168,102144.0,2022-12-14 02:33:01.707,2022-12-14 02:33:01.707
20219d15-477b-ed11-83d0-dbe117b3817e,168,93936.0,2022-12-14 00:34:39.297,2022-12-14 00:34:39.297
a794c5c0-547b-ed11-83d0-dbe117b3817e,168,59280.0,2022-12-14 02:12:28.697,2022-12-14 02:12:28.697
3521b9a9-8356-29b6-7004-01a0c5db3400,168,0.0,2026-09-21 21:27:12.950,2026-09-21 21:27:12.950
7bbe0358-09a3-ed11-83d0-f5e7fc0a555d,168,0.0,2023-02-02 14:54:03.423,2023-02-02 14:54:03.423
b51deb4d-547b-ed11-83d0-dbe117b3817e,168,32832.0,2022-12-14 02:09:21.797,2022-12-14 02:09:21.797
285d0ed3-7580-ed11-83d0-af103c931c6c,167,0.0,2022-12-20 14:52:02.017,2022-12-20 14:52:02.017
d1fc0275-21e3-eb11-8315-a4ac8f80a59e,166,0.0,2021-07-12 14:59:30.767,2021-07-12 14:59:30.767
895d42c3-ee00-f011-84f4-ba516b1a1612,166,3320.0,2025-03-14 16:11:13.613,2025-03-14 16:11:13.613
33f5a267-c0fd-ef11-84f4-dac438e126e9,166,11334.48,2025-03-10 15:00:40.257,2025-03-10 15:00:40.257
62796325-bf09-ed11-83ad-a78220d98f0f,164,1286.4,2022-07-22 13:08:28.127,2022-07-22 13:08:28.127
9fcdc063-aeb6-ec11-8398-cd87ee1b037a,163,12428.75,2022-04-07 20:08:08.513,2022-04-07 20:08:08.513
2b3d355d-773e-ec11-8350-bdcf55b07c40,162,0.0,2021-11-05 20:35:36.983,2021-11-05 20:35:36.983
da6bd9b1-b237-ef11-84bc-8e000b18e45d,161,7567.0,2024-07-01 14:04:36.977,2024-07-01 14:04:36.977
358006e0-da8b-ef11-84d6-bcdfbaf106bb,161,4025.0,2024-10-16 16:23:48.817,2024-10-16 16:23:48.817
835a0ae5-bbee-ed11-8445-b73c6242bd8c,161,0.0,2023-05-09 22:53:27.260,2023-05-09 22:53:27.260
ce851501-0050-fc61-c825-08de293d01e5,160,7754.0,2025-11-21 20:31:53.693,2025-11-21 20:31:53.693
3906808b-1078-ed11-83d0-dbe72732717b,160,7049.0,2022-12-09 22:26:42.117,2022-12-09 22:26:42.117
3fd41c01-0050-fc61-cb21-08de293ea471,160,106580.72,2025-11-21 20:43:35.897,2025-11-21 20:43:35.897
bf102101-0050-fc61-eaa9-08de293fa5f7,160,90639.88,2025-11-21 20:50:47.927,2025-11-21 20:50:47.927
048d2e49-1278-ed11-83d0-dbe72732717b,160,7828.0,2022-12-09 22:39:10.023,2022-12-09 22:39:10.023
85803643-1278-ed11-83d0-dbe72732717b,160,6232.0,2022-12-09 22:39:05.830,2022-12-09 22:39:05.830
656d03fb-34d3-ea11-828c-b4e2a79c59ea,160,14288.0,2020-07-31 13:55:18.457,2020-07-31 13:55:18.457
24021bf1-0e78-ed11-83d0-dbe72732717b,160,6232.0,2022-12-09 22:15:12.943,2022-12-09 22:15:12.943
dd4e37f0-38de-ea11-828c-dab48128a9c3,160,13376.0,2020-08-14 14:31:35.943,2020-08-14 14:31:35.943
e9470f01-0050-fc61-7b76-08de293bac07,160,9501.6,2025-11-21 20:22:20.100,2025-11-21 20:22:20.100
cf1f1601-0050-fc61-0f60-08de293d2307,160,12551.2,2025-11-21 20:32:49.250,2025-11-21 20:32:49.250
5cf917f1-92dd-ea11-828c-dab48128a9c3,160,12692.0,2020-08-13 18:37:27.443,2020-08-13 18:37:27.443
37b10601-0050-fc61-baab-08de2939df7a,160,9558.4,2025-11-21 20:09:27.427,2025-11-21 20:09:27.427
c6dd9bc7-1078-ed11-83d0-dbe72732717b,160,7828.0,2022-12-09 22:28:23.063,2022-12-09 22:28:23.063
dd7a0601-0050-fc61-38d6-08de2939d3dd,160,82391.36,2025-11-21 20:09:07.953,2025-11-21 20:09:07.953
c46fb118-1078-ed11-83d0-dbe72732717b,160,6232.0,2022-12-09 22:23:34.297,2022-12-09 22:23:34.297
0437eb92-0b8e-ea11-a9ce-0a593f791696,160,27360.0,2020-05-04 13:46:35.800,2020-05-04 13:46:35.800
6a371801-0050-fc61-d98e-08de293d95c1,160,103033.36,2025-11-21 20:36:01.733,2025-11-21 20:36:01.733
efaa0501-00af-29af-bc7c-08dea6e26941,160,0.0,2026-04-30 18:00:50.380,2026-04-30 18:00:50.380
4182d876-5ed6-ea11-828c-c3297631124c,160,11552.0,2020-08-04 14:31:31.283,2020-08-04 14:31:31.283
4aba3f51-22d0-ea11-828c-b57555799727,160,14592.0,2020-07-27 16:05:21.190,2020-07-27 16:05:21.190
70461101-0050-fc61-7b73-08de293c18aa,160,7754.0,2025-11-21 20:25:22.403,2025-11-21 20:25:22.403
272f5e7c-fad7-ea11-828c-cf34c837d27a,160,10032.0,2020-08-06 15:42:26.487,2020-08-06 15:42:26.487
fa25e864-d2bb-eb11-830a-a4b0d298b5f4,160,48032.0,2021-05-23 14:23:14.257,2021-05-23 14:23:14.257
67990901-0050-fc61-b97c-08de293a7bba,160,9832.4,2025-11-21 20:13:49.513,2025-11-21 20:13:49.513
710b0ecb-1178-ed11-83d0-dbe72732717b,160,7828.0,2022-12-09 22:35:44.247,2022-12-09 22:35:44.247
93285b8f-afd2-ea11-828c-b4e2a79c59ea,160,14288.0,2020-07-30 22:18:14.317,2020-07-30 22:18:14.317
d4861c64-49d7-ea11-828c-cf34c837d27a,160,10032.0,2020-08-05 18:31:20.453,2020-08-05 18:31:20.453
43955d5e-1778-ed11-83d0-dbe72732717b,160,7068.0,2022-12-09 23:15:35.387,2022-12-09 23:15:35.387
e71c1d1f-1278-ed11-83d0-dbe72732717b,160,6232.0,2022-12-09 22:38:01.247,2022-12-09 22:38:01.247
955f7473-1078-ed11-83d0-dbe72732717b,160,6384.0,2022-12-09 22:26:04.070,2022-12-09 22:26:04.070
980351c5-4e91-ea11-a9ce-0a593f791696,160,27360.0,2020-05-08 17:10:58.350,2020-05-08 17:10:58.350
8b69b06f-0f78-ed11-83d0-dbe72732717b,160,6384.0,2022-12-09 22:18:45.147,2022-12-09 22:18:45.147
b91782ad-f77e-ec11-8350-d3131e7fd828,160,90804.8,2022-01-26 22:31:46.173,2022-01-26 22:31:46.173
9af8e948-1478-ed11-83d0-dbe72732717b,160,6232.0,2022-12-09 22:53:29.417,2022-12-09 22:53:29.417
5fba0e01-0050-fc61-1373-08de293b90cb,160,9558.4,2025-11-21 20:21:34.380,2025-11-21 20:21:34.380
5de20b0f-7dd2-ea11-828c-b4e2a79c59ea,160,13376.0,2020-07-30 16:00:08.927,2020-07-30 16:00:08.927
2b6627b8-1578-ed11-83d0-dbe72732717b,160,0.0,2022-12-09 23:03:51.243,2022-12-09 23:03:51.243
b1140f01-0050-fc61-be00-08de293ba25a,160,7754.0,2025-11-21 20:22:03.880,2025-11-21 20:22:03.880
ba3900b0-4ad7-ea11-828c-cf34c837d27a,160,10944.0,2020-08-05 18:42:53.917,2020-08-05 18:42:53.917
e78a1613-1278-ed11-83d0-dbe72732717b,160,6232.0,2022-12-09 22:37:39.363,2022-12-09 22:37:39.363
f824abf8-95dd-ea11-828c-dab48128a9c3,160,13376.0,2020-08-13 18:52:29.197,2020-08-13 18:52:29.197
19f53631-1278-ed11-83d0-dbe72732717b,160,5956.5,2022-12-09 22:38:26.937,2022-12-09 22:38:26.937
18ac3c52-1178-ed11-83d0-dbe72732717b,160,7676.0,2022-12-09 22:32:21.063,2022-12-09 22:32:21.063
b81ac888-1178-ed11-83d0-dbe72732717b,160,6232.0,2022-12-09 22:33:46.387,2022-12-09 22:33:46.387
f949a5a9-541d-ec11-8344-bb4c63545859,160,4878.0,2021-09-24 16:31:18.770,2021-09-24 16:31:18.770
74f60d01-0050-fc61-1523-08de293b68ae,160,6862.8,2025-11-21 20:20:27.157,2025-11-21 20:20:27.157
0c065127-0f78-ed11-83d0-dbe72732717b,160,7068.0,2022-12-09 22:16:44.947,2022-12-09 22:16:44.947
a291f669-1378-ed11-83d0-dbe72732717b,160,6232.0,2022-12-09 22:47:15.457,2022-12-09 22:47:15.457
7c260801-0050-fc61-8639-08de293a2ec0,160,7756.0,2025-11-21 20:11:40.430,2025-11-21 20:11:40.430
b024cb3b-6bd2-ea11-828c-b4e2a79c59ea,160,11400.0,2020-07-30 13:58:24.643,2020-07-30 13:58:24.643
90e00c01-0050-fc61-f335-08de293b2d52,160,28892.4,2025-11-21 20:18:47.530,2025-11-21 20:18:47.530
24df264c-1178-ed11-83d0-dbe72732717b,160,7448.0,2022-12-09 22:32:08.860,2022-12-09 22:32:08.860
7b171901-0050-fc61-16d6-08de293dc703,160,50061.2,2025-11-21 20:37:24.357,2025-11-21 20:37:24.357
2d9ba6a8-5dd6-ea11-828c-c3297631124c,160,10944.0,2020-08-04 14:24:54.920,2020-08-04 14:24:54.920
c0bf2c4a-36d3-ea11-828c-b4e2a79c59ea,160,10944.0,2020-07-31 14:11:09.897,2020-07-31 14:11:09.897
af9b2840-1178-ed11-83d0-dbe72732717b,160,5700.0,2022-12-09 22:31:46.850,2022-12-09 22:31:46.850
2d060601-0050-fc61-dd15-08de2939baf7,160,104531.04,2025-11-21 20:08:26.200,2025-11-21 20:08:26.200
07774bb2-0f78-ed11-83d0-dbe72732717b,160,7448.0,2022-12-09 22:20:39.433,2022-12-09 22:20:39.433
5d6d52a1-2a12-ef11-8445-88404527ef51,160,3680.0,2024-05-14 19:46:35.483,2024-05-14 19:46:35.483
92c30401-00a4-da8d-da66-08de84f7825d,160,0.0,2026-03-18 14:06:12.790,2026-03-18 14:06:12.790
a55bbb0c-1078-ed11-83d0-dbe72732717b,160,7068.0,2022-12-09 22:23:10.937,2022-12-09 22:23:10.937
c37b0f01-0050-fc61-8fc9-08de293bb5f4,160,9558.4,2025-11-21 20:22:36.753,2025-11-21 20:22:36.753
4a17291b-4cd7-ea11-828c-cf34c837d27a,160,14288.0,2020-08-05 18:50:37.300,2020-08-05 18:50:37.300
38670e01-0050-fc61-ce0b-08de293b8072,160,9558.4,2025-11-21 20:21:07.003,2025-11-21 20:21:07.003
d8872f7f-1478-ed11-83d0-dbe72732717b,160,6232.0,2022-12-09 22:55:01.963,2022-12-09 22:55:01.963
078b70db-e9db-ea11-828c-a3b0b95dd4b2,160,11552.0,2020-08-11 15:54:55.497,2020-08-11 15:54:55.497
30ae1601-1278-ed11-83d0-dbe72732717b,160,7448.0,2022-12-09 22:37:06.947,2022-12-09 22:37:06.947
967a523a-7dd6-ea11-828c-c3297631124c,160,14288.0,2020-08-04 18:13:29.130,2020-08-04 18:13:29.130
dab20062-ddd8-ea11-828c-cf34c837d27a,160,10944.0,2020-08-07 18:44:08.420,2020-08-07 18:44:08.420
78c7a494-1778-ed11-83d0-dbe72732717b,160,0.0,2022-12-09 23:17:04.787,2022-12-09 23:17:04.787
5c7939e0-0cd1-ea11-828c-b57555799727,160,14592.0,2020-07-28 20:05:12.517,2020-07-28 20:05:12.517
a266aac1-4acf-ee11-8445-a374a726778d,160,0.0,2024-02-19 17:17:39.697,2024-02-19 17:17:39.697
dabc1ba6-21d0-ea11-828c-b8d3df7da6ad,160,13984.0,2020-07-27 16:11:20.647,2020-07-27 16:11:20.647
2842f436-1078-ed11-83d0-dbe72732717b,160,7904.0,2022-12-09 22:24:19.757,2022-12-09 22:24:19.757
2da1b3fc-1fd8-ea11-828c-cf34c837d27a,160,14288.0,2020-08-06 20:11:56.707,2020-08-06 20:11:56.707
f2300901-0050-fc61-4549-08de293a6673,160,8793.2,2025-11-21 20:13:13.840,2025-11-21 20:13:13.840
215bbb06-c5d1-ea11-828c-b57555799727,160,14592.0,2020-07-29 18:02:33.730,2020-07-29 18:02:33.730
081b091c-c490-79c7-0287-08dde742c9aa,160,9254.4,2025-08-29 21:28:06.177,2025-08-29 21:28:06.177
77e4b657-6de8-ea11-82b1-ef068b55b9dd,160,12272.0,2020-08-27 13:59:32.477,2020-08-27 13:59:32.477
8a302301-0050-fc61-4fcc-08de294026af,160,46846.4,2025-11-21 20:54:23.887,2025-11-21 20:54:23.887
63910601-0050-fc61-cd2c-08de2939d891,160,8385.36,2025-11-21 20:09:15.833,2025-11-21 20:09:15.833
ec3bf0fd-1278-ed11-83d0-dbe72732717b,160,6232.0,2022-12-09 22:44:09.737,2022-12-09 22:44:09.737
a397ba54-eed0-ea11-828c-b57555799727,160,11552.0,2020-07-28 16:26:26.240,2020-07-28 16:26:26.240
c3213cae-c4d1-ea11-828c-b57555799727,160,14592.0,2020-07-29 18:00:33.587,2020-07-29 18:00:33.587
bfd9615d-6cd2-ea11-828c-b4e2a79c59ea,160,13376.0,2020-07-30 14:08:19.927,2020-07-30 14:08:19.927
82df32c8-cce0-ea11-828c-fcb9b0fbbc3d,160,10944.0,2020-08-17 21:03:21.083,2020-08-17 21:03:21.083
aed5c879-1278-ed11-83d0-dbe72732717b,160,6384.0,2022-12-09 22:40:33.103,2022-12-09 22:40:33.103
63e9ea51-1378-ed11-83d0-dbe72732717b,160,6232.0,2022-12-09 22:46:35.587,2022-12-09 22:46:35.587
689cf669-1378-ed11-83d0-dbe72732717b,160,6232.0,2022-12-09 22:47:18.543,2022-12-09 22:47:18.543
0e9fb712-1078-ed11-83d0-dbe72732717b,160,7904.0,2022-12-09 22:23:19.840,2022-12-09 22:23:19.840
3ba40f01-0050-fc61-0431-08de293bbfd6,160,8190.9,2025-11-21 20:22:53.307,2025-11-21 20:22:53.307
c8422564-23d0-ea11-828c-b57555799727,160,14592.0,2020-07-27 16:14:51.773,2020-07-27 16:14:51.773
291d04ce-1678-ed11-83d0-dbe72732717b,160,0.0,2022-12-09 23:11:34.657,2022-12-09 23:11:34.657
38e4c6f9-6cd2-ea11-828c-b4e2a79c59ea,160,12616.0,2020-07-30 14:09:22.390,2020-07-30 14:09:22.390
19b1aef8-7bd6-ea11-828c-c3297631124c,160,14288.0,2020-08-04 18:03:39.540,2020-08-04 18:03:39.540
d7fa0ae3-1178-ed11-83d0-dbe72732717b,160,5700.0,2022-12-09 22:36:17.300,2022-12-09 22:36:17.300
53760e01-0050-fc61-a57a-08de293b834c,160,6930.0,2025-11-21 20:21:11.750,2025-11-21 20:21:11.750
5103d159-dc98-ec11-8375-f227097a87c7,160,9440.0,2022-02-28 21:25:42.463,2022-02-28 21:25:42.463
03731956-0cd1-ea11-828c-b57555799727,160,13376.0,2020-07-28 20:14:25.653,2020-07-28 20:14:25.653
fde41301-0050-fc61-d4be-08de293caa29,160,9558.4,2025-11-21 20:29:26.523,2025-11-21 20:29:26.523
44c20801-0050-fc61-4ed9-08de293a4f60,160,33160.4,2025-11-21 20:12:35.210,2025-11-21 20:12:35.210
82402602-96d2-ea11-828c-b4e2a79c59ea,160,12692.0,2020-07-30 19:02:23.817,2020-07-30 19:02:23.817
70780a01-0050-fc61-516b-08de293aa939,160,7754.0,2025-11-21 20:15:05.893,2025-11-21 20:15:05.893
11b50a01-0050-fc61-d699-08de293ab520,160,33160.4,2025-11-21 20:15:25.887,2025-11-21 20:15:25.887
b34f1501-0050-fc61-0703-08de293cf609,160,7754.0,2025-11-21 20:31:33.783,2025-11-21 20:31:33.783
a3086685-1078-ed11-83d0-dbe72732717b,160,6384.0,2022-12-09 22:26:30.853,2022-12-09 22:26:30.853
f1f82001-0050-fc61-d508-08de293fa009,160,32827.2,2025-11-21 20:50:38.020,2025-11-21 20:50:38.020
681f406b-04d8-ea11-828c-cf34c837d27a,160,10602.0,2020-08-06 17:06:43.933,2020-08-06 17:06:43.933
fef90c01-0050-fc61-7a31-08de293b32ce,160,8793.2,2025-11-21 20:18:56.720,2025-11-21 20:18:56.720
ec040801-00b2-d845-2de5-08dea23019a5,160,0.0,2026-04-24 18:34:21.840,2026-04-24 18:34:21.840
31844bb2-0f78-ed11-83d0-dbe72732717b,160,7828.0,2022-12-09 22:20:43.940,2022-12-09 22:20:43.940
34b71301-0050-fc61-24f5-08de293ca059,160,30448.2,2025-11-21 20:29:10.060,2025-11-21 20:29:10.060
b7661501-0050-fc61-b888-08de293cfb74,160,7754.0,2025-11-21 20:31:42.840,2025-11-21 20:31:42.840
81c0e8c6-93d5-ea11-828c-c3297631124c,160,14288.0,2020-08-03 14:21:57.100,2020-08-03 14:21:57.100
1d48ccdd-b3d1-ea11-828c-b57555799727,160,14592.0,2020-07-29 16:04:27.890,2020-07-29 16:04:27.890
e290c768-fed0-ea11-828c-b57555799727,160,13376.0,2020-07-28 18:17:17.933,2020-07-28 18:17:17.933
628e2840-1178-ed11-83d0-dbe72732717b,160,6384.0,2022-12-09 22:31:41.860,2022-12-09 22:31:41.860
c9972001-0050-fc61-5cbe-08de293f8840,160,42202.8,2025-11-21 20:49:58.073,2025-11-21 20:49:58.073
74e3c4ff-f4d0-ea11-828c-b57555799727,160,11552.0,2020-07-28 17:13:24.220,2020-07-28 17:13:24.220
4d0311dd-1178-ed11-83d0-dbe72732717b,160,7315.0,2022-12-09 22:36:12.087,2022-12-09 22:36:12.087
4cdc1801-0050-fc61-5dce-08de293db80b,160,83664.36,2025-11-21 20:36:59.277,2025-11-21 20:36:59.277
95eb503e-b4d1-ea11-828c-b57555799727,160,13376.0,2020-07-29 16:08:08.753,2020-07-29 16:08:08.753
ebb8115b-9dd6-ea11-828c-c3297631124c,160,14288.0,2020-08-04 21:58:41.933,2020-08-04 21:58:41.933
34dc383d-1278-ed11-83d0-dbe72732717b,160,4180.0,2022-12-09 22:38:46.423,2022-12-09 22:38:46.423
fbbc0c01-0050-fc61-1b41-08de293b2675,160,9558.4,2025-11-21 20:18:35.983,2025-11-21 20:18:35.983
45f81e79-1478-ed11-83d0-dbe72732717b,160,6232.0,2022-12-09 22:54:49.573,2022-12-09 22:54:49.573
2ed26118-ead0-ea11-828c-b57555799727,160,10944.0,2020-07-28 16:01:39.593,2020-07-28 16:01:39.593
28b3775b-1278-ed11-83d0-dbe72732717b,160,6650.0,2022-12-09 22:39:37.870,2022-12-09 22:39:37.870
860c3909-0f78-ed11-83d0-dbe72732717b,160,6042.0,2022-12-09 22:15:53.443,2022-12-09 22:15:53.443
e2792488-0f78-ed11-83d0-dbe72732717b,160,7448.0,2022-12-09 22:19:31.860,2022-12-09 22:19:31.860
a9677473-1078-ed11-83d0-dbe72732717b,160,6650.0,2022-12-09 22:26:06.230,2022-12-09 22:26:06.230
679ab3df-1078-ed11-83d0-dbe72732717b,160,5700.0,2022-12-09 22:29:07.647,2022-12-09 22:29:07.647
55d30501-0050-fc61-4e04-08de2939ab02,160,55822.0,2025-11-21 20:07:59.450,2025-11-21 20:07:59.450
446477e9-c9d5-ea11-828c-c3297631124c,160,11552.0,2020-08-03 20:47:11.237,2020-08-03 20:47:11.237
931109e9-1178-ed11-83d0-dbe72732717b,160,6384.0,2022-12-09 22:36:26.367,2022-12-09 22:36:26.367
a4820b01-0050-fc61-6c52-08de293ae1a1,160,9558.4,2025-11-21 20:16:40.507,2025-11-21 20:16:40.507
d48c528b-1478-ed11-83d0-dbe72732717b,160,6232.0,2022-12-09 22:55:19.577,2022-12-09 22:55:19.577
4721ef71-467b-ed11-83d0-dbe117b3817e,160,187014.24,2022-12-14 00:30:08.167,2022-12-14 00:30:08.167
5c2d2101-0050-fc61-f767-08de293fabfc,160,7150.0,2025-11-21 20:50:58.010,2025-11-21 20:50:58.010
e133657f-1078-ed11-83d0-dbe72732717b,160,6973.0,2022-12-09 22:26:20.703,2022-12-09 22:26:20.703
83852955-1078-ed11-83d0-dbe72732717b,160,6232.0,2022-12-09 22:25:14.133,2022-12-09 22:25:14.133
6c033769-34d0-ea11-828c-b57555799727,160,14288.0,2020-07-27 18:11:38.777,2020-07-27 18:11:38.777
4e631901-0050-fc61-4687-08de293dd7b0,160,51338.0,2025-11-21 20:37:52.350,2025-11-21 20:37:52.350
905eb249-c3d5-ea11-828c-c3297631124c,160,11552.0,2020-08-03 20:06:12.023,2020-08-03 20:06:12.023
b3991158-4a5b-eb11-82b1-fced9c41084e,160,0.0,2021-01-20 18:07:43.373,2021-01-20 18:07:43.373
bd667411-7dd6-ea11-828c-c3297631124c,160,13376.0,2020-08-04 18:08:35.040,2020-08-04 18:08:35.040
692d269a-ddd0-ea11-828c-b57555799727,160,13376.0,2020-07-28 14:27:38.820,2020-07-28 14:27:38.820
38766f00-1478-ed11-83d0-dbe72732717b,160,7448.0,2022-12-09 22:51:29.443,2022-12-09 22:51:29.443
89801401-0050-fc61-660a-08de293ccb81,160,7754.0,2025-11-21 20:30:22.487,2025-11-21 20:30:22.487
753eb0e5-1078-ed11-83d0-dbe72732717b,160,6232.0,2022-12-09 22:29:15.747,2022-12-09 22:29:15.747
5052ca42-62d7-ea11-828c-cf34c837d27a,160,10944.0,2020-08-05 21:27:00.697,2020-08-05 21:27:00.697
cc85dcec-06d8-ea11-828c-cf34c837d27a,160,10032.0,2020-08-06 17:08:03.553,2020-08-06 17:08:03.553
72704bb2-0f78-ed11-83d0-dbe72732717b,160,6232.0,2022-12-09 22:20:37.410,2022-12-09 22:20:37.410
9e692201-0050-fc61-22bc-08de293ff58b,160,46846.4,2025-11-21 20:53:01.460,2025-11-21 20:53:01.460
3ff03ba6-0f78-ed11-83d0-dbe72732717b,160,7904.0,2022-12-09 22:20:21.213,2022-12-09 22:20:21.213
4416808b-1078-ed11-83d0-dbe72732717b,160,6232.0,2022-12-09 22:26:47.127,2022-12-09 22:26:47.127
6d536f87-10d1-eb11-830a-c1c5c06c5978,160,0.0,2021-06-19 15:11:13.217,2021-06-19 15:11:13.217
79c2c5d3-1278-ed11-83d0-dbe72732717b,160,6232.0,2022-12-09 22:42:59.697,2022-12-09 22:42:59.697
b0a90b01-0050-fc61-e5c7-08de293ae900,160,8627.8,2025-11-21 20:16:52.973,2025-11-21 20:16:52.973
b519b554-9dd6-ea11-828c-c3297631124c,160,13376.0,2020-08-04 22:16:26.907,2020-08-04 22:16:26.907
7f480e01-0050-fc61-ee3d-08de293b79d1,160,9558.4,2025-11-21 20:20:55.870,2025-11-21 20:20:55.870
2e67f9ac-1178-ed11-83d0-dbe72732717b,160,7828.0,2022-12-09 22:34:47.580,2022-12-09 22:34:47.580
73a9feb2-1178-ed11-83d0-dbe72732717b,160,6232.0,2022-12-09 22:35:00.560,2022-12-09 22:35:00.560
17131201-0050-fc61-de1f-08de293c43ff,160,7754.0,2025-11-21 20:26:35.073,2025-11-21 20:26:35.073
4df51001-0050-fc61-68b8-08de293c072f,160,7754.0,2025-11-21 20:24:53.090,2025-11-21 20:24:53.090
58663643-1278-ed11-83d0-dbe72732717b,160,5700.0,2022-12-09 22:38:56.853,2022-12-09 22:38:56.853
b4d7921a-6ade-ea11-828c-dab48128a9c3,160,10944.0,2020-08-14 20:14:35.840,2020-08-14 20:14:35.840
dc745e83-8ed2-ea11-828c-b4e2a79c59ea,160,11552.0,2020-07-30 18:04:51.290,2020-07-30 18:04:51.290
59a317f6-8dd2-ea11-828c-b4e2a79c59ea,160,10944.0,2020-07-30 17:59:42.310,2020-07-30 17:59:42.310
282409fd-a1d5-ea11-828c-c3297631124c,160,13376.0,2020-08-03 16:13:05.877,2020-08-03 16:13:05.877
139d2177-0cd1-ea11-828c-b57555799727,160,14288.0,2020-07-28 20:02:35.310,2020-07-28 20:02:35.310
f033b2cd-1078-ed11-83d0-dbe72732717b,160,6232.0,2022-12-09 22:28:37.787,2022-12-09 22:28:37.787
c5abcf7b-0f78-ed11-83d0-dbe72732717b,160,7828.0,2022-12-09 22:19:12.153,2022-12-09 22:19:12.153
01c3fba9-a3d1-ea11-828c-b57555799727,160,12768.0,2020-07-29 14:09:23.500,2020-07-29 14:09:23.500
1bc27c6d-1078-ed11-83d0-dbe72732717b,160,7448.0,2022-12-09 22:25:52.803,2022-12-09 22:25:52.803
20f6b3f1-1078-ed11-83d0-dbe72732717b,160,7828.0,2022-12-09 22:29:38.290,2022-12-09 22:29:38.290
0a79e91d-1983-ea11-a9ce-0a593f791696,160,30400.0,2020-04-20 15:13:29.993,2020-04-20 15:13:29.993
ff100d01-0050-fc61-ed27-08de293b3786,160,9256.6,2025-11-21 20:19:04.653,2025-11-21 20:19:04.653
3ecfa68e-ebd0-ea11-828c-b57555799727,160,14288.0,2020-07-28 16:02:36.073,2020-07-28 16:02:36.073
6211dc7a-8cd6-ea11-828c-c3297631124c,160,10944.0,2020-08-04 19:59:01.993,2020-08-04 19:59:01.993
cbd70601-0050-fc61-f500-08de2939e6e9,160,7754.0,2025-11-21 20:09:39.933,2025-11-21 20:09:39.933
a98d86c3-7dd2-ea11-828c-b4e2a79c59ea,160,12312.0,2020-07-30 16:09:07.417,2020-07-30 16:09:07.417
2fc70801-0050-fc61-35ab-08de293a501c,160,7754.0,2025-11-21 20:12:36.417,2025-11-21 20:12:36.417
87477d24-4fde-ea11-828c-dab48128a9c3,160,10944.0,2020-08-14 17:01:02.933,2020-08-14 17:01:02.933
f3c91001-0050-fc61-e58c-08de293bff08,160,7754.0,2025-11-21 20:24:39.320,2025-11-21 20:24:39.320
1dafb6bf-01dc-ea11-828c-a3b0b95dd4b2,160,10944.0,2020-08-11 18:45:37.760,2020-08-11 18:45:37.760
443eef03-1378-ed11-83d0-dbe72732717b,160,6232.0,2022-12-09 22:44:21.797,2022-12-09 22:44:21.797
a26cf9ac-1178-ed11-83d0-dbe72732717b,160,5700.0,2022-12-09 22:34:49.187,2022-12-09 22:34:49.187
aac30a01-0050-fc61-9911-08de293ab818,160,9033.6,2025-11-21 20:15:30.843,2025-11-21 20:15:30.843
73aa09d7-1178-ed11-83d0-dbe72732717b,160,7448.0,2022-12-09 22:35:55.810,2022-12-09 22:35:55.810
2212b416-9fd7-ea11-828c-cf34c837d27a,160,12084.0,2020-08-06 04:47:48.857,2020-08-06 04:47:48.857
b5b71501-0050-fc61-c9b5-08de293d0c96,160,7754.0,2025-11-21 20:32:11.697,2025-11-21 20:32:11.697
b79b0e01-0050-fc61-abcc-08de293b8acf,160,61783.48,2025-11-21 20:21:24.357,2025-11-21 20:21:24.357
abde8ddc-1578-ed11-83d0-dbe72732717b,160,7904.0,2022-12-09 23:04:43.217,2022-12-09 23:04:43.217
4247af1e-1478-ed11-83d0-dbe72732717b,160,7448.0,2022-12-09 22:52:22.563,2022-12-09 22:52:22.563
d543a8bb-1078-ed11-83d0-dbe72732717b,160,6004.0,2022-12-09 22:28:08.993,2022-12-09 22:28:08.993
7fe4b730-1478-ed11-83d0-dbe72732717b,160,6232.0,2022-12-09 22:52:49.980,2022-12-09 22:52:49.980
8abd22bb-0e78-ed11-83d0-dbe72732717b,160,6232.0,2022-12-09 22:13:49.393,2022-12-09 22:13:49.393
c7ef10dd-1178-ed11-83d0-dbe72732717b,160,7828.0,2022-12-09 22:36:05.950,2022-12-09 22:36:05.950
1974b59d-1278-ed11-83d0-dbe72732717b,160,6232.0,2022-12-09 22:41:34.870,2022-12-09 22:41:34.870
b2fe1bcd-0e78-ed11-83d0-dbe72732717b,160,6880.32,2022-12-09 22:14:16.567,2022-12-09 22:14:16.567
07d10801-0050-fc61-f52a-08de293a51da,160,9832.4,2025-11-21 20:12:39.333,2025-11-21 20:12:39.333
46fe9ef6-0fd1-ea11-828c-b57555799727,160,10944.0,2020-07-28 20:32:53.807,2020-07-28 20:32:53.807
be9b0101-00a6-b9fe-112d-08deb2af38b1,160,0.0,2026-05-15 18:24:38.687,2026-05-15 18:24:38.687
c97192d6-0f78-ed11-83d0-dbe72732717b,160,7068.0,2022-12-09 22:21:43.003,2022-12-09 22:21:43.003
38a52001-0050-fc61-05da-08de293f8b0f,160,33160.4,2025-11-21 20:50:02.770,2025-11-21 20:50:02.770
32340f01-0050-fc61-0e6f-08de293ba8aa,160,7239.75,2025-11-21 20:22:14.433,2025-11-21 20:22:14.433
91211ae6-1678-ed11-83d0-dbe72732717b,160,7866.0,2022-12-09 23:12:09.230,2022-12-09 23:12:09.230
d2670f01-0050-fc61-50d7-08de293bb291,160,7754.0,2025-11-21 20:22:31.077,2025-11-21 20:22:31.077
bc841bf5-1178-ed11-83d0-dbe72732717b,160,6232.0,2022-12-09 22:36:48.177,2022-12-09 22:36:48.177
56d44061-1078-ed11-83d0-dbe72732717b,160,7030.0,2022-12-09 22:25:36.990,2022-12-09 22:25:36.990
76fc0a9f-45d9-ea11-828c-cf34c837d27a,160,10944.0,2020-08-08 07:13:26.317,2020-08-08 07:13:26.317
3689fd3e-6ad6-ea11-828c-c3297631124c,160,11552.0,2020-08-04 15:57:15.783,2020-08-04 15:57:15.783
b1ff72ca-0f78-ed11-83d0-dbe72732717b,160,7448.0,2022-12-09 22:21:24.350,2022-12-09 22:21:24.350
ebd5b500-1078-ed11-83d0-dbe72732717b,160,7904.0,2022-12-09 22:22:48.357,2022-12-09 22:22:48.357
fcd387fe-495b-eb11-82b1-fced9c41084e,160,0.0,2021-01-20 18:05:12.650,2021-01-20 18:05:12.650
b2f10d01-0050-fc61-4591-08de293b67f3,160,9558.4,2025-11-21 20:20:25.873,2025-11-21 20:20:25.873
33f80f01-0050-fc61-3357-08de293bd217,160,7756.0,2025-11-21 20:23:23.967,2025-11-21 20:23:23.967
f1703643-1278-ed11-83d0-dbe72732717b,160,6232.0,2022-12-09 22:39:00.307,2022-12-09 22:39:00.307
11813737-1278-ed11-83d0-dbe72732717b,160,7904.0,2022-12-09 22:38:39.817,2022-12-09 22:38:39.817
d5d224e6-4bd7-ea11-828c-cf34c837d27a,160,11552.0,2020-08-05 18:51:10.303,2020-08-05 18:51:10.303
3a908afc-10db-ea11-828c-a3b0b95dd4b2,160,10944.0,2020-08-10 13:56:48.107,2020-08-10 13:56:48.107
d77f0601-0050-fc61-9f0d-08de2939d4cc,160,28907.6,2025-11-21 20:09:09.490,2025-11-21 20:09:09.490
9a006fc7-54e9-ef11-84f4-b2de9326c23f,160,12044.8,2025-02-12 15:20:39.597,2025-02-12 15:20:39.597
d6f20e01-0050-fc61-cd99-08de293b9bec,160,7754.0,2025-11-21 20:21:53.173,2025-11-21 20:21:53.173
4c2ac1a8-3173-ec11-8350-b46a9f06c499,160,0.0,2022-01-11 22:57:12.683,2022-01-11 22:57:12.683
13c6a5f4-0f78-ed11-83d0-dbe72732717b,160,7448.0,2022-12-09 22:22:32.100,2022-12-09 22:22:32.100
c639c3e0-56c0-ea11-a9ce-0a593f791696,160,72276.0,2020-07-07 13:38:03.567,2020-07-07 13:38:03.567
cbd60801-0050-fc61-dd97-08de293a52e5,160,9558.4,2025-11-21 20:12:41.077,2025-11-21 20:12:41.077
9d1550e8-1378-ed11-83d0-dbe72732717b,160,6232.0,2022-12-09 22:50:44.980,2022-12-09 22:50:44.980
f06a956d-46d3-ea11-828c-b4e2a79c59ea,160,10944.0,2020-07-31 15:58:42.217,2020-07-31 15:58:42.217
fc1b9077-fbd0-ea11-828c-b57555799727,160,11552.0,2020-07-28 18:00:03.207,2020-07-28 18:00:03.207
cd4ae62c-08d8-ea11-828c-cf34c837d27a,160,11552.0,2020-08-06 17:15:20.240,2020-08-06 17:15:20.240
9d730f01-0050-fc61-c452-08de293bb49b,160,7754.0,2025-11-21 20:22:34.507,2025-11-21 20:22:34.507
4d6016b1-7bd6-ea11-828c-c3297631124c,160,13300.0,2020-08-04 18:08:26.220,2020-08-04 18:08:26.220
09b0f51a-4da3-538c-7003-01a06dcfef27,160,0.0,2026-09-04 19:11:45.577,2026-09-04 19:11:45.577
4bc0ac5b-33d0-ea11-828c-b57555799727,160,11552.0,2020-07-27 18:04:38.167,2020-07-27 18:04:38.167
de7ecfdf-1278-ed11-83d0-dbe72732717b,160,6232.0,2022-12-09 22:43:25.450,2022-12-09 22:43:25.450
dc0e8c3f-22d7-ea11-828c-cf34c837d27a,160,10944.0,2020-08-05 13:57:07.987,2020-08-05 13:57:07.987
2ae2f7a8-0e78-ed11-83d0-dbe72732717b,160,7904.0,2022-12-09 22:13:17.383,2022-12-09 22:13:17.383
b7d10c01-0050-fc61-825c-08de293b2abc,160,7718.4,2025-11-21 20:18:43.180,2025-11-21 20:18:43.180
029e6fad-4bd3-ea11-828c-b4e2a79c59ea,160,10032.0,2020-07-31 16:36:56.200,2020-07-31 16:36:56.200
c1de1c19-1278-ed11-83d0-dbe72732717b,160,6232.0,2022-12-09 22:37:55.607,2022-12-09 22:37:55.607
6d0b0e01-0050-fc61-141f-08de293b6d7d,160,7754.0,2025-11-21 20:20:35.177,2025-11-21 20:20:35.177
6a5aea39-1378-ed11-83d0-dbe72732717b,160,6232.0,2022-12-09 22:45:53.633,2022-12-09 22:45:53.633
aa331101-0050-fc61-5eb0-08de293c14bf,160,7754.0,2025-11-21 20:25:15.817,2025-11-21 20:25:15.817
997721fd-20d0-ea11-828c-feca9a38b713,160,14592.0,2020-07-27 16:01:49.747,2020-07-27 16:01:49.747
31b9a107-d7dc-ea11-828c-dab48128a9c3,160,10944.0,2020-08-12 20:07:15.573,2020-08-12 20:07:15.573
27245b76-1178-ed11-83d0-dbe72732717b,160,6384.0,2022-12-09 22:33:17.023,2022-12-09 22:33:17.023
c1191bfb-1178-ed11-83d0-dbe72732717b,160,7828.0,2022-12-09 22:37:01.937,2022-12-09 22:37:01.937
e92e7c42-55db-ea11-828c-a3b0b95dd4b2,160,10944.0,2020-08-10 22:04:05.107,2020-08-10 22:04:05.107
a2960b01-0050-fc61-280d-08de293ae544,160,7178.4,2025-11-21 20:16:46.650,2025-11-21 20:16:46.650
6fab4b7b-7cd6-ea11-828c-c3297631124c,160,14288.0,2020-08-04 18:06:35.583,2020-08-04 18:06:35.583
a66525f0-1ed8-ea11-828c-cf34c837d27a,160,10944.0,2020-08-06 20:08:19.247,2020-08-06 20:08:19.247
aea20a01-0050-fc61-7e22-08de293ab16e,160,8656.2,2025-11-21 20:15:19.687,2025-11-21 20:15:19.687
a0e42c31-f0d7-ea11-828c-cf34c837d27a,160,11552.0,2020-08-06 14:33:23.800,2020-08-06 14:33:23.800
ccc96f7c-1778-ed11-83d0-dbe72732717b,160,0.0,2022-12-09 23:16:21.763,2022-12-09 23:16:21.763
3ec71401-0050-fc61-65e5-08de293cd9ee,160,7754.0,2025-11-21 20:30:46.630,2025-11-21 20:30:46.630
dd61439d-01dc-ea11-828c-a3b0b95dd4b2,160,10944.0,2020-08-11 18:50:08.117,2020-08-11 18:50:08.117
2ca5b712-1078-ed11-83d0-dbe72732717b,160,7904.0,2022-12-09 22:23:21.783,2022-12-09 22:23:21.783
2cff5726-7bdd-ea11-828c-dab48128a9c3,160,10944.0,2020-08-13 15:44:04.923,2020-08-13 15:44:04.923
9b0c0f01-0050-fc61-8508-08de293ba0f9,160,7754.0,2025-11-21 20:22:01.577,2025-11-21 20:22:01.577
328b0e01-0050-fc61-865c-08de293b875b,160,7756.0,2025-11-21 20:21:18.600,2025-11-21 20:21:18.600
c553bdab-b8e0-ea11-828c-fcb9b0fbbc3d,160,10944.0,2020-08-17 18:45:07.320,2020-08-17 18:45:07.320
92010601-0050-fc61-893d-08de2939ba1e,160,103898.48,2025-11-21 20:08:24.767,2025-11-21 20:08:24.767
07121801-0050-fc61-7be5-08de293d8e42,160,56366.08,2025-11-21 20:35:49.137,2025-11-21 20:35:49.137
709e3594-0f78-ed11-83d0-dbe72732717b,160,6384.0,2022-12-09 22:19:48.437,2022-12-09 22:19:48.437
2ea23657-69de-ea11-828c-dab48128a9c3,160,10944.0,2020-08-14 20:09:15.807,2020-08-14 20:09:15.807
329773bd-7dd2-ea11-828c-b4e2a79c59ea,160,11552.0,2020-07-30 16:05:23.597,2020-07-30 16:05:23.597
9c7b6f00-1478-ed11-83d0-dbe72732717b,160,7049.0,2022-12-09 22:51:31.057,2022-12-09 22:51:31.057
ae943304-64dc-ea11-828c-a3b0b95dd4b2,160,10944.0,2020-08-12 06:24:37.727,2020-08-12 06:24:37.727
fbf00bcd-5ad6-ea11-828c-c3297631124c,160,10032.0,2020-08-04 14:03:06.870,2020-08-04 14:03:06.870
7a6874c9-4cd7-ea11-828c-cf34c837d27a,160,10944.0,2020-08-05 18:55:25.770,2020-08-05 18:55:25.770
7d8c0601-0080-0b84-b653-08de9711a94c,160,0.0,2026-04-10 14:58:45.837,2026-04-10 14:58:45.837
7c094e9d-1478-ed11-83d0-dbe72732717b,160,6232.0,2022-12-09 22:55:52.217,2022-12-09 22:55:52.217
3df91301-0050-fc61-ca02-08de293cae1c,160,8793.2,2025-11-21 20:29:33.200,2025-11-21 20:29:33.200
880d0b01-0050-fc61-48dc-08de293ac7b3,160,8642.0,2025-11-21 20:15:57.010,2025-11-21 20:15:57.010
96c07164-5cd6-ea11-828c-c3297631124c,160,14288.0,2020-08-04 14:15:32.843,2020-08-04 14:15:32.843
22b11634-1178-ed11-83d0-dbe72732717b,160,7828.0,2022-12-09 22:31:28.970,2022-12-09 22:31:28.970
bfa30e01-0050-fc61-70a0-08de293b8c48,160,7754.0,2025-11-21 20:21:26.820,2025-11-21 20:21:26.820
38b9477e-90d2-ea11-828c-b4e2a79c59ea,160,13376.0,2020-07-30 18:15:26.653,2020-07-30 18:15:26.653
57ff62ef-21d0-ea11-828c-b57555799727,160,14592.0,2020-07-27 16:07:07.270,2020-07-27 16:07:07.270
45f10a01-0050-fc61-b6f6-08de293ac0e6,160,8573.9,2025-11-21 20:15:45.560,2025-11-21 20:15:45.560
cd852101-0050-fc61-6cef-08de293fc00d,160,6862.8,2025-11-21 20:51:31.707,2025-11-21 20:51:31.707
fe2cb2cd-1078-ed11-83d0-dbe72732717b,160,5700.0,2022-12-09 22:28:35.323,2022-12-09 22:28:35.323
addc1901-0050-fc61-8851-08de293df26f,160,40115.2,2025-11-21 20:38:37.233,2025-11-21 20:38:37.233
cd9c1401-0050-fc61-09ac-08de293cd187,160,7754.0,2025-11-21 20:30:32.527,2025-11-21 20:30:32.527
db72c433-6ae1-ea11-828c-fcb9b0fbbc3d,160,10944.0,2020-08-18 15:49:13.737,2020-08-18 15:49:13.737
aa592101-0050-fc61-e289-08de293fb6f4,160,8627.8,2025-11-21 20:51:16.470,2025-11-21 20:51:16.470
9ec99e36-34d3-ea11-828c-b4e2a79c59ea,160,10032.0,2020-07-31 13:50:17.290,2020-07-31 13:50:17.290
8cdb0901-0050-fc61-1a5d-08de293a89d5,160,7754.0,2025-11-21 20:14:13.263,2025-11-21 20:14:13.263
0cbe09d7-1178-ed11-83d0-dbe72732717b,160,7828.0,2022-12-09 22:36:02.637,2022-12-09 22:36:02.637
b4c30b01-0050-fc61-917c-08de293aee93,160,7754.0,2025-11-21 20:17:02.323,2025-11-21 20:17:02.323
37e843bb-ddd5-ee11-8445-d1238f281058,159,10035.0,2024-02-28 02:06:33.533,2024-02-28 02:06:33.533
2bc8ce25-fdc7-ed11-842b-8ce166053e31,159,3498.0,2023-03-21 15:30:51.780,2023-03-21 15:30:51.780
533db5b3-e8d8-ea11-828c-cf34c837d27a,159,11476.0,2020-08-07 20:13:52.243,2020-08-07 20:13:52.243
33be01e9-3bd5-eb11-830a-9b92ee7b3382,159,0.0,2021-06-24 22:36:50.940,2021-06-24 22:36:50.940
68b41201-0050-fc61-e46e-08de293c665f,159,9442.22,2025-11-21 20:27:32.823,2025-11-21 20:27:32.823
4dd74ab8-cbd4-ee11-8445-f2f931d85b19,158,0.0,2024-02-26 17:23:48.030,2024-02-26 17:23:48.030
38759113-4ef9-eb11-8315-b0e5071e2d01,158,12442.0,2021-08-09 20:20:16.547,2021-08-09 20:20:16.547
419d1e2a-d548-ee11-8444-e466214b73fa,158,0.0,2023-09-01 14:38:18.010,2023-09-01 14:38:18.010
2a3a88df-2c6d-be9c-7001-019fe70bdf27,158,0.0,2026-08-09 15:07:01.057,2026-08-09 15:07:01.057
8b800501-00f7-9c27-382f-08de94b2fcd0,157,0.0,2026-04-07 14:36:01.580,2026-04-07 14:36:01.580
d56d0601-005c-9ca5-00d7-08dec312428d,156,11328.0,2026-06-05 14:53:59.510,2026-06-05 14:53:59.510
a35c1d01-0050-fc61-0625-08de293ec26f,156,0.0,2025-11-21 20:44:26.180,2025-11-21 20:44:26.180
366f0a01-0050-fc61-bc47-08de293aa796,156,32331.4,2025-11-21 20:15:03.193,2025-11-21 20:15:03.193
4e16bd6d-ab98-ec11-8375-f227097a87c7,156,0.0,2022-02-28 15:33:31.497,2022-02-28 15:33:31.497
20750301-0055-34c8-f8e1-08deac425616,155,0.0,2026-05-07 14:12:20.940,2026-05-07 14:12:20.940
5cdce119-8325-ef11-8445-b8bf113fd342,155,0.0,2024-06-08 10:39:32.427,2024-06-08 10:39:32.427
9f0f0b80-18d2-3982-7001-019fd24b1518,154,0.0,2026-08-05 14:19:25.230,2026-08-05 14:19:25.230
f6df05a0-2c90-79c7-3c64-08dd8cf81061,154,0.0,2025-05-06 23:47:05.090,2025-05-06 23:47:05.090
94ae73af-beef-eb11-8315-bae74a7ce118,154,0.0,2021-07-28 16:16:49.420,2021-07-28 16:16:49.420
3aa8fbc4-ebbf-ec11-8398-f3810c65084b,154,6429.5,2022-04-19 14:20:35.803,2022-04-19 14:20:35.803
3fc20540-b190-79c7-6324-08dd97d74a6d,154,0.0,2025-05-20 19:49:36.007,2025-05-20 19:49:36.007
b98c1382-dfea-ee11-8445-a7e21a374836,154,0.0,2024-03-25 19:41:01.300,2024-03-25 19:41:01.300
5bd0dfca-d1bc-ef11-84e2-fc9af4fb06cf,153,10636.2,2024-12-17 23:51:13.590,2024-12-17 23:51:13.590
a79681b9-cfbc-ef11-84e2-fc9af4fb06cf,153,9037.35,2024-12-17 23:36:27.910,2024-12-17 23:36:27.910
206e8bdb-d3bc-ef11-84e2-fc9af4fb06cf,153,8387.55,2024-12-18 00:06:06.163,2024-12-18 00:06:06.163
eed2713f-775c-ec11-8350-fd1908bc5a53,152,5776.0,2021-12-14 00:46:22.157,2021-12-14 00:46:22.157
58a91ea9-765c-ec11-8350-fd1908bc5a53,152,5776.0,2021-12-14 00:42:13.157,2021-12-14 00:42:13.157
b182d0cf-775c-ec11-8350-fd1908bc5a53,152,6004.0,2021-12-14 00:50:26.903,2021-12-14 00:50:26.903
652c54c9-879b-ee11-8445-cc0b759db311,152,31274.0,2023-12-15 20:23:28.963,2023-12-15 20:23:28.963
7417136d-869b-ee11-8445-cc0b759db311,152,100472.0,2023-12-15 20:13:44.353,2023-12-15 20:13:44.353
bcda0dc8-899b-ee11-8445-cc0b759db311,152,7106.0,2023-12-15 20:37:47.493,2023-12-15 20:37:47.493
ac5c1bc7-765c-ec11-8350-fd1908bc5a53,152,6697.5,2021-12-14 00:42:59.610,2021-12-14 00:42:59.610
5f17425a-785c-ec11-8350-fd1908bc5a53,152,7448.0,2021-12-14 00:54:22.093,2021-12-14 00:54:22.093
8e230601-0004-5d60-f0bc-08de73ed045b,152,122368.0,2026-02-24 21:38:22.617,2026-02-24 21:38:22.617
19a9c36c-765c-ec11-8350-fd1908bc5a53,152,72874.88,2021-12-14 00:40:31.820,2021-12-14 00:40:31.820
d2b87e7b-795c-ec11-8350-fd1908bc5a53,152,5320.0,2021-12-14 01:02:22.007,2021-12-14 01:02:22.007
6a0d0130-a790-79c7-e18b-08dda450d9c0,152,0.0,2025-06-05 17:00:25.470,2025-06-05 17:00:25.470
cc250601-0050-fc61-28c7-08de2939c200,152,46785.32,2025-11-21 20:08:38.033,2025-11-21 20:08:38.033
48ca45a8-785c-ec11-8350-fd1908bc5a53,152,7334.0,2021-12-14 00:56:34.267,2021-12-14 00:56:34.267
152c4c33-795c-ec11-8350-fd1908bc5a53,152,5776.0,2021-12-14 01:00:21.727,2021-12-14 01:00:21.727
cfee96d2-785c-ec11-8350-fd1908bc5a53,152,23505.28,2021-12-14 00:57:43.990,2021-12-14 00:57:43.990
c4fafe6e-7b5c-ec11-8350-fd1908bc5a53,152,5776.0,2021-12-14 01:16:23.180,2021-12-14 01:16:23.180
f981f307-899b-ee11-8445-cc0b759db311,152,6384.0,2023-12-15 20:32:21.597,2023-12-15 20:32:21.597
eae0ebff-795c-ec11-8350-fd1908bc5a53,152,5776.0,2021-12-14 01:06:07.317,2021-12-14 01:06:07.317
1a397e5d-8c9b-ee11-8445-cc0b759db311,152,27246.0,2023-12-15 20:56:12.547,2023-12-15 20:56:12.547
031e0f2a-785c-ec11-8350-fd1908bc5a53,152,7448.0,2021-12-14 00:52:58.263,2021-12-14 00:52:58.263
9ac44254-785c-ec11-8350-fd1908bc5a53,152,5776.0,2021-12-14 00:54:04.807,2021-12-14 00:54:04.807
ad170df4-775c-ec11-8350-fd1908bc5a53,152,6688.0,2021-12-14 00:51:26.580,2021-12-14 00:51:26.580
064ffb96-765c-ec11-8350-fd1908bc5a53,152,6080.0,2021-12-14 00:41:40.067,2021-12-14 00:41:40.067
b1b2fafb-889b-ee11-8445-cc0b759db311,152,8930.0,2023-12-15 20:31:56.647,2023-12-15 20:31:56.647
38361daf-765c-ec11-8350-fd1908bc5a53,152,18281.8,2021-12-14 00:42:24.903,2021-12-14 00:42:24.903
356589b9-7d8a-ec11-8350-f9e42d383a1a,152,0.0,2022-02-10 14:34:36.657,2022-02-10 14:34:36.657
9258b689-889b-ee11-8445-cc0b759db311,152,7144.0,2023-12-15 20:28:49.217,2023-12-15 20:28:49.217
2754958a-7c5c-ec11-8350-fd1908bc5a53,152,70638.2,2021-12-14 01:24:17.560,2021-12-14 01:24:17.560
0ec5807b-8c9b-ee11-8445-cc0b759db311,152,50141.0,2023-12-15 20:57:03.337,2023-12-15 20:57:03.337
bad56c41-889b-ee11-8445-cc0b759db311,152,6384.0,2023-12-15 20:26:51.843,2023-12-15 20:26:51.843
504a719f-879b-ee11-8445-cc0b759db311,152,7106.0,2023-12-15 20:22:13.537,2023-12-15 20:22:13.537
13da343f-879b-ee11-8445-cc0b759db311,152,9006.0,2023-12-15 20:19:36.360,2023-12-15 20:19:36.360
e714333c-785c-ec11-8350-fd1908bc5a53,152,5776.0,2021-12-14 00:53:31.447,2021-12-14 00:53:31.447
ca204c33-795c-ec11-8350-fd1908bc5a53,152,51161.68,2021-12-14 01:00:18.607,2021-12-14 01:00:18.607
eff96f64-8a9b-ee11-8445-cc0b759db311,152,9006.0,2023-12-15 20:42:02.947,2023-12-15 20:42:02.947
b477362d-795c-ec11-8350-fd1908bc5a53,152,6118.0,2021-12-14 01:00:09.880,2021-12-14 01:00:09.880
8f316615-775c-ec11-8350-fd1908bc5a53,152,7448.0,2021-12-14 00:45:12.013,2021-12-14 00:45:12.013
05baf7f4-8a9b-ee11-8445-cc0b759db311,152,7106.0,2023-12-15 20:46:06.263,2023-12-15 20:46:06.263
32adb902-7b5c-ec11-8350-fd1908bc5a53,152,6650.0,2021-12-14 01:13:18.437,2021-12-14 01:13:18.437
5cfcf0f3-795c-ec11-8350-fd1908bc5a53,152,5776.0,2021-12-14 01:05:43.767,2021-12-14 01:05:43.767
6f813333-879b-ee11-8445-cc0b759db311,152,7144.0,2023-12-15 20:19:11.133,2023-12-15 20:19:11.133
ba10136d-869b-ee11-8445-cc0b759db311,152,99864.0,2023-12-15 20:13:41.597,2023-12-15 20:13:41.597
a5087581-795c-ec11-8350-fd1908bc5a53,152,6080.0,2021-12-14 01:02:29.870,2021-12-14 01:02:29.870
dd5c0056-899b-ee11-8445-cc0b759db311,152,7106.0,2023-12-15 20:34:33.077,2023-12-15 20:34:33.077
0bd41dc7-869b-ee11-8445-cc0b759db311,152,20140.0,2023-12-15 20:16:13.470,2023-12-15 20:16:13.470
5f652015-795c-ec11-8350-fd1908bc5a53,152,44961.6,2021-12-14 00:59:30.537,2021-12-14 00:59:30.537
b5f80718-785c-ec11-8350-fd1908bc5a53,152,37104.72,2021-12-14 00:52:27.283,2021-12-14 00:52:27.283
b6be5be7-879b-ee11-8445-cc0b759db311,152,7581.0,2023-12-15 20:24:17.357,2023-12-15 20:24:17.357
70654c1c-8a9b-ee11-8445-cc0b759db311,152,7106.0,2023-12-15 20:40:08.167,2023-12-15 20:40:08.167
6e6a3ef7-8b9b-ee11-8445-cc0b759db311,152,53029.0,2023-12-15 20:53:25.360,2023-12-15 20:53:25.360
99b68023-889b-ee11-8445-cc0b759db311,152,6707.0,2023-12-15 20:26:02.057,2023-12-15 20:26:02.057
aa865951-795c-ec11-8350-fd1908bc5a53,152,5776.0,2021-12-14 01:01:10.037,2021-12-14 01:01:10.037
6e4a6a03-775c-ec11-8350-fd1908bc5a53,152,6118.0,2021-12-14 00:44:46.787,2021-12-14 00:44:46.787
0ed304ee-775c-ec11-8350-fd1908bc5a53,152,6460.0,2021-12-14 00:51:13.437,2021-12-14 00:51:13.437
bf5dea0d-899b-ee11-8445-cc0b759db311,152,7144.0,2023-12-15 20:32:29.563,2023-12-15 20:32:29.563
7b222dd4-899b-ee11-8445-cc0b759db311,152,7106.0,2023-12-15 20:38:07.807,2023-12-15 20:38:07.807
c2b95be7-879b-ee11-8445-cc0b759db311,152,7144.0,2023-12-15 20:24:16.053,2023-12-15 20:24:16.053
12c5a64e-765c-ec11-8350-fd1908bc5a53,152,92840.08,2021-12-14 00:39:35.057,2021-12-14 00:39:35.057
7943b583-889b-ee11-8445-cc0b759db311,152,8930.0,2023-12-15 20:28:38.607,2023-12-15 20:28:38.607
643a657e-7a5c-ec11-8350-fd1908bc5a53,152,5776.0,2021-12-14 01:09:33.717,2021-12-14 01:09:33.717
a1e4713f-775c-ec11-8350-fd1908bc5a53,152,7448.0,2021-12-14 00:46:28.010,2021-12-14 00:46:28.010
a54f0056-899b-ee11-8445-cc0b759db311,152,7106.0,2023-12-15 20:34:28.000,2023-12-15 20:34:28.000
a2ef2827-879b-ee11-8445-cc0b759db311,152,36898.0,2023-12-15 20:18:50.627,2023-12-15 20:18:50.627
d04df57a-7b5c-ec11-8350-fd1908bc5a53,152,5776.0,2021-12-14 01:16:38.310,2021-12-14 01:16:38.310
0de40ecd-7c5c-ec11-8350-fd1908bc5a53,152,47600.32,2021-12-14 01:26:07.853,2021-12-14 01:26:07.853
6609704b-8c9b-ee11-8445-cc0b759db311,152,47880.0,2023-12-15 20:55:39.040,2023-12-15 20:55:39.040
ae8c7034-8a9b-ee11-8445-cc0b759db311,152,7106.0,2023-12-15 20:40:43.027,2023-12-15 20:40:43.027
3de96127-775c-ec11-8350-fd1908bc5a53,152,6118.0,2021-12-14 00:45:44.003,2021-12-14 00:45:44.003
7ebb189c-785c-ec11-8350-fd1908bc5a53,152,5320.0,2021-12-14 00:56:04.627,2021-12-14 00:56:04.627
b7da1591-869b-ee11-8445-cc0b759db311,152,28329.0,2023-12-15 20:14:41.110,2023-12-15 20:14:41.110
fc260d73-869b-ee11-8445-cc0b759db311,152,78964.0,2023-12-15 20:13:47.933,2023-12-15 20:13:47.933
24970d38-899b-ee11-8445-cc0b759db311,152,7106.0,2023-12-15 20:33:36.743,2023-12-15 20:33:36.743
7efa0b79-869b-ee11-8445-cc0b759db311,152,53371.0,2023-12-15 20:13:57.017,2023-12-15 20:13:57.017
494919a9-869b-ee11-8445-cc0b759db311,152,22952.0,2023-12-15 20:15:19.493,2023-12-15 20:15:19.493
0dd4b4c9-795c-ec11-8350-fd1908bc5a53,152,5776.0,2021-12-14 01:04:30.850,2021-12-14 01:04:30.850
fa5a01e8-775c-ec11-8350-fd1908bc5a53,152,6118.0,2021-12-14 00:51:11.433,2021-12-14 00:51:11.433
ae9198cc-785c-ec11-8350-fd1908bc5a53,152,6118.0,2021-12-14 00:57:26.660,2021-12-14 00:57:26.660
28f155f9-879b-ee11-8445-cc0b759db311,152,8037.0,2023-12-15 20:24:48.193,2023-12-15 20:24:48.193
560e333c-785c-ec11-8350-fd1908bc5a53,152,5320.0,2021-12-14 00:53:29.503,2021-12-14 00:53:29.503
d7ad2a27-795c-ec11-8350-fd1908bc5a53,152,6954.0,2021-12-14 00:59:57.453,2021-12-14 00:59:57.453
5fa4c36c-765c-ec11-8350-fd1908bc5a53,152,86577.68,2021-12-14 00:40:30.533,2021-12-14 00:40:30.533
f7988023-889b-ee11-8445-cc0b759db311,152,8930.0,2023-12-15 20:25:52.590,2023-12-15 20:25:52.590
0f62fee8-8a9b-ee11-8445-cc0b759db311,152,7106.0,2023-12-15 20:45:48.620,2023-12-15 20:45:48.620
773e281b-795c-ec11-8350-fd1908bc5a53,152,7068.0,2021-12-14 00:59:42.510,2021-12-14 00:59:42.510
24b48cb0-3349-9e86-7000-01a0011d7dd7,152,0.0,2026-08-14 16:31:46.790,2026-08-14 16:31:46.790
8d646321-775c-ec11-8350-fd1908bc5a53,152,7068.0,2021-12-14 00:45:29.987,2021-12-14 00:45:29.987
1f1a1a7e-7c5c-ec11-8350-fd1908bc5a53,152,76512.24,2021-12-14 01:23:52.163,2021-12-14 01:23:52.163
773cb393-775c-ec11-8350-fd1908bc5a53,152,7600.0,2021-12-14 00:48:47.160,2021-12-14 00:48:47.160
060d0201-0094-b71b-b588-08ded00ad79e,152,0.0,2026-06-22 03:06:42.247,2026-06-22 03:06:42.247
d7b74239-795c-ec11-8350-fd1908bc5a53,152,7448.0,2021-12-14 01:00:33.267,2021-12-14 01:00:33.267
5e3a1ea3-869b-ee11-8445-cc0b759db311,152,11818.0,2023-12-15 20:15:12.097,2023-12-15 20:15:12.097
11ef0600-785c-ec11-8350-fd1908bc5a53,152,7068.0,2021-12-14 00:51:48.373,2021-12-14 00:51:48.373
2f3b0d1a-8e9b-ee11-8445-cc0b759db311,152,43548.0,2023-12-15 21:08:39.867,2023-12-15 21:08:39.867
b70a47ec-899b-ee11-8445-cc0b759db311,152,7106.0,2023-12-15 20:38:42.697,2023-12-15 20:38:42.697
d7cd5a5d-795c-ec11-8350-fd1908bc5a53,152,5776.0,2021-12-14 01:01:30.553,2021-12-14 01:01:30.553
9df70600-785c-ec11-8350-fd1908bc5a53,152,5776.0,2021-12-14 00:51:51.993,2021-12-14 00:51:51.993
d930ebdb-775c-ec11-8350-fd1908bc5a53,152,6612.0,2021-12-14 00:50:49.140,2021-12-14 00:50:49.140
f5e51c30-785c-ec11-8350-fd1908bc5a53,152,5700.0,2021-12-14 00:53:08.050,2021-12-14 00:53:08.050
4133822f-889b-ee11-8445-cc0b759db311,152,8930.0,2023-12-15 20:26:14.590,2023-12-15 20:26:14.590
fdc4eb19-899b-ee11-8445-cc0b759db311,152,8360.0,2023-12-15 20:32:55.467,2023-12-15 20:32:55.467
b3ec99c2-b0e8-eb11-8315-ddf45b4f47a3,152,0.0,2021-07-19 16:48:06.693,2021-07-19 16:48:06.693
e046eee1-775c-ec11-8350-fd1908bc5a53,152,7068.0,2021-12-14 00:51:00.893,2021-12-14 00:51:00.893
01b919af-869b-ee11-8445-cc0b759db311,152,7106.0,2023-12-15 20:15:31.530,2023-12-15 20:15:31.530
dadc20d8-8d9b-ee11-8445-cc0b759db311,152,57304.0,2023-12-15 21:06:48.887,2023-12-15 21:06:48.887
d9de713f-775c-ec11-8350-fd1908bc5a53,152,24265.28,2021-12-14 00:46:26.123,2021-12-14 00:46:26.123
ab171037-8b9b-ee11-8445-cc0b759db311,152,7106.0,2023-12-15 20:48:01.397,2023-12-15 20:48:01.397
763acf72-765c-ec11-8350-fd1908bc5a53,152,6529.36,2021-12-14 00:40:43.030,2021-12-14 00:40:43.030
d7547287-879b-ee11-8445-cc0b759db311,152,9006.0,2023-12-15 20:21:36.507,2023-12-15 20:21:36.507
9481dfbe-8a9b-ee11-8445-cc0b759db311,152,8360.0,2023-12-15 20:44:38.827,2023-12-15 20:44:38.827
85a8eb13-899b-ee11-8445-cc0b759db311,152,58197.0,2023-12-15 20:32:37.823,2023-12-15 20:32:37.823
e34e4ef2-899b-ee11-8445-cc0b759db311,152,7106.0,2023-12-15 20:38:52.033,2023-12-15 20:38:52.033
75deb9bd-7d5c-ec11-8350-fd1908bc5a53,152,49629.52,2021-12-14 01:32:50.230,2021-12-14 01:32:50.230
aff3b98d-775c-ec11-8350-fd1908bc5a53,152,6688.0,2021-12-14 00:48:39.000,2021-12-14 00:48:39.000
b619c06b-7c5c-ec11-8350-fd1908bc5a53,152,67516.5,2021-12-14 01:23:21.427,2021-12-14 01:23:21.427
64e31f97-869b-ee11-8445-cc0b759db311,152,7722.8,2023-12-15 20:14:49.817,2023-12-15 20:14:49.817
f071fe8c-7b5c-ec11-8350-fd1908bc5a53,152,5776.0,2021-12-14 01:17:10.597,2021-12-14 01:17:10.597
62a40d38-899b-ee11-8445-cc0b759db311,152,7106.0,2023-12-15 20:33:41.547,2023-12-15 20:33:41.547
a0aac0b9-889b-ee11-8445-cc0b759db311,152,7144.0,2023-12-15 20:30:06.400,2023-12-15 20:30:06.400
b7371144-899b-ee11-8445-cc0b759db311,152,6669.0,2023-12-15 20:34:00.543,2023-12-15 20:34:00.543
0c6bd52c-7b5c-ec11-8350-fd1908bc5a53,152,5776.0,2021-12-14 01:14:28.497,2021-12-14 01:14:28.497
10400d73-869b-ee11-8445-cc0b759db311,152,47804.0,2023-12-15 20:13:55.750,2023-12-15 20:13:55.750
71c2201e-7a5c-ec11-8350-fd1908bc5a53,152,5776.0,2021-12-14 01:06:55.537,2021-12-14 01:06:55.537
83589453-889b-ee11-8445-cc0b759db311,152,8930.0,2023-12-15 20:27:14.143,2023-12-15 20:27:14.143
870b8457-775c-ec11-8350-fd1908bc5a53,152,7068.0,2021-12-14 00:47:04.720,2021-12-14 00:47:04.720
430e54f3-879b-ee11-8445-cc0b759db311,152,7144.0,2023-12-15 20:24:39.733,2023-12-15 20:24:39.733
875f7899-879b-ee11-8445-cc0b759db311,152,9006.0,2023-12-15 20:22:03.780,2023-12-15 20:22:03.780
75239d59-8bc7-ee11-8445-f25537ef4d2b,152,0.0,2024-02-09 20:40:45.787,2024-02-09 20:40:45.787
cb34b159-7c5c-ec11-8350-fd1908bc5a53,152,73902.4,2021-12-14 01:22:52.457,2021-12-14 01:22:52.457
e14162db-879b-ee11-8445-cc0b759db311,152,8018.0,2023-12-15 20:23:53.190,2023-12-15 20:23:53.190
8417424b-795c-ec11-8350-fd1908bc5a53,152,14136.0,2021-12-14 01:01:06.233,2021-12-14 01:01:06.233
88393932-8e9b-ee11-8445-cc0b759db311,152,0.0,2023-12-15 21:09:18.967,2023-12-15 21:09:18.967
f9cd7eea-7a5c-ec11-8350-fd1908bc5a53,152,5776.0,2021-12-14 01:12:41.347,2021-12-14 01:12:41.347
56175945-879b-ee11-8445-cc0b759db311,152,31274.0,2023-12-15 20:19:47.033,2023-12-15 20:19:47.033
32052515-879b-ee11-8445-cc0b759db311,152,7144.0,2023-12-15 20:18:21.587,2023-12-15 20:18:21.587
4ab1eb13-899b-ee11-8445-cc0b759db311,152,7106.0,2023-12-15 20:32:41.073,2023-12-15 20:32:41.073
84e08a63-775c-ec11-8350-fd1908bc5a53,152,6688.0,2021-12-14 00:47:20.337,2021-12-14 00:47:20.337
ec7e1284-8d9b-ee11-8445-cc0b759db311,152,37316.0,2023-12-15 21:04:29.260,2023-12-15 21:04:29.260
51ddb23b-7c5c-ec11-8350-fd1908bc5a53,152,48212.12,2021-12-14 01:22:03.537,2021-12-14 01:22:03.537
72f1172b-8b9b-ee11-8445-cc0b759db311,152,7106.0,2023-12-15 20:47:34.730,2023-12-15 20:47:34.730
6186dfbe-8a9b-ee11-8445-cc0b759db311,152,8037.0,2023-12-15 20:44:40.110,2023-12-15 20:44:40.110
5a44657e-7a5c-ec11-8350-fd1908bc5a53,152,5776.0,2021-12-14 01:09:36.607,2021-12-14 01:09:36.607
433c504b-879b-ee11-8445-cc0b759db311,152,8360.0,2023-12-15 20:19:49.910,2023-12-15 20:19:49.910
63701dd9-869b-ee11-8445-cc0b759db311,152,6916.0,2023-12-15 20:16:45.693,2023-12-15 20:16:45.693
618758b1-879b-ee11-8445-cc0b759db311,152,9006.0,2023-12-15 20:22:48.410,2023-12-15 20:22:48.410
e2127581-795c-ec11-8350-fd1908bc5a53,152,7448.0,2021-12-14 01:02:33.040,2021-12-14 01:02:33.040
b1067dff-879b-ee11-8445-cc0b759db311,152,7106.0,2023-12-15 20:24:54.740,2023-12-15 20:24:54.740
be0e1131-8b9b-ee11-8445-cc0b759db311,152,7106.0,2023-12-15 20:47:46.613,2023-12-15 20:47:46.613
1d76d0cf-775c-ec11-8350-fd1908bc5a53,152,28963.6,2021-12-14 00:50:22.940,2021-12-14 00:50:22.940
86eadc3e-7b5c-ec11-8350-fd1908bc5a53,152,5776.0,2021-12-14 01:15:01.907,2021-12-14 01:15:01.907
25299647-889b-ee11-8445-cc0b759db311,152,7106.0,2023-12-15 20:26:58.233,2023-12-15 20:26:58.233
b8147f1d-8d9b-ee11-8445-cc0b759db311,152,97128.0,2023-12-15 21:01:39.187,2023-12-15 21:01:39.187
bc3a7566-7a5c-ec11-8350-fd1908bc5a53,152,6080.0,2021-12-14 01:08:57.040,2021-12-14 01:08:57.040
eec4f801-899b-ee11-8445-cc0b759db311,152,8930.0,2023-12-15 20:32:09.430,2023-12-15 20:32:09.430
4342504b-879b-ee11-8445-cc0b759db311,152,26391.0,2023-12-15 20:19:51.653,2023-12-15 20:19:51.653
c5cb7a35-889b-ee11-8445-cc0b759db311,152,6384.0,2023-12-15 20:26:24.480,2023-12-15 20:26:24.480
70012927-879b-ee11-8445-cc0b759db311,152,8360.0,2023-12-15 20:18:57.093,2023-12-15 20:18:57.093
5a8eb181-775c-ec11-8350-fd1908bc5a53,152,7600.0,2021-12-14 00:48:19.843,2021-12-14 00:48:19.843
f6667f8d-795c-ec11-8350-fd1908bc5a53,152,6346.0,2021-12-14 01:02:53.440,2021-12-14 01:02:53.440
e75f7433-8c9b-ee11-8445-cc0b759db311,152,79648.0,2023-12-15 20:55:05.583,2023-12-15 20:55:05.583
4542b393-775c-ec11-8350-fd1908bc5a53,152,7600.0,2021-12-14 00:48:48.810,2021-12-14 00:48:48.810
f6978163-8c9b-ee11-8445-cc0b759db311,152,49552.0,2023-12-15 20:56:20.397,2023-12-15 20:56:20.397
7d980bf7-785c-ec11-8350-fd1908bc5a53,152,7448.0,2021-12-14 00:58:40.240,2021-12-14 00:58:40.240
d9fa6133-775c-ec11-8350-fd1908bc5a53,152,7600.0,2021-12-14 00:46:07.813,2021-12-14 00:46:07.813
d1f9d8a8-7c5c-ec11-8350-fd1908bc5a53,152,24736.48,2021-12-14 01:25:12.333,2021-12-14 01:25:12.333
4b9cdf1a-7b5c-ec11-8350-fd1908bc5a53,152,7068.0,2021-12-14 01:14:04.170,2021-12-14 01:14:04.170
7a3b7069-795c-ec11-8350-fd1908bc5a53,152,5619.25,2021-12-14 01:01:54.523,2021-12-14 01:01:54.523
777ce42b-899b-ee11-8445-cc0b759db311,152,7106.0,2023-12-15 20:33:22.127,2023-12-15 20:33:22.127
43070a4a-899b-ee11-8445-cc0b759db311,152,9006.0,2023-12-15 20:34:12.667,2023-12-15 20:34:12.667
13332090-785c-ec11-8350-fd1908bc5a53,152,7448.0,2021-12-14 00:55:49.863,2021-12-14 00:55:49.863
4f9d0bf7-785c-ec11-8350-fd1908bc5a53,152,5320.0,2021-12-14 00:58:41.487,2021-12-14 00:58:41.487
24a40801-0023-b011-80f0-08de6d8ee64a,152,0.0,2026-02-16 19:13:20.243,2026-02-16 19:13:20.243
744420e4-8d9b-ee11-8445-cc0b759db311,152,86070.0,2023-12-15 21:07:04.367,2023-12-15 21:07:04.367
5884716f-795c-ec11-8350-fd1908bc5a53,152,7600.0,2021-12-14 01:02:04.893,2021-12-14 01:02:04.893
bc653ef7-8b9b-ee11-8445-cc0b759db311,152,67982.0,2023-12-15 20:53:24.037,2023-12-15 20:53:24.037
4fbc2a27-795c-ec11-8350-fd1908bc5a53,152,5320.0,2021-12-14 01:00:02.240,2021-12-14 01:00:02.240
89daa64e-765c-ec11-8350-fd1908bc5a53,152,69792.32,2021-12-14 00:39:41.777,2021-12-14 00:39:41.777
01a3a0ab-795c-ec11-8350-fd1908bc5a53,152,6118.0,2021-12-14 01:03:39.763,2021-12-14 01:03:39.763
76b64869-7d5c-ec11-8350-fd1908bc5a53,152,7524.0,2021-12-14 01:30:34.760,2021-12-14 01:30:34.760
b1c8324e-7a5c-ec11-8350-fd1908bc5a53,152,5776.0,2021-12-14 01:08:17.637,2021-12-14 01:08:17.637
15616b75-795c-ec11-8350-fd1908bc5a53,152,3952.0,2021-12-14 01:02:11.397,2021-12-14 01:02:11.397
a803b5c3-7d5c-ec11-8350-fd1908bc5a53,152,7600.0,2021-12-14 01:33:02.980,2021-12-14 01:33:02.980
3aa8b902-7b5c-ec11-8350-fd1908bc5a53,152,7068.0,2021-12-14 01:13:17.083,2021-12-14 01:13:17.083
b447f1e3-889b-ee11-8445-cc0b759db311,152,6384.0,2023-12-15 20:31:15.127,2023-12-15 20:31:15.127
7f32b39b-889b-ee11-8445-cc0b759db311,152,8683.0,2023-12-15 20:29:18.627,2023-12-15 20:29:18.627
c8a8e5e7-7d5c-ec11-8350-fd1908bc5a53,152,0.0,2021-12-14 01:34:04.260,2021-12-14 01:34:04.260
63861d49-8b9b-ee11-8445-cc0b759db311,152,7106.0,2023-12-15 20:48:29.223,2023-12-15 20:48:29.223
4471e42b-899b-ee11-8445-cc0b759db311,152,16378.0,2023-12-15 20:33:18.373,2023-12-15 20:33:18.373
a2d01591-869b-ee11-8445-cc0b759db311,152,98040.0,2023-12-15 20:14:37.943,2023-12-15 20:14:37.943
fc1b595d-879b-ee11-8445-cc0b759db311,152,8360.0,2023-12-15 20:20:23.203,2023-12-15 20:20:23.203
539d7d11-889b-ee11-8445-cc0b759db311,152,40736.0,2023-12-15 20:25:23.697,2023-12-15 20:25:23.697
db340d1a-8e9b-ee11-8445-cc0b759db311,152,53884.0,2023-12-15 21:08:37.413,2023-12-15 21:08:37.413
d573f307-899b-ee11-8445-cc0b759db311,152,8312.5,2023-12-15 20:32:16.953,2023-12-15 20:32:16.953
d1d8713f-775c-ec11-8350-fd1908bc5a53,152,7068.0,2021-12-14 00:46:23.970,2021-12-14 00:46:23.970
18f71df0-8d9b-ee11-8445-cc0b759db311,152,8056.0,2023-12-15 21:07:26.927,2023-12-15 21:07:26.927
3c936861-5ba5-ec11-8395-dbc621b15182,152,0.0,2022-03-16 19:04:45.063,2022-03-16 19:04:45.063
fdbaeb19-899b-ee11-8445-cc0b759db311,152,8930.0,2023-12-15 20:32:52.197,2023-12-15 20:32:52.197
0fc6ea84-765c-ec11-8350-fd1908bc5a53,152,8968.0,2021-12-14 00:41:11.707,2021-12-14 00:41:11.707
b1ebc3dd-889b-ee11-8445-cc0b759db311,152,8930.0,2023-12-15 20:31:13.717,2023-12-15 20:31:13.717
3c3c01ef-8a9b-ee11-8445-cc0b759db311,152,79800.0,2023-12-15 20:46:02.107,2023-12-15 20:46:02.107
2a0d1701-8b9b-ee11-8445-cc0b759db311,152,7106.0,2023-12-15 20:46:29.170,2023-12-15 20:46:29.170
201c5945-879b-ee11-8445-cc0b759db311,152,7106.0,2023-12-15 20:19:48.260,2023-12-15 20:19:48.260
ca60f1e3-889b-ee11-8445-cc0b759db311,152,7106.0,2023-12-15 20:31:24.187,2023-12-15 20:31:24.187
15b36b46-8a9b-ee11-8445-cc0b759db311,152,7106.0,2023-12-15 20:41:18.063,2023-12-15 20:41:18.063
f5cd713f-775c-ec11-8350-fd1908bc5a53,152,28963.6,2021-12-14 00:46:20.770,2021-12-14 00:46:20.770
2dcdf801-899b-ee11-8445-cc0b759db311,152,8930.0,2023-12-15 20:32:11.923,2023-12-15 20:32:11.923
44d51591-869b-ee11-8445-cc0b759db311,152,79192.0,2023-12-15 20:14:39.347,2023-12-15 20:14:39.347
d5597899-879b-ee11-8445-cc0b759db311,152,9006.0,2023-12-15 20:22:02.083,2023-12-15 20:22:02.083
98d17a35-889b-ee11-8445-cc0b759db311,152,7106.0,2023-12-15 20:26:26.677,2023-12-15 20:26:26.677
f86b363f-7d5c-ec11-8350-fd1908bc5a53,152,91133.12,2021-12-14 01:29:21.987,2021-12-14 01:29:21.987
ba7d13e5-b905-ec11-8315-b4847d4499a3,152,0.0,2021-08-25 15:36:09.970,2021-08-25 15:36:09.970
66c17e7b-795c-ec11-8350-fd1908bc5a53,152,5776.0,2021-12-14 01:02:25.157,2021-12-14 01:02:25.157
1ed4c666-765c-ec11-8350-fd1908bc5a53,152,5776.0,2021-12-14 00:40:21.460,2021-12-14 00:40:21.460
e70fe68a-765c-ec11-8350-fd1908bc5a53,152,20234.24,2021-12-14 00:41:23.043,2021-12-14 00:41:23.043
33d81996-785c-ec11-8350-fd1908bc5a53,152,6118.0,2021-12-14 00:56:00.903,2021-12-14 00:56:00.903
cd362301-0050-fc61-9500-08de294027c5,152,0.0,2025-11-21 20:54:25.680,2025-11-21 20:54:25.680
90a20680-899b-ee11-8445-cc0b759db311,152,7144.0,2023-12-15 20:35:38.537,2023-12-15 20:35:38.537
e5473021-795c-ec11-8350-fd1908bc5a53,152,7448.0,2021-12-14 00:59:49.327,2021-12-14 00:59:49.327
9c4f3021-795c-ec11-8350-fd1908bc5a53,152,7448.0,2021-12-14 00:59:52.017,2021-12-14 00:59:52.017
0a52b899-775c-ec11-8350-fd1908bc5a53,152,6080.0,2021-12-14 00:48:59.690,2021-12-14 00:48:59.690
996a681b-775c-ec11-8350-fd1908bc5a53,152,15656.0,2021-12-14 00:45:23.617,2021-12-14 00:45:23.617
09850701-00d2-8833-0d5a-08de761b7655,152,0.0,2026-02-27 16:15:47.287,2026-02-27 16:15:47.287
ea46304e-785c-ec11-8350-fd1908bc5a53,152,5320.0,2021-12-14 00:53:58.397,2021-12-14 00:53:58.397
2fe90600-785c-ec11-8350-fd1908bc5a53,152,6650.0,2021-12-14 00:51:46.727,2021-12-14 00:51:46.727
fed1f4dc-8a9b-ee11-8445-cc0b759db311,152,8360.0,2023-12-15 20:45:24.077,2023-12-15 20:45:24.077
f68e3236-785c-ec11-8350-fd1908bc5a53,152,7448.0,2021-12-14 00:53:20.147,2021-12-14 00:53:20.147
a71301d9-785c-ec11-8350-fd1908bc5a53,152,6080.0,2021-12-14 00:57:52.080,2021-12-14 00:57:52.080
f247504b-879b-ee11-8445-cc0b759db311,152,8930.0,2023-12-15 20:19:53.530,2023-12-15 20:19:53.530
9946403f-795c-ec11-8350-fd1908bc5a53,152,7068.0,2021-12-14 01:00:38.067,2021-12-14 01:00:38.067
942857cf-879b-ee11-8445-cc0b759db311,152,7106.0,2023-12-15 20:23:33.087,2023-12-15 20:23:33.087
1ee00968-899b-ee11-8445-cc0b759db311,152,7581.0,2023-12-15 20:34:56.830,2023-12-15 20:34:56.830
ceb4178b-869b-ee11-8445-cc0b759db311,152,7106.0,2023-12-15 20:14:28.453,2023-12-15 20:14:28.453
1dca3f30-d81b-ec11-8344-bb4c63545859,152,0.0,2021-09-22 19:09:33.173,2021-09-22 19:09:33.173
b54f6163-879b-ee11-8445-cc0b759db311,152,8056.0,2023-12-15 20:20:37.003,2023-12-15 20:20:37.003
fe656257-795c-ec11-8350-fd1908bc5a53,152,5776.0,2021-12-14 01:01:25.153,2021-12-14 01:01:25.153
95270812-785c-ec11-8350-fd1908bc5a53,152,37104.72,2021-12-14 00:52:15.637,2021-12-14 00:52:15.637
7b7308fa-775c-ec11-8350-fd1908bc5a53,152,6118.0,2021-12-14 00:51:35.313,2021-12-14 00:51:35.313
429d9796-7c5c-ec11-8350-fd1908bc5a53,152,44961.6,2021-12-14 01:24:33.517,2021-12-14 01:24:33.517
d1d9af7b-775c-ec11-8350-fd1908bc5a53,152,7068.0,2021-12-14 00:48:05.387,2021-12-14 00:48:05.387
52f60130-8d9b-ee11-8445-cc0b759db311,152,59489.0,2023-12-15 21:02:05.017,2023-12-15 21:02:05.017
b5271b18-7a5c-ec11-8350-fd1908bc5a53,152,5776.0,2021-12-14 01:06:43.993,2021-12-14 01:06:43.993
949158e1-879b-ee11-8445-cc0b759db311,152,8360.0,2023-12-15 20:24:06.413,2023-12-15 20:24:06.413
97b6129e-899b-ee11-8445-cc0b759db311,152,7106.0,2023-12-15 20:36:30.457,2023-12-15 20:36:30.457
a9c30fa2-785c-ec11-8350-fd1908bc5a53,152,7068.0,2021-12-14 00:56:23.470,2021-12-14 00:56:23.470
817bf168-7b5c-ec11-8350-fd1908bc5a53,152,5776.0,2021-12-14 01:16:12.487,2021-12-14 01:16:12.487
1dbd58ed-879b-ee11-8445-cc0b759db311,152,7875.5,2023-12-15 20:24:29.583,2023-12-15 20:24:29.583
c92fb154-765c-ec11-8350-fd1908bc5a53,152,45969.36,2021-12-14 00:39:48.057,2021-12-14 00:39:48.057
9b34b154-765c-ec11-8350-fd1908bc5a53,152,50777.12,2021-12-14 00:39:49.337,2021-12-14 00:39:49.337
4219724c-8a9b-ee11-8445-cc0b759db311,152,7106.0,2023-12-15 20:41:21.580,2023-12-15 20:41:21.580
9a660056-899b-ee11-8445-cc0b759db311,152,8930.0,2023-12-15 20:34:36.333,2023-12-15 20:34:36.333
096405fd-785c-ec11-8350-fd1908bc5a53,152,6080.0,2021-12-14 00:58:51.977,2021-12-14 00:58:51.977
b0b633d3-765c-ec11-8350-fd1908bc5a53,152,24199.92,2021-12-14 00:43:21.613,2021-12-14 00:43:21.613
65511103-879b-ee11-8445-cc0b759db311,151,47565.0,2023-12-15 20:17:54.680,2023-12-15 20:17:54.680
1b2a6865-f7a7-ed11-83d0-989469cb8d89,151,9664.0,2023-02-08 21:28:34.017,2023-02-08 21:28:34.017
9e5587a6-783b-ee11-8444-aa4eeb45ac0a,151,9203.45,2023-08-15 14:33:52.520,2023-08-15 14:33:52.520
68526100-6b5e-ef11-84bd-f76575e16336,150,9660.0,2024-08-19 20:40:02.413,2024-08-19 20:40:02.413
ad708d54-42f8-ef11-84f5-b14900b4b9ca,150,0.0,2025-03-03 15:23:09.320,2025-03-03 15:23:09.320
2572887e-be1e-ef11-8445-9287b6d5635e,150,6300.0,2024-05-30 19:55:54.987,2024-05-30 19:55:54.987
373a9468-fe9e-ec11-8395-e6355712281b,150,6072.0,2022-03-08 16:40:51.297,2022-03-08 16:40:51.297
f7cac287-8c01-ef11-8445-e4e555f949f0,150,6900.0,2024-04-23 16:16:45.490,2024-04-23 16:16:45.490
141c354e-9efc-ec11-83ad-c5fd987e731e,150,6072.0,2022-07-05 20:09:33.547,2022-07-05 20:09:33.547
d03cd159-4eca-ec11-8398-d6f5f38cc69c,150,6262.5,2022-05-02 19:31:16.653,2022-05-02 19:31:16.653
779adf99-7a15-ec11-8315-fb5a79dba31f,150,0.0,2021-09-14 16:43:38.770,2021-09-14 16:43:38.770
0dfb6da1-6db0-ec11-8398-8e8497017839,150,6072.0,2022-03-30 21:11:33.813,2022-03-30 21:11:33.813
8d467ca9-0375-ef11-84bd-ae174287a9b2,150,0.0,2024-09-17 14:47:03.927,2024-09-17 14:47:03.927
1aa2c7d6-01e5-3e81-7004-019fce71260f,150,0.0,2026-08-04 20:22:31.060,2026-08-04 20:22:31.060
39dd4c65-0c38-ec11-8344-86f8c8c06049,150,5820.0,2021-10-28 16:31:33.720,2021-10-28 16:31:33.720
fbde0818-b890-79c7-e522-08ddf7939fc5,150,0.0,2025-09-19 15:52:03.157,2025-09-19 15:52:03.157
df4f537b-7d5c-ec11-8350-fd1908bc5a53,150,0.0,2021-12-14 01:30:56.900,2021-12-14 01:30:56.900
0adbf480-6c56-ee11-8444-b2d9241a96a7,150,0.0,2023-09-18 21:50:52.773,2023-09-18 21:50:52.773
7256dcec-3b67-0580-7002-01a0251ed28b,150,0.0,2026-08-21 16:19:33.450,2026-08-21 16:19:33.450
0e7c7c9f-468d-ed11-83d0-fa2234b8da12,150,13084.5,2023-01-05 22:17:05.550,2023-01-05 22:17:05.550
e4b270ab-fdee-ef11-84f4-a54065c285f4,150,0.0,2025-02-19 20:18:43.167,2025-02-19 20:18:43.167
72eb43cb-ac1d-ed11-83ad-c3ed67642448,150,6262.5,2022-08-16 21:47:04.027,2022-08-16 21:47:04.027
3a7b85e9-39c4-ee11-8445-ff8608e08738,150,10080.0,2024-02-05 15:25:37.937,2024-02-05 15:25:37.937
ea9dc6cf-6733-ed11-83d0-c079aa792785,150,6262.5,2022-09-13 13:28:56.580,2022-09-13 13:28:56.580
846604c5-dd73-ec11-8350-cdd88f8631ba,150,6262.5,2022-01-12 20:28:58.383,2022-01-12 20:28:58.383
df539813-addd-eb11-8315-c35465b0131a,150,5820.0,2021-07-05 16:23:12.917,2021-07-05 16:23:12.917
ddf80501-005b-bf54-dac0-08debcd19110,150,0.0,2026-05-28 16:00:16.783,2026-05-28 16:00:16.783
6d1da16d-a706-ed11-83ad-a9883ef9633e,150,6072.0,2022-07-18 14:40:41.133,2022-07-18 14:40:41.133
74bd0801-0023-b011-23ff-08de6d972e83,150,0.0,2026-02-16 20:08:51.997,2026-02-16 20:08:51.997
a4443209-6f07-ed11-83ad-8152fac58289,150,6262.5,2022-07-19 14:29:19.570,2022-07-19 14:29:19.570
1102bbcd-bd1e-ef11-8445-9287b6d5635e,150,6300.0,2024-05-30 19:51:30.583,2024-05-30 19:51:30.583
e1a9d130-bf1e-ef11-8445-9287b6d5635e,150,6300.0,2024-05-30 20:00:53.600,2024-05-30 20:00:53.600
7412d18f-b52e-dcb7-7001-01a044ffd4b1,150,0.0,2026-08-27 20:57:02.113,2026-08-27 20:57:02.113
2c3603a4-1c90-79c7-0b45-08dde0effa02,150,0.0,2025-08-21 20:24:46.617,2025-08-21 20:24:46.617
a45c2609-72cd-ec11-8398-b4dcba8e7479,150,6262.5,2022-05-06 19:24:39.077,2022-05-06 19:24:39.077
b4f6bad8-aa4b-56a4-7002-01a020864442,150,0.0,2026-08-20 18:54:33.700,2026-08-20 18:54:33.700
77240207-cceb-eb11-8315-a00d96e260a2,150,5820.0,2021-07-23 15:39:50.600,2021-07-23 15:39:50.600
b047054c-3c90-79c7-5c64-08dda2b29a41,150,0.0,2025-06-03 15:24:19.523,2025-06-03 15:24:19.523
ce7edb5d-ff58-b2a3-7001-01a0d4380b72,150,0.0,2026-09-24 16:21:29.677,2026-09-24 16:21:29.677
bd6df07c-4678-a4bd-7002-019fce2d827c,150,7350.0,2026-08-04 19:14:11.087,2026-08-04 19:14:11.087
997a9ec4-c11e-ef11-8445-9287b6d5635e,150,6300.0,2024-05-30 20:19:21.083,2024-05-30 20:19:21.083
6fd8026a-7112-ed11-83ad-e1a53797b428,150,6262.5,2022-08-02 14:43:53.290,2022-08-02 14:43:53.290
1b480958-f139-ed11-83d0-d89b246900a5,150,6262.5,2022-09-21 21:08:06.777,2022-09-21 21:08:06.777
14e62b75-0133-ef11-84bc-cbe17cf984ab,150,0.0,2024-06-25 14:45:26.147,2024-06-25 14:45:26.147
26be0740-b790-79c7-b6b3-08ddfd03223d,150,0.0,2025-09-26 13:46:47.160,2025-09-26 13:46:47.160
919ca8b9-30e7-ec11-83ad-95a3ae0c5054,150,6262.5,2022-06-08 13:42:39.443,2022-06-08 13:42:39.443
1b3e408a-adef-eb11-8315-bae74a7ce118,149,8493.0,2021-07-28 14:15:06.473,2021-07-28 14:15:06.473
dc667c29-aeb6-ec11-8398-cd87ee1b037a,148,12526.72,2022-04-07 20:06:40.177,2022-04-07 20:06:40.177
1cc1be6a-2712-0b91-7001-01a07d4771c2,148,0.0,2026-09-07 19:10:30.740,2026-09-07 19:10:30.740
64d668e7-8c9b-ee11-8445-cc0b759db311,148,0.0,2023-12-15 21:00:03.367,2023-12-15 21:00:03.367
5a030701-00d2-8d67-859a-08dea54f70a4,148,0.0,2026-04-28 17:56:15.503,2026-04-28 17:56:15.503
e1650401-004b-ed9c-0eac-08de6f0c66ea,148,0.0,2026-02-18 16:40:20.463,2026-02-18 16:40:20.463
6cace0cc-db5d-c6aa-7001-01a06d23d7aa,148,0.0,2026-09-04 15:57:41.797,2026-09-04 15:57:41.797
1977ef69-b531-ec11-8344-eb8c2e7074a5,148,5742.4,2021-10-20 14:55:19.430,2021-10-20 14:55:19.430
6fcba64e-765c-ec11-8350-fd1908bc5a53,148,91274.56,2021-12-14 00:39:37.037,2021-12-14 00:39:37.037
fc60a484-547b-ed11-83d0-dbe117b3817e,147,26068.0,2022-12-14 02:10:54.230,2022-12-14 02:10:54.230
9e140401-000a-70e4-37cc-08de3697619b,147,16586.4,2025-12-08 20:24:16.700,2025-12-08 20:24:16.700
4e779d66-06d8-ee11-8444-f5b0b8d899bc,147,6615.0,2024-03-01 20:04:25.413,2024-03-01 20:04:25.413
2ddd0101-00a6-b9fe-da9e-08deb2c40b5b,147,5496.0,2026-05-15 20:55:35.223,2026-05-15 20:55:35.223
b4950601-004c-04c6-eddc-08de59d1adb3,147,0.0,2026-01-22 16:17:05.920,2026-01-22 16:17:05.920
9e4e47eb-ade4-eb11-8315-c6b2117169af,147,5703.6,2021-07-14 14:17:01.087,2021-07-14 14:17:01.087
3208ccba-547b-ed11-83d0-dbe117b3817e,147,55176.0,2022-12-14 02:12:18.303,2022-12-14 02:12:18.303
ae7ca2b5-1078-ed11-83d0-dbe72732717b,146,7143.12,2022-12-09 22:27:56.177,2022-12-09 22:27:56.177
d52894be-89a0-ec11-8395-cb33f772c053,146,0.0,2022-03-10 15:52:46.543,2022-03-10 15:52:46.543
366d2015-795c-ec11-8350-fd1908bc5a53,146,7154.0,2021-12-14 00:59:32.760,2021-12-14 00:59:32.760
d89750f1-765c-ec11-8350-fd1908bc5a53,146,43186.8,2021-12-14 00:44:16.497,2021-12-14 00:44:16.497
c6facdc6-28ce-eb11-830a-ec86c785ce06,146,4470.0,2021-06-15 22:33:09.873,2021-06-15 22:33:09.873
86d36f1c-2cb6-ee11-8444-fc4c5aaff930,145,34880.0,2024-01-18 18:10:21.927,2024-01-18 18:10:21.927
532104c7-0d12-ef11-8445-88404527ef51,144,6048.0,2024-05-14 16:21:14.590,2024-05-14 16:21:14.590
fc620201-0057-a092-73a7-08de52e1914e,144,0.0,2026-01-13 20:23:10.473,2026-01-13 20:23:10.473
bd59de9e-a9f8-ed11-8445-b1b933414c4d,144,0.0,2023-05-22 14:07:32.010,2023-05-22 14:07:32.010
3e5de7d8-bf31-ec11-8344-eb8c2e7074a5,143,8151.0,2021-10-20 16:47:23.947,2021-10-20 16:47:23.947
9d9e40f2-8dd2-ef11-84ee-8fcd5b264584,142,0.0,2025-01-14 15:41:03.017,2025-01-14 15:41:03.017
f7cc8920-c21e-ef11-8445-9287b6d5635e,142,5964.0,2024-05-30 20:21:44.850,2024-05-30 20:21:44.850
8483407d-9fac-ed11-83d0-804b26644635,142,0.0,2023-02-14 20:03:26.503,2023-02-14 20:03:26.503
a3045960-c11e-ef11-8445-9287b6d5635e,141,5922.0,2024-05-30 20:16:35.890,2024-05-30 20:16:35.890
99971401-0050-fc61-8869-08de293cd0a6,140,8603.35,2025-11-21 20:30:31.010,2025-11-21 20:30:31.010
1ed00701-0014-72f0-f709-08de786f5d83,140,0.0,2026-03-02 15:21:25.330,2026-03-02 15:21:25.330
8e543144-d8d1-ea11-828c-b57555799727,140,9576.0,2020-07-29 20:20:52.710,2020-07-29 20:20:52.710
15e69bf1-ed51-ea11-a9ce-0a593f791696,140,42180.0,2020-02-18 01:33:34.547,2020-02-18 01:33:34.547
9de50401-002c-5a4b-46e2-08de60465047,140,0.0,2026-01-30 21:27:06.017,2026-01-30 21:27:06.017
8e55c61a-2254-ea11-a9ce-0a593f791696,140,60192.0,2020-02-20 21:03:36.540,2020-02-20 21:03:36.540
f98778af-a5d1-ea11-828c-b57555799727,140,12502.0,2020-07-29 14:16:08.870,2020-07-29 14:16:08.870
260e7743-a895-8498-7003-019fce4ded82,140,0.0,2026-08-04 19:44:02.757,2026-08-04 19:44:02.757
429e1d01-0050-fc61-a19c-08de293ed313,140,6004.95,2025-11-21 20:44:54.093,2025-11-21 20:44:54.093
15e00d57-882e-ea11-a9ce-0a593f791696,140,66120.0,2020-01-04 00:26:49.883,2020-01-04 00:26:49.883
3bebb730-1478-ed11-83d0-dbe72732717b,140,5453.0,2022-12-09 22:52:51.793,2022-12-09 22:52:51.793
bdae0801-0050-fc61-da0e-08de293a4b71,140,8603.35,2025-11-21 20:12:28.577,2025-11-21 20:12:28.577
25951613-1278-ed11-83d0-dbe72732717b,140,4987.5,2022-12-09 22:37:43.547,2022-12-09 22:37:43.547
67391201-0050-fc61-5857-08de293c4b88,140,6004.95,2025-11-21 20:26:47.683,2025-11-21 20:26:47.683
f2238dcb-3680-ea11-a9ce-0a593f791696,140,23940.0,2020-04-16 23:14:24.897,2020-04-16 23:14:24.897
385fa292-26d8-ea11-828c-cf34c837d27a,140,12502.0,2020-08-06 20:56:21.630,2020-08-06 20:56:21.630
e6952d27-65e2-ea11-828c-f8709861f8d2,140,6650.0,2020-08-19 21:57:33.797,2020-08-19 21:57:33.797
bf26e12a-1078-ed11-83d0-dbe72732717b,140,6916.0,2022-12-09 22:24:00.920,2022-12-09 22:24:00.920
d46e11ec-1246-ef11-84a5-a563d9fef745,140,6580.0,2024-07-19 21:12:23.147,2024-07-19 21:12:23.147
b5d93f75-5e53-ea11-a9ce-0a593f791696,140,66120.0,2020-02-19 21:27:22.920,2020-02-19 21:27:22.920
2d2d0701-0061-d2c7-5784-08de5cdcd9af,140,0.0,2026-01-26 13:15:31.113,2026-01-26 13:15:31.113
cbaa0599-ac31-ef11-8445-cb87ee6cfc0a,140,0.0,2024-06-23 22:07:10.967,2024-06-23 22:07:10.967
d0d40701-0050-fc61-198a-08de293a1e69,140,6753.6,2025-11-21 20:11:13.007,2025-11-21 20:11:13.007
4a2a2d33-1c4d-ea11-a9ce-0a593f791696,140,66120.0,2020-02-11 22:23:15.430,2020-02-11 22:23:15.430
5c688645-47d3-ea11-828c-b4e2a79c59ea,140,11704.0,2020-07-31 16:05:27.333,2020-07-31 16:05:27.333
912b0901-0050-fc61-a15d-08de293a6568,140,8363.6,2025-11-21 20:13:12.100,2025-11-21 20:13:12.100
beac1101-0050-fc61-d4e3-08de293c2e3d,140,6784.75,2025-11-21 20:25:58.540,2025-11-21 20:25:58.540
8036b0e5-1078-ed11-83d0-dbe72732717b,140,6517.0,2022-12-09 22:29:12.530,2022-12-09 22:29:12.530
df860e01-0050-fc61-72fb-08de293b868d,140,6784.75,2025-11-21 20:21:17.227,2025-11-21 20:21:17.227
3c3bf436-1078-ed11-83d0-dbe72732717b,140,5453.0,2022-12-09 22:24:17.317,2022-12-09 22:24:17.317
aba6524e-f253-ea11-a9ce-0a593f791696,140,60192.0,2020-02-20 15:09:12.237,2020-02-20 15:09:12.237
b8d2d0e1-b9e0-ea11-828c-fcb9b0fbbc3d,140,9576.0,2020-08-17 18:51:53.710,2020-08-17 18:51:53.710
28c2b336-1478-ed11-83d0-dbe72732717b,140,6878.0,2022-12-09 22:53:03.767,2022-12-09 22:53:03.767
37dd12be-edd7-ea11-828c-cf34c837d27a,140,8778.0,2020-08-06 14:11:57.497,2020-08-06 14:11:57.497
29792f7f-1478-ed11-83d0-dbe72732717b,140,5453.0,2022-12-09 22:54:57.270,2022-12-09 22:54:57.270
fe74b040-d7d0-ee11-8445-b301c4e59e1c,140,80515.84,2024-02-21 16:36:00.667,2024-02-21 16:36:00.667
6f5c3be2-6484-ec11-8350-bb310905b72f,140,0.0,2022-02-02 20:26:28.443,2022-02-02 20:26:28.443
456992d6-0f78-ed11-83d0-dbe72732717b,140,6849.5,2022-12-09 22:21:40.060,2022-12-09 22:21:40.060
a2eb67e7-5bde-ea11-828c-dab48128a9c3,140,12616.0,2020-08-14 18:32:17.513,2020-08-14 18:32:17.513
5127f146-8dd6-ea11-828c-c3297631124c,140,9576.0,2020-08-04 20:06:12.487,2020-08-04 20:06:12.487
757bf55e-6865-ea11-a9ce-0a593f791696,140,42180.0,2020-03-13 20:30:35.710,2020-03-13 20:30:35.710
28128984-aedc-ea11-828c-dab48128a9c3,140,6650.0,2020-08-12 15:18:13.300,2020-08-12 15:18:13.300
871f1201-0050-fc61-230c-08de293c4612,140,6784.75,2025-11-21 20:26:38.540,2025-11-21 20:26:38.540
ffaf5491-1478-ed11-83d0-dbe72732717b,140,4940.0,2022-12-09 22:55:31.970,2022-12-09 22:55:31.970
d10c9161-1278-ed11-83d0-dbe72732717b,140,5453.0,2022-12-09 22:39:50.753,2022-12-09 22:39:50.753
028f1ae7-1362-ea11-a9ce-0a593f791696,140,42180.0,2020-03-09 14:44:22.390,2020-03-09 14:44:22.390
c7b90f01-0050-fc61-6635-08de293bc40c,140,6784.75,2025-11-21 20:23:00.373,2025-11-21 20:23:00.373
e16c5ab2-2fd8-ea11-828c-cf34c837d27a,140,9804.0,2020-08-06 21:59:01.330,2020-08-06 21:59:01.330
3b210901-0050-fc61-50b6-08de293a6352,140,8603.35,2025-11-21 20:13:08.633,2025-11-21 20:13:08.633
731032dc-c917-ea11-a9ce-0a593f791696,140,132012.0,2019-12-06 01:49:28.607,2019-12-06 01:49:28.607
ae0f4aac-0f78-ed11-83d0-dbe72732717b,140,6916.0,2022-12-09 22:20:24.313,2022-12-09 22:20:24.313
d9f0bd8b-1278-ed11-83d0-dbe72732717b,140,5453.0,2022-12-09 22:41:06.687,2022-12-09 22:41:06.687
4b111e01-0050-fc61-7b99-08de293eed50,140,44920.75,2025-11-21 20:45:38.153,2025-11-21 20:45:38.153
7522d324-1078-ed11-83d0-dbe72732717b,140,5586.0,2022-12-09 22:23:50.327,2022-12-09 22:23:50.327
006246ac-b5d1-ea11-828c-b57555799727,140,12768.0,2020-07-29 16:15:19.577,2020-07-29 16:15:19.577
9c6953d3-c81a-ea11-a9ce-0a593f791696,140,72276.0,2019-12-09 21:21:23.327,2019-12-09 21:21:23.327
d118801c-d6d1-ea11-828c-b57555799727,140,10108.0,2020-07-29 20:20:39.307,2020-07-29 20:20:39.307
d0fb07d9-ee33-ea11-a9ce-0a593f791696,140,66120.0,2020-01-10 21:20:04.900,2020-01-10 21:20:04.900
2348c0a9-f9db-ea11-828c-a3b0b95dd4b2,140,8778.0,2020-08-11 17:41:38.007,2020-08-11 17:41:38.007
b50c09e9-1178-ed11-83d0-dbe72732717b,140,5453.0,2022-12-09 22:36:25.017,2022-12-09 22:36:25.017
30251001-0050-fc61-2fd8-08de293bdcc2,140,6784.75,2025-11-21 20:23:41.877,2025-11-21 20:23:41.877
000a8905-67d7-ea11-828c-cf34c837d27a,140,10108.0,2020-08-05 22:20:43.893,2020-08-05 22:20:43.893
8009df83-548c-ed11-83d0-f460ef9f16d4,140,11156.6,2023-01-04 17:24:24.227,2023-01-04 17:24:24.227
9e97f669-1378-ed11-83d0-dbe72732717b,140,5453.0,2022-12-09 22:47:17.237,2022-12-09 22:47:17.237
f072a978-1d5f-ea11-a9ce-0a593f791696,140,54036.0,2020-03-05 20:14:56.153,2020-03-05 20:14:56.153
fae273d0-0f78-ed11-83d0-dbe72732717b,140,6916.0,2022-12-09 22:21:34.553,2022-12-09 22:21:34.553
38f70e01-0050-fc61-28df-08de293b9ca0,140,16557.85,2025-11-21 20:21:54.260,2025-11-21 20:21:54.260
f9d257d1-4fde-ea11-828c-dab48128a9c3,140,9576.0,2020-08-14 17:07:47.587,2020-08-14 17:07:47.587
7d861401-0050-fc61-e0e0-08de293cccba,140,6784.75,2025-11-21 20:30:24.460,2025-11-21 20:30:24.460
00764a58-78c8-ea11-828c-bbacfba5f3d6,140,12768.0,2020-07-17 22:00:31.457,2020-07-17 22:00:31.457
ba885161-d5d1-ea11-828c-b57555799727,140,12768.0,2020-07-29 20:01:01.610,2020-07-29 20:01:01.610
2ba7078d-6705-ea11-a9ce-0a593f791696,140,108072.0,2019-11-12 17:03:50.527,2019-11-12 17:03:50.527
03ebee27-1378-ed11-83d0-dbe72732717b,140,5453.0,2022-12-09 22:45:24.773,2022-12-09 22:45:24.773
3a5c1201-0050-fc61-01c3-08de293c52f1,140,6784.75,2025-11-21 20:27:00.137,2025-11-21 20:27:00.137
03010a01-0050-fc61-063d-08de293a91ac,140,8437.95,2025-11-21 20:14:26.357,2025-11-21 20:14:26.357
d4b01c78-e04c-ea11-a9ce-0a593f791696,140,66120.0,2020-02-11 15:13:48.647,2020-02-11 15:13:48.647
f45b1501-0050-fc61-f883-08de293cf96f,140,6784.75,2025-11-21 20:31:39.453,2025-11-21 20:31:39.453
0a1c0a01-0050-fc61-c34c-08de293a972c,140,6784.75,2025-11-21 20:14:35.633,2025-11-21 20:14:35.633
62e1f35d-1378-ed11-83d0-dbe72732717b,140,4987.5,2022-12-09 22:46:54.980,2022-12-09 22:46:54.980
4e16cd0d-12ae-ed11-83d0-9eba89ea03b3,140,0.0,2023-02-16 16:02:26.110,2023-02-16 16:02:26.110
f525e29a-1178-ed11-83d0-dbe72732717b,140,4987.5,2022-12-09 22:34:17.120,2022-12-09 22:34:17.120
3f390224-ca90-79c7-9e3d-08ddb8cc7bfc,139,0.0,2025-07-01 18:29:29.760,2025-07-01 18:29:29.760
428023aa-517b-ef11-84bd-c48e5e0e1f5c,139,4170.0,2024-09-25 15:21:15.483,2024-09-25 15:21:15.483
6a76063c-1a90-79c7-89c0-08ddf564d9e8,137,0.0,2025-09-16 21:07:29.080,2025-09-16 21:07:29.080
04367c33-3e19-f011-8506-b278d1941312,137,6713.0,2025-04-14 14:39:51.587,2025-04-14 14:39:51.587
afd68f98-790e-ef11-8445-9b982487e2a8,137,4795.0,2024-05-10 03:02:37.563,2024-05-10 03:02:37.563
0935d4a9-1278-ed11-83d0-dbe72732717b,137,5336.15,2022-12-09 22:41:57.317,2022-12-09 22:41:57.317
b2031685-d2bc-ef11-84e2-fc9af4fb06cf,136,7455.6,2024-12-17 23:56:32.790,2024-12-17 23:56:32.790
ec9dd8e8-d1bc-ef11-84e2-fc9af4fb06cf,136,9370.8,2024-12-17 23:52:06.083,2024-12-17 23:52:06.083
a7f86e37-d0bc-ef11-84e2-fc9af4fb06cf,136,8770.4,2024-12-17 23:40:00.900,2024-12-17 23:40:00.900
3d8afbfa-d1bc-ef11-84e2-fc9af4fb06cf,136,7493.6,2024-12-17 23:52:39.087,2024-12-17 23:52:39.087
9b58426e-d7bc-ef11-84e2-fc9af4fb06cf,136,88812.84,2024-12-18 00:31:41.397,2024-12-18 00:31:41.397
3e8a29de-d4bc-ef11-84e2-fc9af4fb06cf,136,54688.08,2024-12-18 00:13:15.413,2024-12-18 00:13:15.413
f5a3f9bb-d0bc-ef11-84e2-fc9af4fb06cf,136,7455.6,2024-12-17 23:43:40.370,2024-12-17 23:43:40.370
989c7d01-d0bc-ef11-84e2-fc9af4fb06cf,136,7493.6,2024-12-17 23:38:32.170,2024-12-17 23:38:32.170
d956491c-d1bc-ef11-84e2-fc9af4fb06cf,136,9370.8,2024-12-17 23:46:22.093,2024-12-17 23:46:22.093
6ec6dcd0-d1bc-ef11-84e2-fc9af4fb06cf,136,9370.8,2024-12-17 23:51:25.230,2024-12-17 23:51:25.230
ca4a3865-cfbc-ef11-84e2-fc9af4fb06cf,136,48760.08,2024-12-17 23:34:07.493,2024-12-17 23:34:07.493
900c41fe-d0bc-ef11-84e2-fc9af4fb06cf,136,42202.8,2024-12-17 23:45:29.397,2024-12-17 23:45:29.397
28b33b04-d1bc-ef11-84e2-fc9af4fb06cf,136,37498.4,2024-12-17 23:45:40.643,2024-12-17 23:45:40.643
563a5714-d5bc-ef11-84e2-fc9af4fb06cf,136,82836.0,2024-12-18 00:14:53.047,2024-12-18 00:14:53.047
1afe6e37-d0bc-ef11-84e2-fc9af4fb06cf,136,27610.8,2024-12-17 23:40:02.780,2024-12-17 23:40:02.780
9df7597d-cfbc-ef11-84e2-fc9af4fb06cf,136,28758.4,2024-12-17 23:34:50.697,2024-12-17 23:34:50.697
fa83e824-d2bc-ef11-84e2-fc9af4fb06cf,136,7455.6,2024-12-17 23:53:45.260,2024-12-17 23:53:45.260
2646893e-d5bc-ef11-84e2-fc9af4fb06cf,136,28606.4,2024-12-18 00:15:58.377,2024-12-18 00:15:58.377
d671eb30-d2bc-ef11-84e2-fc9af4fb06cf,136,6994.85,2024-12-17 23:54:07.197,2024-12-17 23:54:07.197
66d9cd47-d6bc-ef11-84e2-fc9af4fb06cf,136,102481.44,2024-12-18 00:23:23.313,2024-12-18 00:23:23.313
ac8de824-d2bc-ef11-84e2-fc9af4fb06cf,136,7455.6,2024-12-17 23:53:49.610,2024-12-17 23:53:49.610
ac7453c8-d7bc-ef11-84e2-fc9af4fb06cf,136,55822.0,2024-12-18 00:34:11.943,2024-12-18 00:34:11.943
e5bac37c-d1bc-ef11-84e2-fc9af4fb06cf,136,28606.4,2024-12-17 23:49:04.193,2024-12-17 23:49:04.193
5d73e8ee-d1bc-ef11-84e2-fc9af4fb06cf,136,9370.8,2024-12-17 23:52:21.930,2024-12-17 23:52:21.930
908ab473-d0bc-ef11-84e2-fc9af4fb06cf,136,9454.4,2024-12-17 23:41:40.223,2024-12-17 23:41:40.223
36718d44-d5bc-ef11-84e2-fc9af4fb06cf,136,51338.0,2024-12-18 00:16:06.430,2024-12-18 00:16:06.430
8b1146b5-d2bc-ef11-84e2-fc9af4fb06cf,136,7455.6,2024-12-17 23:57:45.523,2024-12-17 23:57:45.523
e765c43b-d4bc-ef11-84e2-fc9af4fb06cf,136,9902.8,2024-12-18 00:08:50.273,2024-12-18 00:08:50.273
fc16f306-d2bc-ef11-84e2-fc9af4fb06cf,136,9370.8,2024-12-17 23:53:00.317,2024-12-17 23:53:00.317
c26ae636-d2bc-ef11-84e2-fc9af4fb06cf,136,9454.4,2024-12-17 23:54:18.830,2024-12-17 23:54:18.830
57b6f218-d2bc-ef11-84e2-fc9af4fb06cf,136,7455.6,2024-12-17 23:53:31.120,2024-12-17 23:53:31.120
c4508e05-d4bc-ef11-84e2-fc9af4fb06cf,136,7455.6,2024-12-18 00:07:11.420,2024-12-18 00:07:11.420
c8cadcd0-d1bc-ef11-84e2-fc9af4fb06cf,136,6695.6,2024-12-17 23:51:26.577,2024-12-17 23:51:26.577
3a7789cf-d3bc-ef11-84e2-fc9af4fb06cf,136,82194.0,2024-12-18 00:05:43.567,2024-12-18 00:05:43.567
57f36e37-d0bc-ef11-84e2-fc9af4fb06cf,136,7455.6,2024-12-17 23:39:58.827,2024-12-17 23:39:58.827
122d1ada-d0bc-ef11-84e2-fc9af4fb06cf,136,8255.5,2024-12-17 23:44:34.183,2024-12-17 23:44:34.183
280c49d9-d2bc-ef11-84e2-fc9af4fb06cf,136,7455.6,2024-12-17 23:58:52.530,2024-12-17 23:58:52.530
fb758293-d3bc-ef11-84e2-fc9af4fb06cf,136,30354.4,2024-12-18 00:03:59.397,2024-12-18 00:03:59.397
3a54115f-cfbc-ef11-84e2-fc9af4fb06cf,136,101861.28,2024-12-17 23:33:53.033,2024-12-17 23:33:53.033
7c71972c-d5bc-ef11-84e2-fc9af4fb06cf,136,50061.2,2024-12-18 00:15:25.823,2024-12-18 00:15:25.823
ab24b9a3-d0bc-ef11-84e2-fc9af4fb06cf,136,9454.4,2024-12-17 23:42:58.957,2024-12-17 23:42:58.957
ab42f8f4-d1bc-ef11-84e2-fc9af4fb06cf,136,8722.9,2024-12-17 23:52:25.913,2024-12-17 23:52:25.913
f17c0f96-3bbe-ef11-84ee-cb0e60af9bc6,136,48017.86,2024-12-19 19:04:15.137,2024-12-19 19:04:15.137
22c3f300-d2bc-ef11-84e2-fc9af4fb06cf,136,7455.6,2024-12-17 23:52:48.820,2024-12-17 23:52:48.820
934ef8f4-d1bc-ef11-84e2-fc9af4fb06cf,136,6695.6,2024-12-17 23:52:30.730,2024-12-17 23:52:30.730
765a438f-cfbc-ef11-84e2-fc9af4fb06cf,136,12258.8,2024-12-17 23:35:19.000,2024-12-17 23:35:19.000
737b4568-d7bc-ef11-84e2-fc9af4fb06cf,136,32638.2,2024-12-18 00:31:30.200,2024-12-18 00:31:30.200
23629a11-d4bc-ef11-84e2-fc9af4fb06cf,136,7455.6,2024-12-18 00:07:39.613,2024-12-18 00:07:39.613
6296eb3c-d2bc-ef11-84e2-fc9af4fb06cf,136,7455.6,2024-12-17 23:54:33.470,2024-12-17 23:54:33.470
2302096d-d2bc-ef11-84e2-fc9af4fb06cf,136,7493.6,2024-12-17 23:55:44.813,2024-12-17 23:55:44.813
59f8d9b5-d0bc-ef11-84e2-fc9af4fb06cf,136,32832.0,2024-12-17 23:43:36.547,2024-12-17 23:43:36.547
85ad8449-d0bc-ef11-84e2-fc9af4fb06cf,136,8770.4,2024-12-17 23:40:35.553,2024-12-17 23:40:35.553
f482a2fe-d7bc-ef11-84e2-fc9af4fb06cf,136,46846.4,2024-12-18 00:35:39.817,2024-12-18 00:35:39.817
c78089cf-d3bc-ef11-84e2-fc9af4fb06cf,136,7455.6,2024-12-18 00:05:47.273,2024-12-18 00:05:47.273
361f38f0-3fca-e68a-7001-019fec0c8697,136,8184.48,2026-08-10 14:25:33.780,2026-08-10 14:25:33.780
4c036f37-d0bc-ef11-84e2-fc9af4fb06cf,136,9370.8,2024-12-17 23:40:04.643,2024-12-17 23:40:04.643
83dd4622-d1bc-ef11-84e2-fc9af4fb06cf,136,7455.6,2024-12-17 23:46:33.380,2024-12-17 23:46:33.380
6127960b-d4bc-ef11-84e2-fc9af4fb06cf,136,7455.6,2024-12-18 00:07:25.070,2024-12-18 00:07:25.070
f042ce88-d1bc-ef11-84e2-fc9af4fb06cf,136,9112.4,2024-12-17 23:49:26.253,2024-12-17 23:49:26.253
0488ac55-d0bc-ef11-84e2-fc9af4fb06cf,136,8455.0,2024-12-17 23:40:47.317,2024-12-17 23:40:47.317
a0dc45d3-d2bc-ef11-84e2-fc9af4fb06cf,136,7455.6,2024-12-17 23:58:43.783,2024-12-17 23:58:43.783
3d607c1f-d0bc-ef11-84e2-fc9af4fb06cf,136,7493.6,2024-12-17 23:39:19.630,2024-12-17 23:39:19.630
605531e6-d0bc-ef11-84e2-fc9af4fb06cf,136,8434.1,2024-12-17 23:44:53.050,2024-12-17 23:44:53.050
3ff63db0-d7bc-ef11-84e2-fc9af4fb06cf,136,0.0,2024-12-18 00:33:34.243,2024-12-18 00:33:34.243
76e587e1-d3bc-ef11-84e2-fc9af4fb06cf,136,7455.6,2024-12-18 00:06:10.123,2024-12-18 00:06:10.123
5258a823-d4bc-ef11-84e2-fc9af4fb06cf,136,7455.6,2024-12-18 00:08:06.000,2024-12-18 00:08:06.000
e4ea0cce-d0bc-ef11-84e2-fc9af4fb06cf,136,8770.4,2024-12-17 23:44:12.623,2024-12-17 23:44:12.623
8005eb42-d2bc-ef11-84e2-fc9af4fb06cf,136,9370.8,2024-12-17 23:54:42.890,2024-12-17 23:54:42.890
47e05b9b-cfbc-ef11-84e2-fc9af4fb06cf,136,7455.6,2024-12-17 23:35:38.823,2024-12-17 23:35:38.823
5fadf218-d2bc-ef11-84e2-fc9af4fb06cf,136,16872.0,2024-12-17 23:53:27.373,2024-12-17 23:53:27.373
35e4aa70-d1bc-ef11-84e2-fc9af4fb06cf,136,9370.8,2024-12-17 23:48:45.470,2024-12-17 23:48:45.470
aa35c447-d4bc-ef11-84e2-fc9af4fb06cf,136,15146.8,2024-12-18 00:09:01.723,2024-12-18 00:09:01.723
34415383-cfbc-ef11-84e2-fc9af4fb06cf,136,8102.0,2024-12-17 23:34:59.207,2024-12-17 23:34:59.207
aeac90c9-d3bc-ef11-84e2-fc9af4fb06cf,136,7455.6,2024-12-18 00:05:32.293,2024-12-18 00:05:32.293
8bf2597d-cfbc-ef11-84e2-fc9af4fb06cf,136,80775.84,2024-12-17 23:34:48.847,2024-12-17 23:34:48.847
dbee6e37-d0bc-ef11-84e2-fc9af4fb06cf,136,32832.0,2024-12-17 23:39:57.417,2024-12-17 23:39:57.417
c2ef7da5-d3bc-ef11-84e2-fc9af4fb06cf,136,8455.0,2024-12-18 00:04:31.710,2024-12-18 00:04:31.710
673b331b-d3bc-ef11-84e2-fc9af4fb06cf,136,7455.6,2024-12-18 00:00:37.330,2024-12-18 00:00:37.330
face542d-d3bc-ef11-84e2-fc9af4fb06cf,136,7455.6,2024-12-18 00:01:13.667,2024-12-18 00:01:13.667
38b69c8b-d0bc-ef11-84e2-fc9af4fb06cf,136,7455.6,2024-12-17 23:42:19.247,2024-12-17 23:42:19.247
f79abe80-eabc-ef11-84e2-fc9af4fb06cf,136,0.0,2024-12-18 02:48:13.967,2024-12-18 02:48:13.967
05f4b376-d1bc-ef11-84e2-fc9af4fb06cf,136,7493.6,2024-12-17 23:48:56.707,2024-12-17 23:48:56.707
9a193216-d1bc-ef11-84e2-fc9af4fb06cf,136,8455.0,2024-12-17 23:46:18.813,2024-12-17 23:46:18.813
252208c8-d0bc-ef11-84e2-fc9af4fb06cf,136,8413.2,2024-12-17 23:44:00.053,2024-12-17 23:44:00.053
f92d7d4b-d3bc-ef11-84e2-fc9af4fb06cf,136,9454.4,2024-12-18 00:01:58.077,2024-12-18 00:01:58.077
7c663dea-d6bc-ef11-84e2-fc9af4fb06cf,136,39972.2,2024-12-18 00:27:55.070,2024-12-18 00:27:55.070
b37df84e-d2bc-ef11-84e2-fc9af4fb06cf,136,7955.3,2024-12-17 23:55:02.280,2024-12-17 23:55:02.280
b0d7542d-d3bc-ef11-84e2-fc9af4fb06cf,136,7455.6,2024-12-18 00:01:16.627,2024-12-18 00:01:16.627
b47d87b3-cfbc-ef11-84e2-fc9af4fb06cf,136,21143.2,2024-12-17 23:36:18.167,2024-12-17 23:36:18.167
1ed73803-d3bc-ef11-84e2-fc9af4fb06cf,136,7455.6,2024-12-18 00:00:04.940,2024-12-18 00:00:04.940
3a4e85d4-d7bc-ef11-84e2-fc9af4fb06cf,136,43637.28,2024-12-18 00:34:35.553,2024-12-18 00:34:35.553
acfcea42-d2bc-ef11-84e2-fc9af4fb06cf,136,7455.6,2024-12-17 23:54:39.583,2024-12-17 23:54:39.583
e98635ea-d4bc-ef11-84e2-fc9af4fb06cf,136,99070.56,2024-12-18 00:13:35.390,2024-12-18 00:13:35.390
5458115f-cfbc-ef11-84e2-fc9af4fb06cf,136,102481.44,2024-12-17 23:33:55.127,2024-12-17 23:33:55.127
9946dcd6-d1bc-ef11-84e2-fc9af4fb06cf,136,7455.6,2024-12-17 23:51:35.887,2024-12-17 23:51:35.887
44be41bb-d2bc-ef11-84e2-fc9af4fb06cf,136,7455.6,2024-12-17 23:58:04.190,2024-12-17 23:58:04.190
a7505495-cfbc-ef11-84e2-fc9af4fb06cf,136,23841.2,2024-12-17 23:35:26.403,2024-12-17 23:35:26.403
d5c3330a-d1bc-ef11-84e2-fc9af4fb06cf,136,9370.8,2024-12-17 23:45:57.667,2024-12-17 23:45:57.667
ef020ed4-d0bc-ef11-84e2-fc9af4fb06cf,136,7493.6,2024-12-17 23:44:21.460,2024-12-17 23:44:21.460
12953a86-d7bc-ef11-84e2-fc9af4fb06cf,136,8455.0,2024-12-18 00:32:17.783,2024-12-18 00:32:17.783
1e345b3a-d1bc-ef11-84e2-fc9af4fb06cf,136,9370.8,2024-12-17 23:47:17.680,2024-12-17 23:47:17.680
68eb7da5-d3bc-ef11-84e2-fc9af4fb06cf,136,8770.4,2024-12-18 00:04:30.277,2024-12-18 00:04:30.277
692051fc-d4bc-ef11-84e2-fc9af4fb06cf,136,6057.2,2024-12-18 00:14:09.627,2024-12-18 00:14:09.627
b1da0101-008e-052f-ece4-08de53ade6c3,135,8380.0,2026-01-14 20:47:53.360,2026-01-14 20:47:53.360
c3800201-0057-a092-9089-08de52ec390e,135,9427.5,2026-01-13 21:44:09.897,2026-01-13 21:44:09.897
5be1a7aa-dff9-ef11-84f4-90b12890b33d,135,10475.0,2025-03-05 16:36:49.520,2025-03-05 16:36:49.520
a0cc1632-500f-ed11-83ad-dfcc1d2bc98f,135,7965.0,2022-07-29 15:10:04.387,2022-07-29 15:10:04.387
e12c014e-4953-ef11-84bd-e74d6bfa3a14,135,10475.0,2024-08-05 16:45:30.987,2024-08-05 16:45:30.987
62843bc0-72d3-ef11-84ee-d7f4306148a9,135,10475.0,2025-01-15 19:01:42.293,2025-01-15 19:01:42.293
b8c451f7-fe04-f011-84f5-f46f85476544,135,7677.45,2025-03-19 20:16:14.767,2025-03-19 20:16:14.767
4315f5e9-af96-ed11-83d0-fcd5d52d905d,135,14175.0,2023-01-17 21:45:54.073,2023-01-17 21:45:54.073
261ae35d-8d6d-59a8-7000-01a03922af57,135,9427.5,2026-08-25 13:36:17.337,2026-08-25 13:36:17.337
4f8c5a2a-3097-ed11-83d0-fc6fbd1b1d8b,135,14175.0,2023-01-18 13:01:54.320,2023-01-18 13:01:54.320
ea7f1692-899b-ee11-8445-cc0b759db311,133,6217.75,2023-12-15 20:36:07.237,2023-12-15 20:36:07.237
5673362d-795c-ec11-8350-fd1908bc5a53,133,5054.0,2021-12-14 01:00:08.737,2021-12-14 01:00:08.737
9b045945-879b-ee11-8445-cc0b759db311,133,29378.75,2023-12-15 20:19:40.487,2023-12-15 20:19:40.487
4254304e-785c-ec11-8350-fd1908bc5a53,133,6184.5,2021-12-14 00:54:02.577,2021-12-14 00:54:02.577
6a893f8c-b2d2-eb11-830a-9b92ee7b3382,133,77000.0,2021-06-21 17:08:36.787,2021-06-21 17:08:36.787
a3654442-7a5c-ec11-8350-fd1908bc5a53,133,5320.0,2021-12-14 01:07:53.220,2021-12-14 01:07:53.220
f2232a84-7c5c-ec11-8350-fd1908bc5a53,133,0.0,2021-12-14 01:24:03.253,2021-12-14 01:24:03.253
e767fee8-8a9b-ee11-8445-cc0b759db311,133,6217.75,2023-12-15 20:45:50.533,2023-12-15 20:45:50.533
1571d52c-7b5c-ec11-8350-fd1908bc5a53,133,5054.0,2021-12-14 01:14:30.040,2021-12-14 01:14:30.040
7b1214f1-869b-ee11-8445-cc0b759db311,133,14330.75,2023-12-15 20:17:27.743,2023-12-15 20:17:27.743
12c03510-d1bc-ef11-84e2-fc9af4fb06cf,133,6912.05,2024-12-17 23:46:06.017,2024-12-17 23:46:06.017
2185e42b-899b-ee11-8445-cc0b759db311,133,6217.75,2023-12-15 20:33:25.107,2023-12-15 20:33:25.107
6055c2d1-889b-ee11-8445-cc0b759db311,133,5586.0,2023-12-15 20:30:51.187,2023-12-15 20:30:51.187
6eedfe6e-7b5c-ec11-8350-fd1908bc5a53,133,5054.0,2021-12-14 01:16:18.970,2021-12-14 01:16:18.970
0f40657e-7a5c-ec11-8350-fd1908bc5a53,133,5320.0,2021-12-14 01:09:35.357,2021-12-14 01:09:35.357
33386f72-7a5c-ec11-8350-fd1908bc5a53,133,4655.0,2021-12-14 01:09:16.280,2021-12-14 01:09:16.280
dadabcab-775c-ec11-8350-fd1908bc5a53,133,6650.0,2021-12-14 00:49:23.007,2021-12-14 00:49:23.007
91436639-775c-ec11-8350-fd1908bc5a53,133,26536.92,2021-12-14 00:46:12.447,2021-12-14 00:46:12.447
29229647-889b-ee11-8445-cc0b759db311,133,7315.0,2023-12-15 20:26:55.767,2023-12-15 20:26:55.767
3a905951-795c-ec11-8350-fd1908bc5a53,133,4655.0,2021-12-14 01:01:13.207,2021-12-14 01:01:13.207
e3515210-8a9b-ee11-8445-cc0b759db311,133,6217.75,2023-12-15 20:39:45.920,2023-12-15 20:39:45.920
f1e1343f-879b-ee11-8445-cc0b759db311,133,7880.25,2023-12-15 20:19:38.663,2023-12-15 20:19:38.663
2f7bb0fc-7a5c-ec11-8350-fd1908bc5a53,133,25095.2,2021-12-14 01:13:10.483,2021-12-14 01:13:10.483
d202cad5-795c-ec11-8350-fd1908bc5a53,133,5168.0,2021-12-14 01:04:51.867,2021-12-14 01:04:51.867
c793d7ac-8a9b-ee11-8445-cc0b759db311,133,23047.0,2023-12-15 20:44:08.037,2023-12-15 20:44:08.037
237517a5-7b5c-ec11-8350-fd1908bc5a53,133,4522.0,2021-12-14 01:17:52.960,2021-12-14 01:17:52.960
54dc7b93-795c-ec11-8350-fd1908bc5a53,133,5320.0,2021-12-14 01:03:04.303,2021-12-14 01:03:04.303
882969a5-879b-ee11-8445-cc0b759db311,133,6251.0,2023-12-15 20:22:26.730,2023-12-15 20:22:26.730
3d0ad632-7b5c-ec11-8350-fd1908bc5a53,133,6574.0,2021-12-14 01:14:39.187,2021-12-14 01:14:39.187
e004182b-8b9b-ee11-8445-cc0b759db311,133,6217.75,2023-12-15 20:47:42.253,2023-12-15 20:47:42.253
c59b10aa-899b-ee11-8445-cc0b759db311,133,6217.75,2023-12-15 20:36:51.387,2023-12-15 20:36:51.387
4f5a9cb7-795c-ec11-8350-fd1908bc5a53,133,5054.0,2021-12-14 01:04:08.303,2021-12-14 01:04:08.303
77fc0968-899b-ee11-8445-cc0b759db311,133,6217.75,2023-12-15 20:35:06.267,2023-12-15 20:35:06.267
383d6163-879b-ee11-8445-cc0b759db311,133,7880.25,2023-12-15 20:20:30.877,2023-12-15 20:20:30.877
6859ea0d-899b-ee11-8445-cc0b759db311,133,6217.75,2023-12-15 20:32:28.383,2023-12-15 20:32:28.383
3115724c-8a9b-ee11-8445-cc0b759db311,133,6217.75,2023-12-15 20:41:20.080,2023-12-15 20:41:20.080
b9f77b5d-775c-ec11-8350-fd1908bc5a53,133,6517.0,2021-12-14 00:47:17.910,2021-12-14 00:47:17.910
098cbdb1-775c-ec11-8350-fd1908bc5a53,133,5054.0,2021-12-14 00:49:37.567,2021-12-14 00:49:37.567
8fb06840-8a9b-ee11-8445-cc0b759db311,133,5586.0,2023-12-15 20:40:59.870,2023-12-15 20:40:59.870
01ec0281-7b5c-ec11-8350-fd1908bc5a53,133,4598.0,2021-12-14 01:16:50.507,2021-12-14 01:16:50.507
6dfe60ab-879b-ee11-8445-cc0b759db311,133,7880.25,2023-12-15 20:22:34.530,2023-12-15 20:22:34.530
338358b1-879b-ee11-8445-cc0b759db311,133,6217.75,2023-12-15 20:22:46.933,2023-12-15 20:22:46.933
6cb3f7f4-8a9b-ee11-8445-cc0b759db311,133,7842.25,2023-12-15 20:46:04.140,2023-12-15 20:46:04.140
9f8a1267-8b9b-ee11-8445-cc0b759db311,133,7790.0,2023-12-15 20:49:15.340,2023-12-15 20:49:15.340
0215e5fe-370c-ec11-8315-d10a2ea2725a,133,72352.0,2021-09-02 22:01:06.063,2021-09-02 22:01:06.063
8dad3fdf-765c-ec11-8350-fd1908bc5a53,133,12369.0,2021-12-14 00:43:45.247,2021-12-14 00:43:45.247
ef3c6639-775c-ec11-8350-fd1908bc5a53,133,6650.0,2021-12-14 00:46:10.460,2021-12-14 00:46:10.460
f3de0b5a-8d9b-ee11-8445-cc0b759db311,132,2251.5,2023-12-15 21:03:17.063,2023-12-15 21:03:17.063
39a339c3-1120-ee11-8445-c3fa346bda63,132,0.0,2023-07-11 17:50:00.830,2023-07-11 17:50:00.830
e1f9fe9b-d6bc-ef11-84e2-fc9af4fb06cf,132,2363.6,2024-12-18 00:25:47.923,2024-12-18 00:25:47.923
872b0730-2290-79c7-ed51-08ddfc3e4764,132,3960.0,2025-09-25 14:20:24.870,2025-09-25 14:20:24.870
1eaab260-68f3-ee11-8445-9cf132620893,131,8398.41,2024-04-05 16:25:58.623,2024-04-05 16:25:58.623
81310a44-ff90-79c7-da2e-08ddcbadb9d5,131,6419.0,2025-07-25 19:02:55.783,2025-07-25 19:02:55.783
5c660540-9990-79c7-c918-08ddd5c34f95,131,9787.4,2025-08-07 15:02:36.170,2025-08-07 15:02:36.170
fe4cabf9-5b06-ef11-8445-9a2c5e9b300a,131,9170.0,2024-04-29 19:11:15.590,2024-04-29 19:11:15.590
73d4bca5-775c-ec11-8350-fd1908bc5a53,130,5232.5,2021-12-14 00:49:13.817,2021-12-14 00:49:13.817
8ea97271-609e-ec11-8395-e6355712281b,130,2600.0,2022-03-07 21:53:47.493,2022-03-07 21:53:47.493
8b16e285-af57-ec11-8350-fd1908bc5a53,130,0.0,2021-12-07 22:52:48.357,2021-12-07 22:52:48.357
6fc1d7ab-5f22-ed11-83d0-c8c5dcec0299,130,0.0,2022-08-22 21:17:22.083,2022-08-22 21:17:22.083
987753c8-d7bc-ef11-84e2-fc9af4fb06cf,130,44779.7,2024-12-18 00:34:13.197,2024-12-18 00:34:13.197
46c76911-6fa2-dc9f-7002-019f6b4a7471,129,6281.0,2026-07-16 14:17:56.803,2026-07-16 14:17:56.803
0fed7b5d-775c-ec11-8350-fd1908bc5a53,129,6450.0,2021-12-14 00:47:14.510,2021-12-14 00:47:14.510
549f2a81-7c24-c4ad-7002-01a0208e8c9e,129,0.0,2026-08-20 19:06:55.587,2026-08-20 19:06:55.587
d5de7a32-457b-ed11-83d0-dbe117b3817e,128,66585.6,2022-12-14 00:21:15.977,2022-12-14 00:21:15.977
578de1ed-59df-ef11-84f4-83c9eaeed764,128,122368.0,2025-01-30 22:36:40.277,2025-01-30 22:36:40.277
b83ad53d-9714-ec11-8315-fb5a79dba31f,128,0.0,2021-09-13 13:43:31.547,2021-09-13 13:43:31.547
81400501-001c-582d-16d7-08de8b5b9417,128,9456.0,2026-03-26 17:21:41.980,2026-03-26 17:21:41.980
a1e1afe7-74b9-ee11-8444-aa5d7bd22832,128,122368.0,2024-01-22 22:27:24.020,2024-01-22 22:27:24.020
97cb1925-a746-ee11-8444-e28876abf53b,128,0.0,2023-08-29 20:05:11.487,2023-08-29 20:05:11.487
5b19ccec-7e24-ed11-83d0-8d22e3b60594,127,5140.96,2022-08-25 14:06:36.953,2022-08-25 14:06:36.953
29a41878-577b-ed11-83d0-dbe117b3817e,126,20064.0,2022-12-14 02:32:04.157,2022-12-14 02:32:04.157
026d1f8a-577b-ed11-83d0-dbe117b3817e,126,64296.0,2022-12-14 02:32:28.937,2022-12-14 02:32:28.937
2ad82056-567b-ed11-83d0-dbe117b3817e,126,24624.0,2022-12-14 02:23:53.363,2022-12-14 02:23:53.363
dd69f965-547b-ed11-83d0-dbe117b3817e,126,70452.0,2022-12-14 02:10:00.283,2022-12-14 02:10:00.283
423dce1c-dc7b-ed11-83d0-d526d65c5b2e,126,119700.0,2022-12-14 18:22:23.500,2022-12-14 18:22:23.500
b39ec5c0-547b-ed11-83d0-dbe117b3817e,126,38760.0,2022-12-14 02:12:32.647,2022-12-14 02:12:32.647
ba0a92b2-557b-ed11-83d0-dbe117b3817e,126,38760.0,2022-12-14 02:19:19.007,2022-12-14 02:19:19.007
bf0d9c0d-567b-ed11-83d0-dbe117b3817e,126,44460.0,2022-12-14 02:21:47.823,2022-12-14 02:21:47.823
312137e9-557b-ed11-83d0-dbe117b3817e,126,44460.0,2022-12-14 02:20:45.853,2022-12-14 02:20:45.853
d7ff2229-577b-ed11-83d0-dbe117b3817e,126,22344.0,2022-12-14 02:29:45.660,2022-12-14 02:29:45.660
08374406-72f9-ed11-8445-e80cd7b61f84,126,0.0,2023-05-23 14:03:23.203,2023-05-23 14:03:23.203
7c210201-0028-1e19-d885-08de3124e7c8,126,13484.4,2025-12-01 22:00:16.587,2025-12-01 22:00:16.587
fd30b1de-467b-ed11-83d0-dbe117b3817e,126,57912.0,2022-12-14 00:33:13.403,2022-12-14 00:33:13.403
a31539e3-557b-ed11-83d0-dbe117b3817e,126,20064.0,2022-12-14 02:20:36.553,2022-12-14 02:20:36.553
8135077e-467b-ed11-83d0-dbe117b3817e,126,70452.0,2022-12-14 00:30:32.043,2022-12-14 00:30:32.043
6a316245-587b-ed11-83d0-dbe117b3817e,126,125400.0,2022-12-14 02:37:48.793,2022-12-14 02:37:48.793
6076f4da-567b-ed11-83d0-dbe117b3817e,126,76608.0,2022-12-14 02:27:34.910,2022-12-14 02:27:34.910
73b9056c-547b-ed11-83d0-dbe117b3817e,126,70452.0,2022-12-14 02:10:09.610,2022-12-14 02:10:09.610
c7abf3b4-2c9c-ed11-83d0-b058110f6bd4,126,0.0,2023-01-24 21:26:43.193,2023-01-24 21:26:43.193
af7483a6-587b-ed11-83d0-dbe117b3817e,126,20064.0,2022-12-14 02:40:24.433,2022-12-14 02:40:24.433
4d70daa8-547b-ed11-83d0-dbe117b3817e,126,24624.0,2022-12-14 02:11:54.200,2022-12-14 02:11:54.200
f3943e0f-557b-ed11-83d0-dbe117b3817e,126,22344.0,2022-12-14 02:14:40.673,2022-12-14 02:14:40.673
751a9c0d-567b-ed11-83d0-dbe117b3817e,126,20064.0,2022-12-14 02:21:54.417,2022-12-14 02:21:54.417
c5b3ab4b-557b-ed11-83d0-dbe117b3817e,126,44460.0,2022-12-14 02:16:30.870,2022-12-14 02:16:30.870
b2f43088-557b-ed11-83d0-dbe117b3817e,126,38760.0,2022-12-14 02:18:09.207,2022-12-14 02:18:09.207
2e2d700b-8d9b-ee11-8445-cc0b759db311,126,60320.64,2023-12-15 21:01:00.357,2023-12-15 21:01:00.357
20220201-00e4-f51d-65a1-08de4a338da6,126,14337.6,2026-01-02 19:17:52.537,2026-01-02 19:17:52.537
9829b9c5-6f54-ec11-8350-e91d5dfc718b,126,0.0,2021-12-03 19:34:18.300,2021-12-03 19:34:18.300
9fa20701-00d4-e25d-085c-08de3e983786,126,14126.4,2025-12-19 00:49:05.947,2025-12-19 00:49:05.947
643f7a9c-467b-ed11-83d0-dbe117b3817e,126,70452.0,2022-12-14 00:31:21.210,2022-12-14 00:31:21.210
07ccccc2-567b-ed11-83d0-dbe117b3817e,126,20064.0,2022-12-14 02:26:57.473,2022-12-14 02:26:57.473
797117c8-44b1-ed11-83d0-94bda21e0102,126,0.0,2023-02-20 17:34:19.440,2023-02-20 17:34:19.440
24b33a15-557b-ed11-83d0-dbe117b3817e,126,64296.0,2022-12-14 02:14:55.473,2022-12-14 02:14:55.473
2cdab313-567b-ed11-83d0-dbe117b3817e,126,22344.0,2022-12-14 02:22:02.580,2022-12-14 02:22:02.580
49e6fcf6-547b-ed11-83d0-dbe117b3817e,126,22344.0,2022-12-14 02:14:02.250,2022-12-14 02:14:02.250
91360aff-567b-ed11-83d0-dbe117b3817e,126,70452.0,2022-12-14 02:28:38.327,2022-12-14 02:28:38.327
91b48ea2-577b-ed11-83d0-dbe117b3817e,126,38760.0,2022-12-14 02:33:12.793,2022-12-14 02:33:12.793
0047bd3f-47b1-ed11-83d0-b9a885cf768b,126,0.0,2023-02-20 17:51:53.893,2023-02-20 17:51:53.893
97704992-567b-ed11-83d0-dbe117b3817e,126,53656.0,2022-12-14 02:25:37.873,2022-12-14 02:25:37.873
6b8292aa-567b-ed11-83d0-dbe117b3817e,126,39900.0,2022-12-14 02:26:10.587,2022-12-14 02:26:10.587
0011328e-557b-ed11-83d0-dbe117b3817e,126,64296.0,2022-12-14 02:18:12.733,2022-12-14 02:18:12.733
4e4ff1ac-80f0-ef11-84f4-cda980f73c1a,125,0.0,2025-02-21 18:26:44.973,2025-02-21 18:26:44.973
12c3c6b8-2a2d-83ba-7000-01a005e49937,125,0.0,2026-08-15 14:48:59.520,2026-08-15 14:48:59.520
594512ff-2fe0-eb11-8315-84567409e677,125,4850.0,2021-07-08 21:33:18.850,2021-07-08 21:33:18.850
7dbd02c4-3f90-79c7-703e-08de00f8e672,125,0.0,2025-10-01 14:46:06.577,2025-10-01 14:46:06.577
ea476163-879b-ee11-8445-cc0b759db311,125,7343.75,2023-12-15 20:20:34.430,2023-12-15 20:20:34.430
55990670-4b90-79c7-c057-08ddecb7fa34,125,0.0,2025-09-05 20:21:09.357,2025-09-05 20:21:09.357
e3d5e697-73db-ec11-8398-ccb9c0fe8a1e,124,7272.6,2022-05-24 15:11:05.770,2022-05-24 15:11:05.770
779666a6-2426-d294-7001-01a0d41a2306,124,0.0,2026-09-24 15:47:59.817,2026-09-24 15:47:59.817
f756cbbc-1cba-ee11-8444-f25803cab98d,124,98188.0,2024-01-23 18:32:06.023,2024-01-23 18:32:06.023
37cde5ed-c32d-ec11-8344-c054e276146e,124,7068.0,2021-10-15 14:41:30.600,2021-10-15 14:41:30.600
2683e3e5-1278-ed11-83d0-dbe72732717b,120,4674.0,2022-12-09 22:43:35.533,2022-12-09 22:43:35.533
9ba10b01-0050-fc61-1a9c-08de293ae772,120,5788.8,2025-11-21 20:16:50.253,2025-11-21 20:16:50.253
89491567-1478-ed11-83d0-dbe72732717b,120,4674.0,2022-12-09 22:54:18.847,2022-12-09 22:54:18.847
992223ca-1378-ed11-83d0-dbe72732717b,120,4674.0,2022-12-09 22:49:54.083,2022-12-09 22:49:54.083
a9bd0d01-0050-fc61-5c02-08de293b5cbe,120,21669.3,2025-11-21 20:20:07.093,2025-11-21 20:20:07.093
3410bf93-18db-ea11-828c-a3b0b95dd4b2,120,7524.0,2020-08-10 15:00:48.517,2020-08-10 15:00:48.517
69ac0e01-0050-fc61-f42d-08de293b8dd4,120,6742.2,2025-11-21 20:21:29.407,2025-11-21 20:21:29.407
47b3a369-0f78-ed11-83d0-dbe72732717b,120,5928.0,2022-12-09 22:18:33.877,2022-12-09 22:18:33.877
1e980f01-0050-fc61-7c4e-08de293bbd7a,120,30871.2,2025-11-21 20:22:49.387,2025-11-21 20:22:49.387
272021af-0e78-ed11-83d0-dbe72732717b,120,5928.0,2022-12-09 22:13:24.440,2022-12-09 22:13:24.440
6a9a1613-1278-ed11-83d0-dbe72732717b,120,5871.0,2022-12-09 22:37:45.243,2022-12-09 22:37:45.243
0734a1f0-0fd1-ea11-828c-b57555799727,120,10944.0,2020-07-28 20:25:44.457,2020-07-28 20:25:44.457
0726c25a-2050-ef11-84bd-94497a47cfd1,120,0.0,2024-08-01 16:09:10.237,2024-08-01 16:09:10.237
26ea2408-558a-ea11-a9ce-0a593f791696,120,22800.0,2020-04-29 20:13:33.327,2020-04-29 20:13:33.327
9691bf85-1278-ed11-83d0-dbe72732717b,120,4674.0,2022-12-09 22:40:56.720,2022-12-09 22:40:56.720
32e7f35d-1378-ed11-83d0-dbe72732717b,120,5548.0,2022-12-09 22:46:57.743,2022-12-09 22:46:57.743
9806dc91-1678-ed11-83d0-dbe72732717b,120,3135.0,2022-12-09 23:09:55.363,2022-12-09 23:09:55.363
2df8e5f7-1278-ed11-83d0-dbe72732717b,120,5871.0,2022-12-09 22:44:04.280,2022-12-09 22:44:04.280
e6314481-961e-ef11-8445-9287b6d5635e,120,0.0,2024-05-30 15:10:59.557,2024-05-30 15:10:59.557
bcf10c01-0050-fc61-a40d-08de293b30d7,120,5788.8,2025-11-21 20:18:53.393,2025-11-21 20:18:53.393
ce428c84-1484-ea11-a9ce-0a593f791696,120,20520.0,2020-04-21 21:15:10.847,2020-04-21 21:15:10.847
1ec1bb9d-fc69-ea11-a9ce-0a593f791696,120,50160.0,2020-03-19 16:17:16.923,2020-03-19 16:17:16.923
b1cb0a01-0050-fc61-7c3a-08de293ab9e0,120,5815.5,2025-11-21 20:15:33.843,2025-11-21 20:15:33.843
cf710901-0050-fc61-a8af-08de293a73d7,120,7374.3,2025-11-21 20:13:36.330,2025-11-21 20:13:36.330
953400e1-2036-ea11-a9ce-0a593f791696,120,55100.0,2020-01-13 16:26:12.113,2020-01-13 16:26:12.113
aaaa0b61-14b9-ed11-842b-da78e26b210b,120,0.0,2023-03-02 16:07:58.607,2023-03-02 16:07:58.607
94ba8db6-acef-ef11-84f4-a54065c285f4,120,0.0,2025-02-20 17:08:39.920,2025-02-20 17:08:39.920
26080a22-1178-ed11-83d0-dbe72732717b,120,4674.0,2022-12-09 22:30:59.297,2022-12-09 22:30:59.297
0772f9ac-1178-ed11-83d0-dbe72732717b,120,4674.0,2022-12-09 22:34:50.707,2022-12-09 22:34:50.707
25e17fc3-5bde-ea11-828c-dab48128a9c3,120,8208.0,2020-08-14 18:45:42.283,2020-08-14 18:45:42.283
d51f2d33-3099-ea11-a9ce-0a593f791696,120,18240.0,2020-05-18 17:54:23.690,2020-05-18 17:54:23.690
f4380f01-0050-fc61-b671-08de293ba94b,120,5815.5,2025-11-21 20:22:15.490,2025-11-21 20:22:15.490
c0e20b01-0050-fc61-fec2-08de293af48b,120,6492.15,2025-11-21 20:17:12.267,2025-11-21 20:17:12.267
5640054c-3c90-79c7-2504-08dda2b1f949,120,0.0,2025-06-03 15:20:37.957,2025-06-03 15:20:37.957
01030801-0050-fc61-3b7c-08de293a274a,120,5738.2,2025-11-21 20:11:27.897,2025-11-21 20:11:27.897
32347564-fe7f-ea11-a9ce-0a593f791696,120,22800.0,2020-04-16 16:23:56.403,2020-04-16 16:23:56.403
e9ea1501-0050-fc61-37c2-08de293d17d0,120,5950.4,2025-11-21 20:32:30.410,2025-11-21 20:32:30.410
3d4bc67b-01d8-ea11-828c-cf34c837d27a,120,8664.0,2020-08-06 16:37:38.360,2020-08-06 16:37:38.360
bbfa1a01-0050-fc61-9822-08de293e37eb,120,3598.8,2025-11-21 20:40:33.810,2025-11-21 20:40:33.810
c2344261-53cd-ec11-8398-ba55741b193a,120,9000.0,2022-05-06 15:47:23.123,2022-05-06 15:47:23.123
6703d53c-1478-ed11-83d0-dbe72732717b,120,4674.0,2022-12-09 22:53:10.497,2022-12-09 22:53:10.497
923d1201-0050-fc61-617f-08de293c4c31,120,6680.4,2025-11-21 20:26:48.800,2025-11-21 20:26:48.800
9c620b01-0050-fc61-dad5-08de293adb24,120,25798.6,2025-11-21 20:16:29.690,2025-11-21 20:16:29.690
b22c1001-0050-fc61-5982-08de293bddf4,120,7374.3,2025-11-21 20:23:43.857,2025-11-21 20:23:43.857
91c5b5fb-fb9f-ec11-8395-cb33f772c053,120,9000.0,2022-03-09 22:58:10.783,2022-03-09 22:58:10.783
03081101-0050-fc61-fc5f-08de293c0b39,120,7063.2,2025-11-21 20:24:59.877,2025-11-21 20:24:59.877
20c48d19-36d3-ea11-828c-b4e2a79c59ea,120,9462.0,2020-07-31 14:10:15.803,2020-07-31 14:10:15.803
925eb249-c3d5-ea11-828c-c3297631124c,120,8664.0,2020-08-03 20:07:19.217,2020-08-03 20:07:19.217
534d2201-0050-fc61-529e-08de293ff036,120,38503.5,2025-11-21 20:52:52.453,2025-11-21 20:52:52.453
18ed2001-0050-fc61-c22c-08de293f9cde,120,67532.98,2025-11-21 20:50:32.707,2025-11-21 20:50:32.707
b39f2e9a-0f78-ed11-83d0-dbe72732717b,120,5928.0,2022-12-09 22:19:55.390,2022-12-09 22:19:55.390
b8d0301c-1778-ed11-83d0-dbe72732717b,120,0.0,2022-12-09 23:13:46.070,2022-12-09 23:13:46.070
d19155a9-dcdc-ea11-828c-dab48128a9c3,120,8664.0,2020-08-12 20:46:57.493,2020-08-12 20:46:57.493
29db26b2-1378-ed11-83d0-dbe72732717b,120,4788.0,2022-12-09 22:49:14.197,2022-12-09 22:49:14.197
0aaa1e01-0050-fc61-8671-08de293f11da,120,3598.8,2025-11-21 20:46:39.420,2025-11-21 20:46:39.420
98e72001-0050-fc61-79d1-08de293f9b53,120,5203.35,2025-11-21 20:50:30.170,2025-11-21 20:50:30.170
fa0e3731-1278-ed11-83d0-dbe72732717b,120,4674.0,2022-12-09 22:38:36.027,2022-12-09 22:38:36.027
fa1ae864-d2bb-eb11-830a-a4b0d298b5f4,120,36024.0,2021-05-23 14:23:09.540,2021-05-23 14:23:09.540
ea73163a-1178-ed11-83d0-dbe72732717b,120,5586.0,2022-12-09 22:31:32.283,2022-12-09 22:31:32.283
b8c309c0-f690-79c7-db34-08ddd467c5c5,120,5098.8,2025-08-05 21:35:35.410,2025-08-05 21:35:35.410
94470701-0050-fc61-3ec6-08de2939fefe,120,5815.5,2025-11-21 20:10:20.267,2025-11-21 20:10:20.267
aaa9634f-1278-ed11-83d0-dbe72732717b,120,5092.0,2022-12-09 22:39:24.770,2022-12-09 22:39:24.770
d1c2b8ab-3991-ea11-a9ce-0a593f791696,120,18240.0,2020-05-08 15:07:33.047,2020-05-08 15:07:33.047
93b5844c-fb5f-ea11-a9ce-0a593f791696,120,55100.0,2020-03-06 22:43:55.213,2020-03-06 22:43:55.213
96860801-0050-fc61-7836-08de293a43b9,120,7374.3,2025-11-21 20:12:15.607,2025-11-21 20:12:15.607
ae973384-dbd8-ea11-828c-cf34c837d27a,120,10716.0,2020-08-07 18:37:37.097,2020-08-07 18:37:37.097
0dd40f01-0050-fc61-b542-08de293bca51,120,16490.8,2025-11-21 20:23:10.910,2025-11-21 20:23:10.910
93175a3e-96ba-ec11-8398-cd87ee1b037a,120,9000.0,2022-04-12 19:28:15.063,2022-04-12 19:28:15.063
fb1c1901-0050-fc61-ad88-08de293dc7eb,120,38503.5,2025-11-21 20:37:25.827,2025-11-21 20:37:25.827
4fdb2001-0050-fc61-8de4-08de293f97cb,120,3598.8,2025-11-21 20:50:24.237,2025-11-21 20:50:24.237
2b2227d3-b3d8-ea11-828c-cf34c837d27a,120,10032.0,2020-08-07 13:46:17.187,2020-08-07 13:46:17.187
dbfdf121-1378-ed11-83d0-dbe72732717b,120,4788.0,2022-12-09 22:45:14.067,2022-12-09 22:45:14.067
c8fd0f01-0050-fc61-c132-08de293bd30a,120,5592.7,2025-11-21 20:23:25.520,2025-11-21 20:23:25.520
7afd72ef-8a4e-ea11-a9ce-0a593f791696,120,45030.0,2020-02-13 18:09:29.657,2020-02-13 18:09:29.657
640faaa3-fcd0-ea11-828c-b57555799727,120,10032.0,2020-07-28 18:08:59.527,2020-07-28 18:08:59.527
c8daaa69-9f3c-ea11-a9ce-0a593f791696,120,40280.0,2020-01-21 22:47:51.730,2020-01-21 22:47:51.730
6e1f42b1-db8f-ea11-a9ce-0a593f791696,120,18240.0,2020-05-06 20:58:42.203,2020-05-06 20:58:42.203
2231e9f2-2b8a-ea11-a9ce-0a593f791696,120,20520.0,2020-04-29 15:19:06.173,2020-04-29 15:19:06.173
1104351d-611c-ea11-a9ce-0a593f791696,120,55100.0,2019-12-11 22:09:52.700,2019-12-11 22:09:52.700
f913bbe1-46d7-ea11-828c-cf34c837d27a,120,8664.0,2020-08-05 18:13:34.807,2020-08-05 18:13:34.807
71101b01-0050-fc61-5f58-08de293e3cf0,120,7168.8,2025-11-21 20:40:42.203,2025-11-21 20:40:42.203
63e20b0f-7dd2-ea11-828c-b4e2a79c59ea,120,8208.0,2020-07-30 16:01:46.087,2020-07-30 16:01:46.087
8fd62201-0050-fc61-8997-08de2940111f,120,3598.8,2025-11-21 20:53:47.690,2025-11-21 20:53:47.690
ba481601-0050-fc61-49c2-08de293d2c1c,120,101249.66,2025-11-21 20:33:04.477,2025-11-21 20:33:04.477
026a7afb-1578-ed11-83d0-dbe72732717b,120,5928.0,2022-12-09 23:05:43.160,2022-12-09 23:05:43.160
34720c01-0050-fc61-79da-08de293b162f,120,7168.8,2025-11-21 20:18:08.767,2025-11-21 20:18:08.767
c22f0801-0050-fc61-c185-08de293a30a0,120,7374.3,2025-11-21 20:11:43.627,2025-11-21 20:11:43.627
7c2b0170-1378-ed11-83d0-dbe72732717b,120,4674.0,2022-12-09 22:47:21.277,2022-12-09 22:47:21.277
0cfc1e01-0050-fc61-c66c-08de293f2688,120,5815.5,2025-11-21 20:47:14.120,2025-11-21 20:47:14.120
c1968eee-0f78-ed11-83d0-dbe72732717b,120,5928.0,2022-12-09 22:22:24.350,2022-12-09 22:22:24.350
1c602101-0050-fc61-7585-08de293fb84c,120,14427.7,2025-11-21 20:51:18.680,2025-11-21 20:51:18.680
1439fd95-2f1c-ea11-a9ce-0a593f791696,120,55100.0,2019-12-11 16:08:50.763,2019-12-11 16:08:50.763
65882f5e-1178-ed11-83d0-dbe72732717b,120,5586.0,2022-12-09 22:32:37.577,2022-12-09 22:32:37.577
7fff1e01-0050-fc61-1287-08de293f272a,120,3598.8,2025-11-21 20:47:15.160,2025-11-21 20:47:15.160
63542201-0050-fc61-eb07-08de293ff149,120,3598.8,2025-11-21 20:52:54.263,2025-11-21 20:52:54.263
1aea1401-0050-fc61-0c27-08de293ce0fe,120,47769.84,2025-11-21 20:30:58.413,2025-11-21 20:30:58.413
50b491e5-1183-ea11-a9ce-0a593f791696,120,20520.0,2020-04-20 14:24:30.777,2020-04-20 14:24:30.777
8844a2c1-1078-ed11-83d0-dbe72732717b,120,4788.0,2022-12-09 22:28:14.697,2022-12-09 22:28:14.697
4afaed45-1378-ed11-83d0-dbe72732717b,120,4674.0,2022-12-09 22:46:14.960,2022-12-09 22:46:14.960
b22192dc-0f78-ed11-83d0-dbe72732717b,120,4674.0,2022-12-09 22:21:50.043,2022-12-09 22:21:50.043
449a6cfa-1378-ed11-83d0-dbe72732717b,120,4674.0,2022-12-09 22:51:16.157,2022-12-09 22:51:16.157
38361d01-0050-fc61-f570-08de293ebaaa,120,68037.64,2025-11-21 20:44:13.170,2025-11-21 20:44:13.170
0f9385ec-cbb9-eb11-830a-a4b0d298b5f4,120,0.0,2021-05-21 00:32:23.027,2021-05-21 00:32:23.027
9cbec443-1678-ed11-83d0-dbe72732717b,120,4997.0,2022-12-09 23:07:37.067,2022-12-09 23:07:37.067
aacaad89-ecdc-ea11-828c-dab48128a9c3,120,8664.0,2020-08-12 22:39:09.997,2020-08-12 22:39:09.997
81204d06-f662-ea11-a9ce-0a593f791696,120,50160.0,2020-03-10 17:44:48.437,2020-03-10 17:44:48.437
631a1501-0050-fc61-29ca-08de293cea81,120,20551.3,2025-11-21 20:31:14.400,2025-11-21 20:31:14.400
603c5597-8fd5-ea11-828c-b4e2a79c59ea,120,10032.0,2020-08-03 13:51:19.033,2020-08-03 13:51:19.033
adaf2201-0050-fc61-2fc6-08de29400909,120,41866.5,2025-11-21 20:53:34.113,2025-11-21 20:53:34.113
7ce71d01-0050-fc61-6fad-08de293ee405,120,7374.3,2025-11-21 20:45:22.557,2025-11-21 20:45:22.557
a55a1301-0050-fc61-a611-08de293c8d85,120,5815.5,2025-11-21 20:28:38.387,2025-11-21 20:28:38.387
04b41b01-0050-fc61-bda9-08de293e6205,120,41866.5,2025-11-21 20:41:44.420,2025-11-21 20:41:44.420
a480e1f0-30d8-ea11-828c-cf34c837d27a,120,10716.0,2020-08-06 22:09:26.750,2020-08-06 22:09:26.750
3cd41b01-0050-fc61-629d-08de293e693e,120,3598.8,2025-11-21 20:41:56.560,2025-11-21 20:41:56.560
b1432201-0050-fc61-81a5-08de293fedf2,120,5815.5,2025-11-21 20:52:48.687,2025-11-21 20:52:48.687
75be4868-d5d1-ea11-828c-b57555799727,120,10944.0,2020-07-29 20:04:27.023,2020-07-29 20:04:27.023
0c892001-0050-fc61-69ba-08de293f8557,120,5147.1,2025-11-21 20:49:53.220,2025-11-21 20:49:53.220
c1db9dab-57d3-ea11-828c-b4e2a79c59ea,120,10716.0,2020-07-31 18:06:28.630,2020-07-31 18:06:28.630
1101d272-d9db-ea11-828c-a3b0b95dd4b2,120,8664.0,2020-08-11 14:00:54.147,2020-08-11 14:00:54.147
3c1c9ab2-d5dc-ea11-828c-dab48128a9c3,120,8664.0,2020-08-12 20:03:42.137,2020-08-12 20:03:42.137
c632391b-0f78-ed11-83d0-dbe72732717b,120,4674.0,2022-12-09 22:16:24.857,2022-12-09 22:16:24.857
1e52ef03-1378-ed11-83d0-dbe72732717b,120,4275.0,2022-12-09 22:44:28.353,2022-12-09 22:44:28.353
23fb9b40-d2bb-eb11-830a-a4b0d298b5f4,120,36024.0,2021-05-23 14:22:09.387,2021-05-23 14:22:09.387
2a790801-0050-fc61-1622-08de293a410d,120,11575.2,2025-11-21 20:12:11.107,2025-11-21 20:12:11.107
82ad1a01-0050-fc61-57ba-08de293e244c,120,5147.1,2025-11-21 20:40:00.860,2025-11-21 20:40:00.860
e3061901-0050-fc61-99fc-08de293dc340,120,53746.7,2025-11-21 20:37:18.060,2025-11-21 20:37:18.060
7d3e0901-0050-fc61-308f-08de293a6934,120,5815.5,2025-11-21 20:13:18.513,2025-11-21 20:13:18.513
e09a1101-0050-fc61-36b9-08de293c2a13,120,4819.0,2025-11-21 20:25:51.603,2025-11-21 20:25:51.603
bc930c01-0050-fc61-590c-08de293b1d62,120,35134.8,2025-11-21 20:18:20.780,2025-11-21 20:18:20.780
e424667c-1178-ed11-83d0-dbe72732717b,120,4750.0,2022-12-09 22:33:31.477,2022-12-09 22:33:31.477
5e6314c5-1178-ed11-83d0-dbe72732717b,120,5928.0,2022-12-09 22:35:24.957,2022-12-09 22:35:24.957
c65fdeeb-1278-ed11-83d0-dbe72732717b,120,5871.0,2022-12-09 22:43:41.407,2022-12-09 22:43:41.407
a4a01b01-0050-fc61-99d7-08de293e5da9,120,24870.3,2025-11-21 20:41:37.097,2025-11-21 20:41:37.097
414a4434-1778-ed11-83d0-dbe72732717b,120,0.0,2022-12-09 23:14:22.957,2022-12-09 23:14:22.957
b77614c5-1178-ed11-83d0-dbe72732717b,120,5871.0,2022-12-09 22:35:32.027,2022-12-09 22:35:32.027
c08a851e-18d0-ea11-828c-cd0b241fdad6,120,10944.0,2020-07-27 14:54:32.577,2020-07-27 14:54:32.577
8434f7e3-507d-ec11-8350-d3131e7fd828,120,9000.0,2022-01-24 20:10:35.447,2022-01-24 20:10:35.447
7db10a01-0050-fc61-0e31-08de293ab45e,120,5147.1,2025-11-21 20:15:24.557,2025-11-21 20:15:24.557
109e1e01-0050-fc61-6230-08de293f0f33,120,31652.1,2025-11-21 20:46:34.973,2025-11-21 20:46:34.973
08679a39-1578-ed11-83d0-dbe72732717b,120,4788.0,2022-12-09 23:00:16.063,2022-12-09 23:00:16.063
ff8d0f01-0050-fc61-0ab5-08de293bb935,120,5076.6,2025-11-21 20:22:42.217,2025-11-21 20:22:42.217
39c61501-0050-fc61-14a7-08de293d0fbf,120,77923.86,2025-11-21 20:32:16.890,2025-11-21 20:32:16.890
73881b01-0050-fc61-35fc-08de293e5859,120,5147.1,2025-11-21 20:41:28.197,2025-11-21 20:41:28.197
98818777-4c4e-ee11-8444-82222e4508aa,120,0.0,2023-09-08 13:36:33.050,2023-09-08 13:36:33.050
2fb0f78d-708f-ec11-8375-db934db4a381,120,0.0,2022-02-16 21:37:50.467,2022-02-16 21:37:50.467
2f561801-0050-fc61-aef7-08de293d9cc9,120,9413.4,2025-11-21 20:36:13.597,2025-11-21 20:36:13.597
2f8e1bf5-1178-ed11-83d0-dbe72732717b,120,5586.0,2022-12-09 22:36:51.470,2022-12-09 22:36:51.470
7e0e2046-1178-ed11-83d0-dbe72732717b,120,4788.0,2022-12-09 22:31:59.553,2022-12-09 22:31:59.553
5ecc1801-0050-fc61-dc47-08de293db473,120,5815.5,2025-11-21 20:36:53.227,2025-11-21 20:36:53.227
07e50c01-0050-fc61-76ce-08de293b2e0a,120,5815.5,2025-11-21 20:18:48.717,2025-11-21 20:18:48.717
d1502201-0050-fc61-573e-08de293ff0c0,120,3598.8,2025-11-21 20:52:53.357,2025-11-21 20:52:53.357
98588a75-61d6-ea11-828c-c3297631124c,120,8664.0,2020-08-04 14:51:32.180,2020-08-04 14:51:32.180
85ce7c6d-1078-ed11-83d0-dbe72732717b,120,4674.0,2022-12-09 22:25:56.773,2022-12-09 22:25:56.773
2f440f01-0050-fc61-ce2f-08de293bab80,120,5815.5,2025-11-21 20:22:19.193,2025-11-21 20:22:19.193
75243fd6-1378-ed11-83d0-dbe72732717b,120,5890.0,2022-12-09 22:50:20.997,2022-12-09 22:50:20.997
2fb45117-b3d5-ea11-828c-c3297631124c,120,8664.0,2020-08-03 18:16:33.490,2020-08-03 18:16:33.490
01711801-0050-fc61-7012-08de293da218,120,10689.3,2025-11-21 20:36:22.423,2025-11-21 20:36:22.423
3e202e49-45d0-ea11-828c-b57555799727,120,8664.0,2020-07-27 20:33:22.537,2020-07-27 20:33:22.537
d78d5a7e-0cd1-ea11-828c-b57555799727,120,8208.0,2020-07-28 20:05:57.933,2020-07-28 20:05:57.933
f2bbc443-1678-ed11-83d0-dbe72732717b,120,1976.0,2022-12-09 23:07:36.113,2022-12-09 23:07:36.113
078f2101-0050-fc61-fc48-08de293fc1ec,120,63572.58,2025-11-21 20:51:34.860,2025-11-21 20:51:34.860
4ebf674c-dbdb-ea11-828c-a3b0b95dd4b2,120,8664.0,2020-08-11 14:14:02.680,2020-08-11 14:14:02.680
2c531514-ebd8-ea11-828c-cf34c837d27a,120,10716.0,2020-08-07 20:21:50.030,2020-08-07 20:21:50.030
405a0601-0050-fc61-b95a-08de2939cc8f,120,7126.2,2025-11-21 20:08:55.703,2025-11-21 20:08:55.703
5a291001-0050-fc61-6ff6-08de293bdd66,120,24870.3,2025-11-21 20:23:42.927,2025-11-21 20:23:42.927
a09c1f01-0050-fc61-8d8a-08de293f4d1a,120,7305.8,2025-11-21 20:48:18.807,2025-11-21 20:48:18.807
36911a01-0050-fc61-c0cc-08de293e1c9f,120,5815.5,2025-11-21 20:39:48.027,2025-11-21 20:39:48.027
84f51101-0050-fc61-aed8-08de293c3dcc,120,5815.5,2025-11-21 20:26:24.670,2025-11-21 20:26:24.670
734b0a88-1578-ed11-83d0-dbe72732717b,120,3581.5,2022-12-09 23:02:20.347,2022-12-09 23:02:20.347
4aa422bb-0e78-ed11-83d0-dbe72732717b,120,5928.0,2022-12-09 22:13:40.137,2022-12-09 22:13:40.137
7d85169a-1378-ed11-83d0-dbe72732717b,120,4275.0,2022-12-09 22:48:36.910,2022-12-09 22:48:36.910
a2841b01-0050-fc61-1a0a-08de293e579b,120,7063.2,2025-11-21 20:41:26.957,2025-11-21 20:41:26.957
10621d01-0050-fc61-3ab9-08de293ec3c9,120,24870.3,2025-11-21 20:44:28.413,2025-11-21 20:44:28.413
3252f2bc-4839-ea11-a9ce-0a593f791696,120,50160.0,2020-01-17 16:54:36.300,2020-01-17 16:54:36.300
ae1ad324-1078-ed11-83d0-dbe72732717b,120,5928.0,2022-12-09 22:23:47.717,2022-12-09 22:23:47.717
c7e81801-0050-fc61-8495-08de293dbb0e,120,41866.5,2025-11-21 20:37:04.393,2025-11-21 20:37:04.393
d2bbf300-d2bc-ef11-84e2-fc9af4fb06cf,120,47007.28,2024-12-17 23:52:45.653,2024-12-17 23:52:45.653
7d552301-0050-fc61-66b5-08de29402f8e,120,3598.8,2025-11-21 20:54:38.767,2025-11-21 20:54:38.767
3a019c40-d2bb-eb11-830a-a4b0d298b5f4,120,36024.0,2021-05-23 14:22:12.020,2021-05-23 14:22:12.020
c7cedabf-ead0-ea11-828c-b57555799727,120,10716.0,2020-07-28 16:03:18.107,2020-07-28 16:03:18.107
74b81801-0050-fc61-0eb6-08de293db07e,120,6758.7,2025-11-21 20:36:46.573,2025-11-21 20:36:46.573
0e861c01-0050-fc61-017f-08de293e904b,120,4788.8,2025-11-21 20:43:02.053,2025-11-21 20:43:02.053
f3221801-0050-fc61-41ba-08de293d919b,120,5815.5,2025-11-21 20:35:54.800,2025-11-21 20:35:54.800
72d46f10-70d2-ea11-828c-b4e2a79c59ea,120,10032.0,2020-07-30 14:25:18.107,2020-07-30 14:25:18.107
a3b0d0b5-1278-ed11-83d0-dbe72732717b,120,5871.0,2022-12-09 22:42:12.460,2022-12-09 22:42:12.460
093a1001-0050-fc61-fbba-08de293be060,120,9413.4,2025-11-21 20:23:47.950,2025-11-21 20:23:47.950
23ee7767-1078-ed11-83d0-dbe72732717b,120,4275.0,2022-12-09 22:25:46.623,2022-12-09 22:25:46.623
2f5a2201-0050-fc61-01a3-08de293ff24c,120,3598.8,2025-11-21 20:52:55.940,2025-11-21 20:52:55.940
c5f40901-0050-fc61-5ae4-08de293a8ee5,120,10720.2,2025-11-21 20:14:21.697,2025-11-21 20:14:21.697
e1aa1f01-0050-fc61-14c0-08de293f5033,120,89908.0,2025-11-21 20:48:24.047,2025-11-21 20:48:24.047
a25e1901-0050-fc61-a44d-08de293dd6c9,120,35134.8,2025-11-21 20:37:50.843,2025-11-21 20:37:50.843
2f4e0a01-0050-fc61-b219-08de293aa14f,120,5815.5,2025-11-21 20:14:52.587,2025-11-21 20:14:52.587
4f5d1613-7fd2-ea11-828c-b4e2a79c59ea,120,7524.0,2020-07-30 16:12:40.480,2020-07-30 16:12:40.480
fd163301-7b70-7c9f-7001-01a00636f6ca,120,0.0,2026-08-15 16:17:43.567,2026-08-15 16:17:43.567
72252e25-3299-ea11-a9ce-0a593f791696,120,18240.0,2020-05-18 18:10:15.360,2020-05-18 18:10:15.360
c04b276a-1178-ed11-83d0-dbe72732717b,120,4959.0,2022-12-09 22:32:56.057,2022-12-09 22:32:56.057
80eed675-0f78-ed11-83d0-dbe72732717b,120,5928.0,2022-12-09 22:18:53.417,2022-12-09 22:18:53.417
0005c091-1278-ed11-83d0-dbe72732717b,120,5928.0,2022-12-09 22:41:10.630,2022-12-09 22:41:10.630
0b5e5bfd-6bd6-ea11-828c-c3297631124c,120,10716.0,2020-08-04 16:12:13.030,2020-08-04 16:12:13.030
9e262a93-dad0-ea11-828c-b57555799727,120,10944.0,2020-07-28 14:19:09.523,2020-07-28 14:19:09.523
c765c9dd-a0e0-ea11-828c-fcb9b0fbbc3d,120,8208.0,2020-08-17 15:48:12.870,2020-08-17 15:48:12.870
4a220f01-0050-fc61-df7d-08de293ba4d2,120,9413.4,2025-11-21 20:22:07.993,2025-11-21 20:22:07.993
1564d609-21d1-ea11-828c-b57555799727,120,10032.0,2020-07-28 22:27:36.613,2020-07-28 22:27:36.613
524af436-1078-ed11-83d0-dbe72732717b,120,4275.0,2022-12-09 22:24:22.073,2022-12-09 22:24:22.073
5fb91e01-0050-fc61-a877-08de293f151f,120,10720.2,2025-11-21 20:46:45.883,2025-11-21 20:46:45.883
ec3b0601-0050-fc61-afaf-08de2939c68d,120,7374.3,2025-11-21 20:08:45.590,2025-11-21 20:08:45.590
a2d650a3-485b-eb11-82b1-fced9c41084e,120,0.0,2021-01-20 17:55:27.087,2021-01-20 17:55:27.087
25e6bef7-1078-ed11-83d0-dbe72732717b,120,5871.0,2022-12-09 22:29:41.427,2022-12-09 22:29:41.427
23662201-0050-fc61-926b-08de293ff4d5,120,5197.5,2025-11-21 20:53:00.237,2025-11-21 20:53:00.237
e4d00601-0050-fc61-1df0-08de2939e580,120,6807.9,2025-11-21 20:09:37.547,2025-11-21 20:09:37.547
8a751001-0050-fc61-0479-08de293bed18,120,5815.5,2025-11-21 20:24:09.257,2025-11-21 20:24:09.257
9bc321eb-0e78-ed11-83d0-dbe72732717b,120,5928.0,2022-12-09 22:15:00.003,2022-12-09 22:15:00.003
b8f8cf14-a3d1-ea11-828c-b57555799727,120,10944.0,2020-07-29 14:00:32.100,2020-07-29 14:00:32.100
b5851feb-488a-7880-7003-01a0a0341997,120,4110.0,2026-09-14 13:57:17.713,2026-09-14 13:57:17.713
eee11e01-0050-fc61-a3f5-08de293f20a1,120,7168.8,2025-11-21 20:47:04.200,2025-11-21 20:47:04.200
0e2a0e01-0050-fc61-4341-08de293b7358,120,7126.2,2025-11-21 20:20:45.000,2025-11-21 20:20:45.000
63eb0a01-0050-fc61-ebda-08de293abfdc,120,5197.5,2025-11-21 20:15:43.843,2025-11-21 20:15:43.843
0b33873e-edd0-ea11-828c-b57555799727,120,10944.0,2020-07-28 16:18:06.907,2020-07-28 16:18:06.907
dcfdc1d9-1278-ed11-83d0-dbe72732717b,120,5928.0,2022-12-09 22:43:17.897,2022-12-09 22:43:17.897
78c8b997-1278-ed11-83d0-dbe72732717b,120,5928.0,2022-12-09 22:41:23.587,2022-12-09 22:41:23.587
dd2823ca-1378-ed11-83d0-dbe72732717b,120,4674.0,2022-12-09 22:49:56.687,2022-12-09 22:49:56.687
bf707ee8-1578-ed11-83d0-dbe72732717b,120,0.0,2022-12-09 23:05:07.157,2022-12-09 23:05:07.157
dcfa1f46-1178-ed11-83d0-dbe72732717b,120,4674.0,2022-12-09 22:31:53.233,2022-12-09 22:31:53.233
08cc0701-0050-fc61-e6d7-08de293a1c9a,120,7374.3,2025-11-21 20:11:09.980,2025-11-21 20:11:09.980
bceda3d9-1078-ed11-83d0-dbe72732717b,120,5272.5,2022-12-09 22:28:54.207,2022-12-09 22:28:54.207
a1da1f01-0050-fc61-ddff-08de293f5a57,120,0.0,2025-11-21 20:48:41.057,2025-11-21 20:48:41.057
12df0d01-0050-fc61-d29e-08de293b63d2,120,5815.5,2025-11-21 20:20:18.957,2025-11-21 20:20:18.957
be82a0a7-6eb1-ee11-8445-aef2902899de,120,8880.0,2024-01-12 17:23:04.607,2024-01-12 17:23:04.607
8c161301-0050-fc61-2f51-08de293c7e7b,120,5788.8,2025-11-21 20:28:13.170,2025-11-21 20:28:13.170
c99399c2-46db-ea11-828c-a3b0b95dd4b2,120,7524.0,2020-08-10 20:21:39.600,2020-08-10 20:21:39.600
30e81001-0050-fc61-c2a0-08de293c04e8,120,7374.3,2025-11-21 20:24:49.193,2025-11-21 20:24:49.193
ef481201-0050-fc61-8b0b-08de293c4e5a,120,3598.8,2025-11-21 20:26:52.440,2025-11-21 20:26:52.440
30d84be8-f3cc-ea11-828c-cd0b241fdad6,120,10944.0,2020-07-23 14:58:28.073,2020-07-23 14:58:28.073
b60a7551-0f78-ed11-83d0-dbe72732717b,120,5928.0,2022-12-09 22:17:57.977,2022-12-09 22:17:57.977
8c932001-0050-fc61-1ae6-08de293f877e,120,38503.5,2025-11-21 20:49:56.787,2025-11-21 20:49:56.787
67c30601-0050-fc61-2c19-08de2939e2d6,120,7374.3,2025-11-21 20:09:33.113,2025-11-21 20:09:33.113
8d3c838e-1778-ed11-83d0-dbe72732717b,120,3135.0,2022-12-09 23:16:52.293,2022-12-09 23:16:52.293
8d581a01-0050-fc61-15a7-08de293e0ff8,120,0.0,2025-11-21 20:39:26.740,2025-11-21 20:39:26.740
35730801-0050-fc61-3a4d-08de293a401d,120,6775.2,2025-11-21 20:12:09.557,2025-11-21 20:12:09.557
532ff4b1-d4d2-ea11-828c-b4e2a79c59ea,120,7524.0,2020-07-31 02:37:08.483,2020-07-31 02:37:08.483
f72c762a-b7e0-ea11-828c-fcb9b0fbbc3d,120,8208.0,2020-08-17 18:31:51.820,2020-08-17 18:31:51.820
4e492201-0050-fc61-e6eb-08de293fef5c,120,7126.2,2025-11-21 20:52:51.030,2025-11-21 20:52:51.030
c99870a9-8fd5-ea11-828c-b4e2a79c59ea,120,8664.0,2020-08-03 13:52:00.587,2020-08-03 13:52:00.587
c9f1db91-1678-ed11-83d0-dbe72732717b,120,0.0,2022-12-09 23:09:47.260,2022-12-09 23:09:47.260
53180c01-0050-fc61-472d-08de293b0245,120,7168.8,2025-11-21 20:17:35.360,2025-11-21 20:17:35.360
ca550f01-0050-fc61-4e1a-08de293baeb5,120,6742.2,2025-11-21 20:22:24.610,2025-11-21 20:22:24.610
dc2d2001-0050-fc61-f1c0-08de293f6eb3,120,7168.8,2025-11-21 20:49:15.193,2025-11-21 20:49:15.193
2ca5e7a6-1178-ed11-83d0-dbe72732717b,120,4674.0,2022-12-09 22:34:38.283,2022-12-09 22:34:38.283
15c9277f-83e6-ec11-83ad-a99a7380f454,120,0.0,2022-06-07 17:02:35.907,2022-06-07 17:02:35.907
9f1e1501-0050-fc61-95f3-08de293ceb52,120,5815.5,2025-11-21 20:31:15.803,2025-11-21 20:31:15.803
9e7f0d01-0050-fc61-b794-08de293b4f0f,120,5797.7,2025-11-21 20:19:44.090,2025-11-21 20:19:44.090
187ba377-edc2-eb11-830a-b717950c1bc2,120,10944.0,2021-06-01 15:24:37.897,2021-06-01 15:24:37.897
e8483a5b-1078-ed11-83d0-dbe72732717b,120,5909.0,2022-12-09 22:25:19.960,2022-12-09 22:25:19.960
6dd80a01-0050-fc61-ece7-08de293abc3e,120,5788.8,2025-11-21 20:15:37.803,2025-11-21 20:15:37.803
57618c60-10d0-ea11-828c-cd0b241fdad6,120,10944.0,2020-07-27 13:56:45.887,2020-07-27 13:56:45.887
caf21401-0050-fc61-f303-08de293ce290,120,5815.5,2025-11-21 20:31:01.090,2025-11-21 20:31:01.090
d5411301-0050-fc61-8abd-08de293c8818,120,5815.5,2025-11-21 20:28:29.300,2025-11-21 20:28:29.300
57593f03-ebd0-ea11-828c-b57555799727,120,10944.0,2020-07-28 16:05:53.283,2020-07-28 16:05:53.283
92050d01-0050-fc61-ae12-08de293b3531,120,35134.8,2025-11-21 20:19:00.703,2025-11-21 20:19:00.703
c0df1701-0050-fc61-730a-08de293d8083,120,41866.5,2025-11-21 20:35:26.087,2025-11-21 20:35:26.087
92bf6e69-e769-ea11-a9ce-0a593f791696,120,35150.0,2020-03-19 14:10:08.777,2020-03-19 14:10:08.777
b2886e79-1078-ed11-83d0-dbe72732717b,120,4275.0,2022-12-09 22:26:16.993,2022-12-09 22:26:16.993
42f01901-0050-fc61-2030-08de293df6a9,120,6807.9,2025-11-21 20:38:44.320,2025-11-21 20:38:44.320
f2e2383d-1278-ed11-83d0-dbe72732717b,120,4788.0,2022-12-09 22:38:48.227,2022-12-09 22:38:48.227
ea5a0c01-0050-fc61-b32b-08de293b109c,120,5815.5,2025-11-21 20:17:59.340,2025-11-21 20:17:59.340
540e7a8b-dc8b-ef11-84d6-bcdfbaf106bb,120,7314.0,2024-10-16 16:34:50.307,2024-10-16 16:34:50.307
ea531d01-0050-fc61-222d-08de293ec0b2,120,3598.8,2025-11-21 20:44:23.240,2025-11-21 20:44:23.240
1dc52fdf-24d0-ea11-828c-b57555799727,120,10944.0,2020-07-27 16:19:49.557,2020-07-27 16:19:49.557
b6b8bfa4-8ed6-ea11-828c-c3297631124c,120,10032.0,2020-08-04 20:13:32.400,2020-08-04 20:13:32.400
67eb0f01-0050-fc61-6a92-08de293bcf72,120,5815.5,2025-11-21 20:23:19.493,2025-11-21 20:23:19.493
94a52101-0050-fc61-1f51-08de293fc727,120,7168.8,2025-11-21 20:51:43.567,2025-11-21 20:51:43.567
4b601301-0050-fc61-dfa6-08de293c8e78,120,5815.5,2025-11-21 20:28:40.053,2025-11-21 20:28:40.053
9e250a01-0050-fc61-0f5f-08de293a9907,120,5788.8,2025-11-21 20:14:38.747,2025-11-21 20:14:38.747
db951b01-0050-fc61-43d4-08de293e5ab1,120,5197.5,2025-11-21 20:41:32.107,2025-11-21 20:41:32.107
15931b01-0050-fc61-c808-08de293e5a2d,120,5815.5,2025-11-21 20:41:31.217,2025-11-21 20:41:31.217
d630158f-8885-ea11-a9ce-0a593f791696,120,18240.0,2020-04-23 17:37:11.340,2020-04-23 17:37:11.340
958c1962-74db-ea11-828c-a3b0b95dd4b2,120,7524.0,2020-08-11 01:56:31.753,2020-08-11 01:56:31.753
9d86cc1e-1078-ed11-83d0-dbe72732717b,120,5928.0,2022-12-09 22:23:36.473,2022-12-09 22:23:36.473
1e7bc07a-af31-ec11-8344-eb8c2e7074a5,120,0.0,2021-10-20 14:12:52.700,2021-10-20 14:12:52.700
ef425df4-1736-ea11-a9ce-0a593f791696,120,66120.0,2020-01-13 15:38:01.680,2020-01-13 15:38:01.680
b28d6dc7-39d0-ea11-828c-b57555799727,120,10944.0,2020-07-27 18:51:12.303,2020-07-27 18:51:12.303
f89a1d01-0050-fc61-2a99-08de293ed28a,120,3598.8,2025-11-21 20:44:53.213,2025-11-21 20:44:53.213
06871f01-0050-fc61-f01d-08de293f48cc,120,3598.8,2025-11-21 20:48:11.600,2025-11-21 20:48:11.600
9d3d1001-0050-fc61-799d-08de293be104,120,7126.2,2025-11-21 20:23:49.033,2025-11-21 20:23:49.033
96c4b8f9-93d5-ea11-828c-c3297631124c,120,8664.0,2020-08-03 14:19:19.170,2020-08-03 14:19:19.170
4fbc1501-0050-fc61-d4ec-08de293d0dba,120,7168.8,2025-11-21 20:32:13.500,2025-11-21 20:32:13.500
a89d04d3-a3d1-ea11-828c-b57555799727,120,8664.0,2020-07-29 14:09:54.663,2020-07-29 14:09:54.663
5495c458-d2bb-eb11-830a-a4b0d298b5f4,120,36024.0,2021-05-23 14:22:49.790,2021-05-23 14:22:49.790
b32c1f01-0050-fc61-bb35-08de293f324a,120,38503.5,2025-11-21 20:47:33.830,2025-11-21 20:47:33.830
ef091c01-0050-fc61-637b-08de293e74b6,120,24578.44,2025-11-21 20:42:15.803,2025-11-21 20:42:15.803
ad31e72d-1378-ed11-83d0-dbe72732717b,120,4275.0,2022-12-09 22:45:32.740,2022-12-09 22:45:32.740
6c523f26-4954-ec11-8350-e91d5dfc718b,120,0.0,2021-12-03 14:57:24.523,2021-12-03 14:57:24.523
69161801-0050-fc61-1bf5-08de293d8eeb,120,5815.5,2025-11-21 20:35:50.293,2025-11-21 20:35:50.293
ee9f4134-d1bc-ef11-84e2-fc9af4fb06cf,119,7674.1,2024-12-17 23:47:00.847,2024-12-17 23:47:00.847
9a7fa069-42c7-ec11-8398-85e7718142bd,119,6979.35,2022-04-28 22:33:28.247,2022-04-28 22:33:28.247
db68b14f-d0bc-ef11-84e2-fc9af4fb06cf,119,8199.45,2024-12-17 23:40:44.917,2024-12-17 23:40:44.917
9187ad78-322c-ec11-8344-c054e276146e,119,0.0,2021-10-13 14:35:46.887,2021-10-13 14:35:46.887
80cd7131-d0bc-ef11-84e2-fc9af4fb06cf,119,8272.6,2024-12-17 23:39:49.030,2024-12-17 23:39:49.030
8cab1e79-d2bc-ef11-84e2-fc9af4fb06cf,119,6523.65,2024-12-17 23:56:08.683,2024-12-17 23:56:08.683
dfd8e81e-d2bc-ef11-84e2-fc9af4fb06cf,119,6523.65,2024-12-17 23:53:34.463,2024-12-17 23:53:34.463
b6f57a68-d5bc-ef11-84e2-fc9af4fb06cf,119,36396.4,2024-12-18 00:17:12.387,2024-12-18 00:17:12.387
87c63321-d3bc-ef11-84e2-fc9af4fb06cf,119,5858.65,2024-12-18 00:00:56.040,2024-12-18 00:00:56.040
732f0c55-d2bc-ef11-84e2-fc9af4fb06cf,119,6523.65,2024-12-17 23:55:12.550,2024-12-17 23:55:12.550
17a183e9-cfbc-ef11-84e2-fc9af4fb06cf,119,6556.9,2024-12-17 23:37:52.970,2024-12-17 23:37:52.970
4a86fbfa-d1bc-ef11-84e2-fc9af4fb06cf,119,6523.65,2024-12-17 23:52:37.733,2024-12-17 23:52:37.733
ffb190c9-d3bc-ef11-84e2-fc9af4fb06cf,119,6523.65,2024-12-18 00:05:34.397,2024-12-18 00:05:34.397
085fb14f-d0bc-ef11-84e2-fc9af4fb06cf,119,8272.6,2024-12-17 23:40:41.130,2024-12-17 23:40:41.130
c47a89cf-d3bc-ef11-84e2-fc9af4fb06cf,119,8272.6,2024-12-18 00:05:44.897,2024-12-18 00:05:44.897
c6d9eb7d-d6bc-ef11-84e2-fc9af4fb06cf,119,5858.65,2024-12-18 00:24:50.930,2024-12-18 00:24:50.930
d0d3542d-d3bc-ef11-84e2-fc9af4fb06cf,119,6523.65,2024-12-18 00:01:15.277,2024-12-18 00:01:15.277
477aab97-d0bc-ef11-84e2-fc9af4fb06cf,119,8272.6,2024-12-17 23:42:41.997,2024-12-17 23:42:41.997
f15e4b02-d7bc-ef11-84e2-fc9af4fb06cf,119,28728.0,2024-12-18 00:28:41.847,2024-12-18 00:28:41.847
9f7785dd-cfbc-ef11-84e2-fc9af4fb06cf,119,14763.0,2024-12-17 23:37:32.890,2024-12-17 23:37:32.890
3901b079-d0bc-ef11-84e2-fc9af4fb06cf,119,33155.95,2024-12-17 23:41:55.407,2024-12-17 23:41:55.407
e77049f7-d2bc-ef11-84e2-fc9af4fb06cf,119,6523.65,2024-12-17 23:59:43.967,2024-12-17 23:59:43.967
3adfa79d-d0bc-ef11-84e2-fc9af4fb06cf,119,6523.65,2024-12-17 23:42:56.630,2024-12-17 23:42:56.630
d41a960b-d4bc-ef11-84e2-fc9af4fb06cf,119,6523.65,2024-12-18 00:07:19.813,2024-12-18 00:07:19.813
c132be9a-b347-ec11-8350-8758689bb432,118,0.0,2021-11-17 14:37:02.347,2021-11-17 14:37:02.347
49c040ef-3cd8-eb11-830a-e24e239857dd,118,0.0,2021-06-28 18:26:23.687,2021-06-28 18:26:23.687
8c641c01-0050-fc61-70d0-08de293e8888,118,0.0,2025-11-21 20:42:48.977,2025-11-21 20:42:48.977
375fc74a-9ddd-ea11-828c-dab48128a9c3,118,6588.0,2020-08-13 19:56:34.490,2020-08-13 19:56:34.490
5104075c-7190-79c7-660a-08ddad0074b5,117,0.0,2025-06-16 18:06:50.800,2025-06-16 18:06:50.800
49133f55-58e3-eb11-8315-db3b36e00ba2,117,6084.0,2021-07-12 21:31:25.157,2021-07-12 21:31:25.157
b16d063c-1a90-79c7-0e05-08ddf562ef68,116,3517.5,2025-09-16 20:54:55.977,2025-09-16 20:54:55.977
79f58aa4-b747-ec11-8350-8758689bb432,116,0.0,2021-11-17 15:05:30.457,2021-11-17 15:05:30.457
0ae10601-00f7-9c27-92bc-08de959e90cc,116,1740.0,2026-04-08 18:44:40.637,2026-04-08 18:44:40.637
e642941a-b647-ec11-8350-8758689bb432,116,0.0,2021-11-17 14:55:00.973,2021-11-17 14:55:00.973
3dc0af25-354a-ed11-83d0-e329320c4a43,115,0.0,2022-10-12 13:54:53.667,2022-10-12 13:54:53.667
a2ce079c-1790-79c7-23a7-08ddfec024b0,115,5405.0,2025-09-28 18:55:59.597,2025-09-28 18:55:59.597
e26e8b47-2c9c-ed11-83d0-b058110f6bd4,115,11715.0,2023-01-24 21:18:35.220,2023-01-24 21:18:35.220
1838f515-d90e-ee11-8445-aaf4f6f067c9,115,7360.0,2023-06-19 19:42:05.943,2023-06-19 19:42:05.943
248a689c-7bb9-ee11-8444-aa5d7bd22832,115,12290.0,2024-01-22 23:15:00.680,2024-01-22 23:15:00.680
30d2aa8c-6517-ed11-83ad-eb9cadd535c5,115,6785.0,2022-08-08 22:02:10.510,2022-08-08 22:02:10.510
66944a76-5cd3-ef11-84ee-d7f4306148a9,115,9275.0,2025-01-15 16:21:31.650,2025-01-15 16:21:31.650
98eb1d5b-8b9b-ee11-8445-cc0b759db311,114,12426.0,2023-12-15 20:48:54.747,2023-12-15 20:48:54.747
488534fd-7c5c-ec11-8350-fd1908bc5a53,114,13391.96,2021-12-14 01:27:26.357,2021-12-14 01:27:26.357
f5906df9-8c9b-ee11-8445-cc0b759db311,114,23560.0,2023-12-15 21:00:32.103,2023-12-15 21:00:32.103
f24601e8-775c-ec11-8350-fd1908bc5a53,114,4332.0,2021-12-14 00:51:04.873,2021-12-14 00:51:04.873
9f0e704b-8c9b-ee11-8445-cc0b759db311,114,37164.0,2023-12-15 20:55:40.607,2023-12-15 20:55:40.607
34140c79-869b-ee11-8445-cc0b759db311,114,29516.5,2023-12-15 20:14:06.417,2023-12-15 20:14:06.417
4a5bfb96-765c-ec11-8350-fd1908bc5a53,114,8968.0,2021-12-14 00:41:43.920,2021-12-14 00:41:43.920
37c0ea84-765c-ec11-8350-fd1908bc5a53,114,33721.2,2021-12-14 00:41:08.423,2021-12-14 00:41:08.423
cc67210d-8b9b-ee11-8445-cc0b759db311,114,5329.5,2023-12-15 20:46:48.980,2023-12-15 20:46:48.980
69d11a4f-8b9b-ee11-8445-cc0b759db311,114,74898.0,2023-12-15 20:48:36.223,2023-12-15 20:48:36.223
552d69a5-879b-ee11-8445-cc0b759db311,114,12283.5,2023-12-15 20:22:27.767,2023-12-15 20:22:27.767
cc5ad7c9-775c-ec11-8350-fd1908bc5a53,114,10602.0,2021-12-14 00:50:20.430,2021-12-14 00:50:20.430
9d9e520a-8a9b-ee11-8445-cc0b759db311,114,5358.0,2023-12-15 20:39:34.437,2023-12-15 20:39:34.437
94fd6cc9-8c9b-ee11-8445-cc0b759db311,114,4788.0,2023-12-15 20:59:09.127,2023-12-15 20:59:09.127
06d11996-8d9b-ee11-8445-cc0b759db311,114,6270.0,2023-12-15 21:05:01.823,2023-12-15 21:05:01.823
9b53b8c5-889b-ee11-8445-cc0b759db311,114,3363.0,2023-12-15 20:30:29.490,2023-12-15 20:30:29.490
166e0262-899b-ee11-8445-cc0b759db311,114,29526.0,2023-12-15 20:34:51.183,2023-12-15 20:34:51.183
f6e655fd-765c-ec11-8350-fd1908bc5a53,114,5700.0,2021-12-14 00:44:35.787,2021-12-14 00:44:35.787
ba2bc594-8a9b-ee11-8445-cc0b759db311,114,12283.5,2023-12-15 20:43:27.070,2023-12-15 20:43:27.070
026117d3-869b-ee11-8445-cc0b759db311,114,5329.5,2023-12-15 20:16:29.167,2023-12-15 20:16:29.167
b1dcb4c9-795c-ec11-8350-fd1908bc5a53,114,10602.0,2021-12-14 01:04:33.267,2021-12-14 01:04:33.267
ffbe129e-899b-ee11-8445-cc0b759db311,114,12283.5,2023-12-15 20:36:32.937,2023-12-15 20:36:32.937
920f1798-899b-ee11-8445-cc0b759db311,114,6754.5,2023-12-15 20:36:20.793,2023-12-15 20:36:20.793
422554c9-879b-ee11-8445-cc0b759db311,114,12283.5,2023-12-15 20:23:26.830,2023-12-15 20:23:26.830
e86cc2db-795c-ec11-8350-fd1908bc5a53,114,5586.0,2021-12-14 01:05:05.540,2021-12-14 01:05:05.540
074db583-889b-ee11-8445-cc0b759db311,114,6270.0,2023-12-15 20:28:41.443,2023-12-15 20:28:41.443
f7d6324e-7a5c-ec11-8350-fd1908bc5a53,114,11742.0,2021-12-14 01:08:21.927,2021-12-14 01:08:21.927
ca6dd4d5-775c-ec11-8350-fd1908bc5a53,114,5662.0,2021-12-14 00:50:32.753,2021-12-14 00:50:32.753
a6203f36-7a5c-ec11-8350-fd1908bc5a53,114,4588.5,2021-12-14 01:07:41.950,2021-12-14 01:07:41.950
d2262b84-785c-ec11-8350-fd1908bc5a53,114,4560.0,2021-12-14 00:55:26.963,2021-12-14 00:55:26.963
5cc0637b-879b-ee11-8445-cc0b759db311,114,6754.5,2023-12-15 20:21:12.097,2023-12-15 20:21:12.097
1d676b75-795c-ec11-8350-fd1908bc5a53,114,4588.5,2021-12-14 01:02:13.107,2021-12-14 01:02:13.107
48af0b14-8e9b-ee11-8445-cc0b759db311,114,4788.0,2023-12-15 21:08:32.337,2023-12-15 21:08:32.337
65ad148c-899b-ee11-8445-cc0b759db311,114,5329.5,2023-12-15 20:35:58.527,2023-12-15 20:35:58.527
a5f16f05-8d9b-ee11-8445-cc0b759db311,114,0.0,2023-12-15 21:00:54.170,2023-12-15 21:00:54.170
2a280532-899b-ee11-8445-cc0b759db311,114,6697.5,2023-12-15 20:33:26.590,2023-12-15 20:33:26.590
5dd168e7-8c9b-ee11-8445-cc0b759db311,114,4788.0,2023-12-15 21:00:01.347,2023-12-15 21:00:01.347
954170de-7a5c-ec11-8350-fd1908bc5a53,114,5624.0,2021-12-14 01:12:14.147,2021-12-14 01:12:14.147
3151719f-879b-ee11-8445-cc0b759db311,114,6754.5,2023-12-15 20:22:15.497,2023-12-15 20:22:15.497
8e1717fd-869b-ee11-8445-cc0b759db311,114,6754.5,2023-12-15 20:17:42.933,2023-12-15 20:17:42.933
7b484beb-8b9b-ee11-8445-cc0b759db311,114,40413.0,2023-12-15 20:53:01.860,2023-12-15 20:53:01.860
8c9c1267-8b9b-ee11-8445-cc0b759db311,114,11029.5,2023-12-15 20:49:21.917,2023-12-15 20:49:21.917
e64b6f45-775c-ec11-8350-fd1908bc5a53,114,18552.36,2021-12-14 00:46:35.050,2021-12-14 00:46:35.050
540ce68a-765c-ec11-8350-fd1908bc5a53,114,34051.8,2021-12-14 00:41:21.603,2021-12-14 00:41:21.603
a1d2f3ae-7c5c-ec11-8350-fd1908bc5a53,114,0.0,2021-12-14 01:25:18.240,2021-12-14 01:25:18.240
dc427069-795c-ec11-8350-fd1908bc5a53,114,21722.7,2021-12-14 01:01:56.453,2021-12-14 01:01:56.453
21a20bf7-785c-ec11-8350-fd1908bc5a53,114,4560.0,2021-12-14 00:58:42.763,2021-12-14 00:58:42.763
04152515-879b-ee11-8445-cc0b759db311,114,6754.5,2023-12-15 20:18:26.993,2023-12-15 20:18:26.993
905662db-879b-ee11-8445-cc0b759db311,114,4788.0,2023-12-15 20:24:00.977,2023-12-15 20:24:00.977
3d261978-8d9b-ee11-8445-cc0b759db311,114,11029.5,2023-12-15 21:04:01.863,2023-12-15 21:04:01.863
fb2822bb-765c-ec11-8350-fd1908bc5a53,114,4560.0,2021-12-14 00:42:41.307,2021-12-14 00:42:41.307
558816b4-8d9b-ee11-8445-cc0b759db311,114,6754.5,2023-12-15 21:05:44.773,2023-12-15 21:05:44.773
3f7e42da-899b-ee11-8445-cc0b759db311,114,5329.5,2023-12-15 20:38:16.950,2023-12-15 20:38:16.950
58b345a8-785c-ec11-8350-fd1908bc5a53,114,18552.36,2021-12-14 00:56:26.973,2021-12-14 00:56:26.973
8bd5c3dd-889b-ee11-8445-cc0b759db311,114,5329.5,2023-12-15 20:31:06.060,2023-12-15 20:31:06.060
28c61996-8d9b-ee11-8445-cc0b759db311,114,86374.0,2023-12-15 21:04:58.177,2023-12-15 21:04:58.177
2438167f-869b-ee11-8445-cc0b759db311,114,6754.5,2023-12-15 20:14:07.447,2023-12-15 20:14:07.447
1b1f724c-8a9b-ee11-8445-cc0b759db311,114,5329.5,2023-12-15 20:41:23.390,2023-12-15 20:41:23.390
f8bf3c33-7d5c-ec11-8350-fd1908bc5a53,114,0.0,2021-12-14 01:29:00.490,2021-12-14 01:29:00.490
de9d1273-8b9b-ee11-8445-cc0b759db311,114,97318.0,2023-12-15 20:49:41.283,2023-12-15 20:49:41.283
e4c123a3-765c-ec11-8350-fd1908bc5a53,114,5510.0,2021-12-14 00:42:06.033,2021-12-14 00:42:06.033
3dd66c8d-7d5c-ec11-8350-fd1908bc5a53,114,0.0,2021-12-14 01:31:31.240,2021-12-14 01:31:31.240
01e87321-8c9b-ee11-8445-cc0b759db311,114,5329.5,2023-12-15 20:54:31.487,2023-12-15 20:54:31.487
b43d2090-785c-ec11-8350-fd1908bc5a53,114,5301.0,2021-12-14 00:55:53.127,2021-12-14 00:55:53.127
811578cc-7a5c-ec11-8350-fd1908bc5a53,114,4560.0,2021-12-14 01:11:49.813,2021-12-14 01:11:49.813
4f6aa0bd-795c-ec11-8350-fd1908bc5a53,114,21722.7,2021-12-14 01:04:09.837,2021-12-14 01:04:09.837
e6783236-785c-ec11-8350-fd1908bc5a53,114,4588.5,2021-12-14 00:53:13.217,2021-12-14 00:53:13.217
b3c319af-869b-ee11-8445-cc0b759db311,114,10440.5,2023-12-15 20:15:35.103,2023-12-15 20:15:35.103
773d6f72-7a5c-ec11-8350-fd1908bc5a53,114,5329.5,2021-12-14 01:09:17.857,2021-12-14 01:09:17.857
80630262-899b-ee11-8445-cc0b759db311,114,5804.5,2023-12-15 20:34:47.340,2023-12-15 20:34:47.340
df310d73-869b-ee11-8445-cc0b759db311,114,45334.0,2023-12-15 20:13:51.147,2023-12-15 20:13:51.147
5ffd094a-899b-ee11-8445-cc0b759db311,114,5329.5,2023-12-15 20:34:09.393,2023-12-15 20:34:09.393
8d4507d3-7c5c-ec11-8350-fd1908bc5a53,114,10602.0,2021-12-14 01:26:21.803,2021-12-14 01:26:21.803
bf1ff792-7b5c-ec11-8350-fd1908bc5a53,114,67986.18,2021-12-14 01:17:17.417,2021-12-14 01:17:17.417
44933333-879b-ee11-8445-cc0b759db311,114,6754.5,2023-12-15 20:19:16.970,2023-12-15 20:19:16.970
fa86b553-7c5c-ec11-8350-fd1908bc5a53,114,3363.0,2021-12-14 01:22:48.467,2021-12-14 01:22:48.467
3bc44172-785c-ec11-8350-fd1908bc5a53,114,9462.0,2021-12-14 00:54:57.640,2021-12-14 00:54:57.640
602ccf72-765c-ec11-8350-fd1908bc5a53,114,56197.44,2021-12-14 00:40:37.987,2021-12-14 00:40:37.987
522f6dab-8c9b-ee11-8445-cc0b759db311,114,2251.5,2023-12-15 20:58:26.547,2023-12-15 20:58:26.547
d72a057a-899b-ee11-8445-cc0b759db311,114,5329.5,2023-12-15 20:35:31.417,2023-12-15 20:35:31.417
29e827de-8d9b-ee11-8445-cc0b759db311,114,4313.0,2023-12-15 21:06:55.117,2023-12-15 21:06:55.117
1cb745a8-785c-ec11-8350-fd1908bc5a53,114,30998.88,2021-12-14 00:56:28.053,2021-12-14 00:56:28.053
5de0743b-889b-ee11-8445-cc0b759db311,114,6013.5,2023-12-15 20:26:40.440,2023-12-15 20:26:40.440
08a50250-899b-ee11-8445-cc0b759db311,114,5358.0,2023-12-15 20:34:18.873,2023-12-15 20:34:18.873
366cfa05-7a5c-ec11-8350-fd1908bc5a53,114,5586.0,2021-12-14 01:06:20.533,2021-12-14 01:06:20.533
3d491ef6-8d9b-ee11-8445-cc0b759db311,114,61104.0,2023-12-15 21:07:34.930,2023-12-15 21:07:34.930
a9b56840-8a9b-ee11-8445-cc0b759db311,114,6289.0,2023-12-15 20:41:01.610,2023-12-15 20:41:01.610
597b716f-795c-ec11-8350-fd1908bc5a53,114,4332.0,2021-12-14 01:02:02.003,2021-12-14 01:02:02.003
e4c5249d-869b-ee11-8445-cc0b759db311,114,23778.5,2023-12-15 20:15:04.493,2023-12-15 20:15:04.493
75eed656-7b5c-ec11-8350-fd1908bc5a53,114,19178.6,2021-12-14 01:15:42.917,2021-12-14 01:15:42.917
e0edbabf-889b-ee11-8445-cc0b759db311,114,5348.5,2023-12-15 20:30:18.003,2023-12-15 20:30:18.003
e0dc7f17-889b-ee11-8445-cc0b759db311,114,24861.5,2023-12-15 20:25:36.333,2023-12-15 20:25:36.333
e3d6bcab-775c-ec11-8350-fd1908bc5a53,114,9462.0,2021-12-14 00:49:21.807,2021-12-14 00:49:21.807
e4112dd4-899b-ee11-8445-cc0b759db311,114,6754.5,2023-12-15 20:38:02.373,2023-12-15 20:38:02.373
723ff9f5-889b-ee11-8445-cc0b759db311,114,6697.5,2023-12-15 20:31:48.393,2023-12-15 20:31:48.393
23bb3cd9-8b9b-ee11-8445-cc0b759db311,114,5358.0,2023-12-15 20:52:25.997,2023-12-15 20:52:25.997
5740074e-8d9b-ee11-8445-cc0b759db311,114,6754.5,2023-12-15 21:02:55.907,2023-12-15 21:02:55.907
a01ea775-775c-ec11-8350-fd1908bc5a53,114,5700.0,2021-12-14 00:47:59.193,2021-12-14 00:47:59.193
e2a80501-005c-9ca5-d75a-08dec26aa180,114,0.0,2026-06-04 18:53:57.757,2026-06-04 18:53:57.757
e268cf82-8a9b-ee11-8445-cc0b759db311,114,5358.0,2023-12-15 20:42:52.450,2023-12-15 20:42:52.450
1bdfa64e-765c-ec11-8350-fd1908bc5a53,114,42544.8,2021-12-14 00:39:42.957,2021-12-14 00:39:42.957
afbc8229-889b-ee11-8445-cc0b759db311,114,5358.0,2023-12-15 20:26:06.970,2023-12-15 20:26:06.970
0513b28f-889b-ee11-8445-cc0b759db311,114,5329.5,2023-12-15 20:28:56.707,2023-12-15 20:28:56.707
c73857cf-879b-ee11-8445-cc0b759db311,114,6735.5,2023-12-15 20:23:38.553,2023-12-15 20:23:38.553
452d0b08-8e9b-ee11-8445-cc0b759db311,114,20434.5,2023-12-15 21:08:10.080,2023-12-15 21:08:10.080
85f06d87-795c-ec11-8350-fd1908bc5a53,114,27558.36,2021-12-14 01:02:48.167,2021-12-14 01:02:48.167
3621250f-795c-ec11-8350-fd1908bc5a53,114,5586.0,2021-12-14 00:59:22.467,2021-12-14 00:59:22.467
c730c560-765c-ec11-8350-fd1908bc5a53,114,5700.0,2021-12-14 00:40:13.203,2021-12-14 00:40:13.203
f3676469-879b-ee11-8445-cc0b759db311,114,5329.5,2023-12-15 20:20:42.650,2023-12-15 20:20:42.650
c47e63c0-785c-ec11-8350-fd1908bc5a53,114,4712.0,2021-12-14 00:57:07.190,2021-12-14 00:57:07.190
af297c81-8c9b-ee11-8445-cc0b759db311,114,12283.5,2023-12-15 20:57:16.030,2023-12-15 20:57:16.030
84ce22a2-8d9b-ee11-8445-cc0b759db311,114,0.0,2023-12-15 21:05:18.450,2023-12-15 21:05:18.450
45533439-7d5c-ec11-8350-fd1908bc5a53,114,2964.0,2021-12-14 01:29:08.043,2021-12-14 01:29:08.043
284619a9-869b-ee11-8445-cc0b759db311,114,37164.0,2023-12-15 20:15:18.443,2023-12-15 20:15:18.443
08694b6f-7d5c-ec11-8350-fd1908bc5a53,114,9462.0,2021-12-14 01:30:42.453,2021-12-14 01:30:42.453
a3bfb395-889b-ee11-8445-cc0b759db311,114,20434.5,2023-12-15 20:29:11.550,2023-12-15 20:29:11.550
751b78cc-7a5c-ec11-8350-fd1908bc5a53,114,4332.0,2021-12-14 01:11:52.303,2021-12-14 01:11:52.303
afc65b81-879b-ee11-8445-cc0b759db311,114,25061.0,2023-12-15 20:21:29.560,2023-12-15 20:21:29.560
e2891692-899b-ee11-8445-cc0b759db311,114,6754.5,2023-12-15 20:36:10.517,2023-12-15 20:36:10.517
220e6728-8a9b-ee11-8445-cc0b759db311,114,5329.5,2023-12-15 20:40:25.350,2023-12-15 20:40:25.350
1b5f9453-889b-ee11-8445-cc0b759db311,114,6697.5,2023-12-15 20:27:15.937,2023-12-15 20:27:15.937
103f1144-899b-ee11-8445-cc0b759db311,114,23455.5,2023-12-15 20:34:02.637,2023-12-15 20:34:02.637
b27a4442-7a5c-ec11-8350-fd1908bc5a53,114,3990.0,2021-12-14 01:08:00.110,2021-12-14 01:08:00.110
765a3130-1f51-ef11-84bd-e74d6bfa3a14,114,0.0,2024-08-02 22:33:12.857,2024-08-02 22:33:12.857
83a62319-8b9b-ee11-8445-cc0b759db311,114,5329.5,2023-12-15 20:47:08.740,2023-12-15 20:47:08.740
39f68a63-775c-ec11-8350-fd1908bc5a53,114,4560.0,2021-12-14 00:47:28.777,2021-12-14 00:47:28.777
1ab36a22-8a9b-ee11-8445-cc0b759db311,114,13537.5,2023-12-15 20:40:12.333,2023-12-15 20:40:12.333
8836304e-785c-ec11-8350-fd1908bc5a53,114,21722.7,2021-12-14 00:53:53.147,2021-12-14 00:53:53.147
2ff2d656-7b5c-ec11-8350-fd1908bc5a53,114,4332.0,2021-12-14 01:15:44.177,2021-12-14 01:15:44.177
81e096d2-785c-ec11-8350-fd1908bc5a53,114,4579.0,2021-12-14 00:57:38.757,2021-12-14 00:57:38.757
81de7911-8d9b-ee11-8445-cc0b759db311,114,3363.0,2023-12-15 21:01:13.917,2023-12-15 21:01:13.917
61c3b395-889b-ee11-8445-cc0b759db311,114,33915.0,2023-12-15 20:29:12.587,2023-12-15 20:29:12.587
ddca68e7-8c9b-ee11-8445-cc0b759db311,114,4788.0,2023-12-15 20:59:59.063,2023-12-15 20:59:59.063
5e4167b1-8c9b-ee11-8445-cc0b759db311,114,0.0,2023-12-15 20:58:31.557,2023-12-15 20:58:31.557
30001fcc-8d9b-ee11-8445-cc0b759db311,114,4788.0,2023-12-15 21:06:22.620,2023-12-15 21:06:22.620
76b2b177-889b-ee11-8445-cc0b759db311,114,5329.5,2023-12-15 20:28:15.297,2023-12-15 20:28:15.297
30596045-8c9b-ee11-8445-cc0b759db311,114,51707.64,2023-12-15 20:55:28.847,2023-12-15 20:55:28.847
55907009-775c-ec11-8350-fd1908bc5a53,114,5700.0,2021-12-14 00:44:55.183,2021-12-14 00:44:55.183
b6e81591-869b-ee11-8445-cc0b759db311,114,65208.0,2023-12-15 20:14:45.703,2023-12-15 20:14:45.703
abb9eb13-899b-ee11-8445-cc0b759db311,114,6270.0,2023-12-15 20:32:43.920,2023-12-15 20:32:43.920
a260958a-7c5c-ec11-8350-fd1908bc5a53,114,48416.18,2021-12-14 01:24:22.213,2021-12-14 01:24:22.213
810a1fcc-8d9b-ee11-8445-cc0b759db311,114,37164.0,2023-12-15 21:06:25.830,2023-12-15 21:06:25.830
89111037-8b9b-ee11-8445-cc0b759db311,114,5329.5,2023-12-15 20:47:59.027,2023-12-15 20:47:59.027
3f247c81-8c9b-ee11-8445-cc0b759db311,114,4788.0,2023-12-15 20:57:14.143,2023-12-15 20:57:14.143
36dd14b0-899b-ee11-8445-cc0b759db311,114,6697.5,2023-12-15 20:37:04.770,2023-12-15 20:37:04.770
c3d8bca5-775c-ec11-8350-fd1908bc5a53,114,10602.0,2021-12-14 00:49:15.187,2021-12-14 00:49:15.187
0fae0fa2-785c-ec11-8350-fd1908bc5a53,114,4588.5,2021-12-14 00:56:16.080,2021-12-14 00:56:16.080
df4dc75a-765c-ec11-8350-fd1908bc5a53,114,27743.04,2021-12-14 00:39:59.517,2021-12-14 00:39:59.517
7ca22319-8b9b-ee11-8445-cc0b759db311,114,21413.0,2023-12-15 20:47:07.213,2023-12-15 20:47:07.213
a12269a5-879b-ee11-8445-cc0b759db311,114,6754.5,2023-12-15 20:22:24.507,2023-12-15 20:22:24.507
b8d4201e-7a5c-ec11-8350-fd1908bc5a53,114,3990.0,2021-12-14 01:07:01.377,2021-12-14 01:07:01.377
45e29c29-7c5c-ec11-8350-fd1908bc5a53,114,37222.14,2021-12-14 01:21:32.807,2021-12-14 01:21:32.807
9c162b26-8e9b-ee11-8445-cc0b759db311,114,3363.0,2023-12-15 21:09:03.027,2023-12-15 21:09:03.027
4dafe3b8-8a9b-ee11-8445-cc0b759db311,114,5329.5,2023-12-15 20:44:29.120,2023-12-15 20:44:29.120
8a1901d9-785c-ec11-8350-fd1908bc5a53,114,15469.8,2021-12-14 00:57:53.690,2021-12-14 00:57:53.690
124c0f1e-785c-ec11-8350-fd1908bc5a53,114,22565.92,2021-12-14 00:52:38.883,2021-12-14 00:52:38.883
7fcaf7f4-8a9b-ee11-8445-cc0b759db311,114,5329.5,2023-12-15 20:46:11.853,2023-12-15 20:46:11.853
5c0194a5-7d5c-ec11-8350-fd1908bc5a53,114,0.0,2021-12-14 01:32:08.393,2021-12-14 01:32:08.393
2e270699-7b5c-ec11-8350-fd1908bc5a53,114,5130.0,2021-12-14 01:17:34.623,2021-12-14 01:17:34.623
7bcdbca5-775c-ec11-8350-fd1908bc5a53,114,5700.0,2021-12-14 00:49:11.797,2021-12-14 00:49:11.797
7bc4612d-775c-ec11-8350-fd1908bc5a53,114,5700.0,2021-12-14 00:45:48.947,2021-12-14 00:45:48.947
0d3f1885-869b-ee11-8445-cc0b759db311,114,6754.5,2023-12-15 20:14:20.417,2023-12-15 20:14:20.417
52851692-899b-ee11-8445-cc0b759db311,114,23455.5,2023-12-15 20:36:08.943,2023-12-15 20:36:08.943
01ce183e-899b-ee11-8445-cc0b759db311,114,11029.5,2023-12-15 20:33:48.090,2023-12-15 20:33:48.090
7106632f-3291-ea11-a9ce-0a593f791696,114,19440.0,2020-05-08 13:48:25.900,2020-05-08 13:48:25.900
5d9c58e1-879b-ee11-8445-cc0b759db311,114,5329.5,2023-12-15 20:24:09.703,2023-12-15 20:24:09.703
3f7b0cc1-7c5c-ec11-8350-fd1908bc5a53,114,5700.0,2021-12-14 01:25:48.510,2021-12-14 01:25:48.510
8bbb1820-8e9b-ee11-8445-cc0b759db311,114,4788.0,2023-12-15 21:08:49.800,2023-12-15 21:08:49.800
1a3d4260-785c-ec11-8350-fd1908bc5a53,114,5586.0,2021-12-14 00:54:24.420,2021-12-14 00:54:24.420
360c1f09-795c-ec11-8350-fd1908bc5a53,114,5700.0,2021-12-14 00:59:16.737,2021-12-14 00:59:16.737
2450aea1-889b-ee11-8445-cc0b759db311,114,6270.0,2023-12-15 20:29:33.793,2023-12-15 20:29:33.793
9a341ea3-869b-ee11-8445-cc0b759db311,114,35910.0,2023-12-15 20:15:10.177,2023-12-15 20:15:10.177
2d7db181-775c-ec11-8350-fd1908bc5a53,114,33721.2,2021-12-14 00:48:13.837,2021-12-14 00:48:13.837
289234fd-7c5c-ec11-8350-fd1908bc5a53,114,4788.0,2021-12-14 01:27:30.700,2021-12-14 01:27:30.700
30d868e7-8c9b-ee11-8445-cc0b759db311,114,23455.5,2023-12-15 21:00:04.437,2023-12-15 21:00:04.437
1eadf1ef-889b-ee11-8445-cc0b759db311,114,6754.5,2023-12-15 20:31:42.443,2023-12-15 20:31:42.443
b5e7e290-765c-ec11-8350-fd1908bc5a53,114,5700.0,2021-12-14 00:41:26.937,2021-12-14 00:41:26.937
21a510ba-8d9b-ee11-8445-cc0b759db311,114,0.0,2023-12-15 21:05:53.590,2023-12-15 21:05:53.590
dc21c594-8a9b-ee11-8445-cc0b759db311,114,5329.5,2023-12-15 20:43:23.947,2023-12-15 20:43:23.947
4bcdea84-765c-ec11-8350-fd1908bc5a53,114,34051.8,2021-12-14 00:41:13.883,2021-12-14 00:41:13.883
647b715a-7a5c-ec11-8350-fd1908bc5a53,114,4560.0,2021-12-14 01:08:38.260,2021-12-14 01:08:38.260
e5a256b4-785c-ec11-8350-fd1908bc5a53,114,5301.0,2021-12-14 00:56:50.370,2021-12-14 00:56:50.370
4e51c75a-765c-ec11-8350-fd1908bc5a53,114,5700.0,2021-12-14 00:40:00.480,2021-12-14 00:40:00.480
d6cdebff-795c-ec11-8350-fd1908bc5a53,114,5700.0,2021-12-14 01:06:01.357,2021-12-14 01:06:01.357
8ce45b63-795c-ec11-8350-fd1908bc5a53,114,9462.0,2021-12-14 01:01:38.770,2021-12-14 01:01:38.770
189c1009-879b-ee11-8445-cc0b759db311,114,5301.0,2023-12-15 20:18:05.793,2023-12-15 20:18:05.793
350214f1-869b-ee11-8445-cc0b759db311,114,11276.5,2023-12-15 20:17:22.453,2023-12-15 20:17:22.453
1327c594-8a9b-ee11-8445-cc0b759db311,114,5329.5,2023-12-15 20:43:25.600,2023-12-15 20:43:25.600
133e55b7-879b-ee11-8445-cc0b759db311,114,4788.0,2023-12-15 20:22:50.737,2023-12-15 20:22:50.737
8c46167f-869b-ee11-8445-cc0b759db311,114,38361.0,2023-12-15 20:14:11.677,2023-12-15 20:14:11.677
a2026eba-7a5c-ec11-8350-fd1908bc5a53,114,4588.5,2021-12-14 01:11:15.823,2021-12-14 01:11:15.823
651fd632-7b5c-ec11-8350-fd1908bc5a53,114,4332.0,2021-12-14 01:14:45.667,2021-12-14 01:14:45.667
654660d5-879b-ee11-8445-cc0b759db311,114,33915.0,2023-12-15 20:23:41.417,2023-12-15 20:23:41.417
f9945951-795c-ec11-8350-fd1908bc5a53,114,5586.0,2021-12-14 01:01:14.843,2021-12-14 01:01:14.843
6a35eee1-775c-ec11-8350-fd1908bc5a53,114,3990.0,2021-12-14 00:50:55.387,2021-12-14 00:50:55.387
e700c0ad-889b-ee11-8445-cc0b759db311,114,5586.0,2023-12-15 20:29:49.667,2023-12-15 20:29:49.667
0a70b0fc-7a5c-ec11-8350-fd1908bc5a53,114,4332.0,2021-12-14 01:13:06.690,2021-12-14 01:13:06.690
f90b1798-899b-ee11-8445-cc0b759db311,114,11029.5,2023-12-15 20:36:19.723,2023-12-15 20:36:19.723
f889876f-8c9b-ee11-8445-cc0b759db311,114,6754.5,2023-12-15 20:56:45.687,2023-12-15 20:56:45.687
0b57504b-879b-ee11-8445-cc0b759db311,114,20434.5,2023-12-15 20:19:58.257,2023-12-15 20:19:58.257
90958163-8c9b-ee11-8445-cc0b759db311,114,0.0,2023-12-15 20:56:19.020,2023-12-15 20:56:19.020
8d344c33-795c-ec11-8350-fd1908bc5a53,114,5301.0,2021-12-14 01:00:24.380,2021-12-14 01:00:24.380
0a5dfa05-7a5c-ec11-8350-fd1908bc5a53,114,4332.0,2021-12-14 01:06:15.237,2021-12-14 01:06:15.237
e89c3fdf-765c-ec11-8350-fd1908bc5a53,114,9728.0,2021-12-14 00:43:40.147,2021-12-14 00:43:40.147
b36e1284-8d9b-ee11-8445-cc0b759db311,114,32756.0,2023-12-15 21:04:22.953,2023-12-15 21:04:22.953
f71322c1-869b-ee11-8445-cc0b759db311,114,6336.5,2023-12-15 20:15:57.610,2023-12-15 20:15:57.610
4170a0bd-795c-ec11-8350-fd1908bc5a53,114,5700.0,2021-12-14 01:04:11.570,2021-12-14 01:04:11.570
d576e3e1-7d5c-ec11-8350-fd1908bc5a53,114,2964.0,2021-12-14 01:33:51.820,2021-12-14 01:33:51.820
92563748-785c-ec11-8350-fd1908bc5a53,114,4959.0,2021-12-14 00:53:45.400,2021-12-14 00:53:45.400
14a39796-7c5c-ec11-8350-fd1908bc5a53,114,34051.8,2021-12-14 01:24:35.373,2021-12-14 01:24:35.373
1850c2d1-889b-ee11-8445-cc0b759db311,114,20434.5,2023-12-15 20:30:49.447,2023-12-15 20:30:49.447
f5b841e0-899b-ee11-8445-cc0b759db311,114,6697.5,2023-12-15 20:38:21.743,2023-12-15 20:38:21.743
aa806b93-8c9b-ee11-8445-cc0b759db311,114,5443.5,2023-12-15 20:57:40.593,2023-12-15 20:57:40.593
1da948eb-765c-ec11-8350-fd1908bc5a53,114,5700.0,2021-12-14 00:44:03.573,2021-12-14 00:44:03.573
6c4567b1-8c9b-ee11-8445-cc0b759db311,114,0.0,2023-12-15 20:58:33.843,2023-12-15 20:58:33.843
bb76d4d5-775c-ec11-8350-fd1908bc5a53,114,30998.88,2021-12-14 00:50:35.557,2021-12-14 00:50:35.557
64637f8d-795c-ec11-8350-fd1908bc5a53,114,22109.92,2021-12-14 01:02:52.477,2021-12-14 01:02:52.477
f44c4cae-785c-ec11-8350-fd1908bc5a53,114,5301.0,2021-12-14 00:56:43.100,2021-12-14 00:56:43.100
3d4a657e-7a5c-ec11-8350-fd1908bc5a53,114,4408.0,2021-12-14 01:09:38.333,2021-12-14 01:09:38.333
bbc5b4c3-795c-ec11-8350-fd1908bc5a53,114,5700.0,2021-12-14 01:04:21.897,2021-12-14 01:04:21.897
94db13f1-785c-ec11-8350-fd1908bc5a53,114,4560.0,2021-12-14 00:58:32.707,2021-12-14 00:58:32.707
1dc2b4c3-795c-ec11-8350-fd1908bc5a53,114,9462.0,2021-12-14 01:04:20.857,2021-12-14 01:04:20.857
345f1f12-7a5c-ec11-8350-fd1908bc5a53,114,5586.0,2021-12-14 01:06:39.273,2021-12-14 01:06:39.273
70251aab-7b5c-ec11-8350-fd1908bc5a53,114,9462.0,2021-12-14 01:18:02.057,2021-12-14 01:18:02.057
fa5219a9-869b-ee11-8445-cc0b759db311,114,6754.5,2023-12-15 20:15:22.300,2023-12-15 20:15:22.300
42316dab-8c9b-ee11-8445-cc0b759db311,114,5624.0,2023-12-15 20:58:27.457,2023-12-15 20:58:27.457
b1fbbabf-889b-ee11-8445-cc0b759db311,114,23664.5,2023-12-15 20:30:22.697,2023-12-15 20:30:22.697
6b507433-8c9b-ee11-8445-cc0b759db311,114,11029.5,2023-12-15 20:54:59.357,2023-12-15 20:54:59.357
ec0c0df4-775c-ec11-8350-fd1908bc5a53,114,3990.0,2021-12-14 00:51:22.643,2021-12-14 00:51:22.643
2b0e1037-8b9b-ee11-8445-cc0b759db311,114,14212.0,2023-12-15 20:47:57.977,2023-12-15 20:47:57.977
1e2c51c3-879b-ee11-8445-cc0b759db311,114,5329.5,2023-12-15 20:23:15.157,2023-12-15 20:23:15.157
ef20b28f-889b-ee11-8445-cc0b759db311,114,5358.0,2023-12-15 20:29:01.357,2023-12-15 20:29:01.357
1fe56d87-795c-ec11-8350-fd1908bc5a53,114,4788.0,2021-12-14 01:02:44.477,2021-12-14 01:02:44.477
1e3d6c39-8c9b-ee11-8445-cc0b759db311,114,40413.0,2023-12-15 20:55:09.480,2023-12-15 20:55:09.480
1e419cb7-795c-ec11-8350-fd1908bc5a53,114,4560.0,2021-12-14 01:04:00.477,2021-12-14 01:04:00.477
97b358ed-879b-ee11-8445-cc0b759db311,114,4788.0,2023-12-15 20:24:26.583,2023-12-15 20:24:26.583
ad3a160f-879b-ee11-8445-cc0b759db311,114,6754.5,2023-12-15 20:18:12.517,2023-12-15 20:18:12.517
3d6905e5-785c-ec11-8350-fd1908bc5a53,114,18552.36,2021-12-14 00:58:14.973,2021-12-14 00:58:14.973
9c6abe9f-775c-ec11-8350-fd1908bc5a53,114,5700.0,2021-12-14 00:49:01.907,2021-12-14 00:49:01.907
48732a2d-879b-ee11-8445-cc0b759db311,114,13537.5,2023-12-15 20:19:07.430,2023-12-15 20:19:07.430
7ea18b07-8a50-ed11-83d0-d5be0782041c,113,0.0,2022-10-20 15:18:32.117,2022-10-20 15:18:32.117
1dcfc134-a28e-ec11-8350-f9e42d383a1a,112,0.0,2022-02-15 21:04:23.127,2022-02-15 21:04:23.127
80dc6127-775c-ec11-8350-fd1908bc5a53,112,11536.0,2021-12-14 00:45:39.857,2021-12-14 00:45:39.857
63a3f874-7b5c-ec11-8350-fd1908bc5a53,112,12624.8,2021-12-14 01:16:35.420,2021-12-14 01:16:35.420
72cbbe97-9015-ec11-8315-fb5a79dba31f,112,0.0,2021-09-14 19:21:52.003,2021-09-14 19:21:52.003
b2aeb9eb-4f7b-ed11-83d0-dbe117b3817e,112,123712.16,2022-12-14 01:38:00.337,2022-12-14 01:38:00.337
a390beb7-775c-ec11-8350-fd1908bc5a53,112,3920.0,2021-12-14 00:49:41.443,2021-12-14 00:49:41.443
dc517020-e1cc-ee11-8445-dc2943be1209,112,0.0,2024-02-16 15:42:17.910,2024-02-16 15:42:17.910
250b2b26-8e9b-ee11-8445-cc0b759db311,112,37595.0,2023-12-15 21:08:58.963,2023-12-15 21:08:58.963
96dc612d-775c-ec11-8350-fd1908bc5a53,112,4256.0,2021-12-14 00:45:56.883,2021-12-14 00:45:56.883
4a004987-a8ee-ed11-8445-b73c6242bd8c,111,7326.0,2023-05-09 20:32:28.927,2023-05-09 20:32:28.927
aa7669c9-934d-ee11-8444-82222e4508aa,110,0.0,2023-09-07 15:35:17.290,2023-09-07 15:35:17.290
69f08ff4-ba9f-ec11-8395-9930b7b0a070,110,0.0,2022-03-09 15:12:12.070,2022-03-09 15:12:12.070
0122c61f-c6c9-ee11-8445-d746eec74329,110,7392.0,2024-02-12 16:46:44.883,2024-02-12 16:46:44.883
b5a2c180-06b5-ec11-8398-9efd49979765,110,0.0,2022-04-05 17:35:13.000,2022-04-05 17:35:13.000
a71bcf7f-044a-ef11-84a5-a563d9fef745,110,0.0,2024-07-24 21:38:15.220,2024-07-24 21:38:15.220
6ccc189c-785c-ec11-8350-fd1908bc5a53,110,4400.0,2021-12-14 00:56:09.803,2021-12-14 00:56:09.803
e35c21f4-7aec-ee11-8445-fc324195da63,110,6198.5,2024-03-27 20:50:49.247,2024-03-27 20:50:49.247
3ce0ab9b-5d09-ef11-8445-f0374290ec68,110,5170.0,2024-05-03 15:10:25.483,2024-05-03 15:10:25.483
8a99c96b-22b6-ee11-8444-fc4c5aaff930,110,82612.0,2024-01-18 17:01:46.167,2024-01-18 17:01:46.167
172cc1e9-b4ef-eb11-8315-bae74a7ce118,110,0.0,2021-07-28 15:05:18.797,2021-07-28 15:05:18.797
ff636143-2b90-ed11-83d0-948b4963a6d4,110,0.0,2023-01-09 14:40:39.923,2023-01-09 14:40:39.923
9236a7e7-aa7f-ec11-8350-d3131e7fd828,110,25782.0,2022-01-27 20:00:01.450,2022-01-27 20:00:01.450
6d5806f4-1990-79c7-b318-08dd88f6c6fa,110,7000.4,2025-05-01 21:30:13.707,2025-05-01 21:30:13.707
913e837b-bebe-ed11-842b-fbb830928ed2,109,4813.44,2023-03-09 21:09:47.753,2023-03-09 21:09:47.753
68ccd9aa-c1ea-ed11-8445-c9e2efd949e8,109,8273.1,2023-05-04 21:25:14.833,2023-05-04 21:25:14.833
530c3d2d-7d5c-ec11-8350-fd1908bc5a53,108,0.0,2021-12-14 01:28:52.290,2021-12-14 01:28:52.290
782e05b0-6bbe-ef11-84ee-cb0e60af9bc6,108,0.0,2024-12-20 00:45:23.253,2024-12-20 00:45:23.253
de8ebcdf-bb1e-ef11-8445-9287b6d5635e,108,0.0,2024-05-30 19:39:15.700,2024-05-30 19:39:15.700
80a7218e-0f78-ed11-83d0-dbe72732717b,107,4980.85,2022-12-09 22:19:40.117,2022-12-09 22:19:40.117
93e5d8a7-9247-4582-7001-01a0c9905083,106,0.0,2026-09-22 14:41:14.733,2026-09-22 14:41:14.733
792d7fb6-cfea-ee11-8445-a7e21a374836,106,4876.0,2024-03-25 17:48:54.083,2024-03-25 17:48:54.083
7bb61490-145f-ef11-84bd-f76575e16336,106,9317.4,2024-08-20 16:54:02.303,2024-08-20 16:54:02.303
865f037a-d2da-f5bb-7006-019ffbe92d6e,106,0.0,2026-08-13 16:23:47.877,2026-08-13 16:23:47.877
7b682a2d-879b-ee11-8445-cc0b759db311,106,5830.0,2023-12-15 20:19:04.210,2023-12-15 20:19:04.210
e5796321-775c-ec11-8350-fd1908bc5a53,106,4929.0,2021-12-14 00:45:36.603,2021-12-14 00:45:36.603
08fa0301-0019-5c9c-c3c1-08de72eff579,106,7830.75,2026-02-23 15:31:36.677,2026-02-23 15:31:36.677
93545416-8a9b-ee11-8445-cc0b759db311,106,4452.0,2023-12-15 20:39:51.337,2023-12-15 20:39:51.337
356a0701-004c-e461-1822-08dec1ad44e5,106,7410.0,2026-06-03 20:20:37.613,2026-06-03 20:20:37.613
98da0001-00f7-2ff1-bc34-08de5838e428,105,51338.0,2026-01-20 15:32:57.267,2026-01-20 15:32:57.267
3c141b64-557b-ed11-83d0-dbe117b3817e,105,16720.0,2022-12-14 02:17:02.560,2022-12-14 02:17:02.560
6eadb5a2-0eaf-ed11-83d0-bf902b37111e,105,0.0,2023-02-17 22:01:45.840,2023-02-17 22:01:45.840
18ab0f4a-567b-ed11-83d0-dbe117b3817e,105,58710.0,2022-12-14 02:23:33.737,2022-12-14 02:23:33.737
414c393b-577b-ed11-83d0-dbe117b3817e,105,18620.0,2022-12-14 02:30:20.707,2022-12-14 02:30:20.707
92257cfb-557b-ed11-83d0-dbe117b3817e,105,18620.0,2022-12-14 02:21:25.460,2022-12-14 02:21:25.460
96732f84-467b-ed11-83d0-dbe117b3817e,105,53580.0,2022-12-14 00:30:35.840,2022-12-14 00:30:35.840
6f13f12b-567b-ed11-83d0-dbe117b3817e,105,37050.0,2022-12-14 02:22:43.670,2022-12-14 02:22:43.670
ea54e987-1fd5-ef11-84ee-d7f4306148a9,105,8925.0,2025-01-17 22:13:39.670,2025-01-17 22:13:39.670
b29e0101-0057-a092-626d-08de52bfb442,105,11772.0,2026-01-13 16:21:48.100,2026-01-13 16:21:48.100
007f4def-557b-ed11-83d0-dbe117b3817e,105,16720.0,2022-12-14 02:20:57.270,2022-12-14 02:20:57.270
e8c7784d-577b-ed11-83d0-dbe117b3817e,105,35150.0,2022-12-14 02:30:49.903,2022-12-14 02:30:49.903
3fb886b8-587b-ed11-83d0-dbe117b3817e,105,48260.0,2022-12-14 02:40:59.520,2022-12-14 02:40:59.520
0e540601-004c-04c6-8932-08de59c0c31e,105,0.0,2026-01-22 14:16:29.230,2026-01-22 14:16:29.230
d6e990dd-587b-ed11-83d0-dbe117b3817e,105,16720.0,2022-12-14 02:42:01.777,2022-12-14 02:42:01.777
3b767cf1-467b-ed11-83d0-dbe117b3817e,105,53580.0,2022-12-14 00:33:42.103,2022-12-14 00:33:42.103
e3b4edc8-567b-ed11-83d0-dbe117b3817e,105,58710.0,2022-12-14 02:27:00.630,2022-12-14 02:27:00.630
00d4f7ea-467b-ed11-83d0-dbe117b3817e,105,53580.0,2022-12-14 00:33:26.273,2022-12-14 00:33:26.273
73da0501-002c-5a4b-196f-08de60fe454d,105,0.0,2026-01-31 19:23:57.167,2026-01-31 19:23:57.167
4567f72e-982b-ec11-8344-c054e276146e,105,5433.75,2021-10-12 20:08:54.640,2021-10-12 20:08:54.640
39730801-0061-d2c7-7169-08de5de334be,105,0.0,2026-01-27 20:32:38.370,2026-01-27 20:32:38.370
829d0201-00da-043b-656e-08de2d07fd56,105,11948.0,2025-11-26 16:26:18.483,2025-11-26 16:26:18.483
e074491b-557b-ed11-83d0-dbe117b3817e,105,18620.0,2022-12-14 02:15:05.137,2022-12-14 02:15:05.137
a33a3668-567b-ed11-83d0-dbe117b3817e,105,16720.0,2022-12-14 02:24:25.697,2022-12-14 02:24:25.697
88480701-0080-0b84-d030-08de973bbe39,105,5145.0,2026-04-10 20:00:24.213,2026-04-10 20:00:24.213
1b39270c-467b-ed11-83d0-dbe117b3817e,105,51540.3,2022-12-14 00:27:19.980,2022-12-14 00:27:19.980
c1ee0401-002c-5a4b-0506-08de6047d83c,105,0.0,2026-01-30 21:38:04.670,2026-01-30 21:38:04.670
c5913106-cc13-ef11-8445-e262187363e0,105,0.0,2024-05-16 21:35:59.320,2024-05-16 21:35:59.320
12562b87-794e-ee11-8444-82222e4508aa,105,6720.0,2023-09-08 18:58:05.307,2023-09-08 18:58:05.307
77c68778-547b-ed11-83d0-dbe117b3817e,105,18620.0,2022-12-14 02:10:34.063,2022-12-14 02:10:34.063
7f0a45f5-557b-ed11-83d0-dbe117b3817e,105,20520.0,2022-12-14 02:21:06.643,2022-12-14 02:21:06.643
c29b0834-9d90-79c7-0155-08ddd114e8cf,105,5145.0,2025-08-01 16:05:55.460,2025-08-01 16:05:55.460
1c9292aa-567b-ed11-83d0-dbe117b3817e,105,18620.0,2022-12-14 02:26:18.127,2022-12-14 02:26:18.127
b5cb0730-4990-79c7-b1f9-08ddf15c8ae5,105,0.0,2025-09-11 18:02:59.943,2025-09-11 18:02:59.943
2b300701-00d4-e25d-2dff-08de3e2c1c4f,105,0.0,2025-12-18 11:54:42.440,2025-12-18 11:54:42.440
39072b6a-557b-ed11-83d0-dbe117b3817e,105,16720.0,2022-12-14 02:17:21.257,2022-12-14 02:17:21.257
f80d0501-002c-5a4b-62c7-08de60536487,105,55822.0,2026-01-30 23:01:59.660,2026-01-30 23:01:59.660
eb6e2596-577b-ed11-83d0-dbe117b3817e,105,16720.0,2022-12-14 02:32:45.870,2022-12-14 02:32:45.870
281a4bc2-f335-ee11-8444-fe3a86f97ec7,105,0.0,2023-08-08 14:02:45.030,2023-08-08 14:02:45.030
67870401-0019-341c-1776-08de2b672f77,105,9692.5,2025-11-24 14:39:43.587,2025-11-24 14:39:43.587
d682abba-467b-ed11-83d0-dbe117b3817e,105,48260.0,2022-12-14 00:32:08.380,2022-12-14 00:32:08.380
2a924e7a-567b-ed11-83d0-dbe117b3817e,105,58710.0,2022-12-14 02:24:50.863,2022-12-14 02:24:50.863
7554caa1-cc55-ef11-84bd-919a6660cd60,104,5512.0,2024-08-08 21:27:12.657,2024-08-08 21:27:12.657
ca30072c-d190-79c7-b25a-08dd810c06cd,104,0.0,2025-04-21 19:38:32.320,2025-04-21 19:38:32.320
e14e03a4-1c90-79c7-f5fe-08dde0fd841b,104,0.0,2025-08-21 21:56:01.750,2025-08-21 21:56:01.750
b968c669-cbd4-ee11-8445-f2f931d85b19,104,71491.84,2024-02-26 17:21:13.980,2024-02-26 17:21:13.980
cac20801-0023-b011-846b-08de6d97464c,104,0.0,2026-02-16 20:14:04.930,2026-02-16 20:14:04.930
9b444475-0819-ec11-8315-d09065226895,103,0.0,2021-09-19 05:18:16.660,2021-09-19 05:18:16.660
5072063c-1a90-79c7-58b0-08ddf56366f6,103,1030.0,2025-09-16 20:56:34.280,2025-09-16 20:56:34.280
98e677ff-d5bc-ef11-84e2-fc9af4fb06cf,102,3494.1,2024-12-18 00:21:23.273,2024-12-18 00:21:23.273
eb587c1f-d0bc-ef11-84e2-fc9af4fb06cf,102,14010.6,2024-12-17 23:39:16.697,2024-12-17 23:39:16.697
9b520c8b-d2bc-ef11-84e2-fc9af4fb06cf,102,12654.0,2024-12-17 23:56:35.767,2024-12-17 23:56:35.767
0086581a-d7bc-ef11-84e2-fc9af4fb06cf,102,0.0,2024-12-18 00:29:19.657,2024-12-18 00:29:19.657
3385c335-d4bc-ef11-84e2-fc9af4fb06cf,102,5891.9,2024-12-18 00:08:31.083,2024-12-18 00:08:31.083
996753c8-d7bc-ef11-84e2-fc9af4fb06cf,102,3494.1,2024-12-18 00:34:06.893,2024-12-18 00:34:06.893
cdf1d9b5-d0bc-ef11-84e2-fc9af4fb06cf,102,12654.0,2024-12-17 23:43:34.023,2024-12-17 23:43:34.023
b1bdc37c-d1bc-ef11-84e2-fc9af4fb06cf,102,5591.7,2024-12-17 23:49:05.373,2024-12-17 23:49:05.373
09a65bed-d5bc-ef11-84e2-fc9af4fb06cf,102,5021.7,2024-12-18 00:20:53.667,2024-12-18 00:20:53.667
f96cd892-c752-ec11-8350-b4641d37909a,102,0.0,2021-12-01 16:56:14.990,2021-12-01 16:56:14.990
545c9a11-d4bc-ef11-84e2-fc9af4fb06cf,102,5591.7,2024-12-18 00:07:37.237,2024-12-18 00:07:37.237
484d48c7-d2bc-ef11-84e2-fc9af4fb06cf,102,7028.1,2024-12-17 23:58:17.967,2024-12-17 23:58:17.967
47846d7b-d3bc-ef11-84e2-fc9af4fb06cf,102,5591.7,2024-12-18 00:03:19.503,2024-12-18 00:03:19.503
06e27dfb-cfbc-ef11-84e2-fc9af4fb06cf,102,5549.9,2024-12-17 23:38:15.530,2024-12-17 23:38:15.530
17195a50-d7bc-ef11-84e2-fc9af4fb06cf,102,38503.5,2024-12-18 00:30:46.237,2024-12-18 00:30:46.237
475e41c2-d7bc-ef11-84e2-fc9af4fb06cf,102,3494.1,2024-12-18 00:34:04.263,2024-12-18 00:34:04.263
9363a091-d0bc-ef11-84e2-fc9af4fb06cf,102,12654.0,2024-12-17 23:42:35.377,2024-12-17 23:42:35.377
92ba9c8b-d0bc-ef11-84e2-fc9af4fb06cf,102,7090.8,2024-12-17 23:42:21.040,2024-12-17 23:42:21.040
47e28ed5-d3bc-ef11-84e2-fc9af4fb06cf,102,5591.7,2024-12-18 00:05:52.387,2024-12-18 00:05:52.387
0e993a86-d7bc-ef11-84e2-fc9af4fb06cf,102,14278.5,2024-12-18 00:32:19.083,2024-12-18 00:32:19.083
95bb474a-d7bc-ef11-84e2-fc9af4fb06cf,102,7028.1,2024-12-18 00:30:38.710,2024-12-18 00:30:38.710
cfccd3ac-d1bc-ef11-84e2-fc9af4fb06cf,102,5610.7,2024-12-17 23:50:23.137,2024-12-17 23:50:23.137
67b31e79-d2bc-ef11-84e2-fc9af4fb06cf,102,7090.8,2024-12-17 23:56:11.717,2024-12-17 23:56:11.717
3a67f395-d6bc-ef11-84e2-fc9af4fb06cf,102,31652.1,2024-12-18 00:25:40.333,2024-12-18 00:25:40.333
5694ac04-d8bc-ef11-84e2-fc9af4fb06cf,102,3494.1,2024-12-18 00:35:51.930,2024-12-18 00:35:51.930
faf17dfb-cfbc-ef11-84e2-fc9af4fb06cf,102,7090.8,2024-12-17 23:38:22.160,2024-12-17 23:38:22.160
073d9f1d-d6bc-ef11-84e2-fc9af4fb06cf,102,7028.1,2024-12-18 00:22:11.457,2024-12-18 00:22:11.457
2a3c0301-006e-ace0-bc73-08de6e64867b,102,0.0,2026-02-17 20:47:33.667,2026-02-17 20:47:33.667
f22bde77-d6bc-ef11-84e2-fc9af4fb06cf,102,3494.1,2024-12-18 00:24:49.970,2024-12-18 00:24:49.970
0613f28f-d6bc-ef11-84e2-fc9af4fb06cf,102,7090.8,2024-12-18 00:25:21.680,2024-12-18 00:25:21.680
91b3081c-c490-79c7-22c9-08dde7282873,102,7792.8,2025-08-29 18:20:40.560,2025-08-29 18:20:40.560
be7053c8-d7bc-ef11-84e2-fc9af4fb06cf,102,5021.7,2024-12-18 00:34:10.373,2024-12-18 00:34:10.373
f79a6aa7-cfbc-ef11-84e2-fc9af4fb06cf,102,4202.8,2024-12-17 23:36:03.043,2024-12-17 23:36:03.043
0efbf748-d2bc-ef11-84e2-fc9af4fb06cf,102,6091.4,2024-12-17 23:54:52.077,2024-12-17 23:54:52.077
6619b753-d4bc-ef11-84e2-fc9af4fb06cf,102,99264.36,2024-12-18 00:09:22.263,2024-12-18 00:09:22.263
deecaa70-d1bc-ef11-84e2-fc9af4fb06cf,102,6577.8,2024-12-17 23:48:48.807,2024-12-17 23:48:48.807
22413865-cfbc-ef11-84e2-fc9af4fb06cf,102,47065.4,2024-12-17 23:34:02.903,2024-12-17 23:34:02.903
a614ad67-d0bc-ef11-84e2-fc9af4fb06cf,102,7090.8,2024-12-17 23:41:21.677,2024-12-17 23:41:21.677
4da670f3-d5bc-ef11-84e2-fc9af4fb06cf,102,24624.0,2024-12-18 00:20:59.300,2024-12-18 00:20:59.300
026d4568-d7bc-ef11-84e2-fc9af4fb06cf,102,4512.5,2024-12-18 00:31:23.783,2024-12-18 00:31:23.783
7109e52a-d2bc-ef11-84e2-fc9af4fb06cf,102,11360.1,2024-12-17 23:53:55.947,2024-12-17 23:53:55.947
24b4771a-d5bc-ef11-84e2-fc9af4fb06cf,102,32980.2,2024-12-18 00:14:55.903,2024-12-18 00:14:55.903
81595495-cfbc-ef11-84e2-fc9af4fb06cf,102,7090.8,2024-12-17 23:35:29.380,2024-12-17 23:35:29.380
e5906075-d3bc-ef11-84e2-fc9af4fb06cf,102,5591.7,2024-12-18 00:03:17.513,2024-12-18 00:03:17.513
b44ddf9a-d1bc-ef11-84e2-fc9af4fb06cf,102,5850.1,2024-12-17 23:49:54.567,2024-12-17 23:49:54.567
b913e3be-d1bc-ef11-84e2-fc9af4fb06cf,102,21454.8,2024-12-17 23:50:54.230,2024-12-17 23:50:54.230
b8ff47f1-d2bc-ef11-84e2-fc9af4fb06cf,102,5620.2,2024-12-17 23:59:35.127,2024-12-17 23:59:35.127
c8b141bb-d2bc-ef11-84e2-fc9af4fb06cf,102,7090.8,2024-12-17 23:57:59.057,2024-12-17 23:57:59.057
87a05bed-d5bc-ef11-84e2-fc9af4fb06cf,102,5591.7,2024-12-18 00:20:51.423,2024-12-18 00:20:51.423
6355438f-cfbc-ef11-84e2-fc9af4fb06cf,102,20845.5,2024-12-17 23:35:16.960,2024-12-17 23:35:16.960
71ded8af-d0bc-ef11-84e2-fc9af4fb06cf,102,5591.7,2024-12-17 23:43:22.880,2024-12-17 23:43:22.880
d082eb3c-d2bc-ef11-84e2-fc9af4fb06cf,102,6577.8,2024-12-17 23:54:24.737,2024-12-17 23:54:24.737
5e714568-d7bc-ef11-84e2-fc9af4fb06cf,102,65566.0,2024-12-18 00:31:25.263,2024-12-18 00:31:25.263
e40303de-d6bc-ef11-84e2-fc9af4fb06cf,102,5591.7,2024-12-18 00:27:38.113,2024-12-18 00:27:38.113
83f07625-d0bc-ef11-84e2-fc9af4fb06cf,102,7090.8,2024-12-17 23:39:26.493,2024-12-17 23:39:26.493
75227d97-d7a0-ed11-83d0-b47f8e3601ef,102,18270.0,2023-01-30 19:52:51.503,2023-01-30 19:52:51.503
3487a2fe-d7bc-ef11-84e2-fc9af4fb06cf,102,0.0,2024-12-18 00:35:41.417,2024-12-18 00:35:41.417
fe993792-d7bc-ef11-84e2-fc9af4fb06cf,102,62326.08,2024-12-18 00:32:35.243,2024-12-18 00:32:35.243
e2585432-d7bc-ef11-84e2-fc9af4fb06cf,102,7090.8,2024-12-18 00:29:54.833,2024-12-18 00:29:54.833
29577419-d0bc-ef11-84e2-fc9af4fb06cf,102,6577.8,2024-12-17 23:39:13.783,2024-12-17 23:39:13.783
859a5bed-d5bc-ef11-84e2-fc9af4fb06cf,102,7090.8,2024-12-18 00:20:48.903,2024-12-18 00:20:48.903
0c0b3216-d1bc-ef11-84e2-fc9af4fb06cf,102,5620.2,2024-12-17 23:46:11.400,2024-12-17 23:46:11.400
1bc95c27-d3bc-ef11-84e2-fc9af4fb06cf,102,6600.6,2024-12-18 00:00:57.807,2024-12-18 00:00:57.807
5e78eb30-d2bc-ef11-84e2-fc9af4fb06cf,102,24624.0,2024-12-17 23:54:09.397,2024-12-17 23:54:09.397
1122aeaa-d5bc-ef11-84e2-fc9af4fb06cf,102,5021.7,2024-12-18 00:19:04.747,2024-12-18 00:19:04.747
10b670f3-d5bc-ef11-84e2-fc9af4fb06cf,102,41866.5,2024-12-18 00:21:07.203,2024-12-18 00:21:07.203
617d580e-d7bc-ef11-84e2-fc9af4fb06cf,102,6577.8,2024-12-18 00:28:57.813,2024-12-18 00:28:57.813
a29f7705-d6bc-ef11-84e2-fc9af4fb06cf,102,6577.8,2024-12-18 00:21:35.537,2024-12-18 00:21:35.537
235841c2-d7bc-ef11-84e2-fc9af4fb06cf,102,14010.6,2024-12-18 00:34:01.630,2024-12-18 00:34:01.630
5ae5a335-d6bc-ef11-84e2-fc9af4fb06cf,102,4672.1,2024-12-18 00:22:53.440,2024-12-18 00:22:53.440
74c293e6-d7bc-ef11-84e2-fc9af4fb06cf,102,5591.7,2024-12-18 00:34:57.180,2024-12-18 00:34:57.180
293835d2-d4bc-ef11-84e2-fc9af4fb06cf,102,41866.5,2024-12-18 00:12:53.137,2024-12-18 00:12:53.137
c661e636-d2bc-ef11-84e2-fc9af4fb06cf,102,5591.7,2024-12-17 23:54:15.103,2024-12-17 23:54:15.103
2c76972c-d5bc-ef11-84e2-fc9af4fb06cf,102,38503.5,2024-12-18 00:15:27.887,2024-12-18 00:15:27.887
b74f800b-d6bc-ef11-84e2-fc9af4fb06cf,102,24073.76,2024-12-18 00:21:46.510,2024-12-18 00:21:46.510
00d8dfca-d1bc-ef11-84e2-fc9af4fb06cf,102,5591.7,2024-12-17 23:51:16.640,2024-12-17 23:51:16.640
62dd8de0-d7bc-ef11-84e2-fc9af4fb06cf,102,5021.7,2024-12-18 00:34:53.267,2024-12-18 00:34:53.267
d8dc1067-d2bc-ef11-84e2-fc9af4fb06cf,102,5591.7,2024-12-17 23:55:36.873,2024-12-17 23:55:36.873
8275ac29-d4bc-ef11-84e2-fc9af4fb06cf,102,76395.96,2024-12-18 00:08:12.580,2024-12-18 00:08:12.580
75c4474a-d7bc-ef11-84e2-fc9af4fb06cf,102,5021.7,2024-12-18 00:30:42.087,2024-12-18 00:30:42.087
dd9d3792-d7bc-ef11-84e2-fc9af4fb06cf,102,7028.1,2024-12-18 00:32:36.887,2024-12-18 00:32:36.887
1a854f71-cfbc-ef11-84e2-fc9af4fb06cf,102,7090.8,2024-12-17 23:34:30.877,2024-12-17 23:34:30.877
07a7776e-d5bc-ef11-84e2-fc9af4fb06cf,102,7134.5,2024-12-18 00:17:21.343,2024-12-18 00:17:21.343
0795ac55-d0bc-ef11-84e2-fc9af4fb06cf,102,5591.7,2024-12-17 23:40:52.777,2024-12-17 23:40:52.777
a36353c8-d7bc-ef11-84e2-fc9af4fb06cf,102,3494.1,2024-12-18 00:34:05.263,2024-12-18 00:34:05.263
44b9771a-d5bc-ef11-84e2-fc9af4fb06cf,102,41866.5,2024-12-18 00:14:57.987,2024-12-18 00:14:57.987
94d293e6-d7bc-ef11-84e2-fc9af4fb06cf,102,3494.1,2024-12-18 00:35:04.363,2024-12-18 00:35:04.363
9e9e0e97-d2bc-ef11-84e2-fc9af4fb06cf,102,34325.4,2024-12-17 23:56:59.640,2024-12-17 23:56:59.640
ed8c360f-d3bc-ef11-84e2-fc9af4fb06cf,102,5591.7,2024-12-18 00:00:20.273,2024-12-18 00:00:20.273
af439a29-d6bc-ef11-84e2-fc9af4fb06cf,102,0.0,2024-12-18 00:22:29.873,2024-12-18 00:22:29.873
e06f4f6b-cfbc-ef11-84e2-fc9af4fb06cf,102,7090.8,2024-12-17 23:34:17.463,2024-12-17 23:34:17.463
365b3e28-d1bc-ef11-84e2-fc9af4fb06cf,102,6309.9,2024-12-17 23:46:47.693,2024-12-17 23:46:47.693
895b41c2-d7bc-ef11-84e2-fc9af4fb06cf,102,38503.5,2024-12-18 00:34:03.237,2024-12-18 00:34:03.237
df97ec6b-d6bc-ef11-84e2-fc9af4fb06cf,102,24624.0,2024-12-18 00:24:26.840,2024-12-18 00:24:26.840
a4a90e97-d2bc-ef11-84e2-fc9af4fb06cf,102,7028.1,2024-12-17 23:57:04.543,2024-12-17 23:57:04.543
227691f3-d3bc-ef11-84e2-fc9af4fb06cf,102,22174.9,2024-12-18 00:06:45.707,2024-12-18 00:06:45.707
5fcac37c-d1bc-ef11-84e2-fc9af4fb06cf,102,5620.2,2024-12-17 23:49:10.293,2024-12-17 23:49:10.293
e459a091-d0bc-ef11-84e2-fc9af4fb06cf,102,7090.8,2024-12-17 23:42:30.947,2024-12-17 23:42:30.947
c56ef84e-d2bc-ef11-84e2-fc9af4fb06cf,102,30871.2,2024-12-17 23:54:56.453,2024-12-17 23:54:56.453
0f6c85dd-cfbc-ef11-84e2-fc9af4fb06cf,102,11704.0,2024-12-17 23:37:27.997,2024-12-17 23:37:27.997
fd137b13-d0bc-ef11-84e2-fc9af4fb06cf,102,31652.1,2024-12-17 23:39:00.670,2024-12-17 23:39:00.670
6359f7cb-d6bc-ef11-84e2-fc9af4fb06cf,102,12654.0,2024-12-18 00:27:09.860,2024-12-18 00:27:09.860
3fd7d3ac-d1bc-ef11-84e2-fc9af4fb06cf,102,24747.5,2024-12-17 23:50:29.197,2024-12-17 23:50:29.197
bc8fec6b-d6bc-ef11-84e2-fc9af4fb06cf,102,3494.1,2024-12-18 00:24:22.647,2024-12-18 00:24:22.647
5bf13be4-d6bc-ef11-84e2-fc9af4fb06cf,102,33935.9,2024-12-18 00:27:45.833,2024-12-18 00:27:45.833
decd6263-d3bc-ef11-84e2-fc9af4fb06cf,102,5620.2,2024-12-18 00:02:45.590,2024-12-18 00:02:45.590
7fd37131-d0bc-ef11-84e2-fc9af4fb06cf,102,28093.4,2024-12-17 23:39:51.290,2024-12-17 23:39:51.290
446c408c-d7bc-ef11-84e2-fc9af4fb06cf,102,5021.7,2024-12-18 00:32:32.047,2024-12-18 00:32:32.047
126f8d44-d5bc-ef11-84e2-fc9af4fb06cf,102,0.0,2024-12-18 00:16:04.847,2024-12-18 00:16:04.847
34be3bc9-d5bc-ef11-84e2-fc9af4fb06cf,102,3494.1,2024-12-18 00:19:48.347,2024-12-18 00:19:48.347
5eda5c27-d3bc-ef11-84e2-fc9af4fb06cf,102,3494.1,2024-12-18 00:01:05.763,2024-12-18 00:01:05.763
f0821c7f-d2bc-ef11-84e2-fc9af4fb06cf,102,11360.1,2024-12-17 23:56:19.733,2024-12-17 23:56:19.733
7b7b4f6b-cfbc-ef11-84e2-fc9af4fb06cf,102,39894.3,2024-12-17 23:34:21.393,2024-12-17 23:34:21.393
de506e40-d1bc-ef11-84e2-fc9af4fb06cf,102,7028.1,2024-12-17 23:47:20.947,2024-12-17 23:47:20.947
39e577bf-cfbc-ef11-84e2-fc9af4fb06cf,102,5591.7,2024-12-17 23:36:34.207,2024-12-17 23:36:34.207
5daf1e79-d2bc-ef11-84e2-fc9af4fb06cf,102,24624.0,2024-12-17 23:56:09.977,2024-12-17 23:56:09.977
a15652e7-d5bc-ef11-84e2-fc9af4fb06cf,102,7028.1,2024-12-18 00:20:45.527,2024-12-18 00:20:45.527
fa9683e9-cfbc-ef11-84e2-fc9af4fb06cf,102,7090.8,2024-12-17 23:37:48.837,2024-12-17 23:37:48.837
4c9d87e7-d3bc-ef11-84e2-fc9af4fb06cf,102,46993.08,2024-12-18 00:06:24.513,2024-12-18 00:06:24.513
8c2c5714-d5bc-ef11-84e2-fc9af4fb06cf,102,5591.7,2024-12-18 00:14:45.720,2024-12-18 00:14:45.720
c30740a4-d7bc-ef11-84e2-fc9af4fb06cf,102,3494.1,2024-12-18 00:33:13.387,2024-12-18 00:33:13.387
adcf7a62-d5bc-ef11-84e2-fc9af4fb06cf,102,12654.0,2024-12-18 00:16:59.923,2024-12-18 00:16:59.923
c95952e7-d5bc-ef11-84e2-fc9af4fb06cf,102,5021.7,2024-12-18 00:20:47.043,2024-12-18 00:20:47.043
fa8d29de-d4bc-ef11-84e2-fc9af4fb06cf,102,4542.9,2024-12-18 00:13:17.107,2024-12-18 00:13:17.107
c9964d62-d7bc-ef11-84e2-fc9af4fb06cf,102,3494.1,2024-12-18 00:31:16.690,2024-12-18 00:31:16.690
43f54e38-d7bc-ef11-84e2-fc9af4fb06cf,102,0.0,2024-12-18 00:30:06.697,2024-12-18 00:30:06.697
f95149c1-d2bc-ef11-84e2-fc9af4fb06cf,102,5591.7,2024-12-17 23:58:12.687,2024-12-17 23:58:12.687
24cbf300-d2bc-ef11-84e2-fc9af4fb06cf,102,6577.8,2024-12-17 23:52:52.277,2024-12-17 23:52:52.277
13899f60-6d1d-ed11-83ad-c3ed67642448,102,5982.3,2022-08-16 14:12:54.833,2022-08-16 14:12:54.833
0e431cba-d4bc-ef11-84e2-fc9af4fb06cf,102,5620.2,2024-12-18 00:12:15.557,2024-12-18 00:12:15.557
f929c582-d1bc-ef11-84e2-fc9af4fb06cf,102,35134.8,2024-12-17 23:49:20.130,2024-12-17 23:49:20.130
6ea487e7-d3bc-ef11-84e2-fc9af4fb06cf,102,5591.7,2024-12-18 00:06:27.587,2024-12-18 00:06:27.587
21f40cce-d0bc-ef11-84e2-fc9af4fb06cf,102,5591.7,2024-12-17 23:44:16.183,2024-12-17 23:44:16.183
254bf7cb-d6bc-ef11-84e2-fc9af4fb06cf,102,3494.1,2024-12-18 00:27:04.043,2024-12-18 00:27:04.043
98b0f6c5-d6bc-ef11-84e2-fc9af4fb06cf,102,31652.1,2024-12-18 00:26:55.157,2024-12-18 00:26:55.157
576ad4dc-d1bc-ef11-84e2-fc9af4fb06cf,102,7090.8,2024-12-17 23:51:52.083,2024-12-17 23:51:52.083
33fe5a08-d7bc-ef11-84e2-fc9af4fb06cf,102,7028.1,2024-12-18 00:28:48.773,2024-12-18 00:28:48.773
f71ecab2-d1bc-ef11-84e2-fc9af4fb06cf,102,3494.1,2024-12-17 23:50:35.793,2024-12-17 23:50:35.793
f6c893e6-d7bc-ef11-84e2-fc9af4fb06cf,102,26833.7,2024-12-18 00:35:00.113,2024-12-18 00:35:00.113
9ecf86da-d7bc-ef11-84e2-fc9af4fb06cf,102,41866.5,2024-12-18 00:34:44.857,2024-12-18 00:34:44.857
92a29d20-d5bc-ef11-84e2-fc9af4fb06cf,102,53320.06,2024-12-18 00:15:12.437,2024-12-18 00:15:12.437
972a7552-d1bc-ef11-84e2-fc9af4fb06cf,102,5591.7,2024-12-17 23:47:55.190,2024-12-17 23:47:55.190
0b8e7033-d3bc-ef11-84e2-fc9af4fb06cf,102,5591.7,2024-12-18 00:01:18.513,2024-12-18 00:01:18.513
1f897807-d0bc-ef11-84e2-fc9af4fb06cf,102,7090.8,2024-12-17 23:38:37.377,2024-12-17 23:38:37.377
0a08b56d-d0bc-ef11-84e2-fc9af4fb06cf,102,26195.3,2024-12-17 23:41:34.660,2024-12-17 23:41:34.660
67cc7a62-d5bc-ef11-84e2-fc9af4fb06cf,102,5021.7,2024-12-18 00:16:58.763,2024-12-18 00:16:58.763
34861c7f-d2bc-ef11-84e2-fc9af4fb06cf,102,7090.8,2024-12-17 23:56:20.907,2024-12-17 23:56:20.907
4ddee81e-d2bc-ef11-84e2-fc9af4fb06cf,102,7028.1,2024-12-17 23:53:36.457,2024-12-17 23:53:36.457
161a550e-d5bc-ef11-84e2-fc9af4fb06cf,102,6577.8,2024-12-18 00:14:35.790,2024-12-18 00:14:35.790
9537cb8e-d1bc-ef11-84e2-fc9af4fb06cf,102,6577.8,2024-12-17 23:49:39.593,2024-12-17 23:49:39.593
ef69e0e2-d1bc-ef11-84e2-fc9af4fb06cf,102,7028.1,2024-12-17 23:51:58.420,2024-12-17 23:51:58.420
a75184c5-cfbc-ef11-84e2-fc9af4fb06cf,102,6080.0,2024-12-17 23:36:48.853,2024-12-17 23:36:48.853
96261ada-d0bc-ef11-84e2-fc9af4fb06cf,102,5021.7,2024-12-17 23:44:31.567,2024-12-17 23:44:31.567
47a35bed-d5bc-ef11-84e2-fc9af4fb06cf,102,5591.7,2024-12-18 00:20:52.587,2024-12-18 00:20:52.587
352bb9a3-d0bc-ef11-84e2-fc9af4fb06cf,102,5021.7,2024-12-17 23:43:01.327,2024-12-17 23:43:01.327
9774580e-d7bc-ef11-84e2-fc9af4fb06cf,102,88965.22,2024-12-18 00:28:53.013,2024-12-18 00:28:53.013
bc7991f3-d3bc-ef11-84e2-fc9af4fb06cf,102,5591.7,2024-12-18 00:06:47.207,2024-12-18 00:06:47.207
263c51c5-0102-ed11-83ad-b8f735be4a5f,101,0.0,2022-07-12 16:46:20.037,2022-07-12 16:46:20.037
72765e60-4cf3-ed11-8445-d7f97a045102,101,4460.16,2023-05-15 18:15:44.933,2023-05-15 18:15:44.933
00cb0501-002c-5a4b-042b-08de60fb3b3c,101,0.0,2026-01-31 19:02:11.463,2026-01-31 19:02:11.463
b5061e5b-8946-ee11-8444-e28876abf53b,101,0.0,2023-08-29 16:31:57.853,2023-08-29 16:31:57.853
25486d89-fd04-f011-84f5-f46f85476544,101,0.0,2025-03-19 20:07:16.480,2025-03-19 20:07:16.480
efba0401-004b-ed9c-3e7d-08de6f19ae4c,100,0.0,2026-02-18 18:15:57.823,2026-02-18 18:15:57.823
f52806f4-1990-79c7-1caf-08dd88e82dd2,100,0.0,2025-05-01 19:45:01.847,2025-05-01 19:45:01.847
9e267249-4323-ea11-a9ce-0a593f791696,100,44080.0,2019-12-20 16:58:30.717,2019-12-20 16:58:30.717
334f2457-9a67-ea11-a9ce-0a593f791696,100,32224.0,2020-03-16 15:31:36.930,2020-03-16 15:31:36.930
69564723-cbb9-eb11-830a-a4b0d298b5f4,100,0.0,2021-05-21 00:26:59.093,2021-05-21 00:26:59.093
335cf5de-7902-ea11-a9ce-0a593f791696,100,60040.0,2019-11-08 23:01:37.597,2019-11-08 23:01:37.597
b33e6e3b-3d18-ea11-a9ce-0a593f791696,100,86032.0,2019-12-06 15:33:12.527,2019-12-06 15:33:12.527
2799469d-1720-ee11-8445-c3fa346bda63,100,0.0,2023-07-11 18:21:29.370,2023-07-11 18:21:29.370
557002f5-3ac2-eb11-830a-b717950c1bc2,100,0.0,2021-05-31 18:08:09.867,2021-05-31 18:08:09.867
33571001-0050-fc61-f15d-08de293be654,100,5886.0,2025-11-21 20:23:57.937,2025-11-21 20:23:57.937
ebe4c643-234c-ee11-8444-ff3299027b84,100,0.0,2023-09-05 19:38:42.780,2023-09-05 19:38:42.780
a7e80588-5190-79c7-a0cf-08ddf474b7bf,100,0.0,2025-09-15 16:31:19.483,2025-09-15 16:31:19.483
eca78184-dc1a-ea11-a9ce-0a593f791696,100,48184.0,2019-12-09 23:39:10.343,2019-12-09 23:39:10.343
ec9f0701-0050-fc61-f10d-08de293a133b,100,4824.0,2025-11-21 20:10:54.223,2025-11-21 20:10:54.223
9dacdcdb-2ddb-ea11-828c-a3b0b95dd4b2,100,6270.0,2020-08-10 17:31:37.837,2020-08-10 17:31:37.837
4200b1ef-7b64-ea11-a9ce-0a593f791696,100,36024.0,2020-03-12 16:14:06.370,2020-03-12 16:14:06.370
169ee7a6-1178-ed11-83d0-dbe72732717b,100,4940.0,2022-12-09 22:34:35.373,2022-12-09 22:34:35.373
eeb305b8-b390-79c7-32a6-08de00608d83,100,0.0,2025-09-30 20:34:47.850,2025-09-30 20:34:47.850
efcd8ffd-b147-ec11-8350-8758689bb432,100,0.0,2021-11-17 14:25:15.957,2021-11-17 14:25:15.957
a7e20301-0019-5c9c-aaea-08de72e8cd87,100,0.0,2026-02-23 14:38:36.187,2026-02-23 14:38:36.187
eceed5a3-1320-ea11-a9ce-0a593f791696,100,104120.0,2019-12-16 14:55:43.647,2019-12-16 14:55:43.647
ad4c2834-b54d-ea11-a9ce-0a593f791696,100,36024.0,2020-02-12 16:35:33.107,2020-02-12 16:35:33.107
ad7a77a4-8dff-0b80-7001-01a081832437,100,0.0,2026-09-08 14:56:05.057,2026-09-08 14:56:05.057
9cf904a0-bb90-79c7-a441-08ddefd51640,100,0.0,2025-09-09 19:18:59.197,2025-09-09 19:18:59.197
54de064c-3c90-79c7-e841-08dda39aa40b,100,7756.0,2025-06-04 19:04:38.233,2025-06-04 19:04:38.233
3304f4e8-5539-ea11-a9ce-0a593f791696,100,36024.0,2020-01-17 18:28:42.397,2020-01-17 18:28:42.397
ede322ac-1378-ed11-83d0-dbe72732717b,100,3895.0,2022-12-09 22:49:01.797,2022-12-09 22:49:01.797
b1e0d764-ab10-f011-8506-e63dfae54593,100,0.0,2025-04-03 16:51:15.397,2025-04-03 16:51:15.397
497c100c-bc46-ea11-a9ce-0a593f791696,100,40128.0,2020-02-03 19:35:57.883,2020-02-03 19:35:57.883
eee7d76a-ad94-8899-7002-01a0ca8953cf,100,0.0,2026-09-22 19:17:00.947,2026-09-22 19:17:00.947
bdb72c1b-d51a-ea11-a9ce-0a593f791696,100,48184.0,2019-12-09 22:51:44.857,2019-12-09 22:51:44.857
eec81d0c-b0dc-ea11-828c-dab48128a9c3,100,6840.0,2020-08-12 15:40:45.847,2020-08-12 15:40:45.847
960ed16a-1601-f011-84f4-ba516b1a1612,100,3500.0,2025-03-14 20:55:23.363,2025-03-14 20:55:23.363
b1c09bf7-31d0-ea11-828c-b57555799727,100,9120.0,2020-07-27 17:54:52.773,2020-07-27 17:54:52.773
beaa64c1-b304-ea11-a9ce-0a593f791696,100,64144.0,2019-11-11 18:53:19.213,2019-11-11 18:53:19.213
6f169444-53d0-ea11-828c-b57555799727,100,6840.0,2020-07-27 22:02:59.977,2020-07-27 22:02:59.977
9a5a20a6-2ce4-8f83-7003-019ff2491f92,100,0.0,2026-08-11 19:28:44.687,2026-08-11 19:28:44.687
1ede0301-0019-5c9c-3511-08de72e85c44,100,0.0,2026-02-23 14:35:18.433,2026-02-23 14:35:18.433
9ad7afbf-a152-ea11-a9ce-0a593f791696,100,36024.0,2020-02-18 23:05:02.430,2020-02-18 23:05:02.430
ee718678-aa88-ea11-a9ce-0a593f791696,100,15200.0,2020-04-27 17:16:53.687,2020-04-27 17:16:53.687
3c340401-005b-bf54-b1aa-08debcc8b4a5,100,0.0,2026-05-28 14:52:15.553,2026-05-28 14:52:15.553
ef491301-0050-fc61-8907-08de293c89a1,100,11977.25,2025-11-21 20:28:31.863,2025-11-21 20:28:31.863
1eb2df82-2b42-ea11-a9ce-0a593f791696,100,40128.0,2020-01-29 00:12:24.300,2020-01-29 00:12:24.300
261b6c5e-e707-ea11-a9ce-0a593f791696,100,50008.0,2019-11-15 20:36:07.430,2019-11-15 20:36:07.430
eee75dd6-ef49-ea11-a9ce-0a593f791696,100,32224.0,2020-02-07 21:28:46.767,2020-02-07 21:28:46.767
edb10b64-ce8b-ea11-a9ce-0a593f791696,100,36024.0,2020-05-01 17:12:58.223,2020-05-01 17:12:58.223
17029585-eb51-ea11-a9ce-0a593f791696,100,32224.0,2020-02-18 01:14:50.750,2020-02-18 01:14:50.750
ee241e01-0050-fc61-3c22-08de293ef0e9,100,2375.4,2025-11-21 20:45:44.150,2025-11-21 20:45:44.150
9aab2760-540d-ea11-a9ce-0a593f791696,100,90136.0,2019-11-22 18:24:07.567,2019-11-22 18:24:07.567
d689883e-a85a-0e8a-7001-01a0d4033b2e,100,0.0,2026-09-24 15:23:41.257,2026-09-24 15:23:41.257
d6be860e-ea45-ee11-8444-e28876abf53b,100,0.0,2023-08-28 21:32:41.977,2023-08-28 21:32:41.977
1dd10f01-0050-fc61-bed1-08de293bc9ca,100,8933.5,2025-11-21 20:23:10.060,2025-11-21 20:23:10.060
69e14914-0463-ea11-a9ce-0a593f791696,100,28120.0,2020-03-10 19:26:34.070,2020-03-10 19:26:34.070
482e6866-8c4e-ea11-a9ce-0a593f791696,100,36024.0,2020-02-13 18:16:06.083,2020-02-13 18:16:06.083
fbcc0801-0050-fc61-ffb1-08de293a5119,100,5673.25,2025-11-21 20:12:38.033,2025-11-21 20:12:38.033
9bbb3635-fa4e-ed11-83d0-e6c57ae97d29,100,5428.0,2022-10-18 15:35:34.847,2022-10-18 15:35:34.847
37c0f5dd-3f53-ea11-a9ce-0a593f791696,100,36024.0,2020-02-19 17:54:07.560,2020-02-19 17:54:07.560
b108159d-8168-ea11-a9ce-0a593f791696,100,28120.0,2020-03-17 19:05:25.657,2020-03-17 19:05:25.657
bdf9e60f-1378-ed11-83d0-dbe72732717b,100,3895.0,2022-12-09 22:44:42.250,2022-12-09 22:44:42.250
997399a4-06bb-ee11-8444-f25803cab98d,100,11600.0,2024-01-24 22:24:06.417,2024-01-24 22:24:06.417
09f70201-006e-ace0-7457-08de6e52dbc0,100,17936.0,2026-02-17 18:37:41.457,2026-02-17 18:37:41.457
ce011fb1-bb36-ee11-8444-d039c3200d31,100,0.0,2023-08-09 13:51:21.767,2023-08-09 13:51:21.767
271c0801-0023-b011-b7eb-08de6d6484eb,100,17936.0,2026-02-16 14:08:34.307,2026-02-16 14:08:34.307
cda906c0-f690-79c7-4b3c-08ddd3789736,100,0.0,2025-08-04 17:05:40.793,2025-08-04 17:05:40.793
99164efd-2bff-e911-a9ce-0a593f791696,100,85120.0,2019-11-04 18:01:40.400,2019-11-04 18:01:40.400
47008a88-31db-ea11-828c-a3b0b95dd4b2,100,6840.0,2020-08-10 17:51:20.687,2020-08-10 17:51:20.687
a9988510-371f-ef11-8445-d7a1382e2eca,100,0.0,2024-05-31 10:19:39.770,2024-05-31 10:19:39.770
4d170301-006e-ace0-7024-08de6e5956be,100,17936.0,2026-02-17 19:19:31.387,2026-02-17 19:19:31.387
ec42a456-f04d-ea11-a9ce-0a593f791696,100,44080.0,2020-02-12 23:38:57.093,2020-02-12 23:38:57.093
ec4801e8-e490-79c7-4f39-08ddbef48732,100,11613.0,2025-07-09 14:28:51.947,2025-07-09 14:28:51.947
92bc015b-fa69-ea11-a9ce-0a593f791696,100,28120.0,2020-03-19 16:05:48.573,2020-03-19 16:05:48.573
13b50501-007c-316f-e0f6-08dea621619e,100,0.0,2026-04-29 19:03:38.437,2026-04-29 19:03:38.437
ffd0aed7-25c4-9b94-7004-01a03570cec3,100,7275.0,2026-08-24 20:23:39.360,2026-08-24 20:23:39.360
4ec753fc-f853-ea11-a9ce-0a593f791696,100,40128.0,2020-02-20 15:56:15.767,2020-02-20 15:56:15.767
bcccf74f-1674-858e-7001-01a015376594,100,0.0,2026-08-18 14:18:32.827,2026-08-18 14:18:32.827
bc5c2299-7844-ea11-a9ce-0a593f791696,100,40128.0,2020-01-31 22:30:00.843,2020-01-31 22:30:00.843
37e24e83-20f5-cf99-7004-01a0c59c458a,100,0.0,2026-09-21 20:19:10.973,2026-09-21 20:19:10.973
cd34ad17-2d78-ea11-a9ce-0a593f791696,100,40128.0,2020-04-06 17:43:11.657,2020-04-06 17:43:11.657
02251c08-a3fa-ef11-84f4-fce5cb8158c4,100,3500.0,2025-03-06 15:55:04.753,2025-03-06 15:55:04.753
d9de5d87-3b36-ea11-a9ce-0a593f791696,100,40128.0,2020-01-13 19:58:14.237,2020-01-13 19:58:14.237
d98e0201-00b7-79de-a536-08deb1103823,100,0.0,2026-05-13 16:59:16.983,2026-05-13 16:59:16.983
9d3008c8-d0bc-ef11-84e2-fc9af4fb06cf,100,4923.24,2024-12-17 23:44:06.323,2024-12-17 23:44:06.323
1a9cb6b4-3e3d-ea11-a9ce-0a593f791696,100,40128.0,2020-01-22 17:48:41.477,2020-01-22 17:48:41.477
e8190730-2290-79c7-68f7-08ddfc3b09a5,100,7378.0,2025-09-25 13:55:41.187,2025-09-25 13:55:41.187
039fa5bc-5db5-ea11-a9ce-0a593f791696,100,32224.0,2020-06-23 14:30:56.067,2020-06-23 14:30:56.067
15f720ac-be54-ea11-a9ce-0a593f791696,100,36024.0,2020-02-21 15:30:45.137,2020-02-21 15:30:45.137
c42907b0-a290-79c7-35c2-08dd93f9e79c,100,0.0,2025-05-15 21:48:48.637,2025-05-15 21:48:48.637
c1c92651-951a-ea11-a9ce-0a593f791696,100,102144.0,2019-12-09 15:24:20.813,2019-12-09 15:24:20.813
32df7de5-7a0c-ea11-a9ce-0a593f791696,100,66120.0,2019-11-21 16:30:59.540,2019-11-21 16:30:59.540
478c2101-0050-fc61-08a4-08de293fc179,100,5938.5,2025-11-21 20:51:34.030,2025-11-21 20:51:34.030
dd980785-2149-ea11-a9ce-0a593f791696,100,48184.0,2020-02-06 20:48:49.720,2020-02-06 20:48:49.720
277214c5-1178-ed11-83d0-dbe72732717b,100,4940.0,2022-12-09 22:35:30.297,2022-12-09 22:35:30.297
efea66a4-eaee-ef11-84f4-a54065c285f4,100,0.0,2025-02-19 18:01:46.433,2025-02-19 18:01:46.433
cf3537ed-1219-ea11-a9ce-0a593f791696,100,82080.0,2019-12-07 17:21:55.550,2019-12-07 17:21:55.550
cc43111f-3b4f-ea11-a9ce-0a593f791696,100,32224.0,2020-02-14 15:07:01.213,2020-02-14 15:07:01.213
957f14a2-adf5-ee11-8445-98422fb2c73a,100,0.0,2024-04-08 13:43:14.007,2024-04-08 13:43:14.007
90781501-0050-fc61-1c84-08de293cff28,100,4846.25,2025-11-21 20:31:49.053,2025-11-21 20:31:49.053
00040f2e-c26e-ea11-a9ce-0a593f791696,100,28120.0,2020-03-25 18:02:31.200,2020-03-25 18:02:31.200
42260801-0023-b011-f1ab-08de6d6610dd,100,17936.0,2026-02-16 14:18:13.633,2026-02-16 14:18:13.633
54509e17-3b36-ea11-a9ce-0a593f791696,100,32224.0,2020-01-13 19:31:01.810,2020-01-13 19:31:01.810
b5700e01-0050-fc61-7cba-08de293b8204,100,6145.25,2025-11-21 20:21:09.607,2025-11-21 20:21:09.607
cc0023b6-808c-f4b9-7001-01a081e7a32d,100,0.0,2026-09-08 16:46:09.163,2026-09-08 16:46:09.163
b1a2a619-f2b6-ea11-a9ce-0a593f791696,100,48184.0,2020-06-25 14:44:30.487,2020-06-25 14:44:30.487
a74461a7-4356-ee11-8444-b2d9241a96a7,100,0.0,2023-09-18 16:53:18.537,2023-09-18 16:53:18.537
ea8b2fba-ae59-ea11-a9ce-0a593f791696,100,36024.0,2020-02-27 22:20:49.690,2020-02-27 22:20:49.690
54410801-006f-c8f1-48d7-08de7ae11594,100,4500.0,2026-03-05 18:02:30.853,2026-03-05 18:02:30.853
27a8b813-7ec4-6abd-7003-01a0592e8331,100,0.0,2026-08-31 18:57:58.680,2026-08-31 18:57:58.680
9e365b23-c8f9-ea11-828e-badc259c12af,100,84056.0,2020-09-18 16:02:01.387,2020-09-18 16:02:01.387
353880f3-3536-ea11-a9ce-0a593f791696,100,32224.0,2020-01-13 18:56:54.790,2020-01-13 18:56:54.790
f2337dd9-bf49-ea11-a9ce-0a593f791696,100,28120.0,2020-02-07 15:42:57.910,2020-02-07 15:42:57.910
cb9ea867-1278-ed11-83d0-dbe72732717b,100,3990.0,2022-12-09 22:39:58.537,2022-12-09 22:39:58.537
541c0101-0025-7c29-8859-08dea0b1691d,100,1500.0,2026-04-22 20:57:20.777,2026-04-22 20:57:20.777
9428bd6d-1342-ea11-a9ce-0a593f791696,100,36024.0,2020-01-28 21:17:42.507,2020-01-28 21:17:42.507
dbfcada6-7d5d-ea11-a9ce-0a593f791696,100,36024.0,2020-03-03 18:40:06.630,2020-03-03 18:40:06.630
6c1ca2d6-26c2-eb11-830a-b717950c1bc2,100,0.0,2021-05-31 15:43:32.047,2021-05-31 15:43:32.047
dce14e71-c854-ea11-a9ce-0a593f791696,100,28120.0,2020-02-21 16:48:39.563,2020-02-21 16:48:39.563
5d6c0901-003a-b736-201d-08de6a7053a8,100,0.0,2026-02-12 19:55:55.997,2026-02-12 19:55:55.997
6c791f0d-1278-ed11-83d0-dbe72732717b,100,4655.0,2022-12-09 22:37:31.760,2022-12-09 22:37:31.760
67652e4e-4244-ea11-a9ce-0a593f791696,100,28120.0,2020-01-31 16:21:44.213,2020-01-31 16:21:44.213
f5545aa6-c51a-ea11-a9ce-0a593f791696,100,90136.0,2019-12-09 20:51:31.427,2019-12-09 20:51:31.427
e98d61c1-371c-ea11-a9ce-0a593f791696,100,44080.0,2019-12-11 17:08:14.850,2019-12-11 17:08:14.850
6cd771eb-33c7-ec11-8398-85e7718142bd,100,0.0,2022-04-28 20:45:58.580,2022-04-28 20:45:58.580
be47b418-ce96-ea11-a9ce-0a593f791696,100,15200.0,2020-05-15 17:08:56.283,2020-05-15 17:08:56.283
7b610201-0001-dedc-80ce-08de63574912,100,9695.0,2026-02-03 19:07:02.997,2026-02-03 19:07:02.997
f5e679c8-560d-ea11-a9ce-0a593f791696,100,75012.0,2019-11-22 18:44:46.153,2019-11-22 18:44:46.153
f5fb2538-af2d-ea11-a9ce-0a593f791696,100,40128.0,2020-01-02 22:34:34.747,2020-01-02 22:34:34.747
79415897-425a-ea11-a9ce-0a593f791696,100,40128.0,2020-02-28 16:01:14.980,2020-02-28 16:01:14.980
574dd2ab-6d11-f011-8506-baae7fa9bd25,100,0.0,2025-04-04 16:02:42.307,2025-04-04 16:02:42.307
66e30601-0050-fc61-f9a1-08de2939e91d,100,5938.5,2025-11-21 20:09:43.633,2025-11-21 20:09:43.633
3873da98-c0b4-ee11-8445-b7edf7acda0c,100,6950.0,2024-01-16 22:44:40.290,2024-01-16 22:44:40.290
d1c3a728-3f61-ee11-8444-e06e87ecd8d8,100,0.0,2023-10-02 16:17:27.283,2023-10-02 16:17:27.283
4e15feeb-2c1c-ea11-a9ce-0a593f791696,100,44080.0,2019-12-11 15:51:24.180,2019-12-11 15:51:24.180
aa679d45-21c2-eb11-830a-b717950c1bc2,100,0.0,2021-05-31 15:03:34.293,2021-05-31 15:03:34.293
91c329f5-24c1-ea11-a9ce-0a593f791696,100,48184.0,2020-07-08 14:12:29.777,2020-07-08 14:12:29.777
14691e01-0050-fc61-b02b-08de293f01a2,100,5938.5,2025-11-21 20:46:12.180,2025-11-21 20:46:12.180
bac8907b-ce58-ea11-a9ce-0a593f791696,100,28120.0,2020-02-26 19:40:03.620,2020-02-26 19:40:03.620
6db809d2-a1d2-ea11-828c-b4e2a79c59ea,100,6270.0,2020-07-30 20:27:53.220,2020-07-30 20:27:53.220
8db8b7a7-4e50-ef11-84bd-94497a47cfd1,100,5900.0,2024-08-01 22:12:16.477,2024-08-01 22:12:16.477
0910cb51-70b2-eb11-82e4-e56336e2bccb,100,9120.0,2021-05-11 15:49:11.407,2021-05-11 15:49:11.407
ca842001-0050-fc61-60cc-08de293f8494,100,4289.25,2025-11-21 20:49:51.867,2025-11-21 20:49:51.867
ba9c663a-a914-f011-8506-bf28875144bc,100,3500.0,2025-04-08 18:44:08.813,2025-04-08 18:44:08.813
2dfa680d-940f-ea11-a9ce-0a593f791696,100,90136.0,2019-11-25 15:00:04.230,2019-11-25 15:00:04.230
e8629f16-ecb0-ea11-a9ce-0a593f791696,100,87020.0,2020-06-17 22:45:43.103,2020-06-17 22:45:43.103
91ee72ca-0f78-ed11-83d0-dbe72732717b,100,4655.0,2022-12-09 22:21:17.817,2022-12-09 22:21:17.817
140c2001-0050-fc61-554d-08de293f6584,100,8933.5,2025-11-21 20:48:59.797,2025-11-21 20:48:59.797
665d0801-005a-1a99-3943-08de74bc1fa1,100,0.0,2026-02-25 22:24:57.953,2026-02-25 22:24:57.953
e7db061c-c490-79c7-f3a3-08dde6448eef,100,0.0,2025-08-28 15:10:22.403,2025-08-28 15:10:22.403
9f43b0e5-1078-ed11-83d0-dbe72732717b,100,4940.0,2022-12-09 22:29:17.113,2022-12-09 22:29:17.113
1d34a2ae-e04d-ea11-a9ce-0a593f791696,100,32224.0,2020-02-12 21:48:31.570,2020-02-12 21:48:31.570
90721001-0050-fc61-7aac-08de293beca4,100,4824.0,2025-11-21 20:24:08.447,2025-11-21 20:24:08.447
ba73224b-d0d8-ea11-828c-cf34c837d27a,100,6270.0,2020-08-07 17:17:06.623,2020-08-07 17:17:06.623
13d70901-003a-b736-d987-08de6a73529e,100,0.0,2026-02-12 20:19:00.570,2026-02-12 20:19:00.570
f28605d2-f257-ea11-a9ce-0a593f791696,100,36024.0,2020-02-25 17:25:36.583,2020-02-25 17:25:36.583
01ea72ca-0f78-ed11-83d0-dbe72732717b,100,4474.5,2022-12-09 22:21:16.100,2022-12-09 22:21:16.100
acc9775b-1278-ed11-83d0-dbe72732717b,100,3895.0,2022-12-09 22:39:46.487,2022-12-09 22:39:46.487
9f460001-00a3-1f3d-aa8f-08debbffa0d2,100,0.0,2026-05-27 14:52:53.507,2026-05-27 14:52:53.507
57d2e7ab-b447-ec11-8350-8758689bb432,100,0.0,2021-11-17 14:43:37.277,2021-11-17 14:43:37.277
5beff4aa-69de-ea11-828c-dab48128a9c3,100,7220.0,2020-08-14 20:20:49.560,2020-08-14 20:20:49.560
0a908538-a61b-ea11-a9ce-0a593f791696,100,48184.0,2019-12-10 23:52:01.307,2019-12-10 23:52:01.307
8e8ef175-0b7a-ec11-8350-826b1a779cfe,100,32868.48,2022-01-20 16:10:28.693,2022-01-20 16:10:28.693
ddf40ae3-1178-ed11-83d0-dbe72732717b,100,4655.0,2022-12-09 22:36:15.140,2022-12-09 22:36:15.140
df05a818-d41a-ea11-a9ce-0a593f791696,100,48184.0,2019-12-09 22:39:39.267,2019-12-09 22:39:39.267
53360f76-3e06-ef11-8445-9a2c5e9b300a,100,0.0,2024-04-29 15:40:12.697,2024-04-29 15:40:12.697
e6bfcee0-3b4d-ea11-a9ce-0a593f791696,100,32224.0,2020-02-12 02:07:46.303,2020-02-12 02:07:46.303
1cffa99a-1778-ed11-83d0-dbe72732717b,100,4940.0,2022-12-09 23:17:14.177,2022-12-09 23:17:14.177
13670594-90c7-ee11-8445-f25537ef4d2b,100,6317.5,2024-02-09 21:20:22.200,2024-02-09 21:20:22.200
a9390601-00d0-0f73-bcf9-08de708da908,100,2000.0,2026-02-20 14:42:16.510,2026-02-20 14:42:16.510
e69d0701-0072-55d5-2009-08deb1e2126d,100,1500.0,2026-05-14 17:56:39.193,2026-05-14 17:56:39.193
b3ca7f52-c658-ea11-a9ce-0a593f791696,100,40128.0,2020-02-26 18:38:28.617,2020-02-26 18:38:28.617
772a54bb-1478-ed11-83d0-dbe72732717b,100,3638.5,2022-12-09 22:56:44.630,2022-12-09 22:56:44.630
65191655-625d-ea11-a9ce-0a593f791696,100,28120.0,2020-03-03 15:23:09.197,2020-03-03 15:23:09.197
3e3e2401-d81a-ea11-a9ce-0a593f791696,100,76000.0,2019-12-09 23:03:43.447,2019-12-09 23:03:43.447
f9d74361-d51a-ea11-a9ce-0a593f791696,100,48184.0,2019-12-09 23:04:01.057,2019-12-09 23:04:01.057
8d60b6f1-3b5b-eb11-82b1-fced9c41084e,100,0.0,2021-01-20 16:25:05.753,2021-01-20 16:25:05.753
a1128739-087e-ec11-8350-d3131e7fd828,100,0.0,2022-01-25 18:00:10.410,2022-01-25 18:00:10.410
a7b15802-a404-ea11-a9ce-0a593f791696,100,70072.0,2019-11-11 16:58:00.527,2019-11-11 16:58:00.527
80dcf2ae-ce6e-ea11-a9ce-0a593f791696,100,40128.0,2020-03-25 19:31:52.907,2020-03-25 19:31:52.907
2480f57a-1a45-ea11-a9ce-0a593f791696,100,32224.0,2020-02-01 17:48:07.393,2020-02-01 17:48:07.393
a6116c15-b6d6-7295-7002-01a0ca866018,100,0.0,2026-09-22 19:12:37.600,2026-09-22 19:12:37.600
1cbb9056-409b-9390-7001-019ff15d3f20,100,0.0,2026-08-11 15:09:25.780,2026-08-11 15:09:25.780
0aec9ecb-b3f9-1489-7003-019f6b85c5cf,100,0.0,2026-07-16 15:24:49.390,2026-07-16 15:24:49.390
4d4db173-3d00-f011-84f5-f6b9f7fe5031,100,3500.0,2025-03-13 19:02:28.513,2025-03-13 19:02:28.513
ba220d9c-930f-ea11-a9ce-0a593f791696,100,92112.0,2019-11-25 15:16:31.663,2019-11-25 15:16:31.663
8c7b48d0-ae13-ea11-a9ce-0a593f791696,100,85120.0,2019-11-30 20:26:02.213,2019-11-30 20:26:02.213
1cad831d-fcff-e911-a9ce-0a593f791696,100,70072.0,2019-11-05 19:54:46.147,2019-11-05 19:54:46.147
adac971b-3d13-3a88-7001-01a0b58c3967,100,0.0,2026-09-18 17:26:25.673,2026-09-18 17:26:25.673
c9320440-b190-79c7-f370-08dd97046198,100,0.0,2025-05-19 18:46:20.947,2025-05-19 18:46:20.947
3a11da89-66d0-ea11-828c-b57555799727,100,9120.0,2020-07-28 00:11:40.757,2020-07-28 00:11:40.757
e55da5e2-355f-ea11-a9ce-0a593f791696,100,44080.0,2020-03-05 23:09:00.857,2020-03-05 23:09:00.857
d16e19b8-6e43-ea11-a9ce-0a593f791696,100,40128.0,2020-01-30 14:46:12.637,2020-01-30 14:46:12.637
36692301-0050-fc61-91b6-08de294033d1,100,5938.5,2025-11-21 20:54:45.850,2025-11-21 20:54:45.850
6422284b-d18d-ec11-8350-f9e42d383a1a,100,0.0,2022-02-14 20:06:21.767,2022-02-14 20:06:21.767
d0532ca1-fb4c-ea11-a9ce-0a593f791696,100,32224.0,2020-02-11 18:26:49.787,2020-02-11 18:26:49.787
63e5bac6-7419-f011-8506-b278d1941312,100,0.0,2025-04-14 21:16:32.970,2025-04-14 21:16:32.970
f0c80201-00e4-a4da-2ded-08de7012a612,100,17936.0,2026-02-19 23:57:36.290,2026-02-19 23:57:36.290
b4030301-006e-ace0-a4b4-08de6e547ccb,100,17936.0,2026-02-17 18:44:34.133,2026-02-17 18:44:34.133
309f6e94-860d-ea11-a9ce-0a593f791696,100,84056.0,2019-11-23 00:21:04.607,2019-11-23 00:21:04.607
e4ea79dc-c322-ec11-8344-c92b692bb295,100,2974.0,2021-10-01 14:31:18.603,2021-10-01 14:31:18.603
63cb926a-9e09-f011-84f4-ff0475a88a10,100,0.0,2025-03-25 17:32:37.070,2025-03-25 17:32:37.070
fbfef5b6-fb1c-ea11-a9ce-0a593f791696,100,44080.0,2019-12-12 16:30:43.837,2019-12-12 16:30:43.837
42ce44f5-e31a-ea11-a9ce-0a593f791696,100,48184.0,2019-12-10 00:35:27.523,2019-12-10 00:35:27.523
1277a2a4-2a3e-ea11-a9ce-0a593f791696,100,36024.0,2020-01-23 22:02:57.787,2020-01-23 22:02:57.787
8a820601-002f-74d1-9d45-08ded39a2459,100,6775.0,2026-06-26 15:47:29.410,2026-06-26 15:47:29.410
f01c653f-0f78-ed11-83d0-dbe72732717b,100,3990.0,2022-12-09 22:17:29.723,2022-12-09 22:17:29.723
fc22a763-f25e-ea11-a9ce-0a593f791696,100,36024.0,2020-03-05 15:04:19.470,2020-03-05 15:04:19.470
8a603260-bfdc-ea11-828c-dab48128a9c3,100,6270.0,2020-08-12 17:23:28.813,2020-08-12 17:23:28.813
fc618720-e061-ed11-83d0-e28b1dc7d3f6,100,0.0,2022-11-11 16:48:31.893,2022-11-11 16:48:31.893
45ed65c3-1ed8-ea11-828c-cf34c837d27a,100,6270.0,2020-08-06 20:10:34.197,2020-08-06 20:10:34.197
22c4edec-07b0-6bb8-7001-01a0007496b5,100,0.0,2026-08-14 13:29:20.627,2026-08-14 13:29:20.627
e085b035-2c5f-ea11-a9ce-0a593f791696,100,40128.0,2020-03-05 22:01:25.590,2020-03-05 22:01:25.590
45720201-006e-ace0-eefe-08de6e261412,100,17936.0,2026-02-17 13:12:56.290,2026-02-17 13:12:56.290
82a140fe-28d0-ea11-828c-b57555799727,100,9120.0,2020-07-27 17:16:05.250,2020-07-27 17:16:05.250
b2961101-0050-fc61-7eea-08de293c294a,100,28604.5,2025-11-21 20:25:50.227,2025-11-21 20:25:50.227
45d87010-da1a-ea11-a9ce-0a593f791696,100,48184.0,2019-12-09 23:29:25.887,2019-12-09 23:29:25.887
71dc2893-b62f-ed11-83d0-b27109edd035,100,4048.0,2022-09-08 20:42:08.007,2022-09-08 20:42:08.007
fccd1b7a-c01a-ea11-a9ce-0a593f791696,100,48184.0,2019-12-09 20:27:04.667,2019-12-09 20:27:04.667
0e8a21a4-a2f6-2888-7001-01a049565a8e,100,0.0,2026-08-28 17:09:07.063,2026-08-28 17:09:07.063
ac32d82c-ca33-ea11-a9ce-0a593f791696,100,44080.0,2020-01-10 16:57:31.167,2020-01-10 16:57:31.167
12152301-0050-fc61-5927-08de29401faa,100,4289.25,2025-11-21 20:54:12.067,2025-11-21 20:54:12.067
c85587ff-475b-eb11-82b1-fced9c41084e,100,0.0,2021-01-20 17:51:11.673,2021-01-20 17:51:11.673
491996c0-a9fe-d4ae-7002-019f8098d7ee,100,4000.0,2026-07-20 17:36:14.973,2026-07-20 17:36:14.973
fd19905f-b630-ea11-a9ce-0a593f791696,100,40128.0,2020-01-06 18:58:06.227,2020-01-06 18:58:06.227
10602222-521c-ea11-a9ce-0a593f791696,100,86032.0,2019-12-11 20:10:29.223,2019-12-11 20:10:29.223
b8a4c473-1278-ed11-83d0-dbe72732717b,100,4655.0,2022-12-09 22:40:24.667,2022-12-09 22:40:24.667
d7d4098b-55ca-ed11-842b-9b3384b8bdbf,100,4416.0,2023-03-24 15:07:59.597,2023-03-24 15:07:59.597
23ba0a01-0050-fc61-7fab-08de293ab615,100,5974.0,2025-11-21 20:15:27.417,2025-11-21 20:15:27.417
1c200801-0023-b011-284e-08de6d654342,100,17936.0,2026-02-16 14:12:08.923,2026-02-16 14:12:08.923
3c4ed6d5-8152-ea11-a9ce-0a593f791696,100,28120.0,2020-02-18 19:11:28.640,2020-02-18 19:11:28.640
08a0a436-4086-ea11-a9ce-0a593f791696,100,15200.0,2020-04-24 15:31:30.750,2020-04-24 15:31:30.750
8469a6db-eb0b-ea11-a9ce-0a593f791696,100,66120.0,2019-11-20 23:23:29.863,2019-11-20 23:23:29.863
73f5e633-76f8-ef11-84f5-b14900b4b9ca,100,3500.0,2025-03-03 21:28:45.573,2025-03-03 21:28:45.573
00907586-8bd6-ea11-828c-c3297631124c,100,8360.0,2020-08-04 20:08:31.230,2020-08-04 20:08:31.230
1c138c0d-b14d-ea11-a9ce-0a593f791696,100,44080.0,2020-02-12 16:04:36.707,2020-02-12 16:04:36.707
ac2f7741-a452-ea11-a9ce-0a593f791696,100,36024.0,2020-02-18 23:17:10.493,2020-02-18 23:17:10.493
87f3947f-5174-15ac-7000-019fae275cc6,100,0.0,2026-07-29 13:55:09.107,2026-07-29 13:55:09.107
2fd4c124-bd4d-ea11-a9ce-0a593f791696,100,36024.0,2020-02-12 17:39:21.857,2020-02-12 17:39:21.857
d88b572b-24be-e7bd-7000-01a04942edcc,100,0.0,2026-08-28 16:47:48.403,2026-08-28 16:47:48.403
e3340601-0004-5d60-f1ba-08de73f0e213,100,0.0,2026-02-24 22:07:49.587,2026-02-24 22:07:49.587
ff6ea025-ce75-ea11-a9ce-0a593f791696,100,44080.0,2020-04-03 17:14:39.173,2020-04-03 17:14:39.173
36f41beb-2a53-ea11-a9ce-0a593f791696,100,40128.0,2020-02-19 15:21:39.747,2020-02-19 15:21:39.747
871aba3d-b6f6-ea11-828e-85775e6295c3,100,85120.0,2020-09-14 18:16:55.543,2020-09-14 18:16:55.543
4d5b1f01-0050-fc61-5f9e-08de293f3d18,100,4824.0,2025-11-21 20:47:51.977,2025-11-21 20:47:51.977
1bdd1201-0050-fc61-4835-08de293c6fbc,100,4846.25,2025-11-21 20:27:48.470,2025-11-21 20:27:48.470
4a7a9457-5a32-ea11-a9ce-0a593f791696,100,40128.0,2020-01-08 21:11:03.430,2020-01-08 21:11:03.430
b4ab22bb-0e78-ed11-83d0-dbe72732717b,100,3543.5,2022-12-09 22:13:42.900,2022-12-09 22:13:42.900
e22bc562-5c73-ea11-a9ce-0a593f791696,100,40128.0,2020-03-31 14:35:52.473,2020-03-31 14:35:52.473
51b87c6d-1078-ed11-83d0-dbe72732717b,100,4892.5,2022-12-09 22:25:49.577,2022-12-09 22:25:49.577
c76e0201-0087-ee53-23c3-08de9413c914,100,0.0,2026-04-06 19:39:50.077,2026-04-06 19:39:50.077
038dc4c0-7243-ea11-a9ce-0a593f791696,100,36024.0,2020-01-30 15:21:15.380,2020-01-30 15:21:15.380
a0421d01-0050-fc61-d9f1-08de293ebcb6,100,23925.25,2025-11-21 20:44:16.557,2025-11-21 20:44:16.557
c0df82ad-d452-ef11-84bd-e74d6bfa3a14,100,0.0,2024-08-05 02:46:28.987,2024-08-05 02:46:28.987
da808531-bc33-ea11-a9ce-0a593f791696,100,36024.0,2020-01-10 15:24:14.517,2020-01-10 15:24:14.517
4ece5aec-681c-ea11-a9ce-0a593f791696,100,44080.0,2019-12-11 22:55:35.380,2019-12-11 22:55:35.380
20a20301-0088-d037-e3f5-08de75599ae4,100,0.0,2026-02-26 17:11:37.420,2026-02-26 17:11:37.420
b8284e8f-d400-ea11-a9ce-0a593f791696,100,98040.0,2019-11-06 21:03:26.443,2019-11-06 21:03:26.443
e2a88ad9-8648-ea11-a9ce-0a593f791696,100,40128.0,2020-02-06 02:37:27.870,2020-02-06 02:37:27.870
85db1401-0050-fc61-c500-08de293cddff,100,4846.25,2025-11-21 20:30:53.400,2025-11-21 20:30:53.400
7e0d0901-0050-fc61-52d2-08de293a5e66,100,5646.0,2025-11-21 20:13:00.327,2025-11-21 20:13:00.327
85fcad08-be85-e5ae-7002-01a0cadbd06a,100,7500.0,2026-09-22 20:43:30.113,2026-09-22 20:43:30.113
c0eb0601-00d0-0f73-2559-08de70baa573,100,17936.0,2026-02-20 20:00:11.233,2026-02-20 20:00:11.233
451caa5e-e703-ef11-8445-8572632f78f1,100,8568.0,2024-04-26 16:12:33.840,2024-04-26 16:12:33.840
a3fc0601-00f7-9c27-9cac-08de95a9b48f,100,0.0,2026-04-08 20:03:50.487,2026-04-08 20:03:50.487
e1cb8809-408d-2484-7001-019f47a3945c,100,0.0,2026-07-09 16:09:07.930,2026-07-09 16:09:07.930
d0b8ea32-9cb7-ed11-83d0-fa8b2ae66d09,100,4416.0,2023-02-28 19:16:21.893,2023-02-28 19:16:21.893
4038491f-46a6-eb11-82e4-dcb8446b8653,100,7220.0,2021-04-26 04:16:10.870,2021-04-26 04:16:10.870
2c2a73bf-f1d0-ea11-828c-b57555799727,100,7220.0,2020-07-28 17:02:45.853,2020-07-28 17:02:45.853
51943c45-df50-ef11-84bd-e74d6bfa3a14,100,5900.0,2024-08-02 14:57:56.493,2024-08-02 14:57:56.493
61c5a96e-7d4e-ea11-a9ce-0a593f791696,100,36024.0,2020-02-13 16:33:03.930,2020-02-13 16:33:03.930
620c7115-0133-ea11-a9ce-0a593f791696,100,40128.0,2020-01-09 17:01:32.460,2020-01-09 17:01:32.460
4efd1c01-0050-fc61-10a7-08de293ead9f,100,3737.9,2025-11-21 20:43:51.257,2025-11-21 20:43:51.257
85972366-682e-ea11-a9ce-0a593f791696,100,36024.0,2020-01-03 20:36:32.110,2020-01-03 20:36:32.110
ac4ec17f-1278-ed11-83d0-dbe72732717b,100,3562.5,2022-12-09 22:40:38.857,2022-12-09 22:40:38.857
ae14fe3e-d66e-ea11-a9ce-0a593f791696,100,44080.0,2020-03-25 20:24:47.330,2020-03-25 20:24:47.330
e199350d-5905-a3a8-7000-01a062586c43,100,0.0,2026-09-02 13:41:55.753,2026-09-02 13:41:55.753
4ef9e460-7dd2-ea11-828c-b4e2a79c59ea,100,7220.0,2020-07-30 16:08:57.787,2020-07-30 16:08:57.787
1bab09d9-b3d2-ea11-828c-b4e2a79c59ea,100,8360.0,2020-07-30 22:31:07.480,2020-07-30 22:31:07.480
a29e3969-ca42-ea11-a9ce-0a593f791696,100,32224.0,2020-01-29 19:14:28.627,2020-01-29 19:14:28.627
d38d91a1-c504-ea11-a9ce-0a593f791696,100,66120.0,2019-11-11 20:56:42.117,2019-11-11 20:56:42.117
51890c01-0050-fc61-0b43-08de293b1b59,100,5974.0,2025-11-21 20:18:17.360,2025-11-21 20:18:17.360
0c21233e-ad1a-ea11-a9ce-0a593f791696,100,48184.0,2019-12-09 18:07:12.827,2019-12-09 18:07:12.827
8531cd60-bdb1-5eba-7000-019f99fd2d08,100,0.0,2026-07-25 15:55:35.300,2026-07-25 15:55:35.300
85300601-0004-5d60-809f-08de73f0456d,100,0.0,2026-02-24 22:05:10.227,2026-02-24 22:05:10.227
987021b5-0e78-ed11-83d0-dbe72732717b,100,3125.5,2022-12-09 22:13:31.543,2022-12-09 22:13:31.543
61d4fb12-4e45-ef11-84a5-a563d9fef745,100,0.0,2024-07-18 21:39:03.283,2024-07-18 21:39:03.283
518b067c-6b90-79c7-a9fb-08dd874beac2,100,6540.0,2025-04-29 18:33:16.777,2025-04-29 18:33:16.777
5e930aa0-2c90-79c7-6361-08dd8e400948,100,0.0,2025-05-08 14:55:14.300,2025-05-08 14:55:14.300
616c3ced-7d35-ea11-a9ce-0a593f791696,100,32224.0,2020-01-12 21:01:46.053,2020-01-12 21:01:46.053
623a6b41-cf00-ea11-a9ce-0a593f791696,100,85120.0,2019-11-06 19:55:25.257,2019-11-06 19:55:25.257
af943594-0f78-ed11-83d0-dbe72732717b,100,3895.0,2022-12-09 22:19:45.320,2022-12-09 22:19:45.320
84cbf60e-8c43-ea11-a9ce-0a593f791696,100,32224.0,2020-01-30 18:15:08.827,2020-01-30 18:15:08.827
113f05c4-b890-79c7-dbeb-08ddbd8cc24e,100,0.0,2025-07-07 19:37:14.083,2025-07-07 19:37:14.083
e2408006-1478-ed11-83d0-dbe72732717b,100,3895.0,2022-12-09 22:51:35.590,2022-12-09 22:51:35.590
84b3df7c-f662-ea11-a9ce-0a593f791696,100,40128.0,2020-03-10 17:46:27.340,2020-03-10 17:46:27.340
ac07ed46-fdf8-ee11-8445-ee638886c0c9,100,0.0,2024-04-12 18:52:38.793,2024-04-12 18:52:38.793
b7a3bbed-0eca-4ab2-7000-01a06275bdb0,100,0.0,2026-09-02 14:14:20.937,2026-09-02 14:14:20.937
d97f0b01-0050-fc61-e1f9-08de293ae120,100,25726.0,2025-11-21 20:16:39.650,2025-11-21 20:16:39.650
d9c4fe37-6c64-ea11-a9ce-0a593f791696,100,44080.0,2020-03-12 14:18:29.330,2020-03-12 14:18:29.330
a41b6521-1854-ea11-a9ce-0a593f791696,100,36024.0,2020-02-20 19:38:34.437,2020-02-20 19:38:34.437
841d33e8-5269-ea11-a9ce-0a593f791696,100,40128.0,2020-03-18 20:08:32.013,2020-03-18 20:08:32.013
2fa302df-bd03-09bd-7001-01a05e69dc1f,100,0.0,2026-09-01 19:24:50.523,2026-09-01 19:24:50.523
a3861801-0050-fc61-975e-08de293da663,100,4476.8,2025-11-21 20:36:29.630,2025-11-21 20:36:29.630
844a6663-9170-eb11-82b1-d249468406d3,100,0.0,2021-02-16 20:00:44.193,2021-02-16 20:00:44.193
840d1e28-893c-ea11-a9ce-0a593f791696,100,40128.0,2020-01-21 20:14:42.963,2020-01-21 20:14:42.963
5aff1f01-0050-fc61-a96d-08de293f62b7,100,4031.2,2025-11-21 20:48:55.060,2025-11-21 20:48:55.060
44deb7c8-de7a-ea11-a9ce-0a593f791696,100,36024.0,2020-04-10 03:54:51.187,2020-04-10 03:54:51.187
22e9c73d-1678-ed11-83d0-dbe72732717b,100,3980.5,2022-12-09 23:07:27.130,2022-12-09 23:07:27.130
ddefcd32-b630-ea11-a9ce-0a593f791696,100,40128.0,2020-01-06 18:56:41.477,2020-01-06 18:56:41.477
c7c277d2-a751-ea11-a9ce-0a593f791696,100,36024.0,2020-02-17 17:10:48.683,2020-02-17 17:10:48.683
10778bf6-9c43-ea11-a9ce-0a593f791696,100,40128.0,2020-01-30 20:21:15.070,2020-01-30 20:21:15.070
7db3e0b7-116a-ea11-a9ce-0a593f791696,100,40128.0,2020-03-19 18:46:59.153,2020-03-19 18:46:59.153
b7598ef1-e108-f011-84f4-ff0475a88a10,100,8688.0,2025-03-24 19:02:17.180,2025-03-24 19:02:17.180
513d2f91-b95f-ea11-a9ce-0a593f791696,100,36024.0,2020-03-06 14:51:35.957,2020-03-06 14:51:35.957
1bebc00f-d81a-ea11-a9ce-0a593f791696,100,48184.0,2019-12-09 23:17:58.797,2019-12-09 23:17:58.797
75ba65d8-4e02-ea11-a9ce-0a593f791696,100,82080.0,2019-11-08 17:55:28.273,2019-11-08 17:55:28.273
513def4b-1378-ed11-83d0-dbe72732717b,100,3895.0,2022-12-09 22:46:24.487,2022-12-09 22:46:24.487
22de0501-007c-316f-7cf8-08dea630f68b,100,0.0,2026-04-29 20:58:54.170,2026-04-29 20:58:54.170
ab843e22-1778-ed11-83d0-dbe72732717b,100,3895.0,2022-12-09 23:13:49.203,2022-12-09 23:13:49.203
106a5ac8-b547-ec11-8350-8758689bb432,100,0.0,2021-11-17 14:53:02.203,2021-11-17 14:53:02.203
a8fe0a82-2d53-ea11-a9ce-0a593f791696,100,44080.0,2020-02-19 15:37:30.000,2020-02-19 15:37:30.000
e0e3c1ae-c463-ea11-a9ce-0a593f791696,100,28120.0,2020-03-11 18:34:44.943,2020-03-11 18:34:44.943
e2be0a01-0050-fc61-a1f4-08de293ab72c,100,8933.5,2025-11-21 20:15:29.267,2025-11-21 20:15:29.267
60f3dfee-fe06-ea11-a9ce-0a593f791696,100,72048.0,2019-11-14 17:03:19.680,2019-11-14 17:03:19.680
409130cf-2149-ea11-a9ce-0a593f791696,100,44080.0,2020-02-06 20:47:43.593,2020-02-06 20:47:43.593
83030730-4990-79c7-1fd3-08ddf07a54b0,100,0.0,2025-09-10 14:57:44.930,2025-09-10 14:57:44.930
7d4f6691-e351-ea11-a9ce-0a593f791696,100,40128.0,2020-02-18 00:24:54.730,2020-02-18 00:24:54.730
e0becf4a-78de-ea11-828c-dab48128a9c3,100,7220.0,2020-08-14 21:58:12.570,2020-08-14 21:58:12.570
4ce90c34-c890-79c7-6c7d-08ddaa7e772c,100,3500.0,2025-06-13 13:32:27.963,2025-06-13 13:32:27.963
2ec28e13-8231-ea11-a9ce-0a593f791696,100,36024.0,2020-01-07 19:17:04.497,2020-01-07 19:17:04.497
e3230801-0023-b011-38e6-08de6d65d882,100,17936.0,2026-02-16 14:16:41.693,2026-02-16 14:16:41.693
a0c6b613-d0e0-ea11-828c-fcb9b0fbbc3d,100,6840.0,2020-08-17 21:30:06.457,2020-08-17 21:30:06.457
7d3c657f-1078-ed11-83d0-dbe72732717b,100,3895.0,2022-12-09 22:26:23.330,2022-12-09 22:26:23.330
36823713-eb0a-ea11-a9ce-0a593f791696,100,72048.0,2019-11-19 17:03:51.353,2019-11-19 17:03:51.353
e10f76ed-ee1a-ea11-a9ce-0a593f791696,100,48184.0,2019-12-10 01:50:53.490,2019-12-10 01:50:53.490
82740501-00f7-9c27-c13c-08de94afd31a,100,0.0,2026-04-07 14:17:56.080,2026-04-07 14:17:56.080
f1d132aa-5baf-5cb0-7002-019ff22ffafc,100,4900.0,2026-08-11 18:59:11.073,2026-08-11 18:59:11.073
1ab10f01-0050-fc61-f615-08de293bc27a,100,4846.25,2025-11-21 20:22:57.763,2025-11-21 20:22:57.763
98945da8-66d7-ea11-828c-cf34c837d27a,100,7220.0,2020-08-05 22:02:36.037,2020-08-05 22:02:36.037
0c90e509-1378-ed11-83d0-dbe72732717b,100,4892.5,2022-12-09 22:44:32.297,2022-12-09 22:44:32.297
af026245-0f78-ed11-83d0-dbe72732717b,100,3163.5,2022-12-09 22:17:36.240,2022-12-09 22:17:36.240
8823241b-e30b-ea11-a9ce-0a593f791696,100,40128.0,2019-11-20 22:17:00.843,2019-11-20 22:17:00.843
4d5f60fa-c7eb-eb11-8315-a00d96e260a2,100,2000.0,2021-07-23 15:13:20.797,2021-07-23 15:13:20.797
c5ecd5f6-9a83-ec11-8350-8614ea56c896,100,7500.0,2022-02-01 20:11:49.967,2022-02-01 20:11:49.967
7d20a1af-3c53-ea11-a9ce-0a593f791696,100,28120.0,2020-02-19 17:31:13.703,2020-02-19 17:31:13.703
fde807d8-4057-ea11-a9ce-0a593f791696,100,28120.0,2020-02-24 20:09:17.480,2020-02-24 20:09:17.480
81fc0201-006e-ace0-f117-08de6e53bb8d,100,17936.0,2026-02-17 18:39:12.827,2026-02-17 18:39:12.827
e06bedeb-f636-ee11-8444-ef67c466c8ee,100,0.0,2023-08-09 20:56:18.813,2023-08-09 20:56:18.813
af522ee3-6b02-ea11-a9ce-0a593f791696,100,50008.0,2019-11-08 21:31:36.473,2019-11-08 21:31:36.473
04be77c4-db72-ea11-a9ce-0a593f791696,100,44080.0,2020-03-30 23:19:12.097,2020-03-30 23:19:12.097
d81ae8cc-e5cd-ea11-828c-cd0b241fdad6,100,44080.0,2020-07-24 19:43:13.017,2020-07-24 19:43:13.017
62f02001-0050-fc61-20d8-08de293f9d96,100,4289.25,2025-11-21 20:50:33.850,2025-11-21 20:50:33.850
2ea50620-c990-79c7-1704-08dde59f55bc,100,0.0,2025-08-27 19:27:32.457,2025-08-27 19:27:32.457
4e98187d-3d2e-ea11-a9ce-0a593f791696,100,36024.0,2020-01-03 15:34:10.460,2020-01-03 15:34:10.460
e37758f8-1779-e581-7004-01a0172b3dff,100,0.0,2026-08-18 23:18:26.257,2026-08-18 23:18:26.257
e38c8ec2-31ee-ef11-84f4-a54065c285f4,100,0.0,2025-02-18 19:54:51.510,2025-02-18 19:54:51.510
81f7d367-5d28-84be-7004-019f864c7891,100,0.0,2026-07-21 20:12:55.567,2026-07-21 20:12:55.567
2c8cbc7d-9551-ea11-a9ce-0a593f791696,100,32224.0,2020-02-17 14:59:23.993,2020-02-17 14:59:23.993
b87bc27e-2a0a-ee11-8445-f74f6d25f913,100,3300.0,2023-06-13 20:40:52.953,2023-06-13 20:40:52.953
88778c9e-d41a-ea11-a9ce-0a593f791696,100,48184.0,2019-12-09 22:43:02.713,2019-12-09 22:43:02.713
11dc91af-834e-ea11-a9ce-0a593f791696,100,40128.0,2020-02-13 17:14:16.363,2020-02-13 17:14:16.363
779dbc02-772d-ea11-a9ce-0a593f791696,100,44080.0,2020-01-02 15:47:09.757,2020-01-02 15:47:09.757
b6e80601-0050-fc61-e7a6-08de2939ea46,100,5516.0,2025-11-21 20:09:45.503,2025-11-21 20:09:45.503
3664057c-6b90-79c7-96bf-08dd86887828,100,7470.0,2025-04-28 19:12:32.473,2025-04-28 19:12:32.473
49c704b8-b390-79c7-14f5-08de002bb850,100,0.0,2025-09-30 14:14:52.077,2025-09-30 14:14:52.077
0fce516a-8f4a-ef11-84a5-a563d9fef745,100,4600.0,2024-07-25 14:14:56.437,2024-07-25 14:14:56.437
3fed66a2-db58-ef11-84bd-c113277cb18e,100,6317.5,2024-08-12 18:52:00.727,2024-08-12 18:52:00.727
b8a3c5f0-dc49-ea11-a9ce-0a593f791696,100,36024.0,2020-02-07 19:52:49.973,2020-02-07 19:52:49.973
2e746d3c-2848-ea11-a9ce-0a593f791696,100,32224.0,2020-02-05 15:06:26.020,2020-02-05 15:06:26.020
b6da1001-0050-fc61-820c-08de293c0236,100,20725.25,2025-11-21 20:24:44.677,2025-11-21 20:24:44.677
811c8397-455b-eb11-82b1-fced9c41084e,100,0.0,2021-01-20 17:34:50.703,2021-01-20 17:34:50.703
f084c532-58fb-ee11-8445-af88691b5c3e,100,4700.0,2024-04-15 18:46:20.763,2024-04-15 18:46:20.763
c418ded2-5b5e-ea11-a9ce-0a593f791696,100,40128.0,2020-03-04 21:11:57.107,2020-03-04 21:11:57.107
0face53e-874f-ea11-a9ce-0a593f791696,100,44080.0,2020-02-15 00:22:37.380,2020-02-15 00:22:37.380
12010c01-0050-fc61-46ba-08de293afbb2,100,5938.5,2025-11-21 20:17:24.233,2025-11-21 20:17:24.233
e3de7674-ba54-ea11-a9ce-0a593f791696,100,28120.0,2020-02-21 15:02:06.320,2020-02-21 15:02:06.320
2c9b0c01-009b-56f9-b431-08de89a78629,100,0.0,2026-03-24 13:19:36.507,2026-03-24 13:19:36.507
76d94b2d-0f78-ed11-83d0-dbe72732717b,100,4940.0,2022-12-09 22:16:59.393,2022-12-09 22:16:59.393
50c30301-0061-8fd8-d6e7-08de18991e0f,100,4900.0,2025-10-31 16:19:56.930,2025-10-31 16:19:56.930
5e261fa2-ed15-ea11-a9ce-0a593f791696,100,70072.0,2019-12-03 17:37:48.350,2019-12-03 17:37:48.350
60120801-00f7-9c27-1b81-08de966f94bc,100,0.0,2026-04-09 19:45:17.050,2026-04-09 19:45:17.050
0ccd0701-00b2-d845-6afc-08dea22219c7,100,0.0,2026-04-24 16:57:10.577,2026-04-24 16:57:10.577
a312b506-f656-ee11-8444-ea6075c7d9c2,100,0.0,2023-09-19 14:09:55.253,2023-09-19 14:09:55.253
0ccf1568-dbdc-ef11-84f4-fd13dbd522cf,100,0.0,2025-01-27 18:24:38.960,2025-01-27 18:24:38.960
80c41401-0050-fc61-53ca-08de293cd95e,100,4846.25,2025-11-21 20:30:45.653,2025-11-21 20:30:45.653
2e6057f2-0979-ea11-a9ce-0a593f791696,100,44080.0,2020-04-07 20:03:13.667,2020-04-07 20:03:13.667
80a9f743-6120-7c8b-7002-019f90dde96a,100,0.0,2026-07-23 21:30:31.947,2026-07-23 21:30:31.947
52416747-0c16-ea11-a9ce-0a593f791696,100,66120.0,2019-12-03 20:52:12.603,2019-12-03 20:52:12.603
5ff81cc6-e7cd-eb11-830a-ec86c785ce06,100,28910.4,2021-06-15 14:42:02.047,2021-06-15 14:42:02.047
c5825a50-b20b-ea11-a9ce-0a593f791696,100,40128.0,2019-11-20 16:29:17.333,2019-11-20 16:29:17.333
b456ac78-fdcd-eb11-830a-ec86c785ce06,100,12500.0,2021-06-15 17:23:19.517,2021-06-15 17:23:19.517
c57c0201-006e-ace0-c364-08de6e2805d6,100,0.0,2026-02-17 13:28:23.337,2026-02-17 13:28:23.337
5baec1c7-ba58-ef11-84bd-e4bc9af619cd,100,7180.0,2024-08-12 15:01:08.850,2024-08-12 15:01:08.850
0f8305ef-4356-ee11-8444-b2d9241a96a7,100,0.0,2023-09-18 16:55:17.600,2023-09-18 16:55:17.600
1af346d9-c145-ee11-8444-ffe4c2825b35,100,0.0,2023-08-28 16:45:52.577,2023-08-28 16:45:52.577
fcfc2968-4a65-ea11-a9ce-0a593f791696,100,36024.0,2020-03-13 16:52:47.493,2020-03-13 16:52:47.493
a4bd1b6d-797b-ea11-a9ce-0a593f791696,100,36024.0,2020-04-10 22:20:43.563,2020-04-10 22:20:43.563
1c414b66-9852-ea11-a9ce-0a593f791696,100,28120.0,2020-02-18 21:53:11.353,2020-02-18 21:53:11.353
aed537eb-94dd-ea11-828c-dab48128a9c3,100,6840.0,2020-08-13 18:53:08.410,2020-08-13 18:53:08.410
dabf47a6-36a8-928a-7001-01a015348f9b,100,0.0,2026-08-18 14:12:03.633,2026-08-18 14:12:03.633
d0094846-29b0-ea11-a9ce-0a593f791696,100,86032.0,2020-06-16 23:31:24.013,2020-06-16 23:31:24.013
df430201-0087-ee53-189a-08de93ff2035,100,0.0,2026-04-06 17:14:37.103,2026-04-06 17:14:37.103
7ff0c25c-083e-ef11-84a5-fffb92a5239f,100,0.0,2024-07-09 15:36:11.707,2024-07-09 15:36:11.707
df004c99-bdcf-eb11-830a-c1c5c06c5978,100,0.0,2021-06-17 22:49:09.167,2021-06-17 22:49:09.167
7c4d349b-5d1c-ea11-a9ce-0a593f791696,100,44080.0,2019-12-11 21:39:19.000,2019-12-11 21:39:19.000
4f641b01-0050-fc61-6152-08de293e50a8,100,19658.25,2025-11-21 20:41:15.343,2025-11-21 20:41:15.343
1b9c54f6-f57d-ec11-8350-d3131e7fd828,100,0.0,2022-01-25 15:46:36.513,2022-01-25 15:46:36.513
0f592301-0050-fc61-4bdf-08de29403025,100,4824.0,2025-11-21 20:54:39.773,2025-11-21 20:54:39.773
6bd790fe-0fdb-ea11-828c-a3b0b95dd4b2,100,8930.0,2020-08-10 13:54:01.137,2020-08-10 13:54:01.137
8a0230e7-244c-ea11-a9ce-0a593f791696,100,28120.0,2020-02-10 16:51:14.357,2020-02-10 16:51:14.357
08455e89-034d-ea11-a9ce-0a593f791696,100,36024.0,2020-02-11 19:34:50.413,2020-02-11 19:34:50.413
08220104-1f90-79c7-a948-08ddda824397,100,0.0,2025-08-13 15:59:41.027,2025-08-13 15:59:41.027
6381a86c-1e0b-ea11-a9ce-0a593f791696,100,70072.0,2019-11-19 22:50:12.600,2019-11-19 22:50:12.600
ab91d7af-1278-ed11-83d0-dbe72732717b,100,3990.0,2022-12-09 22:42:05.067,2022-12-09 22:42:05.067
639e4ddf-ead0-ea11-828c-b57555799727,100,9120.0,2020-07-28 16:01:33.007,2020-07-28 16:01:33.007
c525560d-4fda-ee11-8444-d25ce09ad7e0,100,0.0,2024-03-04 17:46:12.057,2024-03-04 17:46:12.057
71afd965-1990-4ea3-7001-01a01ff450c6,100,0.0,2026-08-20 16:18:42.750,2026-08-20 16:18:42.750
a13036c7-13b7-ea11-a9ce-0a593f791696,100,32224.0,2020-06-25 18:47:44.107,2020-06-25 18:47:44.107
dec2734b-0f78-ed11-83d0-dbe72732717b,100,4655.0,2022-12-09 22:17:48.950,2022-12-09 22:17:48.950
5c0a0901-0050-fc61-8e1b-08de293a5dd1,100,5516.0,2025-11-21 20:12:59.407,2025-11-21 20:12:59.407
0f4116a5-4734-44a8-7001-01a0155cf53d,100,0.0,2026-08-18 15:02:39.117,2026-08-18 15:02:39.117
dd30afe1-f348-ea11-a9ce-0a593f791696,100,36024.0,2020-02-06 15:23:43.607,2020-02-06 15:23:43.607
212f7ff4-3b07-ea11-a9ce-0a593f791696,100,86032.0,2019-11-15 00:10:52.900,2019-11-15 00:10:52.900
2dc693e2-d558-ea11-a9ce-0a593f791696,100,36024.0,2020-02-26 20:29:57.690,2020-02-26 20:29:57.690
b5c6a9e7-f989-ed11-83d0-afc0c20539c0,100,0.0,2023-01-01 17:32:16.147,2023-01-01 17:32:16.147
7f3377b5-f1d7-ea11-828c-cf34c837d27a,100,8360.0,2020-08-06 14:37:47.843,2020-08-06 14:37:47.843
a2e511e0-284d-ea11-a9ce-0a593f791696,100,36024.0,2020-02-11 23:50:36.630,2020-02-11 23:50:36.630
fc891f01-0050-fc61-f7e4-08de293f496b,100,5618.5,2025-11-21 20:48:12.647,2025-11-21 20:48:12.647
36106390-5f02-ea11-a9ce-0a593f791696,100,102144.0,2019-11-08 20:20:08.623,2019-11-08 20:20:08.623
5f571101-0050-fc61-1fac-08de293c1c34,100,5886.0,2025-11-21 20:25:28.367,2025-11-21 20:25:28.367
0f536e80-3718-ea11-a9ce-0a593f791696,100,104120.0,2019-12-06 15:16:57.197,2019-12-06 15:16:57.197
359179e4-9d5d-ea11-a9ce-0a593f791696,100,36024.0,2020-03-03 22:36:57.737,2020-03-03 22:36:57.737
24040701-009a-0ad4-fe03-08deaa0f2c3d,100,5000.0,2026-05-04 18:58:53.093,2026-05-04 18:58:53.093
debf7e0c-0853-ee11-8444-de83233d66f5,100,0.0,2023-09-14 14:09:21.080,2023-09-14 14:09:21.080
7e8c0670-4b90-79c7-d62e-08ddecadd83e,100,6978.0,2025-09-05 18:59:56.243,2025-09-05 18:59:56.243
c26e10be-e5e5-e596-7002-019fc8d809f1,100,0.0,2026-08-03 18:17:15.207,2026-08-03 18:17:15.207
c4e5c73d-1678-ed11-83d0-dbe72732717b,100,2612.5,2022-12-09 23:07:26.147,2022-12-09 23:07:26.147
5f2c8e6f-f00a-ea11-a9ce-0a593f791696,100,75088.0,2019-11-19 17:31:05.910,2019-11-19 17:31:05.910
7f02e353-f5bf-17a4-7006-019f86dac37f,100,0.0,2026-07-21 22:45:12.990,2026-07-21 22:45:12.990
5c3f760c-b73e-768b-7005-019ff7cc4510,100,0.0,2026-08-12 21:10:23.210,2026-08-12 21:10:23.210
77ea3ba6-0f78-ed11-83d0-dbe72732717b,100,4892.5,2022-12-09 22:20:19.167,2022-12-09 22:20:19.167
63ad1f5b-b299-a19e-7004-019f6c835e39,100,0.0,2026-07-16 20:03:19.720,2026-07-16 20:03:19.720
55df2201-0050-fc61-a92b-08de29401290,100,2999.0,2025-11-21 20:53:50.077,2025-11-21 20:53:50.077
7eca579e-5f5d-ea11-a9ce-0a593f791696,100,44080.0,2020-03-03 15:13:49.043,2020-03-03 15:13:49.043
8a900a01-0050-fc61-9c6b-08de293aae0c,100,5646.0,2025-11-21 20:15:13.930,2025-11-21 20:15:13.930
b1d2b894-c601-ea11-a9ce-0a593f791696,100,96064.0,2019-11-08 01:29:30.687,2019-11-08 01:29:30.687
5f09777d-6e7b-ea11-a9ce-0a593f791696,100,40128.0,2020-04-10 21:09:06.683,2020-04-10 21:09:06.683
8ab90d55-b347-ec11-8350-8758689bb432,100,0.0,2021-11-17 14:34:42.123,2021-11-17 14:34:42.123
63b3cac9-c136-ee11-8444-d039c3200d31,100,0.0,2023-08-09 14:34:59.000,2023-08-09 14:34:59.000
e4f22101-0050-fc61-5d95-08de293fd8bd,100,6145.25,2025-11-21 20:52:13.087,2025-11-21 20:52:13.087
c27b2556-48ac-ec11-8395-9d6ffccc9af0,100,0.0,2022-03-25 14:33:19.087,2022-03-25 14:33:19.087
5dbe1133-7531-ea11-a9ce-0a593f791696,100,40128.0,2020-01-07 18:00:22.623,2020-01-07 18:00:22.623
89f32163-6e0c-ea11-a9ce-0a593f791696,100,75088.0,2019-11-21 15:19:22.453,2019-11-21 15:19:22.453
29a91fa6-1578-ed11-83d0-dbe72732717b,100,3562.5,2022-12-09 23:03:18.467,2022-12-09 23:03:18.467
380b8dba-9b1a-ea11-a9ce-0a593f791696,100,48184.0,2019-12-09 16:03:02.147,2019-12-09 16:03:02.147
8afe0922-1178-ed11-83d0-dbe72732717b,100,4655.0,2022-12-09 22:30:54.507,2022-12-09 22:30:54.507
77de74dd-08b7-ea11-a9ce-0a593f791696,100,48184.0,2020-06-25 17:26:18.797,2020-06-25 17:26:18.797
7119a8d0-872d-ea11-a9ce-0a593f791696,100,82080.0,2020-01-02 17:47:35.067,2020-01-02 17:47:35.067
128acb46-ec16-ea11-a9ce-0a593f791696,100,74024.0,2019-12-04 23:38:25.473,2019-12-04 23:38:25.473
7ba515f6-de16-ea11-a9ce-0a593f791696,100,90136.0,2019-12-04 21:44:00.537,2019-12-04 21:44:00.537
de7c4837-ad17-ef11-8445-93bfefcc48b8,100,0.0,2024-05-21 20:07:46.053,2024-05-21 20:07:46.053
b6017ced-4144-ea11-a9ce-0a593f791696,100,40128.0,2020-01-31 16:04:35.893,2020-01-31 16:04:35.893
4afd0001-0059-27c6-31d6-08de628baa1f,100,0.0,2026-02-02 20:58:12.217,2026-02-02 20:58:12.217
de39a0ba-5c47-ea11-a9ce-0a593f791696,100,44080.0,2020-02-04 14:51:29.737,2020-02-04 14:51:29.737
f053bd5f-6e5a-ea11-a9ce-0a593f791696,100,40128.0,2020-02-28 21:13:37.897,2020-02-28 21:13:37.897
00e56e52-da1a-ea11-a9ce-0a593f791696,100,48184.0,2019-12-10 00:21:18.403,2019-12-10 00:21:18.403
28c8b4e9-751b-ea11-a9ce-0a593f791696,100,48184.0,2019-12-10 18:31:25.050,2019-12-10 18:31:25.050
70d51606-3d5b-eb11-82b1-fced9c41084e,100,0.0,2021-01-20 16:33:19.727,2021-01-20 16:33:19.727
07c70f01-0050-fc61-a31f-08de293bc715,100,4847.5,2025-11-21 20:23:05.480,2025-11-21 20:23:05.480
dddf3223-b365-fa94-7002-01a063873cee,100,0.0,2026-09-02 19:10:03.597,2026-09-02 19:10:03.597
db8f86e7-ec6a-ea11-a9ce-0a593f791696,100,28120.0,2020-03-20 21:01:46.087,2020-03-20 21:01:46.087
12ab9c34-331c-ea11-a9ce-0a593f791696,100,48184.0,2019-12-11 16:34:27.970,2019-12-11 16:34:27.970
b066fc0f-1178-ed11-83d0-dbe72732717b,100,3895.0,2022-12-09 22:30:25.293,2022-12-09 22:30:25.293
461c02a4-1c90-79c7-e802-08dde009bf28,100,0.0,2025-08-20 16:54:29.620,2025-08-20 16:54:29.620
c4210520-c990-79c7-3d5d-08dde4b1d150,100,0.0,2025-08-26 15:06:18.123,2025-08-26 15:06:18.123
b5e275bc-7dd3-ea11-828c-b4e2a79c59ea,100,8930.0,2020-07-31 22:36:51.027,2020-07-31 22:36:51.027
e520e61f-1720-ee11-8445-c3fa346bda63,100,0.0,2023-07-11 18:18:52.217,2023-07-11 18:18:52.217
7094d738-529e-ed11-83d0-9ce8f4c8c521,100,0.0,2023-01-27 14:59:16.557,2023-01-27 14:59:16.557
8bb9667e-c66a-ea11-a9ce-0a593f791696,100,40128.0,2020-03-20 16:22:34.613,2020-03-20 16:22:34.613
ab5a0701-0093-24ac-e322-08de6401a898,100,0.0,2026-02-04 15:26:39.533,2026-02-04 15:26:39.533
58d00601-00d2-8d67-9b0b-08dea53b9bb9,100,0.0,2026-04-28 15:38:13.167,2026-04-28 15:38:13.167
35f70101-001e-591d-324d-08dec4cedc65,100,9718.83,2026-06-07 19:59:33.507,2026-06-07 19:59:33.507
8b90c8bf-ae17-eb11-828e-85d3c8e3831d,100,48184.0,2020-10-26 17:17:34.717,2020-10-26 17:17:34.717
a22cdba3-1278-ed11-83d0-dbe72732717b,100,4892.5,2022-12-09 22:41:41.370,2022-12-09 22:41:41.370
7c51da44-c6f0-7993-7001-01a0153f976a,100,0.0,2026-08-18 14:23:10.340,2026-08-18 14:23:10.340
e483e5a2-003f-ef11-84a5-d9094bf8c1c8,100,0.0,2024-07-10 21:13:29.910,2024-07-10 21:13:29.910
ee1f224d-9d17-ea11-a9ce-0a593f791696,100,68096.0,2019-12-05 20:34:12.827,2019-12-05 20:34:12.827
8bfeb3c7-ef33-ea11-a9ce-0a593f791696,100,44080.0,2020-01-10 21:33:34.420,2020-01-10 21:33:34.420
7c325367-824e-ea11-a9ce-0a593f791696,100,36024.0,2020-02-13 17:02:26.410,2020-02-13 17:02:26.410
0deffd13-d7da-ed11-842b-a6fb533d87ca,100,4416.0,2023-04-14 15:15:40.943,2023-04-14 15:15:40.943
c2c3006e-3d5b-eb11-82b1-fced9c41084e,100,0.0,2021-01-20 16:35:34.647,2021-01-20 16:35:34.647
dcd81742-0f0b-ea11-a9ce-0a593f791696,100,64144.0,2019-11-19 21:08:54.460,2019-11-19 21:08:54.460
7c25917a-a222-ea11-a9ce-0a593f791696,100,44080.0,2019-12-19 21:04:28.700,2019-12-19 21:04:28.700
4631aac8-3a57-ea11-a9ce-0a593f791696,100,28120.0,2020-02-24 19:26:45.913,2020-02-24 19:26:45.913
4fd43123-acfe-ef11-84f4-dac438e126e9,100,0.0,2025-03-11 19:09:31.060,2025-03-11 19:09:31.060
dbe60140-9990-79c7-9cda-08ddd4ff29b7,100,0.0,2025-08-06 15:43:17.453,2025-08-06 15:43:17.453
645943e0-c46a-ea11-a9ce-0a593f791696,100,40128.0,2020-03-20 16:14:20.627,2020-03-20 16:14:20.627
07d84858-c654-ea11-a9ce-0a593f791696,100,40128.0,2020-02-21 16:28:41.500,2020-02-21 16:28:41.500
b22069cb-6344-ea11-a9ce-0a593f791696,100,44080.0,2020-01-31 20:12:57.117,2020-01-31 20:12:57.117
79800701-00d2-8833-598b-08de761aa232,100,0.0,2026-02-27 16:09:51.047,2026-02-27 16:09:51.047
01d42ea4-2a28-ccb3-7001-019fec67ba84,100,0.0,2026-08-10 16:03:56.330,2026-08-10 16:03:56.330
7aa6b336-f50a-ea11-a9ce-0a593f791696,100,62016.0,2019-11-19 17:54:14.797,2019-11-19 17:54:14.797
dd04daeb-245f-ea11-a9ce-0a593f791696,100,36024.0,2020-03-05 21:11:47.943,2020-03-05 21:11:47.943
30e38fb1-3e48-ea11-a9ce-0a593f791696,100,40128.0,2020-02-05 17:46:17.387,2020-02-05 17:46:17.387
52b066b9-7159-a588-7002-019ff6c27f2b,100,0.0,2026-08-12 16:18:18.937,2026-08-12 16:18:18.937
b5ed1001-0050-fc61-bdf1-08de293c05c9,100,5886.0,2025-11-21 20:24:50.690,2025-11-21 20:24:50.690
3f76cfdf-1278-ed11-83d0-dbe72732717b,100,4892.5,2022-12-09 22:43:22.250,2022-12-09 22:43:22.250
e5b0853b-e6de-ed11-842b-fa1ddcdb8a61,100,0.0,2023-04-19 19:14:33.427,2023-04-19 19:14:33.427
b5d87fdc-7ffc-938d-7002-01a05e942379,100,0.0,2026-09-01 20:11:02.960,2026-09-01 20:11:02.960
1ffa135c-2c9a-ea11-a9ce-0a593f791696,100,15200.0,2020-05-20 00:03:21.403,2020-05-20 00:03:21.403
b5cbfdbd-0307-ea11-a9ce-0a593f791696,100,106096.0,2019-11-14 17:26:08.953,2019-11-14 17:26:08.953
041ea1bc-2620-ea11-a9ce-0a593f791696,100,72048.0,2019-12-16 17:11:56.167,2019-12-16 17:11:56.167
349c0321-fb7f-ea11-a9ce-0a593f791696,100,17100.0,2020-04-16 16:03:48.610,2020-04-16 16:03:48.610
4bcf0801-0023-b011-4600-08de6d9afa7e,100,0.0,2026-02-16 20:38:28.147,2026-02-16 20:38:28.147
5d4a6214-4c74-ea11-a9ce-0a593f791696,100,40128.0,2020-04-01 19:16:59.060,2020-04-01 19:16:59.060
b1210101-0059-27c6-7272-08de629e498d,100,0.0,2026-02-02 21:03:37.267,2026-02-02 21:03:37.267
130d0701-0083-d85e-6ecb-08de65b6af97,100,0.0,2026-02-06 19:35:02.690,2026-02-06 19:35:02.690
b0b7505a-4dba-ea11-a9ce-0a593f791696,100,28120.0,2020-06-29 21:13:57.963,2020-06-29 21:13:57.963
1ff322ac-1378-ed11-83d0-dbe72732717b,100,3562.5,2022-12-09 22:49:07.137,2022-12-09 22:49:07.137
c2f5aae5-6744-ea11-a9ce-0a593f791696,100,40128.0,2020-01-31 20:31:33.973,2020-01-31 20:31:33.973
d6721d01-0050-fc61-0c18-08de293ec87f,100,4846.25,2025-11-21 20:44:36.327,2025-11-21 20:44:36.327
dc210801-0023-b011-9d07-08de6d65850f,100,17936.0,2026-02-16 14:14:13.707,2026-02-16 14:14:13.707
dc2cc4e4-034d-ea11-a9ce-0a593f791696,100,36024.0,2020-02-11 19:57:56.230,2020-02-11 19:57:56.230
7ad6afc1-8364-ee11-8444-9f1cd4718f5e,100,0.0,2023-10-06 20:16:31.170,2023-10-06 20:16:31.170
c2c5172a-d3fe-eb11-8315-d161287b62a5,100,0.0,2021-08-16 20:49:12.197,2021-08-16 20:49:12.197
1339300a-d188-ea11-a9ce-0a593f791696,100,15200.0,2020-04-27 21:51:50.087,2020-04-27 21:51:50.087
52ef6814-631c-ea11-a9ce-0a593f791696,100,48184.0,2019-12-11 22:17:21.893,2019-12-11 22:17:21.893
793c231d-ac3b-5795-7004-01a0c598e72c,100,0.0,2026-09-21 20:15:17.983,2026-09-21 20:15:17.983
f36dd488-2f1c-ea11-a9ce-0a593f791696,100,44080.0,2019-12-11 16:04:02.693,2019-12-11 16:04:02.693
2b434922-9070-eb11-82b1-d249468406d3,100,0.0,2021-02-16 19:50:40.557,2021-02-16 19:50:40.557
798d53cf-234c-ea11-a9ce-0a593f791696,100,36024.0,2020-02-10 16:42:54.013,2020-02-10 16:42:54.013
7b0003e8-e490-79c7-6cbe-08ddbfe703bd,100,0.0,2025-07-10 19:24:47.920,2025-07-10 19:24:47.920
0e190801-0023-b011-df82-08de6d640a09,100,17936.0,2026-02-16 14:03:42.503,2026-02-16 14:03:42.503
7b4ff7a9-1678-ed11-83d0-dbe72732717b,100,3125.5,2022-12-09 23:10:29.510,2022-12-09 23:10:29.510
136bfba2-9f0a-ed11-83ad-e1755dca8caf,100,0.0,2022-07-23 15:59:52.057,2022-07-23 15:59:52.057
c28d0601-00f7-9c27-4ffd-08de957e258e,100,0.0,2026-04-08 14:59:44.447,2026-04-08 14:59:44.447
c387d28b-1678-ed11-83d0-dbe72732717b,100,0.0,2022-12-09 23:09:42.277,2022-12-09 23:09:42.277
137125a6-2880-ea11-a9ce-0a593f791696,100,17100.0,2020-04-16 21:27:21.580,2020-04-16 21:27:21.580
21457181-56d0-ea11-828c-b57555799727,100,7220.0,2020-07-27 22:18:41.117,2020-07-27 22:18:41.117
39050fd0-12e5-ed11-8445-997b9ea2b757,100,4416.0,2023-04-27 15:47:57.273,2023-04-27 15:47:57.273
31501801-0050-fc61-9dd1-08de293d9b47,100,3737.9,2025-11-21 20:36:11.007,2025-11-21 20:36:11.007
4e4a7b4e-edd7-ea11-828c-cf34c837d27a,100,6270.0,2020-08-06 14:16:44.843,2020-08-06 14:16:44.843
7c0db2ff-f049-ea11-a9ce-0a593f791696,100,44080.0,2020-02-07 21:34:04.477,2020-02-07 21:34:04.477
b56c0728-1178-ed11-83d0-dbe72732717b,100,3895.0,2022-12-09 22:31:06.200,2022-12-09 22:31:06.200
315a3ab2-80d2-ea11-828c-b4e2a79c59ea,100,8930.0,2020-07-30 16:23:44.127,2020-07-30 16:23:44.127
651cbe5e-7451-ee11-8444-d04d659cdd06,100,0.0,2023-09-12 13:59:47.450,2023-09-12 13:59:47.450
dad96e68-1ad0-ee11-8445-b301c4e59e1c,100,0.0,2024-02-20 18:04:03.390,2024-02-20 18:04:03.390
dada3cc5-0f60-ea11-a9ce-0a593f791696,100,44080.0,2020-03-07 01:12:42.657,2020-03-07 01:12:42.657
8e96b4f3-5a15-ea11-a9ce-0a593f791696,100,88008.0,2019-12-02 23:52:05.810,2019-12-02 23:52:05.810
ca2c9092-d5bc-ef11-84e2-fc9af4fb06cf,100,0.0,2024-12-18 00:18:18.853,2024-12-18 00:18:18.853
438b00ff-d452-ef11-84bd-e74d6bfa3a14,100,0.0,2024-08-05 02:51:38.530,2024-08-05 02:51:38.530
3181aab0-4cd7-ea11-828c-cf34c837d27a,100,8360.0,2020-08-05 19:01:48.220,2020-08-05 19:01:48.220
a23a05c4-b890-79c7-acd1-08ddbd8bd825,100,0.0,2025-07-07 19:29:49.747,2025-07-07 19:29:49.747
21e2b597-1dd1-ea11-828c-b57555799727,100,8360.0,2020-07-28 22:07:06.353,2020-07-28 22:07:06.353
b53caa49-cfd8-ea11-828c-cf34c837d27a,100,8930.0,2020-08-07 17:08:34.027,2020-08-07 17:08:34.027
211c6685-1078-ed11-83d0-dbe72732717b,100,3714.5,2022-12-09 22:26:37.793,2022-12-09 22:26:37.793
2d9ffa05-622e-ea11-a9ce-0a593f791696,100,40128.0,2020-01-03 19:57:13.783,2020-01-03 19:57:13.783
24f24b85-1478-ed11-83d0-dbe72732717b,100,3895.0,2022-12-09 22:55:12.830,2022-12-09 22:55:12.830
b429921c-3c45-ef11-84a5-a563d9fef745,100,8970.0,2024-07-18 19:31:39.230,2024-07-18 19:31:39.230
c3f90922-1178-ed11-83d0-dbe72732717b,100,4892.5,2022-12-09 22:30:52.937,2022-12-09 22:30:52.937
7cdbfdac-edd7-ea11-828c-cf34c837d27a,100,6270.0,2020-08-06 14:07:07.250,2020-08-06 14:07:07.250
dd7eb836-d104-ea11-a9ce-0a593f791696,100,85120.0,2019-11-11 22:27:58.327,2019-11-11 22:27:58.327
d3f48819-2b49-ea11-a9ce-0a593f791696,100,28120.0,2020-02-06 22:00:04.260,2020-02-06 22:00:04.260
767a56cc-cf6e-ea11-a9ce-0a593f791696,100,32224.0,2020-03-25 19:39:30.453,2020-03-25 19:39:30.453
ddba0501-007c-316f-e97c-08dea622d3d2,100,0.0,2026-04-29 19:12:03.423,2026-04-29 19:12:03.423
b5361501-0050-fc61-190a-08de293cf086,100,8933.5,2025-11-21 20:31:24.487,2025-11-21 20:31:24.487
6e7604fe-c0fe-eb11-8315-d161287b62a5,100,3880.0,2021-08-16 18:41:57.143,2021-08-16 18:41:57.143
5e48a2c1-1078-ed11-83d0-dbe72732717b,100,4655.0,2022-12-09 22:28:15.880,2022-12-09 22:28:15.880
e78cae8a-2b5f-ea11-a9ce-0a593f791696,100,40128.0,2020-03-05 21:55:33.907,2020-03-05 21:55:33.907
0c8f067c-6b90-79c7-e7b6-08dd874c5480,100,0.0,2025-04-29 18:35:51.623,2025-04-29 18:35:51.623
468ff179-d01a-ea11-a9ce-0a593f791696,100,48184.0,2019-12-09 22:14:39.670,2019-12-09 22:14:39.670
57577a53-27f3-ed11-8445-d7f97a045102,100,0.0,2023-05-15 13:51:43.177,2023-05-15 13:51:43.177
d1a80201-006e-ace0-048d-08de6e39b8d7,100,0.0,2026-02-17 15:32:13.957,2026-02-17 15:32:13.957
05fe48e9-e038-eb11-82b1-986d9ece3222,100,48184.0,2020-12-07 23:07:34.560,2020-12-07 23:07:34.560
46dc0b01-0050-fc61-33dd-08de293af36a,100,4824.0,2025-11-21 20:17:10.317,2025-11-21 20:17:10.317
d9eef61f-0151-eb11-82b1-85086e9cc17b,100,76000.0,2021-01-07 15:58:36.453,2021-01-07 15:58:36.453
2527f4e6-0d4d-ea11-a9ce-0a593f791696,100,40128.0,2020-02-11 20:43:12.853,2020-02-11 20:43:12.853
7d020101-0059-27c6-ad50-08de6290de2e,100,11948.0,2026-02-02 19:27:32.530,2026-02-02 19:27:32.530
f8883c5d-843c-ea11-a9ce-0a593f791696,100,32224.0,2020-01-21 19:36:39.287,2020-01-21 19:36:39.287
d9cc3b72-d50b-ea11-a9ce-0a593f791696,100,94088.0,2019-11-20 20:37:43.830,2019-11-20 20:37:43.830
143a972e-d2bb-eb11-830a-a4b0d298b5f4,100,30020.0,2021-05-23 14:21:43.777,2021-05-23 14:21:43.777
d999bf6e-c933-ea11-a9ce-0a593f791696,100,40128.0,2020-01-10 16:53:53.470,2020-01-10 16:53:53.470
7dcf45fa-78d3-ea11-828c-b4e2a79c59ea,100,8360.0,2020-07-31 22:06:33.960,2020-07-31 22:06:33.960
7dc89091-bed8-ea11-828c-cf34c837d27a,100,8930.0,2020-08-07 15:04:21.540,2020-08-07 15:04:21.540
74cf0601-00d0-0f73-b876-08de70b3e732,100,7387.5,2026-02-20 19:14:03.557,2026-02-20 19:14:03.557
4b01c6cd-d9db-ea11-828c-a3b0b95dd4b2,100,6840.0,2020-08-11 13:56:41.093,2020-08-11 13:56:41.093
20bc16aa-0201-ea11-a9ce-0a593f791696,100,92112.0,2019-11-07 02:13:34.240,2019-11-07 02:13:34.240
4ca3294d-1254-ea11-a9ce-0a593f791696,100,28120.0,2020-02-20 18:58:06.637,2020-02-20 18:58:06.637
cacd09c0-f690-79c7-12e7-08ddd468ce42,100,0.0,2025-08-05 21:41:17.370,2025-08-05 21:41:17.370
e8ac0d01-0050-fc61-d0c3-08de293b595d,100,26863.8,2025-11-21 20:20:01.427,2025-11-21 20:20:01.427
7e3cf4e3-8d52-ea11-a9ce-0a593f791696,100,32224.0,2020-02-18 20:36:27.020,2020-02-18 20:36:27.020
4eee2a2d-1d0a-ea11-a9ce-0a593f791696,100,94088.0,2019-11-18 16:37:02.357,2019-11-18 16:37:02.357
a06d0d7c-2816-ea11-a9ce-0a593f791696,100,66120.0,2019-12-04 00:00:39.470,2019-12-04 00:00:39.470
41399511-d237-ea11-a9ce-0a593f791696,100,36024.0,2020-01-15 20:37:31.130,2020-01-15 20:37:31.130
255335cd-0350-6eba-7003-01a0211670fa,100,0.0,2026-08-20 21:31:55.173,2026-08-20 21:31:55.173
2afe0066-d9dd-ec11-83ad-d5a4b2678dd8,100,5865.0,2022-05-27 16:27:12.467,2022-05-27 16:27:12.467
badcc8b2-4039-ea11-a9ce-0a593f791696,100,40128.0,2020-01-17 15:52:30.723,2020-01-17 15:52:30.723
d542c3ce-c930-ea11-a9ce-0a593f791696,100,32224.0,2020-01-06 21:20:27.793,2020-01-06 21:20:27.793
d503f973-2f57-deae-7005-019fa549ec91,100,4819.0,2026-07-27 20:36:32.923,2026-07-27 20:36:32.923
92261798-5a32-ea11-a9ce-0a593f791696,100,32224.0,2020-01-08 21:20:14.813,2020-01-08 21:20:14.813
922764dc-5a32-ea11-a9ce-0a593f791696,100,88008.0,2020-01-08 21:08:17.187,2020-01-08 21:08:17.187
f70de266-f50b-ea11-a9ce-0a593f791696,100,75088.0,2019-11-21 00:33:39.383,2019-11-21 00:33:39.383
32255be2-1415-ea11-a9ce-0a593f791696,100,78128.0,2019-12-02 15:05:21.073,2019-12-02 15:05:21.073
e8e10618-b890-79c7-7589-08ddf6f789c0,100,3200.0,2025-09-18 21:10:54.780,2025-09-18 21:10:54.780
0921d194-9ae4-d1b8-7001-01a05e6243a8,100,0.0,2026-09-01 19:16:11.097,2026-09-01 19:16:11.097
0be482e0-3c06-ea11-a9ce-0a593f791696,100,64144.0,2019-11-13 17:44:22.143,2019-11-13 17:44:22.143
2573ca94-0b7a-ec11-8350-826b1a779cfe,100,32868.48,2022-01-20 16:11:23.630,2022-01-20 16:11:23.630
1d810540-b190-79c7-e985-08dd97c3a4fb,100,0.0,2025-05-20 17:32:18.567,2025-05-20 17:32:18.567
72eb55b4-6918-ea11-a9ce-0a593f791696,100,88008.0,2019-12-06 20:56:58.170,2019-12-06 20:56:58.170
72ca0301-0019-5c9c-bdef-08de72e1314d,100,0.0,2026-02-23 13:45:38.193,2026-02-23 13:45:38.193
fed5a6bb-b634-eb11-82b1-a71ab0dd9a52,100,70072.0,2020-12-02 15:55:31.980,2020-12-02 15:55:31.980
fe5bb4e8-4573-1c86-7002-019f90d40fc6,100,0.0,2026-07-23 21:21:13.320,2026-07-23 21:21:13.320
380f0301-006e-ace0-de36-08de6e5816c2,100,17936.0,2026-02-17 19:12:10.303,2026-02-17 19:12:10.303
fda6e01e-22e3-eb11-8315-a4ac8f80a59e,100,0.0,2021-07-12 15:02:44.470,2021-07-12 15:02:44.470
e9e0b0cf-762d-ea11-a9ce-0a593f791696,100,44080.0,2020-01-02 15:45:51.083,2020-01-02 15:45:51.083
f4bd05e4-9d90-79c7-077c-08dd925ad50b,100,0.0,2025-05-13 20:24:41.717,2025-05-13 20:24:41.717
a6d359e9-c7bb-ee11-8444-b70f653db9fb,100,9143.0,2024-01-25 21:23:27.603,2024-01-25 21:23:27.603
f4ee90ae-7bd3-ea11-828c-b4e2a79c59ea,100,6840.0,2020-07-31 22:24:53.507,2020-07-31 22:24:53.507
93b7f297-1678-ed11-83d0-dbe72732717b,100,3895.0,2022-12-09 23:10:00.720,2022-12-09 23:10:00.720
568d0c01-0050-fc61-e955-08de293b1c3a,100,5646.0,2025-11-21 20:18:18.803,2025-11-21 20:18:18.803
6bfe0201-006e-ace0-bb5c-08de6e53ecfc,100,17936.0,2026-02-17 18:41:13.050,2026-02-17 18:41:13.050
fc8e284f-1657-ea11-a9ce-0a593f791696,100,44080.0,2020-02-24 17:11:22.040,2020-02-24 17:11:22.040
bae6c759-29a4-ea11-a9ce-0a593f791696,100,64144.0,2020-06-01 17:01:34.540,2020-06-01 17:01:34.540
cd59a3cb-27db-ee11-8444-a85396bf4454,100,6950.0,2024-03-05 19:41:35.980,2024-03-05 19:41:35.980
1db14fec-a947-ef11-84a5-a563d9fef745,100,8021.0,2024-07-21 21:44:21.940,2024-07-21 21:44:21.940
347a1401-0050-fc61-4f37-08de293cca0b,100,4846.25,2025-11-21 20:30:19.943,2025-11-21 20:30:19.943
568880cf-2a5f-ea11-a9ce-0a593f791696,100,44080.0,2020-03-05 21:52:21.830,2020-03-05 21:52:21.830
95765b33-910c-ea11-a9ce-0a593f791696,100,98116.0,2019-11-21 19:04:42.690,2019-11-21 19:04:42.690
70bc04ee-e2d8-eb11-830a-e24e239857dd,100,3880.0,2021-06-29 14:06:23.750,2021-06-29 14:06:23.750
fb582e1c-19ff-e911-a9ce-0a593f791696,100,90136.0,2019-11-04 15:41:17.697,2019-11-04 15:41:17.697
bf4928c4-1378-ed11-83d0-dbe72732717b,100,3895.0,2022-12-09 22:49:45.673,2022-12-09 22:49:45.673
cfcd89fd-31b6-e7b3-7007-019f6770df54,100,6018.0,2026-07-15 20:23:27.170,2026-07-15 20:23:27.170
94cb0601-00d2-8d67-f8a4-08dea53ac0a4,100,0.0,2026-04-28 15:33:39.130,2026-04-28 15:33:39.130
f0ecaf87-444f-ea11-a9ce-0a593f791696,100,28120.0,2020-02-14 16:23:49.097,2020-02-14 16:23:49.097
d6bda369-0f78-ed11-83d0-dbe72732717b,100,3990.0,2022-12-09 22:18:37.350,2022-12-09 22:18:37.350
6816e44c-0391-ec11-8375-db934db4a381,100,29488.56,2022-02-18 21:40:17.583,2022-02-18 21:40:17.583
700923dc-6032-ea11-a9ce-0a593f791696,100,40128.0,2020-01-08 21:53:59.340,2020-01-08 21:53:59.340
bd8f405a-4aed-ea11-82b1-ffea60b7b2eb,100,9120.0,2020-09-02 18:34:59.957,2020-09-02 18:34:59.957
b1e78b16-33b5-0ca3-7002-01a0d003c27f,100,0.0,2026-09-23 20:45:03.813,2026-09-23 20:45:03.813
702271db-4b5a-ea11-a9ce-0a593f791696,100,28120.0,2020-02-28 17:04:28.117,2020-02-28 17:04:28.117
d67efdb7-f957-ea11-a9ce-0a593f791696,100,36024.0,2020-02-25 18:12:49.277,2020-02-25 18:12:49.277
0ad447e9-c690-2080-7004-019ff7640bf2,100,0.0,2026-08-12 19:17:52.727,2026-08-12 19:17:52.727
6fc1e310-6679-ec11-8350-826b1a779cfe,100,76589.76,2022-01-19 20:28:13.790,2022-01-19 20:28:13.790
95475afc-d73b-eb11-82b1-85086e9cc17b,100,85120.0,2020-12-11 17:41:30.290,2020-12-11 17:41:30.290
bf180801-0050-fc61-eaaa-08de293a2bb8,100,4824.0,2025-11-21 20:11:35.307,2025-11-21 20:11:35.307
3a2f8fa3-311d-ef11-8445-a503dfa011f2,100,0.0,2024-05-28 20:36:02.140,2024-05-28 20:36:02.140
32a63960-af42-ea11-a9ce-0a593f791696,100,48184.0,2020-01-29 15:57:49.370,2020-01-29 15:57:49.370
6f661aeb-ee2c-ef11-8445-f37f9b6abd98,100,0.0,2024-06-17 21:20:36.987,2024-06-17 21:20:36.987
f9a60301-0088-d037-5681-08de755a2f3a,100,0.0,2026-02-26 17:15:53.957,2026-02-26 17:15:53.957
094c8b9d-f60a-ea11-a9ce-0a593f791696,100,100016.0,2019-11-19 18:05:52.260,2019-11-19 18:05:52.260
557d467f-5b8d-c9ad-7006-019f66a50950,100,6018.0,2026-07-15 16:38:44.943,2026-07-15 16:38:44.943
6cbb0a04-f753-ea11-a9ce-0a593f791696,100,36024.0,2020-02-20 15:42:33.477,2020-02-20 15:42:33.477
57f723ce-081d-ee11-8445-aa6177483e39,100,7130.0,2023-07-07 20:58:48.800,2023-07-07 20:58:48.800
f9705fe8-d551-ea11-a9ce-0a593f791696,100,28120.0,2020-02-17 22:46:26.107,2020-02-17 22:46:26.107
cc2a0301-0066-8978-9785-08de8ab276ae,100,7125.0,2026-03-25 21:09:20.577,2026-03-25 21:09:20.577
cc20612b-2e1c-ea11-a9ce-0a593f791696,100,90136.0,2019-12-11 15:54:36.003,2019-12-11 15:54:36.003
f2358db6-5623-ea11-a9ce-0a593f791696,100,70072.0,2019-12-20 18:35:26.157,2019-12-20 18:35:26.157
9c063890-a451-ea11-a9ce-0a593f791696,100,36024.0,2020-02-17 16:52:01.217,2020-02-17 16:52:01.217
277dee15-1378-ed11-83d0-dbe72732717b,100,3562.5,2022-12-09 22:44:59.170,2022-12-09 22:44:59.170
d5cade4a-2400-f011-84f5-f6b9f7fe5031,100,0.0,2025-03-13 16:00:48.843,2025-03-13 16:00:48.843
37719069-55fb-ef11-84f4-ff84e8eacc32,100,0.0,2025-03-07 13:11:06.007,2025-03-07 13:11:06.007
bbfc4ea3-eacf-eb11-830a-c1c5c06c5978,100,3880.0,2021-06-18 04:10:06.667,2021-06-18 04:10:06.667
479a1d65-a051-ea11-a9ce-0a593f791696,100,40128.0,2020-02-17 16:18:05.173,2020-02-17 16:18:05.173
6b3e0f01-0050-fc61-4fdf-08de293baa4d,100,4846.25,2025-11-21 20:22:17.193,2025-11-21 20:22:17.193
b15e7eed-03db-ea11-828c-f8d448f92567,100,40128.0,2020-08-10 12:21:41.413,2020-08-10 12:21:41.413
f7b8c49f-f9d9-ea11-828c-cf34c837d27a,100,8930.0,2020-08-09 04:35:55.383,2020-08-09 04:35:55.383
32eca225-1feb-eb11-8315-9c489a1c80e8,100,12500.0,2021-07-22 19:02:23.183,2021-07-22 19:02:23.183
be80d570-6968-ea11-a9ce-0a593f791696,100,28120.0,2020-03-17 16:23:27.020,2020-03-17 16:23:27.020
6b2002a4-1c90-79c7-1c06-08dde00a57bc,100,0.0,2025-08-20 17:01:44.557,2025-08-20 17:01:44.557
9f08f507-d6dc-ea11-828c-dab48128a9c3,100,6840.0,2020-08-12 20:08:44.573,2020-08-12 20:08:44.573
6b171bf1-0e78-ed11-83d0-dbe72732717b,100,4940.0,2022-12-09 22:15:19.973,2022-12-09 22:15:19.973
cca92f5f-37d4-eb11-830a-9b92ee7b3382,100,3880.0,2021-06-23 15:27:37.023,2021-06-23 15:27:37.023
02614282-7617-ea11-a9ce-0a593f791696,100,50008.0,2019-12-05 15:53:46.147,2019-12-05 15:53:46.147
47cbac72-d349-ea11-a9ce-0a593f791696,100,28120.0,2020-02-07 18:03:23.827,2020-02-07 18:03:23.827
1e32b32f-27d0-ea11-828c-b57555799727,100,9120.0,2020-07-27 16:40:33.023,2020-07-27 16:40:33.023
9ccc02e2-41f6-73a7-7000-019fae24640c,100,0.0,2026-07-29 13:51:58.483,2026-07-29 13:51:58.483
bc210a01-0050-fc61-81b1-08de293a983f,100,6145.25,2025-11-21 20:14:37.377,2025-11-21 20:14:37.377
1f829105-a816-ea11-a9ce-0a593f791696,100,100016.0,2019-12-04 15:16:15.320,2019-12-04 15:16:15.320
bc4b0f3f-311c-ea11-a9ce-0a593f791696,100,48184.0,2019-12-11 16:24:32.910,2019-12-11 16:24:32.910
3d607ce2-12ba-ea11-a9ce-0a593f791696,100,48184.0,2020-06-29 14:16:45.970,2020-06-29 14:16:45.970
f5b5630a-79d3-ea11-828c-b4e2a79c59ea,100,8930.0,2020-07-31 22:04:22.667,2020-07-31 22:04:22.667
9832fe15-1178-ed11-83d0-dbe72732717b,100,4892.5,2022-12-09 22:30:40.693,2022-12-09 22:30:40.693
a7b2e2e0-6edd-ea11-828c-dab48128a9c3,100,6840.0,2020-08-13 14:17:38.523,2020-08-13 14:17:38.523
1f6e0401-0088-d037-bc45-08de7586e3a7,100,0.0,2026-02-26 22:33:32.867,2026-02-26 22:33:32.867
97b67e67-fb1a-ec11-8315-c07fab1d4a22,100,0.0,2021-09-21 16:48:13.840,2021-09-21 16:48:13.840
4de350c2-9ceb-ee11-8445-a7e21a374836,100,5319.0,2024-03-26 18:19:25.767,2024-03-26 18:19:25.767
b32e44b4-8952-ea11-a9ce-0a593f791696,100,40128.0,2020-02-18 20:07:39.500,2020-02-18 20:07:39.500
cebfb336-1478-ed11-83d0-dbe72732717b,100,4940.0,2022-12-09 22:53:02.853,2022-12-09 22:53:02.853
6c420401-004b-ed9c-618d-08de6f08351c,100,17936.0,2026-02-18 16:10:20.213,2026-02-18 16:10:20.213
d4334cf1-3b4f-ea11-a9ce-0a593f791696,100,36024.0,2020-02-14 15:12:02.767,2020-02-14 15:12:02.767
1ef4e948-1478-ed11-83d0-dbe72732717b,100,3895.0,2022-12-09 22:53:27.790,2022-12-09 22:53:27.790
e4920bed-da51-ea11-a9ce-0a593f791696,100,40128.0,2020-02-17 23:18:03.263,2020-02-17 23:18:03.263
332f05e4-9d90-79c7-ea72-08dd923becc3,100,0.0,2025-05-13 16:40:04.310,2025-05-13 16:40:04.310
2697aa8a-fbd0-ea11-828c-b57555799727,100,6270.0,2020-07-28 18:00:43.410,2020-07-28 18:00:43.410
984f0001-00a3-1f3d-a541-08debc05b602,100,0.0,2026-05-27 15:36:25.883,2026-05-27 15:36:25.883
9ad6235a-05cd-ea11-828c-cd0b241fdad6,99,7144.0,2020-07-23 16:57:58.340,2020-07-23 16:57:58.340
fa890501-00af-29af-fddc-08dea6d5e2fb,99,6812.5,2026-04-30 16:31:15.177,2026-04-30 16:31:15.177
72a477f6-065d-22bd-7000-01a0c98daa93,99,0.0,2026-09-22 14:38:21.050,2026-09-22 14:38:21.050
c46a0e6b-8531-ea11-a9ce-0a593f791696,99,31800.0,2020-01-07 19:41:28.533,2020-01-07 19:41:28.533
7c4f0801-0023-b011-9642-08de6d77e562,99,0.0,2026-02-16 16:25:00.677,2026-02-16 16:25:00.677
8c8d9ca4-49ff-ef11-84f5-f6b9f7fe5031,99,7490.52,2025-03-12 14:00:34.463,2025-03-12 14:00:34.463
f6f906c0-f690-79c7-a325-08ddd38ece04,99,7393.6,2025-08-04 19:41:35.077,2025-08-04 19:41:35.077
cda60701-00b1-4955-04bc-08de9fea045d,98,0.0,2026-04-21 21:10:33.147,2026-04-21 21:10:33.147
8aa23edb-d5bc-ef11-84e2-fc9af4fb06cf,98,8292.62,2024-12-18 00:20:24.027,2024-12-18 00:20:24.027
1ae101b8-6e90-79c7-cd56-08ddc3157c38,98,7320.6,2025-07-14 20:34:38.570,2025-07-14 20:34:38.570
863202c2-d0bc-ef11-84e2-fc9af4fb06cf,98,33757.0,2024-12-17 23:43:48.643,2024-12-17 23:43:48.643
806e7fec-487d-ec11-8350-d3131e7fd828,98,66686.5,2022-01-24 19:14:42.533,2022-01-24 19:14:42.533
f9185e4d-4634-ed11-83d0-a1b67efeef15,98,9917.6,2022-09-14 16:04:11.897,2022-09-14 16:04:11.897
cdad7e3d-d0bc-ef11-84e2-fc9af4fb06cf,97,5100.3,2024-12-17 23:40:12.207,2024-12-17 23:40:12.207
54bf5091-5e2b-ec11-8344-c054e276146e,96,0.0,2021-10-12 13:19:15.263,2021-10-12 13:19:15.263
ec8cf40e-b3d7-ed11-842b-c8f256297d76,96,0.0,2023-04-10 15:20:05.693,2023-04-10 15:20:05.693
9cba6435-14f8-ee11-8445-e5f02b0e214e,96,0.0,2024-04-11 15:02:56.750,2024-04-11 15:02:56.750
1ed3a5b1-fa3d-ef11-84a5-fffb92a5239f,96,0.0,2024-07-09 13:54:47.993,2024-07-09 13:54:47.993
bc37772a-4b0f-ed11-83ad-dfcc1d2bc98f,96,0.0,2022-07-29 14:32:51.127,2022-07-29 14:32:51.127
ca9e8d9c-a506-ed11-83ad-a9883ef9633e,96,0.0,2022-07-18 14:27:43.517,2022-07-18 14:27:43.517
cc48c43f-f9f8-ee11-8445-ee638886c0c9,96,0.0,2024-04-12 18:25:36.217,2024-04-12 18:25:36.217
6853a540-28f3-ed11-8445-d7f97a045102,96,0.0,2023-05-15 13:57:12.113,2023-05-15 13:57:12.113
942e0401-00f8-3099-546b-08de5465a49e,96,79539.2,2026-01-15 18:47:14.813,2026-01-15 18:47:14.813
540f652e-814e-ee11-8444-82222e4508aa,96,0.0,2023-09-08 19:53:15.673,2023-09-08 19:53:15.673
152864d9-6377-ef11-84bd-cd34e5d6ba7d,96,0.0,2024-09-20 15:23:18.933,2024-09-20 15:23:18.933
31fb5afd-2c30-ec11-8344-fe6e699b6d03,96,0.0,2021-10-18 16:05:04.803,2021-10-18 16:05:04.803
4b2a034a-27b4-ec11-8398-9efd49979765,96,0.0,2022-04-04 14:56:53.020,2022-04-04 14:56:53.020
3108b906-b889-ec11-8350-cdb80dc5b886,96,0.0,2022-02-09 14:54:41.707,2022-02-09 14:54:41.707
70ce0301-0019-5c9c-9622-08de72e24356,96,0.0,2026-02-23 13:50:17.310,2026-02-23 13:50:17.310
8aad5de6-ee2d-ed11-83d0-9437c92f9e6c,96,0.0,2022-09-06 14:21:46.807,2022-09-06 14:21:46.807
4ca996e0-e7d7-ee11-8444-f5b0b8d899bc,96,0.0,2024-03-01 16:24:47.757,2024-03-01 16:24:47.757
619918cd-405f-ef11-84bd-f76575e16336,96,0.0,2024-08-20 22:09:51.120,2024-08-20 22:09:51.120
618a7e82-3019-ef11-8445-a8481daca5a8,96,0.0,2024-05-23 18:16:14.590,2024-05-23 18:16:14.590
ac4e2371-aafe-eb11-8315-d161287b62a5,96,0.0,2021-08-16 15:57:04.653,2021-08-16 15:57:04.653
61020e1b-2722-ec11-8344-c92b692bb295,96,0.0,2021-09-30 19:47:27.447,2021-09-30 19:47:27.447
da157bf3-eaea-ee11-8445-a7e21a374836,96,0.0,2024-03-25 21:05:00.407,2024-03-25 21:05:00.407
0ca2892a-bc05-ec11-8315-b4847d4499a3,96,0.0,2021-08-25 15:51:25.543,2021-08-25 15:51:25.543
198c3b77-19fb-ed11-8445-aaf4182176d7,96,0.0,2023-05-25 16:31:48.747,2023-05-25 16:31:48.747
100e5030-733d-ef11-84bc-d460b42757f1,96,0.0,2024-07-08 21:46:29.983,2024-07-08 21:46:29.983
2eacce0d-3c13-ed11-83ad-b0293bd746dc,96,0.0,2022-08-03 14:55:21.780,2022-08-03 14:55:21.780
1b182553-3a1f-ee11-8445-eb5bd2e4b53b,96,0.0,2023-07-10 15:57:32.677,2023-07-10 15:57:32.677
d7c40fb4-03fe-ec11-83ad-81e5e45a7261,96,0.0,2022-07-07 14:48:57.483,2022-07-07 14:48:57.483
e3ccc585-ce6a-ef11-84c9-c9d4c8683514,96,0.0,2024-09-04 15:03:50.380,2024-09-04 15:03:50.380
801e0801-0023-b011-d902-08de6d64f7ae,96,16992.0,2026-02-16 14:10:18.480,2026-02-16 14:10:18.480
7fde0201-00b7-79de-5aa6-08deb12bc1c4,96,0.0,2026-05-13 20:11:03.603,2026-05-13 20:11:03.603
f38c867a-e0e2-ed11-842b-da3ae40f9c85,96,0.0,2023-04-24 20:43:09.683,2023-04-24 20:43:09.683
29a6073c-5c90-79c7-b967-08ddb5b223fd,96,0.0,2025-06-27 19:42:21.367,2025-06-27 19:42:21.367
7fe7f76d-d504-f011-84f5-f46f85476544,96,0.0,2025-03-19 15:18:42.247,2025-03-19 15:18:42.247
7fb7022a-bb0a-ee11-8445-fdfd55a04627,96,0.0,2023-06-14 13:56:46.480,2023-06-14 13:56:46.480
78033f32-d3ed-ee11-8445-d1bad47388cd,96,7200.0,2024-03-29 13:52:40.317,2024-03-29 13:52:40.317
2184b772-bb0a-ee11-8445-fdfd55a04627,96,0.0,2023-06-14 14:00:23.997,2023-06-14 14:00:23.997
b266ffc2-75c9-eb11-830a-eba63e91bc91,96,0.0,2021-06-09 22:57:01.877,2021-06-09 22:57:01.877
db6f0521-2cca-ec11-8398-d6f5f38cc69c,96,0.0,2022-05-02 15:27:12.280,2022-05-02 15:27:12.280
da919502-4627-ee11-8444-e5c7cfca5dd9,96,4464.96,2023-07-20 21:42:03.727,2023-07-20 21:42:03.727
a634b329-0898-ed11-83d0-8f2f0e9e3478,96,24720.0,2023-01-19 14:53:00.373,2023-01-19 14:53:00.373
20b1ca0a-a7f0-ec11-83ad-cba00cc9c6dd,96,0.0,2022-06-20 14:44:15.230,2022-06-20 14:44:15.230
0359b288-f0fe-ed11-8445-f78d65b4782c,96,0.0,2023-05-30 13:48:35.703,2023-05-30 13:48:35.703
93a3948b-d3ee-eb11-8315-d6d741cbae3f,96,0.0,2021-07-27 12:16:36.807,2021-07-27 12:16:36.807
93e30bc3-e80c-ed11-83ad-d4d1f783549f,96,0.0,2022-07-26 13:44:16.183,2022-07-26 13:44:16.183
cf050300-6c93-ec11-8375-a8b7d793be26,96,15623.04,2022-02-21 23:14:39.923,2022-02-21 23:14:39.923
9613a536-44e1-ee11-8445-b65018b46cfc,96,0.0,2024-03-13 14:18:32.180,2024-03-13 14:18:32.180
6e079c91-b95c-ee11-8444-854bb18c0918,96,0.0,2023-09-26 22:12:39.780,2023-09-26 22:12:39.780
3833e055-3bd0-ee11-8445-b301c4e59e1c,96,0.0,2024-02-20 22:05:30.380,2024-02-20 22:05:30.380
9bab16b5-869b-ee11-8445-cc0b759db311,95,5628.75,2023-12-15 20:15:37.383,2023-12-15 20:15:37.383
b1affafb-889b-ee11-8445-cc0b759db311,95,9191.25,2023-12-15 20:31:55.713,2023-12-15 20:31:55.713
9b24c560-765c-ec11-8350-fd1908bc5a53,95,6289.0,2021-12-14 00:40:09.407,2021-12-14 00:40:09.407
2a91b078-eddb-ee11-8444-a9295949da16,95,0.0,2024-03-06 19:12:41.117,2024-03-06 19:12:41.117
6a3a6163-879b-ee11-8445-cc0b759db311,95,10236.25,2023-12-15 20:20:29.923,2023-12-15 20:20:29.923
cfb0f7f4-8a9b-ee11-8445-cc0b759db311,95,5628.75,2023-12-15 20:46:03.260,2023-12-15 20:46:03.260
bd16cad5-795c-ec11-8350-fd1908bc5a53,95,3823.75,2021-12-14 01:04:58.617,2021-12-14 01:04:58.617
ce1b3f36-7a5c-ec11-8350-fd1908bc5a53,95,25581.6,2021-12-14 01:07:40.430,2021-12-14 01:07:40.430
326a2015-795c-ec11-8350-fd1908bc5a53,95,3823.75,2021-12-14 00:59:31.710,2021-12-14 00:59:31.710
6c0a0cc6-8d9b-ee11-8445-cc0b759db311,95,3990.0,2023-12-15 21:06:20.623,2023-12-15 21:06:20.623
337a71a5-8c9b-ee11-8445-cc0b759db311,95,4469.75,2023-12-15 20:58:15.097,2023-12-15 20:58:15.097
69bf70e1-8c9b-ee11-8445-cc0b759db311,95,18539.25,2023-12-15 20:59:55.177,2023-12-15 20:59:55.177
9dd4343f-879b-ee11-8445-cc0b759db311,95,5581.25,2023-12-15 20:19:34.677,2023-12-15 20:19:34.677
47a823a3-765c-ec11-8350-fd1908bc5a53,95,8835.0,2021-12-14 00:41:56.723,2021-12-14 00:41:56.723
0687f0f9-795c-ec11-8350-fd1908bc5a53,95,18102.25,2021-12-14 01:05:54.140,2021-12-14 01:05:54.140
96352b84-785c-ec11-8350-fd1908bc5a53,95,3610.0,2021-12-14 00:55:31.797,2021-12-14 00:55:31.797
9637c560-765c-ec11-8350-fd1908bc5a53,95,3353.5,2021-12-14 00:40:15.077,2021-12-14 00:40:15.077
cf311978-8d9b-ee11-8445-cc0b759db311,95,9191.25,2023-12-15 21:04:05.903,2023-12-15 21:04:05.903
545448f8-899b-ee11-8445-cc0b759db311,95,4441.25,2023-12-15 20:39:07.997,2023-12-15 20:39:07.997
1806473c-7a5c-ec11-8350-fd1908bc5a53,95,28376.5,2021-12-14 01:07:45.250,2021-12-14 01:07:45.250
6b716b75-795c-ec11-8350-fd1908bc5a53,95,7885.0,2021-12-14 01:02:17.097,2021-12-14 01:02:17.097
25fd7c51-775c-ec11-8350-fd1908bc5a53,95,4417.5,2021-12-14 00:46:57.887,2021-12-14 00:46:57.887
571b2dd4-899b-ee11-8445-cc0b759db311,95,5581.25,2023-12-15 20:38:05.433,2023-12-15 20:38:05.433
67a63fdf-765c-ec11-8350-fd1908bc5a53,95,3011.5,2021-12-14 00:43:43.047,2021-12-14 00:43:43.047
cb4899c9-2ad4-eb11-830a-9b92ee7b3382,95,0.0,2021-06-23 13:56:58.197,2021-06-23 13:56:58.197
fb1c250f-795c-ec11-8350-fd1908bc5a53,95,4750.0,2021-12-14 00:59:21.043,2021-12-14 00:59:21.043
eb619965-889b-ee11-8445-cc0b759db311,95,9191.25,2023-12-15 20:27:45.170,2023-12-15 20:27:45.170
144974e4-7a5c-ec11-8350-fd1908bc5a53,95,3610.0,2021-12-14 01:12:26.330,2021-12-14 01:12:26.330
f7f95da2-b678-ec11-8350-fef18b0f35d4,95,0.0,2022-01-18 23:30:43.537,2022-01-18 23:30:43.537
caff0760-8d9b-ee11-8445-cc0b759db311,95,30970.0,2023-12-15 21:03:29.453,2023-12-15 21:03:29.453
0a8af0f9-795c-ec11-8350-fd1908bc5a53,95,4655.0,2021-12-14 01:05:54.963,2021-12-14 01:05:54.963
aca3146d-8b9b-ee11-8445-cc0b759db311,95,30970.0,2023-12-15 20:49:24.063,2023-12-15 20:49:24.063
fa8858e1-879b-ee11-8445-cc0b759db311,95,5581.25,2023-12-15 20:24:03.563,2023-12-15 20:24:03.563
e5b62a27-795c-ec11-8350-fd1908bc5a53,95,4417.5,2021-12-14 01:00:00.303,2021-12-14 01:00:00.303
d70c6684-7a5c-ec11-8350-fd1908bc5a53,95,7885.0,2021-12-14 01:09:47.117,2021-12-14 01:09:47.117
12c76875-879b-ee11-8445-cc0b759db311,95,6151.25,2023-12-15 20:21:00.933,2023-12-15 20:21:00.933
30c015a4-899b-ee11-8445-cc0b759db311,95,5581.25,2023-12-15 20:36:37.320,2023-12-15 20:36:37.320
244e3630-7a5c-ec11-8350-fd1908bc5a53,95,3325.0,2021-12-14 01:07:30.293,2021-12-14 01:07:30.293
b3e655f9-879b-ee11-8445-cc0b759db311,95,4132.5,2023-12-15 20:24:44.547,2023-12-15 20:24:44.547
058d58e1-879b-ee11-8445-cc0b759db311,95,10236.25,2023-12-15 20:24:04.777,2023-12-15 20:24:04.777
b06c1ee5-869b-ee11-8445-cc0b759db311,95,23655.0,2023-12-15 20:17:04.507,2023-12-15 20:17:04.507
8b00ad6f-775c-ec11-8350-fd1908bc5a53,95,5596.45,2021-12-14 00:47:48.353,2021-12-14 00:47:48.353
e4bf8229-889b-ee11-8445-cc0b759db311,95,5225.0,2023-12-15 20:26:07.907,2023-12-15 20:26:07.907
8ec1b177-889b-ee11-8445-cc0b759db311,95,4441.25,2023-12-15 20:28:20.580,2023-12-15 20:28:20.580
c8599829-51d3-ef11-84ee-d7f4306148a9,95,8075.0,2025-01-15 15:00:40.360,2025-01-15 15:00:40.360
fcc971b4-7a5c-ec11-8350-fd1908bc5a53,95,3325.0,2021-12-14 01:11:09.610,2021-12-14 01:11:09.610
3ba45e57-879b-ee11-8445-cc0b759db311,95,5225.0,2023-12-15 20:20:17.980,2023-12-15 20:20:17.980
d8585404-8a9b-ee11-8445-cc0b759db311,95,3990.0,2023-12-15 20:39:22.623,2023-12-15 20:39:22.623
5962fb96-765c-ec11-8350-fd1908bc5a53,95,4750.0,2021-12-14 00:41:46.300,2021-12-14 00:41:46.300
e348327e-785c-ec11-8350-fd1908bc5a53,95,7885.0,2021-12-14 00:55:16.787,2021-12-14 00:55:16.787
a481291a-97fd-ee11-8445-b722136809e1,95,5790.25,2024-04-18 15:23:11.010,2024-04-18 15:23:11.010
4307d632-7b5c-ec11-8350-fd1908bc5a53,95,4750.0,2021-12-14 01:14:38.337,2021-12-14 01:14:38.337
08953fdf-765c-ec11-8350-fd1908bc5a53,95,3823.75,2021-12-14 00:43:37.720,2021-12-14 00:43:37.720
ac1e2b84-785c-ec11-8350-fd1908bc5a53,95,4417.5,2021-12-14 00:55:23.760,2021-12-14 00:55:23.760
86d17b93-795c-ec11-8350-fd1908bc5a53,95,3610.0,2021-12-14 01:02:59.633,2021-12-14 01:02:59.633
ffbc4172-785c-ec11-8350-fd1908bc5a53,95,7885.0,2021-12-14 00:54:55.533,2021-12-14 00:54:55.533
adf71002-8e9b-ee11-8445-cc0b759db311,95,4113.5,2023-12-15 21:08:00.323,2023-12-15 21:08:00.323
adf41002-8e9b-ee11-8445-cc0b759db311,95,5628.75,2023-12-15 21:07:59.427,2023-12-15 21:07:59.427
ff5343f6-a396-ed11-83d0-fcd5d52d905d,95,9975.0,2023-01-17 20:29:57.893,2023-01-17 20:29:57.893
3f9c9e71-889b-ee11-8445-cc0b759db311,95,5225.0,2023-12-15 20:28:12.767,2023-12-15 20:28:12.767
620b14f1-869b-ee11-8445-cc0b759db311,95,3467.5,2023-12-15 20:17:25.513,2023-12-15 20:17:25.513
2f59327e-785c-ec11-8350-fd1908bc5a53,95,4655.0,2021-12-14 00:55:22.130,2021-12-14 00:55:22.130
ab041ef0-8d9b-ee11-8445-cc0b759db311,95,3990.0,2023-12-15 21:07:31.827,2023-12-15 21:07:31.827
0c071037-8b9b-ee11-8445-cc0b759db311,95,4441.25,2023-12-15 20:47:55.600,2023-12-15 20:47:55.600
10e7b4c9-795c-ec11-8350-fd1908bc5a53,95,4655.0,2021-12-14 01:04:36.450,2021-12-14 01:04:36.450
221ac2cf-795c-ec11-8350-fd1908bc5a53,95,3325.0,2021-12-14 01:04:49.047,2021-12-14 01:04:49.047
5ee6dc3e-7b5c-ec11-8350-fd1908bc5a53,95,3800.0,2021-12-14 01:15:00.520,2021-12-14 01:15:00.520
abdd55fd-765c-ec11-8350-fd1908bc5a53,95,20744.2,2021-12-14 00:44:32.490,2021-12-14 00:44:32.490
0521c1b1-7d5c-ec11-8350-fd1908bc5a53,95,7885.0,2021-12-14 01:32:29.243,2021-12-14 01:32:29.243
04f40968-899b-ee11-8445-cc0b759db311,95,4441.25,2023-12-15 20:35:03.637,2023-12-15 20:35:03.637
e17a1ccd-765c-ec11-8350-fd1908bc5a53,95,4750.0,2021-12-14 00:43:12.893,2021-12-14 00:43:12.893
35be23a3-765c-ec11-8350-fd1908bc5a53,95,3344.0,2021-12-14 00:42:04.923,2021-12-14 00:42:04.923
c77ff0f9-795c-ec11-8350-fd1908bc5a53,95,3325.0,2021-12-14 01:05:52.100,2021-12-14 01:05:52.100
5b7771a5-8c9b-ee11-8445-cc0b759db311,95,2802.5,2023-12-15 20:58:14.253,2023-12-15 20:58:14.253
7d790674-899b-ee11-8445-cc0b759db311,95,10236.25,2023-12-15 20:35:17.573,2023-12-15 20:35:17.573
ff39f9f5-889b-ee11-8445-cc0b759db311,95,5628.75,2023-12-15 20:31:46.643,2023-12-15 20:31:46.643
8758fee8-8a9b-ee11-8445-cc0b759db311,95,4441.25,2023-12-15 20:45:44.997,2023-12-15 20:45:44.997
3ba15e57-879b-ee11-8445-cc0b759db311,95,5063.5,2023-12-15 20:20:17.073,2023-12-15 20:20:17.073
e08faa7c-8a9b-ee11-8445-cc0b759db311,95,3990.0,2023-12-15 20:42:45.510,2023-12-15 20:42:45.510
82c94254-785c-ec11-8350-fd1908bc5a53,95,4750.0,2021-12-14 00:54:06.027,2021-12-14 00:54:06.027
2fd0cbe1-795c-ec11-8350-fd1908bc5a53,95,25581.6,2021-12-14 01:05:15.897,2021-12-14 01:05:15.897
a0185d1b-8c9b-ee11-8445-cc0b759db311,95,4113.5,2023-12-15 20:54:21.813,2023-12-15 20:54:21.813
4035f70f-0728-ee11-8444-e5c7cfca5dd9,95,9975.0,2023-07-21 20:45:34.620,2023-07-21 20:45:34.620
b72d9647-889b-ee11-8445-cc0b759db311,95,5628.75,2023-12-15 20:26:59.523,2023-12-15 20:26:59.523
c60614f1-869b-ee11-8445-cc0b759db311,95,5776.0,2023-12-15 20:17:23.977,2023-12-15 20:17:23.977
56091701-8b9b-ee11-8445-cc0b759db311,95,4441.25,2023-12-15 20:46:27.760,2023-12-15 20:46:27.760
887f7660-7a5c-ec11-8350-fd1908bc5a53,95,3610.0,2021-12-14 01:08:45.897,2021-12-14 01:08:45.897
81ab761d-889b-ee11-8445-cc0b759db311,95,24605.0,2023-12-15 20:25:51.273,2023-12-15 20:25:51.273
2e8701df-785c-ec11-8350-fd1908bc5a53,95,14143.6,2021-12-14 00:58:05.423,2021-12-14 00:58:05.423
9ff9be50-c2d5-ee11-8445-d1238f281058,95,0.0,2024-02-27 22:48:38.123,2024-02-27 22:48:38.123
72185eb7-8c9b-ee11-8445-cc0b759db311,95,10236.25,2023-12-15 20:58:41.873,2023-12-15 20:58:41.873
d139089d-765c-ec11-8350-fd1908bc5a53,95,8578.12,2021-12-14 00:41:48.413,2021-12-14 00:41:48.413
dfb016b5-869b-ee11-8445-cc0b759db311,95,9623.5,2023-12-15 20:15:39.283,2023-12-15 20:15:39.283
df719965-889b-ee11-8445-cc0b759db311,95,4441.25,2023-12-15 20:27:50.633,2023-12-15 20:27:50.633
437a471b-7d5c-ec11-8350-fd1908bc5a53,95,17045.47,2021-12-14 01:28:21.727,2021-12-14 01:28:21.727
59451144-899b-ee11-8445-cc0b759db311,95,4441.25,2023-12-15 20:34:04.883,2023-12-15 20:34:04.883
71ec27de-8d9b-ee11-8445-cc0b759db311,95,3990.0,2023-12-15 21:06:56.803,2023-12-15 21:06:56.803
3e0deeed-7d5c-ec11-8350-fd1908bc5a53,95,4750.0,2021-12-14 01:34:09.967,2021-12-14 01:34:09.967
b6d513f1-785c-ec11-8350-fd1908bc5a53,95,4750.0,2021-12-14 00:58:30.820,2021-12-14 00:58:30.820
b0417bc6-7a5c-ec11-8350-fd1908bc5a53,95,3610.0,2021-12-14 01:11:42.377,2021-12-14 01:11:42.377
4bd1989b-bf8d-ec11-8350-f9e42d383a1a,95,6840.0,2022-02-14 17:57:52.927,2022-02-14 17:57:52.927
8a2d1aab-7b5c-ec11-8350-fd1908bc5a53,95,28376.5,2021-12-14 01:18:04.890,2021-12-14 01:18:04.890
63889e71-889b-ee11-8445-cc0b759db311,95,9191.25,2023-12-15 20:28:06.327,2023-12-15 20:28:06.327
081a0f2a-785c-ec11-8350-fd1908bc5a53,95,22965.3,2021-12-14 00:52:56.817,2021-12-14 00:52:56.817
8a483809-7d5c-ec11-8350-fd1908bc5a53,95,28376.5,2021-12-14 01:27:50.803,2021-12-14 01:27:50.803
b69f16bc-899b-ee11-8445-cc0b759db311,95,27360.0,2023-12-15 20:37:18.123,2023-12-15 20:37:18.123
2d8728ce-899b-ee11-8445-cc0b759db311,95,19546.25,2023-12-15 20:37:56.510,2023-12-15 20:37:56.510
18e2ca8e-8a9b-ee11-8445-cc0b759db311,95,4441.25,2023-12-15 20:43:16.550,2023-12-15 20:43:16.550
7e26352c-8e9b-ee11-8445-cc0b759db311,95,3990.0,2023-12-15 21:09:12.967,2023-12-15 21:09:12.967
78fb1478-7c5c-ec11-8350-fd1908bc5a53,95,3325.0,2021-12-14 01:23:43.240,2021-12-14 01:23:43.240
b63deee1-775c-ec11-8350-fd1908bc5a53,95,4655.0,2021-12-14 00:50:57.940,2021-12-14 00:50:57.940
78ff34f7-7c5c-ec11-8350-fd1908bc5a53,95,2470.0,2021-12-14 01:27:20.457,2021-12-14 01:27:20.457
8bfa13f1-869b-ee11-8445-cc0b759db311,95,4465.0,2023-12-15 20:17:19.850,2023-12-15 20:17:19.850
1a15137e-8d9b-ee11-8445-cc0b759db311,95,9191.25,2023-12-15 21:04:16.960,2023-12-15 21:04:16.960
79b2a0ab-795c-ec11-8350-fd1908bc5a53,95,3325.0,2021-12-14 01:03:44.690,2021-12-14 01:03:44.690
30d9ebff-795c-ec11-8350-fd1908bc5a53,95,4655.0,2021-12-14 01:06:04.810,2021-12-14 01:06:04.810
c3ca14b0-899b-ee11-8445-cc0b759db311,95,4465.0,2023-12-15 20:36:58.327,2023-12-15 20:36:58.327
7abab902-7b5c-ec11-8350-fd1908bc5a53,95,3610.0,2021-12-14 01:13:23.033,2021-12-14 01:13:23.033
4a7ffe8c-7b5c-ec11-8350-fd1908bc5a53,95,2926.0,2021-12-14 01:17:14.793,2021-12-14 01:17:14.793
dbad0250-899b-ee11-8445-cc0b759db311,95,9191.25,2023-12-15 20:34:22.187,2023-12-15 20:34:22.187
792a8829-8d9b-ee11-8445-cc0b759db311,95,3458.0,2023-12-15 21:01:50.157,2023-12-15 21:01:50.157
5d832700-5db5-ee11-8444-b2a281cfaf73,95,10450.0,2024-01-17 17:25:14.180,2024-01-17 17:25:14.180
7914e68a-765c-ec11-8350-fd1908bc5a53,95,25581.6,2021-12-14 00:41:24.213,2021-12-14 00:41:24.213
288d075c-899b-ee11-8445-cc0b759db311,95,11281.25,2023-12-15 20:34:41.950,2023-12-15 20:34:41.950
c9dd0600-785c-ec11-8350-fd1908bc5a53,95,3553.0,2021-12-14 00:51:42.907,2021-12-14 00:51:42.907
da84aa7c-8a9b-ee11-8445-cc0b759db311,95,4441.25,2023-12-15 20:42:41.787,2023-12-15 20:42:41.787
05cd612d-775c-ec11-8350-fd1908bc5a53,95,3325.0,2021-12-14 00:45:51.780,2021-12-14 00:45:51.780
782db393-775c-ec11-8350-fd1908bc5a53,95,7885.0,2021-12-14 00:48:42.423,2021-12-14 00:48:42.423
f9956df9-8c9b-ee11-8445-cc0b759db311,95,6635.75,2023-12-15 21:00:34.057,2023-12-15 21:00:34.057
19e5ca8e-8a9b-ee11-8445-cc0b759db311,95,11195.75,2023-12-15 20:43:17.417,2023-12-15 20:43:17.417
d5f76133-775c-ec11-8350-fd1908bc5a53,95,4655.0,2021-12-14 00:46:06.807,2021-12-14 00:46:06.807
37211cf7-869b-ee11-8445-cc0b759db311,95,5225.0,2023-12-15 20:17:36.647,2023-12-15 20:17:36.647
77b10680-899b-ee11-8445-cc0b759db311,95,3990.0,2023-12-15 20:35:43.760,2023-12-15 20:35:43.760
44733d2a-7a5c-ec11-8350-fd1908bc5a53,95,3610.0,2021-12-14 01:07:14.003,2021-12-14 01:07:14.003
0cfd53f3-879b-ee11-8445-cc0b759db311,95,4441.25,2023-12-15 20:24:32.153,2023-12-15 20:24:32.153
5bef1f1f-8b9b-ee11-8445-cc0b759db311,95,10236.25,2023-12-15 20:47:18.777,2023-12-15 20:47:18.777
13a1966b-889b-ee11-8445-cc0b759db311,95,5581.25,2023-12-15 20:28:02.330,2023-12-15 20:28:02.330
770aa6a5-795c-ec11-8350-fd1908bc5a53,95,4417.5,2021-12-14 01:03:31.650,2021-12-14 01:03:31.650
3726ad99-795c-ec11-8350-fd1908bc5a53,95,3823.75,2021-12-14 01:03:11.090,2021-12-14 01:03:11.090
8fa74324-7a5c-ec11-8350-fd1908bc5a53,95,4655.0,2021-12-14 01:07:05.050,2021-12-14 01:07:05.050
381d68ae-7a5c-ec11-8350-fd1908bc5a53,95,3610.0,2021-12-14 01:11:03.390,2021-12-14 01:11:03.390
0c9f4f75-7d5c-ec11-8350-fd1908bc5a53,95,25264.87,2021-12-14 01:30:50.373,2021-12-14 01:30:50.373
3c6c0a6e-899b-ee11-8445-cc0b759db311,95,4465.0,2023-12-15 20:35:11.667,2023-12-15 20:35:11.667
760f424b-795c-ec11-8350-fd1908bc5a53,95,4417.5,2021-12-14 01:01:02.667,2021-12-14 01:01:02.667
c54d19a9-869b-ee11-8445-cc0b759db311,95,27360.0,2023-12-15 20:15:20.620,2023-12-15 20:15:20.620
2c7c3236-785c-ec11-8350-fd1908bc5a53,95,4417.5,2021-12-14 00:53:14.177,2021-12-14 00:53:14.177
d08eb6cb-889b-ee11-8445-cc0b759db311,95,15736.75,2023-12-15 20:30:41.250,2023-12-15 20:30:41.250
f7c11ea8-8d9b-ee11-8445-cc0b759db311,95,10236.25,2023-12-15 21:05:26.673,2023-12-15 21:05:26.673
da200df4-775c-ec11-8350-fd1908bc5a53,95,3800.0,2021-12-14 00:51:29.370,2021-12-14 00:51:29.370
22146dc9-8c9b-ee11-8445-cc0b759db311,95,9191.25,2023-12-15 20:59:18.127,2023-12-15 20:59:18.127
750ee962-7b5c-ec11-8350-fd1908bc5a53,95,8835.0,2021-12-14 01:15:56.570,2021-12-14 01:15:56.570
43461885-869b-ee11-8445-cc0b759db311,95,3942.5,2023-12-15 20:14:22.663,2023-12-15 20:14:22.663
913038e5-765c-ec11-8350-fd1908bc5a53,95,4417.5,2021-12-14 00:43:56.023,2021-12-14 00:43:56.023
4136ad99-795c-ec11-8350-fd1908bc5a53,95,8835.0,2021-12-14 01:03:16.137,2021-12-14 01:03:16.137
b669742e-8a9b-ee11-8445-cc0b759db311,95,4441.25,2023-12-15 20:40:33.887,2023-12-15 20:40:33.887
ff3c48f8-899b-ee11-8445-cc0b759db311,95,5581.25,2023-12-15 20:38:59.290,2023-12-15 20:38:59.290
a9d56d87-795c-ec11-8350-fd1908bc5a53,95,9785.0,2021-12-14 01:02:39.600,2021-12-14 01:02:39.600
32376a03-775c-ec11-8350-fd1908bc5a53,95,3823.75,2021-12-14 00:44:38.977,2021-12-14 00:44:38.977
fd43160f-879b-ee11-8445-cc0b759db311,95,4465.0,2023-12-15 20:18:15.550,2023-12-15 20:18:15.550
b4447bc6-7a5c-ec11-8350-fd1908bc5a53,95,10090.9,2021-12-14 01:11:43.187,2021-12-14 01:11:43.187
93e6ed25-899b-ee11-8445-cc0b759db311,95,5225.0,2023-12-15 20:33:15.517,2023-12-15 20:33:15.517
42523403-7d5c-ec11-8350-fd1908bc5a53,95,8835.0,2021-12-14 01:27:36.383,2021-12-14 01:27:36.383
9fb13cbd-f48e-ea11-a9ce-0a593f791696,95,16200.0,2020-05-05 17:26:19.587,2020-05-05 17:26:19.587
fb05e3c4-8a9b-ee11-8445-cc0b759db311,95,4441.25,2023-12-15 20:44:43.987,2023-12-15 20:44:43.987
32989e71-889b-ee11-8445-cc0b759db311,95,5581.25,2023-12-15 20:28:11.467,2023-12-15 20:28:11.467
695c7d17-8d9b-ee11-8445-cc0b759db311,95,4441.25,2023-12-15 21:01:19.413,2023-12-15 21:01:19.413
eb5560d5-879b-ee11-8445-cc0b759db311,95,5225.0,2023-12-15 20:23:46.113,2023-12-15 20:23:46.113
6d827b2d-8c9b-ee11-8445-cc0b759db311,95,3990.0,2023-12-15 20:54:54.023,2023-12-15 20:54:54.023
a799520a-8a9b-ee11-8445-cc0b759db311,95,27360.0,2023-12-15 20:39:32.697,2023-12-15 20:39:32.697
a87328ce-899b-ee11-8445-cc0b759db311,95,5628.75,2023-12-15 20:37:49.170,2023-12-15 20:37:49.170
97a13fdf-765c-ec11-8350-fd1908bc5a53,95,5016.0,2021-12-14 00:43:41.503,2021-12-14 00:43:41.503
6c070cc6-8d9b-ee11-8445-cc0b759db311,95,9191.25,2023-12-15 21:06:19.753,2023-12-15 21:06:19.753
add04172-785c-ec11-8350-fd1908bc5a53,95,3610.0,2021-12-14 00:55:01.480,2021-12-14 00:55:01.480
9a040740-9990-79c7-e49e-08ddd6931604,94,0.0,2025-08-08 15:49:55.940,2025-08-08 15:49:55.940
ed5b0054-0090-79c7-590b-08dda4639c2c,94,0.0,2025-06-05 19:04:24.750,2025-06-05 19:04:24.750
ca34efaa-31e7-ec11-83ad-cf279961fa38,94,0.0,2022-06-08 13:52:12.033,2022-06-08 13:52:12.033
f31f0076-7cab-c6a9-7001-019fe711fb6c,94,0.0,2026-08-09 15:09:46.243,2026-08-09 15:09:46.243
64ef0601-00d2-8d67-5d5b-08dea5481edd,94,0.0,2026-04-28 17:04:43.937,2026-04-28 17:04:43.937
70070730-4990-79c7-0a29-08ddf07aa829,94,0.0,2025-09-10 15:00:21.370,2025-09-10 15:00:21.370
c781082c-d190-79c7-8da3-08dd81d755a9,94,0.0,2025-04-22 19:54:19.107,2025-04-22 19:54:19.107
44f3c414-797c-ad98-7001-01a0498dc926,94,0.0,2026-08-28 18:08:01.887,2026-08-28 18:08:01.887
104d5a05-ae17-ef11-8445-93bfefcc48b8,94,0.0,2024-05-21 20:11:30.653,2024-05-21 20:11:30.653
82b310a0-2c90-79c7-1373-08dd8f0266ac,94,0.0,2025-05-09 14:04:28.967,2025-05-09 14:04:28.967
7eeb511d-90fe-ef11-84f4-dac438e126e9,94,0.0,2025-03-11 15:48:23.677,2025-03-11 15:48:23.677
4f980501-007c-316f-ac2b-08dea612b6d8,94,0.0,2026-04-29 17:15:00.920,2026-04-29 17:15:00.920
58aaec57-3da2-bda2-7001-01a0b5efaba9,94,0.0,2026-09-18 19:13:53.610,2026-09-18 19:13:53.610
5d58043c-5c90-79c7-613b-08ddb33a92ec,94,0.0,2025-06-24 16:17:45.263,2025-06-24 16:17:45.263
5d900e8b-ef6d-b3a5-7001-019fe710cc6a,94,0.0,2026-08-09 15:08:46.027,2026-08-09 15:08:46.027
4c169bbc-8fa4-1ba6-7001-01a0b5f0c6e6,94,0.0,2026-09-18 19:14:46.823,2026-09-18 19:14:46.823
5c110501-001c-582d-6bb0-08de8b3d0acc,94,0.0,2026-03-26 13:39:42.363,2026-03-26 13:39:42.363
90b76538-8e9b-ee11-8445-cc0b759db311,94,5569.5,2023-12-15 21:09:28.513,2023-12-15 21:09:28.513
d92d3789-89e9-ef11-84f4-b2de9326c23f,94,0.0,2025-02-12 21:39:02.827,2025-02-12 21:39:02.827
150a02a4-1c90-79c7-78c1-08dde001b524,94,0.0,2025-08-20 15:54:17.880,2025-08-20 15:54:17.880
98340401-0014-72f0-6a5d-08de77955f27,94,0.0,2026-03-01 13:21:55.513,2026-03-01 13:21:55.513
6d197bb3-8409-f011-84f4-ff0475a88a10,94,0.0,2025-03-25 14:24:34.763,2025-03-25 14:24:34.763
1ed3069b-d445-ee11-8444-ffe4c2825b35,93,0.0,2023-08-28 18:58:23.830,2023-08-28 18:58:23.830
09c331be-72a4-ec11-8395-b49a05a355c2,93,0.0,2022-03-15 15:17:31.520,2022-03-15 15:17:31.520
32e534bd-7a0c-ee11-8445-a2c4f7d3c2ce,93,0.0,2023-06-16 19:20:16.297,2023-06-16 19:20:16.297
e84d889f-e5c9-ee11-8445-d746eec74329,93,0.0,2024-02-12 20:39:51.130,2024-02-12 20:39:51.130
534ad5e9-9b08-ef11-8445-b0840b2ec097,93,0.0,2024-05-02 15:52:38.473,2024-05-02 15:52:38.473
b0634793-81fb-eb11-8315-f0688ed0292f,93,0.0,2021-08-12 15:27:09.987,2021-08-12 15:27:09.987
a443aebb-9908-ef11-8445-b0840b2ec097,93,0.0,2024-05-02 15:51:50.830,2024-05-02 15:51:50.830
6152ca93-8228-ed11-83d0-844c26ad2352,93,0.0,2022-08-30 16:41:35.827,2022-08-30 16:41:35.827
62573816-34d5-ec11-8398-ef36b43d9543,93,0.0,2022-05-16 16:22:29.410,2022-05-16 16:22:29.410
db9e4adf-b337-ef11-84bc-8e000b18e45d,93,0.0,2024-07-01 14:12:25.960,2024-07-01 14:12:25.960
fa4c6317-c328-ef11-8445-f27e36216b47,93,0.0,2024-06-12 13:54:18.707,2024-06-12 13:54:18.707
47faf938-c61f-ed11-83d0-c15874794bdb,92,7575.28,2022-08-19 13:55:57.057,2022-08-19 13:55:57.057
27a491c2-c396-ed11-83d0-fcd5d52d905d,92,36770.0,2023-01-18 00:07:23.687,2023-01-18 00:07:23.687
93a21073-d2bc-ef11-84e2-fc9af4fb06cf,92,5043.48,2024-12-17 23:56:02.787,2024-12-17 23:56:02.787
4d0d531b-29ca-eb11-830a-e63fe982fa52,92,12420.0,2021-06-10 20:22:26.790,2021-06-10 20:22:26.790
ca6f0301-0055-34c8-d07e-08deac41aeab,92,0.0,2026-05-07 14:07:48.503,2026-05-07 14:07:48.503
fae523a5-43d4-eb11-830a-9b92ee7b3382,92,11500.0,2021-06-23 16:56:07.520,2021-06-23 16:56:07.520
cd5586c7-0b46-ee11-8444-e28876abf53b,92,0.0,2023-08-29 01:33:57.407,2023-08-29 01:33:57.407
fce98fd7-97f4-eb11-8315-cd4454dfed21,92,0.0,2021-08-03 20:18:34.103,2021-08-03 20:18:34.103
a21a8791-ef08-f011-84f4-ff0475a88a10,92,0.0,2025-03-24 20:50:27.823,2025-03-24 20:50:27.823
d55d0701-0050-fc61-1f07-08de293a04b0,92,4900.72,2025-11-21 20:10:29.870,2025-11-21 20:10:29.870
35b40701-00d2-0d60-6d76-08de10b03e1c,92,4508.0,2025-10-21 14:47:37.290,2025-10-21 14:47:37.290
58fb393c-254c-d3a5-7003-019f8113a691,92,0.0,2026-07-20 19:49:39.403,2026-07-20 19:49:39.403
33649340-d509-ec11-8315-917f2d675470,91,0.0,2021-08-30 21:01:34.837,2021-08-30 21:01:34.837
51d0ccb6-380e-f011-84f4-a7a64a1f6a17,91,0.0,2025-03-31 14:02:42.530,2025-03-31 14:02:42.530
29af91f5-c44d-d3a1-7001-019f5d43ca40,91,0.0,2026-07-13 20:58:08.067,2026-07-13 20:58:08.067
e8390201-00e4-a4da-24f6-08de6fedc485,91,0.0,2026-02-19 19:34:02.307,2026-02-19 19:34:02.307
ad7cf307-899b-ee11-8445-cc0b759db311,91,5005.0,2023-12-15 20:32:19.573,2023-12-15 20:32:19.573
f71903e4-9d90-79c7-09a2-08dd915ea46a,91,0.0,2025-05-12 14:10:08.370,2025-05-12 14:10:08.370
9d1603e4-9d90-79c7-a716-08dd915e81fa,91,0.0,2025-05-12 14:09:29.107,2025-05-12 14:09:29.107
bd1d0a3c-4690-79c7-70d9-08dda8598f1c,90,0.0,2025-06-10 20:04:40.803,2025-06-10 20:04:40.803
26aa55f5-82bf-ed11-842b-fbb830928ed2,90,8073.0,2023-03-10 20:35:09.987,2023-03-10 20:35:09.987
47f5b391-bde6-eb11-8315-a7b253237166,90,0.0,2021-07-17 05:17:30.523,2021-07-17 05:17:30.523
68301f01-18b6-ee11-8444-fc4c5aaff930,90,9540.0,2024-01-18 15:45:33.700,2024-01-18 15:45:33.700
f3a60101-00d8-b544-c82c-08de9a36a380,90,0.0,2026-04-14 15:02:14.460,2026-04-14 15:02:14.460
136d3447-60ee-eb11-8315-8809eea0ef23,90,0.0,2021-07-26 22:25:46.183,2021-07-26 22:25:46.183
c9fd2aed-85eb-ee11-8445-a7e21a374836,90,7911.0,2024-03-26 15:33:20.217,2024-03-26 15:33:20.217
058f0901-00d9-0b10-3f72-08de81304e56,90,0.0,2026-03-13 18:42:43.767,2026-03-13 18:42:43.767
86aa3b61-a798-ec11-8375-f227097a87c7,90,0.0,2022-02-28 15:02:50.080,2022-02-28 15:02:50.080
c7c2f016-6a2f-68a7-7000-019fe1882bc2,90,4410.0,2026-08-08 13:23:12.280,2026-08-08 13:23:12.280
b78004e8-e490-79c7-5f9a-08ddc0aa4b40,90,0.0,2025-07-11 18:51:53.820,2025-07-11 18:51:53.820
4b20598b-3ece-eb11-830a-ec86c785ce06,90,23600.0,2021-06-16 01:06:42.120,2021-06-16 01:06:42.120
560fa03a-b405-ec11-8315-b4847d4499a3,90,3492.0,2021-08-25 14:55:59.077,2021-08-25 14:55:59.077
70ca0801-0023-b011-ad6e-08de6d9a61f8,90,0.0,2026-02-16 20:33:55.450,2026-02-16 20:33:55.450
793dd548-79a5-ec11-8395-dbc621b15182,90,6750.0,2022-03-16 22:40:23.677,2022-03-16 22:40:23.677
b96bcb60-cac5-ee11-8445-f3f7d6287aad,90,0.0,2024-02-07 15:12:17.567,2024-02-07 15:12:17.567
c32a37ef-d2ee-ef11-84f4-a54065c285f4,90,0.0,2025-02-19 15:05:25.663,2025-02-19 15:05:25.663
a1ce0538-2590-79c7-cf81-08ddbbd3d8a7,90,0.0,2025-07-05 14:56:20.583,2025-07-05 14:56:20.583
f2a8f8c8-887a-b49b-7001-01a0c9dc1700,90,4995.0,2026-09-22 16:05:07.343,2026-09-22 16:05:07.343
21df2d20-16c9-ef11-84e8-8fde0c0b4f0a,90,0.0,2025-01-02 14:31:39.493,2025-01-02 14:31:39.493
079f3145-7d5c-ec11-8350-fd1908bc5a53,90,2340.0,2021-12-14 01:29:27.917,2021-12-14 01:29:27.917
671f3fc1-71e6-eb11-8315-a7b253237166,90,0.0,2021-07-16 20:18:50.667,2021-07-16 20:18:50.667
95ea05ec-0590-79c7-15a4-08dda8edfac3,90,0.0,2025-06-11 13:46:42.527,2025-06-11 13:46:42.527
f5da0734-9d90-79c7-d71a-08ddd06b0509,90,9616.5,2025-07-31 19:49:45.053,2025-07-31 19:49:45.053
09710001-00c0-637f-f374-08de68d1f237,90,0.0,2026-02-10 18:31:04.083,2026-02-10 18:31:04.083
6c1efbdb-291d-ef11-8445-a503dfa011f2,90,0.0,2024-05-28 19:39:27.043,2024-05-28 19:39:27.043
2690644b-8d00-ec11-8315-fb1d4ba83829,89,0.0,2021-08-19 01:34:20.763,2021-08-19 01:34:20.763
003dc557-1371-ef11-84bd-ed9f20982f9d,89,4183.0,2024-09-12 14:32:26.933,2024-09-12 14:32:26.933
88760404-1690-79c7-a2de-08ddc6286b49,89,5829.96,2025-07-18 18:26:48.223,2025-07-18 18:26:48.223
8a022dce-511a-f011-8506-b278d1941312,89,14398.61,2025-04-15 23:32:32.287,2025-04-15 23:32:32.287
6c368728-72d0-eb11-830a-c1c5c06c5978,88,14824.0,2021-06-18 20:26:35.730,2021-06-18 20:26:35.730
5554d743-dcbc-eb11-830a-a4b0d298b5f4,88,0.0,2021-05-24 22:06:27.363,2021-05-24 22:06:27.363
e0b503f8-df90-79c7-33db-08dddf54f68d,88,6424.0,2025-08-19 19:18:02.580,2025-08-19 19:18:02.580
4e70bc15-5597-ed11-83d0-fc6fbd1b1d8b,88,74560.0,2023-01-18 17:27:21.157,2023-01-18 17:27:21.157
3aac03f8-df90-79c7-7069-08dddf51f29b,88,6723.2,2025-08-19 18:59:00.263,2025-08-19 18:59:00.263
712a8ba1-8f16-ec11-8315-d09065226895,88,0.0,2021-09-16 01:47:18.733,2021-09-16 01:47:18.733
8b2303b0-a290-79c7-0c7b-08dd932091a5,87,5536.68,2025-05-14 19:55:14.060,2025-05-14 19:55:14.060
75a11099-753e-ec11-8350-bdcf55b07c40,87,0.0,2021-11-05 20:21:03.730,2021-11-05 20:21:03.730
f2957f64-bab6-ed11-83d0-e1f7ab60ae09,87,5302.65,2023-02-27 16:19:53.870,2023-02-27 16:19:53.870
ec9401d4-4190-79c7-23a5-08dd9d26c32b,86,0.0,2025-05-27 14:04:34.717,2025-05-27 14:04:34.717
811033af-db7b-ed11-83d0-d526d65c5b2e,86,80628.4,2022-12-14 18:19:13.660,2022-12-14 18:19:13.660
1697ac04-d8bc-ef11-84e2-fc9af4fb06cf,85,4683.5,2024-12-18 00:35:53.077,2024-12-18 00:35:53.077
99a5f218-d2bc-ef11-84e2-fc9af4fb06cf,85,5481.5,2024-12-17 23:53:24.277,2024-12-17 23:53:24.277
bd23ca0a-d8bc-ef11-84e2-fc9af4fb06cf,85,5909.0,2024-12-18 00:35:56.497,2024-12-18 00:35:56.497
a826550e-d5bc-ef11-84e2-fc9af4fb06cf,85,4184.75,2024-12-18 00:14:40.763,2024-12-18 00:14:40.763
c1545495-cfbc-ef11-84e2-fc9af4fb06cf,85,28604.5,2024-12-17 23:35:27.627,2024-12-17 23:35:27.627
9d331ada-d0bc-ef11-84e2-fc9af4fb06cf,85,4659.75,2024-12-17 23:44:36.613,2024-12-17 23:44:36.613
9d3bf1f1-df7b-ed11-83d0-d526d65c5b2e,85,66735.6,2022-12-14 18:50:00.290,2022-12-14 18:50:00.290
f44492bc-aa0e-ee11-8445-aaf4f6f067c9,85,3753.6,2023-06-19 14:09:14.863,2023-06-19 14:09:14.863
93d4dc53-d6bc-ef11-84e2-fc9af4fb06cf,85,3610.95,2024-12-18 00:23:42.840,2024-12-18 00:23:42.840
af430201-0028-1e19-5f76-08de3127ffdb,85,2550.0,2025-12-01 22:23:11.537,2025-12-01 22:23:11.537
25520eec-b6c0-ec11-8398-c3c48911cada,85,6375.0,2022-04-20 14:37:01.347,2022-04-20 14:37:01.347
186585dd-cfbc-ef11-84e2-fc9af4fb06cf,85,4683.5,2024-12-17 23:37:25.053,2024-12-17 23:37:25.053
581649a5-da7b-ed11-83d0-d526d65c5b2e,85,110461.44,2022-12-14 18:12:05.447,2022-12-14 18:12:05.447
40f1855e-d1bc-ef11-84e2-fc9af4fb06cf,85,5856.75,2024-12-17 23:48:17.757,2024-12-17 23:48:17.757
5307764c-d1bc-ef11-84e2-fc9af4fb06cf,85,9466.75,2024-12-17 23:47:49.337,2024-12-17 23:47:49.337
13604e77-cfbc-ef11-84e2-fc9af4fb06cf,85,4129.65,2024-12-17 23:34:33.293,2024-12-17 23:34:33.293
4661408c-d7bc-ef11-84e2-fc9af4fb06cf,85,4184.75,2024-12-18 00:32:27.307,2024-12-18 00:32:27.307
52f7a39e-d5bc-ef11-84e2-fc9af4fb06cf,85,10545.0,2024-12-18 00:18:38.030,2024-12-18 00:18:38.030
c9309f11-d6bc-ef11-84e2-fc9af4fb06cf,85,2911.75,2024-12-18 00:21:51.167,2024-12-18 00:21:51.167
1ca28449-d0bc-ef11-84e2-fc9af4fb06cf,85,5481.5,2024-12-17 23:40:30.670,2024-12-17 23:40:30.670
e54df7cb-d6bc-ef11-84e2-fc9af4fb06cf,85,9466.75,2024-12-18 00:27:05.060,2024-12-18 00:27:05.060
bf9935ea-d4bc-ef11-84e2-fc9af4fb06cf,85,4310.15,2024-12-18 00:13:43.017,2024-12-18 00:13:43.017
fd1646b5-d2bc-ef11-84e2-fc9af4fb06cf,85,5909.0,2024-12-17 23:57:47.353,2024-12-17 23:57:47.353
e3c06263-d3bc-ef11-84e2-fc9af4fb06cf,85,4184.75,2024-12-18 00:02:40.117,2024-12-18 00:02:40.117
e3830401-002c-5a4b-a8f3-08de60208454,85,0.0,2026-01-30 16:56:32.530,2026-01-30 16:56:32.530
629f8449-d0bc-ef11-84e2-fc9af4fb06cf,85,5309.55,2024-12-17 23:40:29.630,2024-12-17 23:40:29.630
03768bdb-d3bc-ef11-84e2-fc9af4fb06cf,85,4659.75,2024-12-18 00:06:09.087,2024-12-18 00:06:09.087
c0973792-d7bc-ef11-84e2-fc9af4fb06cf,85,10545.0,2024-12-18 00:32:34.363,2024-12-18 00:32:34.363
55f25a08-d7bc-ef11-84e2-fc9af4fb06cf,85,5481.5,2024-12-18 00:28:42.877,2024-12-18 00:28:42.877
7e63f31c-db7b-ed11-83d0-d526d65c5b2e,85,104010.56,2022-12-14 18:15:11.787,2022-12-14 18:15:11.787
294b31e6-d0bc-ef11-84e2-fc9af4fb06cf,85,4329.15,2024-12-17 23:44:48.637,2024-12-17 23:44:48.637
854b722b-d0bc-ef11-84e2-fc9af4fb06cf,85,5856.75,2024-12-17 23:39:44.567,2024-12-17 23:39:44.567
61a50001-0051-167a-c408-08de69a3ddf4,85,0.0,2026-02-11 19:29:27.020,2026-02-11 19:29:27.020
84e60cce-d0bc-ef11-84e2-fc9af4fb06cf,85,10545.0,2024-12-17 23:44:10.840,2024-12-17 23:44:10.840
b7947ee3-cfbc-ef11-84e2-fc9af4fb06cf,85,5481.5,2024-12-17 23:37:42.537,2024-12-17 23:37:42.537
e15730f6-d6bc-ef11-84e2-fc9af4fb06cf,85,4683.5,2024-12-18 00:28:18.893,2024-12-18 00:28:18.893
84159eec-d7bc-ef11-84e2-fc9af4fb06cf,85,2911.75,2024-12-18 00:35:07.027,2024-12-18 00:35:07.027
2379104e-de7b-ed11-83d0-d526d65c5b2e,85,101904.68,2022-12-14 18:38:07.770,2022-12-14 18:38:07.770
840d096d-d2bc-ef11-84e2-fc9af4fb06cf,85,4184.75,2024-12-17 23:55:49.647,2024-12-17 23:55:49.647
c149f8f4-d1bc-ef11-84e2-fc9af4fb06cf,85,5909.0,2024-12-17 23:52:28.627,2024-12-17 23:52:28.627
60d10659-eed8-ef11-84f4-f20bf4888c1b,85,27911.0,2025-01-22 18:26:17.470,2025-01-22 18:26:17.470
a3747528-c3e7-ef11-84f4-b5531bdd5992,85,4165.0,2025-02-10 15:25:48.013,2025-02-10 15:25:48.013
75c0330a-d1bc-ef11-84e2-fc9af4fb06cf,85,25726.0,2024-12-17 23:45:56.260,2024-12-17 23:45:56.260
82734568-d7bc-ef11-84e2-fc9af4fb06cf,85,4184.75,2024-12-18 00:31:26.273,2024-12-18 00:31:26.273
72b05c8f-0928-ee11-8444-e5c7cfca5dd9,85,0.0,2023-07-21 21:00:09.057,2023-07-21 21:00:09.057
0fcf5026-d7bc-ef11-84e2-fc9af4fb06cf,85,10545.0,2024-12-18 00:29:37.340,2024-12-18 00:29:37.340
fd4d61a1-cfbc-ef11-84e2-fc9af4fb06cf,85,5909.0,2024-12-17 23:35:44.860,2024-12-17 23:35:44.860
523e02c2-d0bc-ef11-84e2-fc9af4fb06cf,85,5481.5,2024-12-17 23:43:52.950,2024-12-17 23:43:52.950
b03893f9-d3bc-ef11-84e2-fc9af4fb06cf,85,10545.0,2024-12-18 00:06:57.160,2024-12-18 00:06:57.160
1af074a0-dd7b-ed11-83d0-d526d65c5b2e,85,104056.16,2022-12-14 18:33:27.433,2022-12-14 18:33:27.433
c2559a11-d4bc-ef11-84e2-fc9af4fb06cf,85,4659.75,2024-12-18 00:07:34.600,2024-12-18 00:07:34.600
5ef3f9b3-d6bc-ef11-84e2-fc9af4fb06cf,85,5909.0,2024-12-18 00:26:23.287,2024-12-18 00:26:23.287
461748df-d2bc-ef11-84e2-fc9af4fb06cf,85,5856.75,2024-12-17 23:59:02.817,2024-12-17 23:59:02.817
78f97da5-d3bc-ef11-84e2-fc9af4fb06cf,85,4659.75,2024-12-18 00:04:35.767,2024-12-18 00:04:35.767
528b7c7a-d5bc-ef11-84e2-fc9af4fb06cf,85,15485.0,2024-12-18 00:17:40.863,2024-12-18 00:17:40.863
8bab4134-d1bc-ef11-84e2-fc9af4fb06cf,85,5909.0,2024-12-17 23:47:05.370,2024-12-17 23:47:05.370
2d543e28-d1bc-ef11-84e2-fc9af4fb06cf,85,4683.5,2024-12-17 23:46:44.860,2024-12-17 23:46:44.860
4a7c43e5-d2bc-ef11-84e2-fc9af4fb06cf,85,4659.75,2024-12-17 23:59:09.857,2024-12-17 23:59:09.857
7a3cc447-d4bc-ef11-84e2-fc9af4fb06cf,85,32086.25,2024-12-18 00:09:04.423,2024-12-18 00:09:04.423
dc9ef8fc-d97b-ed11-83d0-d526d65c5b2e,85,108363.84,2022-12-14 18:07:28.957,2022-12-14 18:07:28.957
8cfc81d1-cfbc-ef11-84e2-fc9af4fb06cf,85,24519.5,2024-12-17 23:37:07.137,2024-12-17 23:37:07.137
dbe20cce-d0bc-ef11-84e2-fc9af4fb06cf,85,5856.75,2024-12-17 23:44:09.207,2024-12-17 23:44:09.207
dbb8474a-d7bc-ef11-84e2-fc9af4fb06cf,85,9466.75,2024-12-18 00:30:37.737,2024-12-18 00:30:37.737
b5990e97-d2bc-ef11-84e2-fc9af4fb06cf,85,4683.5,2024-12-17 23:56:57.877,2024-12-17 23:56:57.877
beaf58d9-a2ef-ed11-8445-c5a969c217e6,85,0.0,2023-05-11 02:28:13.553,2023-05-11 02:28:13.553
f15b0c8b-d2bc-ef11-84e2-fc9af4fb06cf,85,5856.75,2024-12-17 23:56:39.927,2024-12-17 23:56:39.927
773da0f8-d7bc-ef11-84e2-fc9af4fb06cf,85,4184.75,2024-12-18 00:35:26.807,2024-12-18 00:35:26.807
08fc47f1-d2bc-ef11-84e2-fc9af4fb06cf,85,28604.5,2024-12-17 23:59:33.563,2024-12-17 23:59:33.563
76b841bb-d2bc-ef11-84e2-fc9af4fb06cf,85,5856.75,2024-12-17 23:58:01.760,2024-12-17 23:58:01.760
3c6f85dd-cfbc-ef11-84e2-fc9af4fb06cf,85,5965.05,2024-12-17 23:37:29.107,2024-12-17 23:37:29.107
197eeb30-d2bc-ef11-84e2-fc9af4fb06cf,85,4659.75,2024-12-17 23:54:11.690,2024-12-17 23:54:11.690
c45261a1-cfbc-ef11-84e2-fc9af4fb06cf,85,5309.55,2024-12-17 23:35:47.147,2024-12-17 23:35:47.147
c16e3a51-05d8-ee11-8444-f5b0b8d899bc,85,3910.0,2024-03-01 19:55:08.867,2024-03-01 19:55:08.867
d90ae671-d6bc-ef11-84e2-fc9af4fb06cf,85,29279.0,2024-12-18 00:24:37.157,2024-12-18 00:24:37.157
e90d3216-d1bc-ef11-84e2-fc9af4fb06cf,85,5481.5,2024-12-17 23:46:12.350,2024-12-17 23:46:12.350
ff8d7d01-d0bc-ef11-84e2-fc9af4fb06cf,85,4683.5,2024-12-17 23:38:24.967,2024-12-17 23:38:24.967
92be474a-d7bc-ef11-84e2-fc9af4fb06cf,85,4184.75,2024-12-18 00:30:39.683,2024-12-18 00:30:39.683
729ef165-d6bc-ef11-84e2-fc9af4fb06cf,85,19463.6,2024-12-18 00:24:15.170,2024-12-18 00:24:15.170
d8270c55-d2bc-ef11-84e2-fc9af4fb06cf,85,4659.75,2024-12-17 23:55:09.540,2024-12-17 23:55:09.540
ab1e155b-d2bc-ef11-84e2-fc9af4fb06cf,85,10545.0,2024-12-17 23:55:23.860,2024-12-17 23:55:23.860
2b938858-d1bc-ef11-84e2-fc9af4fb06cf,85,5856.75,2024-12-17 23:48:08.350,2024-12-17 23:48:08.350
fbfec1ca-dc7b-ed11-83d0-d526d65c5b2e,85,94392.0,2022-12-14 18:27:16.953,2022-12-14 18:27:16.953
58836075-d3bc-ef11-84e2-fc9af4fb06cf,85,11753.4,2024-12-18 00:03:10.193,2024-12-18 00:03:10.193
fa0f155b-d2bc-ef11-84e2-fc9af4fb06cf,85,4683.5,2024-12-17 23:55:17.550,2024-12-17 23:55:17.550
f1f4855e-d1bc-ef11-84e2-fc9af4fb06cf,85,5481.5,2024-12-17 23:48:19.167,2024-12-17 23:48:19.167
2b1c47e1-d5bc-ef11-84e2-fc9af4fb06cf,85,19463.6,2024-12-18 00:20:31.890,2024-12-18 00:20:31.890
d5aa40fd-d2bc-ef11-84e2-fc9af4fb06cf,85,11675.5,2024-12-17 23:59:49.487,2024-12-17 23:59:49.487
6d68deb8-d1bc-ef11-84e2-fc9af4fb06cf,85,16348.55,2024-12-17 23:50:46.343,2024-12-17 23:50:46.343
f6a590c9-d3bc-ef11-84e2-fc9af4fb06cf,85,4659.75,2024-12-18 00:05:29.083,2024-12-18 00:05:29.083
ebe3855e-d1bc-ef11-84e2-fc9af4fb06cf,85,9466.75,2024-12-17 23:48:12.447,2024-12-17 23:48:12.447
1e4c41aa-d7bc-ef11-84e2-fc9af4fb06cf,85,5909.0,2024-12-18 00:33:18.090,2024-12-18 00:33:18.090
4d5b04a8-d6bc-ef11-84e2-fc9af4fb06cf,85,32086.25,2024-12-18 00:26:05.347,2024-12-18 00:26:05.347
35403109-557b-ed11-83d0-dbe117b3817e,84,46968.0,2022-12-14 02:14:32.913,2022-12-14 02:14:32.913
6b53cdf1-4f7b-ed11-83d0-dbe117b3817e,84,70146.48,2022-12-14 01:38:02.763,2022-12-14 01:38:02.763
a8c4d1a2-547b-ed11-83d0-dbe117b3817e,84,14896.0,2022-12-14 02:11:43.900,2022-12-14 02:11:43.900
ef3e6298-567b-ed11-83d0-dbe117b3817e,84,16416.0,2022-12-14 02:25:45.280,2022-12-14 02:25:45.280
09bf1b71-507b-ed11-83d0-dbe117b3817e,84,77611.76,2022-12-14 01:41:41.093,2022-12-14 01:41:41.093
a8cb0001-00f7-2ff1-09c2-08de58334a0a,84,0.0,2026-01-20 14:51:08.943,2026-01-20 14:51:08.943
a86a4992-567b-ed11-83d0-dbe117b3817e,84,29640.0,2022-12-14 02:25:34.753,2022-12-14 02:25:34.753
395baab4-467b-ed11-83d0-dbe117b3817e,84,38608.0,2022-12-14 00:31:54.597,2022-12-14 00:31:54.597
f74047cd-3389-ec11-8350-cdb80dc5b886,84,0.0,2022-02-08 23:09:26.250,2022-02-08 23:09:26.250
be04b6d8-467b-ed11-83d0-dbe117b3817e,84,38608.0,2022-12-14 00:33:01.893,2022-12-14 00:33:01.893
9b296245-587b-ed11-83d0-dbe117b3817e,84,115520.0,2022-12-14 02:37:45.327,2022-12-14 02:37:45.327
26e30401-00d8-72d0-c174-08de4d6882c2,84,6905.0,2026-01-06 21:15:12.347,2026-01-06 21:15:12.347
eeeb79a2-467b-ed11-83d0-dbe117b3817e,84,38608.0,2022-12-14 00:31:30.747,2022-12-14 00:31:30.747
a81c89df-4f7b-ed11-83d0-dbe117b3817e,84,79660.0,2022-12-14 01:37:33.730,2022-12-14 01:37:33.730
f397e407-457b-ed11-83d0-dbe117b3817e,84,95832.96,2022-12-14 00:20:04.163,2022-12-14 00:20:04.163
00905d4b-587b-ed11-83d0-dbe117b3817e,84,82777.04,2022-12-14 02:37:51.180,2022-12-14 02:37:51.180
421545f5-557b-ed11-83d0-dbe117b3817e,84,42864.0,2022-12-14 02:21:12.497,2022-12-14 02:21:12.497
6a292276-557b-ed11-83d0-dbe117b3817e,84,13376.0,2022-12-14 02:17:39.037,2022-12-14 02:17:39.037
a85b0401-00f8-3099-5398-08de547a524d,84,0.0,2026-01-15 21:09:13.417,2026-01-15 21:09:13.417
9b366a72-547b-ed11-83d0-dbe117b3817e,84,34960.0,2022-12-14 02:10:22.940,2022-12-14 02:10:22.940
9addcdb4-547b-ed11-83d0-dbe117b3817e,84,34960.0,2022-12-14 02:12:16.047,2022-12-14 02:12:16.047
b1fe7c33-557b-ed11-83d0-dbe117b3817e,84,29640.0,2022-12-14 02:15:42.680,2022-12-14 02:15:42.680
9a61cdf1-4f7b-ed11-83d0-dbe117b3817e,84,74340.0,2022-12-14 01:38:09.317,2022-12-14 01:38:09.317
69fdbb96-547b-ed11-83d0-dbe117b3817e,84,25840.0,2022-12-14 02:11:18.457,2022-12-14 02:11:18.457
ed68aab4-467b-ed11-83d0-dbe117b3817e,84,38608.0,2022-12-14 00:32:01.107,2022-12-14 00:32:01.107
69deb4c0-467b-ed11-83d0-dbe117b3817e,84,38608.0,2022-12-14 00:32:24.397,2022-12-14 00:32:24.397
ed426298-567b-ed11-83d0-dbe117b3817e,84,14896.0,2022-12-14 02:25:46.933,2022-12-14 02:25:46.933
9b3eb9d2-467b-ed11-83d0-dbe117b3817e,84,38608.0,2022-12-14 00:32:53.603,2022-12-14 00:32:53.603
ed216245-587b-ed11-83d0-dbe117b3817e,84,77611.76,2022-12-14 02:37:41.560,2022-12-14 02:37:41.560
ce766126-457b-ed11-83d0-dbe117b3817e,84,74958.8,2022-12-14 00:20:48.880,2022-12-14 00:20:48.880
2731270c-467b-ed11-83d0-dbe117b3817e,84,46310.4,2022-12-14 00:27:16.277,2022-12-14 00:27:16.277
cdc21b71-507b-ed11-83d0-dbe117b3817e,84,80560.0,2022-12-14 01:41:42.813,2022-12-14 01:41:42.813
fdaf76f7-467b-ed11-83d0-dbe117b3817e,84,42864.0,2022-12-14 00:33:56.263,2022-12-14 00:33:56.263
486a7da0-587b-ed11-83d0-dbe117b3817e,84,13376.0,2022-12-14 02:40:15.220,2022-12-14 02:40:15.220
b1a02414-457b-ed11-83d0-dbe117b3817e,84,97889.52,2022-12-14 00:20:15.790,2022-12-14 00:20:15.790
3797e05f-577b-ed11-83d0-dbe117b3817e,84,13376.0,2022-12-14 02:31:23.573,2022-12-14 02:31:23.573
ec7171eb-447b-ed11-83d0-dbe117b3817e,84,113240.0,2022-12-14 00:19:12.537,2022-12-14 00:19:12.537
692111cb-557b-ed11-83d0-dbe117b3817e,84,42864.0,2022-12-14 02:20:00.263,2022-12-14 02:20:00.263
0976daa8-547b-ed11-83d0-dbe117b3817e,84,25840.0,2022-12-14 02:11:56.313,2022-12-14 02:11:56.313
eee91982-557b-ed11-83d0-dbe117b3817e,84,25840.0,2022-12-14 02:18:01.570,2022-12-14 02:18:01.570
ffdde05f-467b-ed11-83d0-dbe117b3817e,84,98428.48,2022-12-14 00:29:36.717,2022-12-14 00:29:36.717
ec16328e-557b-ed11-83d0-dbe117b3817e,84,29640.0,2022-12-14 02:18:14.993,2022-12-14 02:18:14.993
f26eb99c-0faf-ed11-83d0-bf902b37111e,84,0.0,2023-02-17 22:08:35.683,2023-02-17 22:08:35.683
178f9e3f-557b-ed11-83d0-dbe117b3817e,84,25840.0,2022-12-14 02:16:04.987,2022-12-14 02:16:04.987
efd61443-038e-ed11-83d0-8cb4876af216,84,7448.0,2023-01-06 20:47:12.210,2023-01-06 20:47:12.210
9c8cabba-467b-ed11-83d0-dbe117b3817e,84,42864.0,2022-12-14 00:32:12.917,2022-12-14 00:32:12.917
16269c59-507b-ed11-83d0-dbe117b3817e,84,42984.0,2022-12-14 01:40:56.923,2022-12-14 01:40:56.923
ad329d15-477b-ed11-83d0-dbe117b3817e,84,34960.0,2022-12-14 00:34:46.177,2022-12-14 00:34:46.177
97701af3-567b-ed11-83d0-dbe117b3817e,84,38608.0,2022-12-14 02:28:12.287,2022-12-14 02:28:12.287
bd60ff43-567b-ed11-83d0-dbe117b3817e,84,13376.0,2022-12-14 02:23:22.527,2022-12-14 02:23:22.527
47bdd2ae-547b-ed11-83d0-dbe117b3817e,84,46968.0,2022-12-14 02:12:00.933,2022-12-14 02:12:00.933
bc270e11-577b-ed11-83d0-dbe117b3817e,84,25840.0,2022-12-14 02:29:09.700,2022-12-14 02:29:09.700
68baedc8-567b-ed11-83d0-dbe117b3817e,84,16416.0,2022-12-14 02:27:03.360,2022-12-14 02:27:03.360
ebd4197c-557b-ed11-83d0-dbe117b3817e,84,42864.0,2022-12-14 02:17:44.597,2022-12-14 02:17:44.597
2a907f2d-557b-ed11-83d0-dbe117b3817e,84,14896.0,2022-12-14 02:15:35.147,2022-12-14 02:15:35.147
d3281890-577b-ed11-83d0-dbe117b3817e,84,42864.0,2022-12-14 02:32:43.977,2022-12-14 02:32:43.977
489dd75f-547b-ed11-83d0-dbe117b3817e,84,51072.0,2022-12-14 02:09:45.130,2022-12-14 02:09:45.130
1e3c84b2-587b-ed11-83d0-dbe117b3817e,84,46968.0,2022-12-14 02:40:44.837,2022-12-14 02:40:44.837
276f0201-0096-ba65-e469-08de5939797f,84,20000.0,2026-01-21 22:08:38.110,2026-01-21 22:08:38.110
a88a01a1-de8d-ed11-83d0-8cb4876af216,84,42135.84,2023-01-06 16:25:14.217,2023-01-06 16:25:14.217
068ce407-457b-ed11-83d0-dbe117b3817e,84,88558.0,2022-12-14 00:19:56.767,2022-12-14 00:19:56.767
96c8642c-587b-ed11-83d0-dbe117b3817e,84,81215.12,2022-12-14 02:37:05.130,2022-12-14 02:37:05.130
a7757d07-567b-ed11-83d0-dbe117b3817e,84,14896.0,2022-12-14 02:21:37.000,2022-12-14 02:21:37.000
eb8ea18a-547b-ed11-83d0-dbe117b3817e,84,25840.0,2022-12-14 02:11:03.807,2022-12-14 02:11:03.807
6871b090-547b-ed11-83d0-dbe117b3817e,84,34960.0,2022-12-14 02:11:14.523,2022-12-14 02:11:14.523
342a1a1d-577b-ed11-83d0-dbe117b3817e,84,14896.0,2022-12-14 02:29:27.610,2022-12-14 02:29:27.610
1df98fae-577b-ed11-83d0-dbe117b3817e,84,13376.0,2022-12-14 02:33:26.927,2022-12-14 02:33:26.927
4191cd35-8c7c-ed11-83d0-a66103c9ecd8,84,0.0,2022-12-15 15:23:34.893,2022-12-15 15:23:34.893
159a9e3f-557b-ed11-83d0-dbe117b3817e,84,38608.0,2022-12-14 02:16:10.020,2022-12-14 02:16:10.020
4c48393b-577b-ed11-83d0-dbe117b3817e,84,42864.0,2022-12-14 02:30:18.647,2022-12-14 02:30:18.647
0215ccba-547b-ed11-83d0-dbe117b3817e,84,25840.0,2022-12-14 02:12:25.373,2022-12-14 02:12:25.373
95571d72-577b-ed11-83d0-dbe117b3817e,84,42864.0,2022-12-14 02:31:47.020,2022-12-14 02:31:47.020
efca79ac-557b-ed11-83d0-dbe117b3817e,84,29640.0,2022-12-14 02:19:04.100,2022-12-14 02:19:04.100
cdd609e7-567b-ed11-83d0-dbe117b3817e,84,38608.0,2022-12-14 02:27:53.610,2022-12-14 02:27:53.610
545a1d30-871b-c29c-7001-019f769a7af3,84,0.0,2026-07-18 19:01:04.403,2026-07-18 19:01:04.403
182a9c59-507b-ed11-83d0-dbe117b3817e,84,81411.2,2022-12-14 01:40:59.290,2022-12-14 01:40:59.290
be11eb4d-547b-ed11-83d0-dbe117b3817e,84,25840.0,2022-12-14 02:09:15.140,2022-12-14 02:09:15.140
94802006-467b-ed11-83d0-dbe117b3817e,84,37846.8,2022-12-14 00:27:10.567,2022-12-14 00:27:10.567
57c50301-00f8-3099-46fa-08de54470e4e,84,101984.0,2026-01-15 15:03:14.183,2026-01-15 15:03:14.183
d3d1cdb4-547b-ed11-83d0-dbe117b3817e,84,42864.0,2022-12-14 02:12:09.753,2022-12-14 02:12:09.753
278f8a7e-547b-ed11-83d0-dbe117b3817e,84,29640.0,2022-12-14 02:10:38.727,2022-12-14 02:10:38.727
a6e0f7ea-467b-ed11-83d0-dbe117b3817e,84,38608.0,2022-12-14 00:33:33.583,2022-12-14 00:33:33.583
93dba3e5-4f7b-ed11-83d0-dbe117b3817e,84,89175.36,2022-12-14 01:37:43.807,2022-12-14 01:37:43.807
93dab4c0-467b-ed11-83d0-dbe117b3817e,84,42864.0,2022-12-14 00:32:22.657,2022-12-14 00:32:22.657
e9f4c3ed-577b-ed11-83d0-dbe117b3817e,84,95760.0,2022-12-14 02:35:11.943,2022-12-14 02:35:11.943
6c879339-557b-ed11-83d0-dbe117b3817e,84,42864.0,2022-12-14 02:15:50.423,2022-12-14 02:15:50.423
391945f5-557b-ed11-83d0-dbe117b3817e,84,38608.0,2022-12-14 02:21:14.420,2022-12-14 02:21:14.420
6757cdf1-4f7b-ed11-83d0-dbe117b3817e,84,80628.4,2022-12-14 01:38:04.513,2022-12-14 01:38:04.513
b32b077e-467b-ed11-83d0-dbe117b3817e,84,34960.0,2022-12-14 00:30:27.090,2022-12-14 00:30:27.090
f385c007-597b-ed11-83d0-dbe117b3817e,84,51072.0,2022-12-14 02:43:12.170,2022-12-14 02:43:12.170
baef015e-557b-ed11-83d0-dbe117b3817e,84,34200.0,2022-12-14 02:16:55.233,2022-12-14 02:16:55.233
14b30405-577b-ed11-83d0-dbe117b3817e,84,51072.0,2022-12-14 02:28:41.787,2022-12-14 02:28:41.787
01fee059-547b-ed11-83d0-dbe117b3817e,84,42864.0,2022-12-14 02:09:43.510,2022-12-14 02:09:43.510
f34e61fc-437b-ed11-83d0-dbe117b3817e,84,30643.2,2022-12-14 00:12:36.113,2022-12-14 00:12:36.113
f0adab4b-557b-ed11-83d0-dbe117b3817e,84,16416.0,2022-12-14 02:16:27.063,2022-12-14 02:16:27.063
3e66c2cc-467b-ed11-83d0-dbe117b3817e,84,38608.0,2022-12-14 00:32:42.800,2022-12-14 00:32:42.800
542a5c9a-587b-ed11-83d0-dbe117b3817e,84,34960.0,2022-12-14 02:40:02.567,2022-12-14 02:40:02.567
1d685d02-447b-ed11-83d0-dbe117b3817e,84,20976.0,2022-12-14 00:12:38.183,2022-12-14 00:12:38.183
b366ee31-567b-ed11-83d0-dbe117b3817e,84,25840.0,2022-12-14 02:22:47.287,2022-12-14 02:22:47.287
373e4f8c-567b-ed11-83d0-dbe117b3817e,84,42864.0,2022-12-14 02:25:25.643,2022-12-14 02:25:25.643
e87cc2b8-557b-ed11-83d0-dbe117b3817e,84,13376.0,2022-12-14 02:19:25.110,2022-12-14 02:19:25.110
66802f84-467b-ed11-83d0-dbe117b3817e,84,51072.0,2022-12-14 00:30:42.293,2022-12-14 00:30:42.293
1d4cf247-547b-ed11-83d0-dbe117b3817e,84,42864.0,2022-12-14 02:09:13.530,2022-12-14 02:09:13.530
91337a9c-467b-ed11-83d0-dbe117b3817e,84,42864.0,2022-12-14 00:31:14.913,2022-12-14 00:31:14.913
d1bc8778-547b-ed11-83d0-dbe117b3817e,84,42864.0,2022-12-14 02:10:28.483,2022-12-14 02:10:28.483
e84ed9fd-4f7b-ed11-83d0-dbe117b3817e,84,53054.0,2022-12-14 01:38:24.450,2022-12-14 01:38:24.450
2535270c-467b-ed11-83d0-dbe117b3817e,84,33854.48,2022-12-14 00:27:18.093,2022-12-14 00:27:18.093
577b0301-00ef-d16d-dab1-08de4bc5f7db,84,7754.0,2026-01-04 19:18:39.783,2026-01-04 19:18:39.783
ca7715df-887f-679b-7001-019f769a57e2,84,0.0,2026-07-18 19:00:55.940,2026-07-18 19:00:55.940
ba89c007-597b-ed11-83d0-dbe117b3817e,84,38608.0,2022-12-14 02:43:13.990,2022-12-14 02:43:13.990
250594ae-467b-ed11-83d0-dbe117b3817e,84,42864.0,2022-12-14 00:31:47.340,2022-12-14 00:31:47.340
ba540101-0032-0fbb-94c4-08de42129fb2,84,4798.4,2025-12-23 11:05:19.580,2025-12-23 11:05:19.580
b0c08778-547b-ed11-83d0-dbe117b3817e,84,14896.0,2022-12-14 02:10:30.573,2022-12-14 02:10:30.573
a9186e27-557b-ed11-83d0-dbe117b3817e,84,25840.0,2022-12-14 02:15:27.300,2022-12-14 02:15:27.300
1d20c757-557b-ed11-83d0-dbe117b3817e,84,34960.0,2022-12-14 02:16:42.587,2022-12-14 02:16:42.587
e728ef71-467b-ed11-83d0-dbe117b3817e,84,77520.0,2022-12-14 00:30:10.673,2022-12-14 00:30:10.673
65d3bbef-587b-ed11-83d0-dbe117b3817e,84,29640.0,2022-12-14 02:42:31.783,2022-12-14 02:42:31.783
46dcb9d2-4f7b-ed11-83d0-dbe117b3817e,84,76436.24,2022-12-14 01:37:10.750,2022-12-14 01:37:10.750
8e80045c-f090-79c7-603d-08dddd069362,84,4852.0,2025-08-16 20:53:50.450,2025-08-16 20:53:50.450
1d040701-000c-d911-1fe8-08de48c72d36,84,28892.4,2025-12-31 23:49:51.460,2025-12-31 23:49:51.460
01e4c49c-547b-ed11-83d0-dbe117b3817e,84,14896.0,2022-12-14 02:11:34.090,2022-12-14 02:11:34.090
ea6caab4-467b-ed11-83d0-dbe117b3817e,84,38608.0,2022-12-14 00:32:02.880,2022-12-14 00:32:02.880
f983bb1f-567b-ed11-83d0-dbe117b3817e,84,14896.0,2022-12-14 02:22:23.280,2022-12-14 02:22:23.280
e6cccbea-547b-ed11-83d0-dbe117b3817e,84,38608.0,2022-12-14 02:13:39.937,2022-12-14 02:13:39.937
07590401-00f8-3099-57dd-08de547a21b1,84,0.0,2026-01-15 21:07:49.750,2026-01-15 21:07:49.750
657a2f84-467b-ed11-83d0-dbe117b3817e,84,42864.0,2022-12-14 00:30:38.830,2022-12-14 00:30:38.830
b9fb827c-3ab2-ed11-83d0-c777df002045,84,25840.0,2023-02-21 22:54:18.763,2023-02-21 22:54:18.763
312d270c-467b-ed11-83d0-dbe117b3817e,84,50622.08,2022-12-14 00:27:14.400,2022-12-14 00:27:14.400
136ac2cc-467b-ed11-83d0-dbe117b3817e,84,38608.0,2022-12-14 00:32:44.803,2022-12-14 00:32:44.803
05bf784d-577b-ed11-83d0-dbe117b3817e,84,38608.0,2022-12-14 02:30:45.083,2022-12-14 02:30:45.083
bf262a80-587b-ed11-83d0-dbe117b3817e,84,13376.0,2022-12-14 02:39:23.200,2022-12-14 02:39:23.200
fa7fbb1f-567b-ed11-83d0-dbe117b3817e,84,29640.0,2022-12-14 02:22:21.450,2022-12-14 02:22:21.450
3aa3d75f-547b-ed11-83d0-dbe117b3817e,84,51072.0,2022-12-14 02:09:48.687,2022-12-14 02:09:48.687
e618127e-577b-ed11-83d0-dbe117b3817e,84,51072.0,2022-12-14 02:32:06.743,2022-12-14 02:32:06.743
acbc89a4-567b-ed11-83d0-dbe117b3817e,84,46968.0,2022-12-14 02:26:01.927,2022-12-14 02:26:01.927
494112f9-567b-ed11-83d0-dbe117b3817e,84,13376.0,2022-12-14 02:28:21.647,2022-12-14 02:28:21.647
e5e9a545-557b-ed11-83d0-dbe117b3817e,84,29640.0,2022-12-14 02:16:14.607,2022-12-14 02:16:14.607
e6230e11-577b-ed11-83d0-dbe117b3817e,84,29640.0,2022-12-14 02:29:08.103,2022-12-14 02:29:08.103
7000c4ed-577b-ed11-83d0-dbe117b3817e,84,45071.76,2022-12-14 02:35:18.410,2022-12-14 02:35:18.410
42c20001-00e3-e6a2-a301-08de2c517b18,84,33160.4,2025-11-25 18:38:10.717,2025-11-25 18:38:10.717
58760401-00cf-af61-7f0f-08de3ffb5ed7,84,9417.6,2025-12-20 19:13:57.867,2025-12-20 19:13:57.867
464e0101-0055-e5d4-91ca-08de38101d80,84,4798.4,2025-12-10 17:19:24.427,2025-12-10 17:19:24.427
8c741af3-567b-ed11-83d0-dbe117b3817e,84,51072.0,2022-12-14 02:28:13.907,2022-12-14 02:28:13.907
bf47b301-597b-ed11-83d0-dbe117b3817e,84,34960.0,2022-12-14 02:43:00.270,2022-12-14 02:43:00.270
1fff6547-577b-ed11-83d0-dbe117b3817e,84,29640.0,2022-12-14 02:30:41.247,2022-12-14 02:30:41.247
8c58a1b6-567b-ed11-83d0-dbe117b3817e,84,42864.0,2022-12-14 02:26:31.393,2022-12-14 02:26:31.393
12be5041-577b-ed11-83d0-dbe117b3817e,84,14896.0,2022-12-14 02:30:32.267,2022-12-14 02:30:32.267
bf7c2006-467b-ed11-83d0-dbe117b3817e,84,42158.4,2022-12-14 00:27:08.893,2022-12-14 00:27:08.893
c9330701-00d4-e25d-9f43-08de3e2c7bd1,84,0.0,2025-12-18 11:56:58.547,2025-12-18 11:56:58.547
d7726126-457b-ed11-83d0-dbe117b3817e,84,88558.0,2022-12-14 00:20:46.740,2022-12-14 00:20:46.740
a53ab9d2-467b-ed11-83d0-dbe117b3817e,84,46968.0,2022-12-14 00:32:51.287,2022-12-14 00:32:51.287
64032b6a-557b-ed11-83d0-dbe117b3817e,84,14896.0,2022-12-14 02:17:19.167,2022-12-14 02:17:19.167
c8f179a2-467b-ed11-83d0-dbe117b3817e,84,34960.0,2022-12-14 00:31:33.807,2022-12-14 00:31:33.807
3706bc96-547b-ed11-83d0-dbe117b3817e,84,25840.0,2022-12-14 02:11:22.643,2022-12-14 02:11:22.643
e4e590dd-587b-ed11-83d0-dbe117b3817e,84,29640.0,2022-12-14 02:41:59.583,2022-12-14 02:41:59.583
711292b2-557b-ed11-83d0-dbe117b3817e,84,14896.0,2022-12-14 02:19:22.290,2022-12-14 02:19:22.290
8af3015e-557b-ed11-83d0-dbe117b3817e,84,16416.0,2022-12-14 02:16:57.147,2022-12-14 02:16:57.147
12760501-0040-6d46-21df-08de3da8e464,84,4798.4,2025-12-17 20:15:53.373,2025-12-17 20:15:53.373
40a70f4a-567b-ed11-83d0-dbe117b3817e,84,25840.0,2022-12-14 02:23:31.863,2022-12-14 02:23:31.863
aa975d4b-587b-ed11-83d0-dbe117b3817e,84,88160.0,2022-12-14 02:37:54.943,2022-12-14 02:37:54.943
e4a20801-0061-d2c7-96cb-08de5dee1da3,84,14293.6,2026-01-27 21:55:05.740,2026-01-27 21:55:05.740
034d5574-567b-ed11-83d0-dbe117b3817e,84,13376.0,2022-12-14 02:24:41.623,2022-12-14 02:24:41.623
717db6e3-587b-ed11-83d0-dbe117b3817e,84,13376.0,2022-12-14 02:42:04.707,2022-12-14 02:42:04.707
8a383109-557b-ed11-83d0-dbe117b3817e,84,29640.0,2022-12-14 02:14:29.733,2022-12-14 02:14:29.733
638892aa-567b-ed11-83d0-dbe117b3817e,84,29640.0,2022-12-14 02:26:12.903,2022-12-14 02:26:12.903
35201a1d-577b-ed11-83d0-dbe117b3817e,84,46968.0,2022-12-14 02:29:23.323,2022-12-14 02:29:23.323
b317eb4d-547b-ed11-83d0-dbe117b3817e,84,29640.0,2022-12-14 02:09:18.247,2022-12-14 02:09:18.247
39c33394-557b-ed11-83d0-dbe117b3817e,84,34960.0,2022-12-14 02:18:31.367,2022-12-14 02:18:31.367
8a5b1d72-577b-ed11-83d0-dbe117b3817e,84,29640.0,2022-12-14 02:31:48.813,2022-12-14 02:31:48.813
f3a2e453-547b-ed11-83d0-dbe117b3817e,84,25840.0,2022-12-14 02:09:32.747,2022-12-14 02:09:32.747
fc6e0a0e-457b-ed11-83d0-dbe117b3817e,84,97889.52,2022-12-14 00:20:06.630,2022-12-14 00:20:06.630
e49d8a7e-547b-ed11-83d0-dbe117b3817e,84,42864.0,2022-12-14 02:10:46.117,2022-12-14 02:10:46.117
89c2edc8-567b-ed11-83d0-dbe117b3817e,84,51072.0,2022-12-14 02:27:07.670,2022-12-14 02:27:07.670
89c61b71-507b-ed11-83d0-dbe117b3817e,84,77520.0,2022-12-14 01:41:44.417,2022-12-14 01:41:44.417
0357385c-567b-ed11-83d0-dbe117b3817e,84,13376.0,2022-12-14 02:24:05.897,2022-12-14 02:24:05.897
e41d4b9a-557b-ed11-83d0-dbe117b3817e,84,38608.0,2022-12-14 02:18:33.537,2022-12-14 02:18:33.537
08b00f4a-567b-ed11-83d0-dbe117b3817e,84,13376.0,2022-12-14 02:23:35.920,2022-12-14 02:23:35.920
88f7015e-557b-ed11-83d0-dbe117b3817e,84,14896.0,2022-12-14 02:16:58.737,2022-12-14 02:16:58.737
a4ed0601-000c-d911-87be-08de48a75e26,84,28892.4,2025-12-31 20:02:50.217,2025-12-31 20:02:50.217
888dcef0-547b-ed11-83d0-dbe117b3817e,84,16416.0,2022-12-14 02:13:57.393,2022-12-14 02:13:57.393
23a8ab4b-557b-ed11-83d0-dbe117b3817e,84,14896.0,2022-12-14 02:16:24.030,2022-12-14 02:16:24.030
39fcece0-567b-ed11-83d0-dbe117b3817e,84,51072.0,2022-12-14 02:27:44.753,2022-12-14 02:27:44.753
e362aab4-467b-ed11-83d0-dbe117b3817e,84,42864.0,2022-12-14 00:31:58.097,2022-12-14 00:31:58.097
a95053a0-557b-ed11-83d0-dbe117b3817e,84,29640.0,2022-12-14 02:18:51.767,2022-12-14 02:18:51.767
aadb8df1-447b-ed11-83d0-dbe117b3817e,84,95760.0,2022-12-14 00:19:19.600,2022-12-14 00:19:19.600
192b37e9-557b-ed11-83d0-dbe117b3817e,84,13376.0,2022-12-14 02:20:51.940,2022-12-14 02:20:51.940
0ba84394-587b-ed11-83d0-dbe117b3817e,84,13376.0,2022-12-14 02:40:00.913,2022-12-14 02:40:00.913
ff3bb8be-587b-ed11-83d0-dbe117b3817e,84,13376.0,2022-12-14 02:41:09.830,2022-12-14 02:41:09.830
b8daf7ea-467b-ed11-83d0-dbe117b3817e,84,42864.0,2022-12-14 00:33:30.437,2022-12-14 00:33:30.437
e2d179ac-557b-ed11-83d0-dbe117b3817e,84,13376.0,2022-12-14 02:19:07.893,2022-12-14 02:19:07.893
3d04ede0-567b-ed11-83d0-dbe117b3817e,84,46968.0,2022-12-14 02:27:48.587,2022-12-14 02:27:48.587
875f1d72-577b-ed11-83d0-dbe117b3817e,84,42864.0,2022-12-14 02:31:50.693,2022-12-14 02:31:50.693
c7b40b50-567b-ed11-83d0-dbe117b3817e,84,14896.0,2022-12-14 02:23:41.003,2022-12-14 02:23:41.003
0bb70405-577b-ed11-83d0-dbe117b3817e,84,46968.0,2022-12-14 02:28:43.667,2022-12-14 02:28:43.667
11712006-467b-ed11-83d0-dbe117b3817e,84,37846.8,2022-12-14 00:27:01.980,2022-12-14 00:27:01.980
e27eabba-467b-ed11-83d0-dbe117b3817e,84,46968.0,2022-12-14 00:32:06.537,2022-12-14 00:32:06.537
ff68d6d8-4f7b-ed11-83d0-dbe117b3817e,84,65793.2,2022-12-14 01:37:25.610,2022-12-14 01:37:25.610
2f950c0b-577b-ed11-83d0-dbe117b3817e,84,34960.0,2022-12-14 02:28:55.290,2022-12-14 02:28:55.290
c7855921-557b-ed11-83d0-dbe117b3817e,84,13376.0,2022-12-14 02:15:16.287,2022-12-14 02:15:16.287
ffda7a32-457b-ed11-83d0-dbe117b3817e,84,78122.0,2022-12-14 00:21:13.440,2022-12-14 00:21:13.440
ff4a61fc-437b-ed11-83d0-dbe117b3817e,84,56266.88,2022-12-14 00:12:33.217,2022-12-14 00:12:33.217
2f527d90-467b-ed11-83d0-dbe117b3817e,84,34960.0,2022-12-14 00:30:55.563,2022-12-14 00:30:55.563
195aa484-547b-ed11-83d0-dbe117b3817e,84,14896.0,2022-12-14 02:10:50.907,2022-12-14 02:10:50.907
b7d579ac-557b-ed11-83d0-dbe117b3817e,84,13376.0,2022-12-14 02:19:09.917,2022-12-14 02:19:09.917
e47aabba-467b-ed11-83d0-dbe117b3817e,84,38608.0,2022-12-14 00:32:04.740,2022-12-14 00:32:04.740
85eb75fd-467b-ed11-83d0-dbe117b3817e,84,46968.0,2022-12-14 00:34:00.117,2022-12-14 00:34:00.117
1bb30001-0028-1e19-b12e-08de311fb8c6,84,9558.4,2025-12-01 21:29:34.410,2025-12-01 21:29:34.410
00330201-007b-de20-136b-08de31b2a66c,84,14293.6,2025-12-02 14:56:42.880,2025-12-02 14:56:42.880
5a7ebccc-547b-ed11-83d0-dbe117b3817e,84,42864.0,2022-12-14 02:12:48.357,2022-12-14 02:12:48.357
110b94ae-467b-ed11-83d0-dbe117b3817e,84,46968.0,2022-12-14 00:31:50.860,2022-12-14 00:31:50.860
2f35c3c6-547b-ed11-83d0-dbe117b3817e,84,14896.0,2022-12-14 02:12:40.233,2022-12-14 02:12:40.233
8642393b-577b-ed11-83d0-dbe117b3817e,84,38608.0,2022-12-14 02:30:15.357,2022-12-14 02:30:15.357
4b9cc625-567b-ed11-83d0-dbe117b3817e,84,34200.0,2022-12-14 02:22:35.770,2022-12-14 02:22:35.770
a09b5d4b-587b-ed11-83d0-dbe117b3817e,84,83600.0,2022-12-14 02:37:56.957,2022-12-14 02:37:56.957
4091e05f-577b-ed11-83d0-dbe117b3817e,84,42864.0,2022-12-14 02:31:20.600,2022-12-14 02:31:20.600
ae4a53a0-557b-ed11-83d0-dbe117b3817e,84,14896.0,2022-12-14 02:18:48.467,2022-12-14 02:18:48.467
61919339-557b-ed11-83d0-dbe117b3817e,84,14896.0,2022-12-14 02:15:55.983,2022-12-14 02:15:55.983
10d3cbea-547b-ed11-83d0-dbe117b3817e,84,29640.0,2022-12-14 02:13:42.853,2022-12-14 02:13:42.853
deaab9eb-4f7b-ed11-83d0-dbe117b3817e,84,95624.72,2022-12-14 01:37:58.377,2022-12-14 01:37:58.377
51a60301-002c-5a4b-964c-08de5f64c971,84,33750.24,2026-01-29 18:33:20.687,2026-01-29 18:33:20.687
40345c9a-587b-ed11-83d0-dbe117b3817e,84,46968.0,2022-12-14 02:40:09.077,2022-12-14 02:40:09.077
615ca1b6-567b-ed11-83d0-dbe117b3817e,84,13376.0,2022-12-14 02:26:32.987,2022-12-14 02:26:32.987
86866126-457b-ed11-83d0-dbe117b3817e,84,91563.28,2022-12-14 00:20:55.600,2022-12-14 00:20:55.600
c6a78d09-477b-ed11-83d0-dbe117b3817e,84,46968.0,2022-12-14 00:34:19.280,2022-12-14 00:34:19.280
4cd28eb0-567b-ed11-83d0-dbe117b3817e,84,14896.0,2022-12-14 02:26:28.977,2022-12-14 02:26:28.977
10971878-577b-ed11-83d0-dbe117b3817e,84,29640.0,2022-12-14 02:31:55.697,2022-12-14 02:31:55.697
84651d72-577b-ed11-83d0-dbe117b3817e,84,25840.0,2022-12-14 02:31:53.560,2022-12-14 02:31:53.560
4b28f2d4-567b-ed11-83d0-dbe117b3817e,84,34960.0,2022-12-14 02:27:23.337,2022-12-14 02:27:23.337
ffbe7dec-edab-ed11-83d0-989400cc50d4,84,4180.0,2023-02-13 22:31:49.537,2023-02-13 22:31:49.537
2ef86547-577b-ed11-83d0-dbe117b3817e,84,51072.0,2022-12-14 02:30:38.380,2022-12-14 02:30:38.380
c6a43e0f-557b-ed11-83d0-dbe117b3817e,84,34960.0,2022-12-14 02:14:46.423,2022-12-14 02:14:46.423
38ac0401-00d8-72d0-e1ed-08de4d370abb,84,9558.4,2026-01-06 15:22:01.553,2026-01-06 15:22:01.553
83d40201-0038-878f-360e-08de554b6fbf,84,4798.4,2026-01-16 22:07:00.163,2026-01-16 22:07:00.163
83b80301-002c-5a4b-73b9-08de5f71e65a,84,0.0,2026-01-29 20:07:12.707,2026-01-29 20:07:12.707
c66b0101-0055-e5d4-aac4-08de382762ea,84,9417.6,2025-12-10 20:07:20.850,2025-12-10 20:07:20.850
4422afbc-567b-ed11-83d0-dbe117b3817e,84,25840.0,2022-12-14 02:26:49.127,2022-12-14 02:26:49.127
b4f0a545-557b-ed11-83d0-dbe117b3817e,84,38608.0,2022-12-14 02:16:18.320,2022-12-14 02:16:18.320
5b2489df-4f7b-ed11-83d0-dbe117b3817e,84,70146.48,2022-12-14 01:37:38.240,2022-12-14 01:37:38.240
e0d2b4c0-467b-ed11-83d0-dbe117b3817e,84,38608.0,2022-12-14 00:32:18.173,2022-12-14 00:32:18.173
60fcf33d-567b-ed11-83d0-dbe117b3817e,84,13376.0,2022-12-14 02:23:10.690,2022-12-14 02:23:10.690
7580be19-567b-ed11-83d0-dbe117b3817e,84,14896.0,2022-12-14 02:22:13.763,2022-12-14 02:22:13.763
b4f210fd-547b-ed11-83d0-dbe117b3817e,84,13376.0,2022-12-14 02:14:09.397,2022-12-14 02:14:09.397
ac31077e-467b-ed11-83d0-dbe117b3817e,84,38608.0,2022-12-14 00:30:30.057,2022-12-14 00:30:30.057
e0ceb4c0-467b-ed11-83d0-dbe117b3817e,84,46968.0,2022-12-14 00:32:15.787,2022-12-14 00:32:15.787
877c491b-557b-ed11-83d0-dbe117b3817e,84,29640.0,2022-12-14 02:15:09.030,2022-12-14 02:15:09.030
60f4ece0-567b-ed11-83d0-dbe117b3817e,84,51072.0,2022-12-14 02:27:40.627,2022-12-14 02:27:40.627
a9de197c-557b-ed11-83d0-dbe117b3817e,84,14896.0,2022-12-14 02:17:49.800,2022-12-14 02:17:49.800
36d02056-567b-ed11-83d0-dbe117b3817e,84,14896.0,2022-12-14 02:23:49.197,2022-12-14 02:23:49.197
c62ac757-557b-ed11-83d0-dbe117b3817e,84,14896.0,2022-12-14 02:16:47.577,2022-12-14 02:16:47.577
b72c2a80-587b-ed11-83d0-dbe117b3817e,84,14896.0,2022-12-14 02:39:26.187,2022-12-14 02:39:26.187
62a476f7-467b-ed11-83d0-dbe117b3817e,84,34960.0,2022-12-14 00:33:50.367,2022-12-14 00:33:50.367
c6256245-587b-ed11-83d0-dbe117b3817e,84,55648.88,2022-12-14 02:37:43.287,2022-12-14 02:37:43.287
ff6ffa65-577b-ed11-83d0-dbe117b3817e,84,13376.0,2022-12-14 02:31:25.503,2022-12-14 02:31:25.503
b65bcdf1-4f7b-ed11-83d0-dbe117b3817e,84,93367.52,2022-12-14 01:38:06.593,2022-12-14 01:38:06.593
e0add75f-547b-ed11-83d0-dbe117b3817e,84,46968.0,2022-12-14 02:09:53.673,2022-12-14 02:09:53.673
c7e3a00f-477b-ed11-83d0-dbe117b3817e,84,80560.0,2022-12-14 00:34:32.853,2022-12-14 00:34:32.853
75d3b313-567b-ed11-83d0-dbe117b3817e,84,38608.0,2022-12-14 02:21:59.280,2022-12-14 02:21:59.280
10200e11-577b-ed11-83d0-dbe117b3817e,84,34960.0,2022-12-14 02:29:06.080,2022-12-14 02:29:06.080
2ec6ccc2-567b-ed11-83d0-dbe117b3817e,84,51072.0,2022-12-14 02:26:54.597,2022-12-14 02:26:54.597
82669d1b-477b-ed11-83d0-dbe117b3817e,84,34960.0,2022-12-14 00:34:47.807,2022-12-14 00:34:47.807
827c7d07-567b-ed11-83d0-dbe117b3817e,84,46968.0,2022-12-14 02:21:41.047,2022-12-14 02:21:41.047
d2a67301-567b-ed11-83d0-dbe117b3817e,84,29640.0,2022-12-14 02:21:31.173,2022-12-14 02:21:31.173
b7343668-567b-ed11-83d0-dbe117b3817e,84,51072.0,2022-12-14 02:24:22.657,2022-12-14 02:24:22.657
823d4d76-2416-f011-8506-869fd606a2fe,84,0.0,2025-04-10 15:58:06.387,2025-04-10 15:58:06.387
2db086b8-587b-ed11-83d0-dbe117b3817e,84,16416.0,2022-12-14 02:40:54.653,2022-12-14 02:40:54.653
b868b090-547b-ed11-83d0-dbe117b3817e,84,25840.0,2022-12-14 02:11:09.103,2022-12-14 02:11:09.103
81fa10fd-547b-ed11-83d0-dbe117b3817e,84,13376.0,2022-12-14 02:14:13.277,2022-12-14 02:14:13.277
e05d0201-0096-ba65-cca9-08de592f3de1,84,38228.0,2026-01-21 20:56:12.677,2026-01-21 20:56:12.677
fdede059-547b-ed11-83d0-dbe117b3817e,84,51072.0,2022-12-14 02:09:37.110,2022-12-14 02:09:37.110
1b3ab1c6-467b-ed11-83d0-dbe117b3817e,84,38608.0,2022-12-14 00:32:34.263,2022-12-14 00:32:34.263
22ae2414-457b-ed11-83d0-dbe117b3817e,84,72902.0,2022-12-14 00:20:22.623,2022-12-14 00:20:22.623
35d22970-557b-ed11-83d0-dbe117b3817e,84,42864.0,2022-12-14 02:17:29.183,2022-12-14 02:17:29.183
3c717da0-587b-ed11-83d0-dbe117b3817e,84,14896.0,2022-12-14 02:40:19.297,2022-12-14 02:40:19.297
da4653a0-557b-ed11-83d0-dbe117b3817e,84,14896.0,2022-12-14 02:18:45.307,2022-12-14 02:18:45.307
766b5d02-447b-ed11-83d0-dbe117b3817e,84,30643.2,2022-12-14 00:12:40.060,2022-12-14 00:12:40.060
d0272c20-457b-ed11-83d0-dbe117b3817e,84,89508.24,2022-12-14 00:20:43.980,2022-12-14 00:20:43.980
8150c1e8-0def-eb11-8315-d6d741cbae3f,84,0.0,2021-07-27 19:08:15.723,2021-07-27 19:08:15.723
603c3109-557b-ed11-83d0-dbe117b3817e,84,38608.0,2022-12-14 02:14:31.360,2022-12-14 02:14:31.360
630c0701-0019-341c-c9dc-08de2b858412,84,9558.4,2025-11-24 18:17:32.477,2025-11-24 18:17:32.477
813665a6-557b-ed11-83d0-dbe117b3817e,84,14896.0,2022-12-14 02:18:58.160,2022-12-14 02:18:58.160
b6d78df1-447b-ed11-83d0-dbe117b3817e,84,95760.0,2022-12-14 00:19:17.817,2022-12-14 00:19:17.817
812f0301-001b-e897-4438-08de40bd4d50,84,7754.0,2025-12-21 18:18:43.893,2025-12-21 18:18:43.893
b84fbfde-547b-ed11-83d0-dbe117b3817e,84,14896.0,2022-12-14 02:13:19.547,2022-12-14 02:13:19.547
a4b40601-004c-04c6-5468-08de59dddfeb,84,7756.0,2026-01-22 17:46:39.140,2026-01-22 17:46:39.140
120f94ae-467b-ed11-83d0-dbe117b3817e,84,42864.0,2022-12-14 00:31:52.557,2022-12-14 00:31:52.557
80a6117b-47b1-ed11-83d0-967f9d1e3d41,84,0.0,2023-02-20 17:53:39.983,2023-02-20 17:53:39.983
c584cef0-547b-ed11-83d0-dbe117b3817e,84,16416.0,2022-12-14 02:13:53.170,2022-12-14 02:13:53.170
00bd0405-577b-ed11-83d0-dbe117b3817e,84,14896.0,2022-12-14 02:28:46.463,2022-12-14 02:28:46.463
898e1f6c-577b-ed11-83d0-dbe117b3817e,84,13376.0,2022-12-14 02:31:38.080,2022-12-14 02:31:38.080
0f7b8aa8-467b-ed11-83d0-dbe117b3817e,84,46968.0,2022-12-14 00:31:40.497,2022-12-14 00:31:40.497
ac320aff-567b-ed11-83d0-dbe117b3817e,84,13376.0,2022-12-14 02:28:36.373,2022-12-14 02:28:36.373
5fba1b17-577b-ed11-83d0-dbe117b3817e,84,42864.0,2022-12-14 02:29:17.033,2022-12-14 02:29:17.033
5fbf056c-547b-ed11-83d0-dbe117b3817e,84,34960.0,2022-12-14 02:10:11.790,2022-12-14 02:10:11.790
7765cdf1-4f7b-ed11-83d0-dbe117b3817e,84,92319.48,2022-12-14 01:38:11.183,2022-12-14 01:38:11.183
7feb5612-467b-ed11-83d0-dbe117b3817e,84,42158.4,2022-12-14 00:27:22.277,2022-12-14 00:27:22.277
3fe40d84-577b-ed11-83d0-dbe117b3817e,84,13376.0,2022-12-14 02:32:18.957,2022-12-14 02:32:18.957
dfc212bf-557b-ed11-83d0-dbe117b3817e,84,38608.0,2022-12-14 02:19:37.937,2022-12-14 02:19:37.937
f1237e96-467b-ed11-83d0-dbe117b3817e,84,46968.0,2022-12-14 00:31:11.830,2022-12-14 00:31:11.830
d38ac625-567b-ed11-83d0-dbe117b3817e,84,38608.0,2022-12-14 02:22:26.650,2022-12-14 02:22:26.650
c83884b2-587b-ed11-83d0-dbe117b3817e,84,13376.0,2022-12-14 02:40:43.257,2022-12-14 02:40:43.257
b54dbad8-547b-ed11-83d0-dbe117b3817e,84,14896.0,2022-12-14 02:13:13.780,2022-12-14 02:13:13.780
1c4ee677-467b-ed11-83d0-dbe117b3817e,84,38608.0,2022-12-14 00:30:13.717,2022-12-14 00:30:13.717
03dea00f-477b-ed11-83d0-dbe117b3817e,84,46968.0,2022-12-14 00:34:30.143,2022-12-14 00:34:30.143
ab9d0cc5-557b-ed11-83d0-dbe117b3817e,84,14896.0,2022-12-14 02:19:47.693,2022-12-14 02:19:47.693
4454a484-547b-ed11-83d0-dbe117b3817e,84,16416.0,2022-12-14 02:10:47.963,2022-12-14 02:10:47.963
3cc3056c-547b-ed11-83d0-dbe117b3817e,84,38608.0,2022-12-14 02:10:13.647,2022-12-14 02:10:13.647
7809e3e4-467b-ed11-83d0-dbe117b3817e,84,51072.0,2022-12-14 00:33:19.653,2022-12-14 00:33:19.653
7ec70501-0071-222f-42a9-08de433587cb,84,7718.4,2025-12-24 21:44:25.697,2025-12-24 21:44:25.697
12752006-467b-ed11-83d0-dbe117b3817e,84,42158.4,2022-12-14 00:27:05.400,2022-12-14 00:27:05.400
1c690801-0061-d2c7-ca38-08de5ddbb6c1,84,9558.4,2026-01-27 19:40:57.907,2026-01-27 19:40:57.907
de84e0f7-4f7b-ed11-83d0-dbe117b3817e,84,87079.28,2022-12-14 01:38:12.760,2022-12-14 01:38:12.760
4caa2414-457b-ed11-83d0-dbe117b3817e,84,93777.92,2022-12-14 00:20:20.763,2022-12-14 00:20:20.763
bdcbcee4-547b-ed11-83d0-dbe117b3817e,84,14896.0,2022-12-14 02:13:34.727,2022-12-14 02:13:34.727
8afb0301-00f8-3099-51ec-08de54539a80,84,46846.4,2026-01-15 16:33:47.237,2026-01-15 16:33:47.237
5c9b0001-0088-f4a3-77ab-08de334ad6ef,84,7754.0,2025-12-04 15:38:21.207,2025-12-04 15:38:21.207
f080cef0-547b-ed11-83d0-dbe117b3817e,84,13376.0,2022-12-14 02:13:51.477,2022-12-14 02:13:51.477
2ce5a3e5-4f7b-ed11-83d0-dbe117b3817e,84,70146.48,2022-12-14 01:37:49.453,2022-12-14 01:37:49.453
22187e96-467b-ed11-83d0-dbe117b3817e,84,42864.0,2022-12-14 00:31:05.380,2022-12-14 00:31:05.380
b627077e-467b-ed11-83d0-dbe117b3817e,84,42864.0,2022-12-14 00:30:25.323,2022-12-14 00:30:25.323
63fb2a6a-557b-ed11-83d0-dbe117b3817e,84,29640.0,2022-12-14 02:17:15.250,2022-12-14 02:17:15.250
fb6eb0c4-587b-ed11-83d0-dbe117b3817e,84,34200.0,2022-12-14 02:41:12.597,2022-12-14 02:41:12.597
a8eeb9d2-4f7b-ed11-83d0-dbe117b3817e,84,68050.4,2022-12-14 01:37:18.837,2022-12-14 01:37:18.837
7bc20001-0028-1e19-ece1-08de311fd696,84,33160.4,2025-12-01 21:23:32.763,2025-12-01 21:23:32.763
a2326a72-547b-ed11-83d0-dbe117b3817e,84,46968.0,2022-12-14 02:10:18.883,2022-12-14 02:10:18.883
4ff808ed-567b-ed11-83d0-dbe117b3817e,84,25840.0,2022-12-14 02:28:06.617,2022-12-14 02:28:06.617
0e45678a-467b-ed11-83d0-dbe117b3817e,84,42864.0,2022-12-14 00:30:53.457,2022-12-14 00:30:53.457
2d53385c-567b-ed11-83d0-dbe117b3817e,84,13376.0,2022-12-14 02:24:03.903,2022-12-14 02:24:03.903
9c274b9a-557b-ed11-83d0-dbe117b3817e,84,38608.0,2022-12-14 02:18:40.030,2022-12-14 02:18:40.030
c2da09e7-567b-ed11-83d0-dbe117b3817e,84,46968.0,2022-12-14 02:27:55.287,2022-12-14 02:27:55.287
8c1897d7-587b-ed11-83d0-dbe117b3817e,84,51072.0,2022-12-14 02:41:52.167,2022-12-14 02:41:52.167
d726127e-577b-ed11-83d0-dbe117b3817e,84,27740.0,2022-12-14 02:32:13.623,2022-12-14 02:32:13.623
2b770a0e-457b-ed11-83d0-dbe117b3817e,84,41750.0,2022-12-14 00:20:11.623,2022-12-14 00:20:11.623
21c789a4-567b-ed11-83d0-dbe117b3817e,84,38608.0,2022-12-14 02:26:07.400,2022-12-14 02:26:07.400
28ab86b8-587b-ed11-83d0-dbe117b3817e,84,29640.0,2022-12-14 02:40:52.057,2022-12-14 02:40:52.057
dcf68dac-587b-ed11-83d0-dbe117b3817e,84,29640.0,2022-12-14 02:40:41.673,2022-12-14 02:40:41.673
2d27b1de-467b-ed11-83d0-dbe117b3817e,84,38608.0,2022-12-14 00:33:07.457,2022-12-14 00:33:07.457
b5e209e7-567b-ed11-83d0-dbe117b3817e,84,46968.0,2022-12-14 02:27:58.523,2022-12-14 02:27:58.523
49ae0101-0032-0559-d2de-08de3417764e,84,9501.6,2025-12-05 16:01:05.297,2025-12-05 16:01:05.297
1cb93a15-557b-ed11-83d0-dbe117b3817e,84,13376.0,2022-12-14 02:14:57.463,2022-12-14 02:14:57.463
4a4712f9-567b-ed11-83d0-dbe117b3817e,84,51072.0,2022-12-14 02:28:24.730,2022-12-14 02:28:24.730
39aa76f7-467b-ed11-83d0-dbe117b3817e,84,42864.0,2022-12-14 00:33:53.297,2022-12-14 00:33:53.297
0ddd90dd-587b-ed11-83d0-dbe117b3817e,84,14896.0,2022-12-14 02:41:54.167,2022-12-14 02:41:54.167
dc1c127e-577b-ed11-83d0-dbe117b3817e,84,51072.0,2022-12-14 02:32:09.150,2022-12-14 02:32:09.150
1a38ce51-557b-ed11-83d0-dbe117b3817e,84,46968.0,2022-12-14 02:16:32.753,2022-12-14 02:16:32.753
04092b35-577b-ed11-83d0-dbe117b3817e,84,29640.0,2022-12-14 02:30:07.457,2022-12-14 02:30:07.457
4ff008ed-567b-ed11-83d0-dbe117b3817e,84,51072.0,2022-12-14 02:28:02.750,2022-12-14 02:28:02.750
f04484b2-587b-ed11-83d0-dbe117b3817e,84,34960.0,2022-12-14 02:40:50.417,2022-12-14 02:40:50.417
19f9c3ed-577b-ed11-83d0-dbe117b3817e,84,93393.68,2022-12-14 02:35:14.530,2022-12-14 02:35:14.530
3144f247-547b-ed11-83d0-dbe117b3817e,84,38608.0,2022-12-14 02:09:10.280,2022-12-14 02:09:10.280
e65cff43-567b-ed11-83d0-dbe117b3817e,84,29640.0,2022-12-14 02:23:20.817,2022-12-14 02:23:20.817
2d6d0101-0055-e5d4-5310-08de3827f151,84,9558.4,2025-12-10 20:09:21.710,2025-12-10 20:09:21.710
a16f2f84-467b-ed11-83d0-dbe117b3817e,84,46968.0,2022-12-14 00:30:33.983,2022-12-14 00:30:33.983
07bd12bf-557b-ed11-83d0-dbe117b3817e,84,38608.0,2022-12-14 02:19:34.773,2022-12-14 02:19:34.773
782c759e-567b-ed11-83d0-dbe117b3817e,84,51072.0,2022-12-14 02:25:59.053,2022-12-14 02:25:59.053
13778aa8-467b-ed11-83d0-dbe117b3817e,84,42864.0,2022-12-14 00:31:38.653,2022-12-14 00:31:38.653
43fe08ed-567b-ed11-83d0-dbe117b3817e,84,46968.0,2022-12-14 02:28:09.417,2022-12-14 02:28:09.417
5cbe1b17-577b-ed11-83d0-dbe117b3817e,84,93393.68,2022-12-14 02:29:18.717,2022-12-14 02:29:18.717
7c2346b5-d2bc-ef11-84e2-fc9af4fb06cf,84,20278.59,2024-12-17 23:57:52.827,2024-12-17 23:57:52.827
a1232276-557b-ed11-83d0-dbe117b3817e,84,13376.0,2022-12-14 02:17:36.010,2022-12-14 02:17:36.010
77541bd1-557b-ed11-83d0-dbe117b3817e,84,38608.0,2022-12-14 02:20:05.100,2022-12-14 02:20:05.100
e70d3b04-507b-ed11-83d0-dbe117b3817e,84,74338.64,2022-12-14 01:38:42.847,2022-12-14 01:38:42.847
5dfb015e-557b-ed11-83d0-dbe117b3817e,84,14896.0,2022-12-14 02:17:00.517,2022-12-14 02:17:00.517
0ce0c49c-547b-ed11-83d0-dbe117b3817e,84,14896.0,2022-12-14 02:11:32.207,2022-12-14 02:11:32.207
dacc784d-577b-ed11-83d0-dbe117b3817e,84,34960.0,2022-12-14 02:30:51.907,2022-12-14 02:30:51.907
dab33394-557b-ed11-83d0-dbe117b3817e,84,29640.0,2022-12-14 02:18:22.913,2022-12-14 02:18:22.913
0e5faab4-467b-ed11-83d0-dbe117b3817e,84,42864.0,2022-12-14 00:31:56.307,2022-12-14 00:31:56.307
76a62414-457b-ed11-83d0-dbe117b3817e,84,78042.12,2022-12-14 00:20:19.010,2022-12-14 00:20:19.010
76800201-00fd-e552-345a-08de3c02d698,84,9501.6,2025-12-15 17:53:52.813,2025-12-15 17:53:52.813
312889df-4f7b-ed11-83d0-dbe117b3817e,84,97722.32,2022-12-14 01:37:39.913,2022-12-14 01:37:39.913
d08a4def-557b-ed11-83d0-dbe117b3817e,84,13376.0,2022-12-14 02:21:04.923,2022-12-14 02:21:04.923
a0b93394-557b-ed11-83d0-dbe117b3817e,84,29640.0,2022-12-14 02:18:26.273,2022-12-14 02:18:26.273
5060c2cc-467b-ed11-83d0-dbe117b3817e,84,42864.0,2022-12-14 00:32:38.917,2022-12-14 00:32:38.917
662239e3-557b-ed11-83d0-dbe117b3817e,84,38608.0,2022-12-14 02:20:43.923,2022-12-14 02:20:43.923
75e17953-577b-ed11-83d0-dbe117b3817e,84,14896.0,2022-12-14 02:31:02.630,2022-12-14 02:31:02.630
03b903e4-9d90-79c7-ab48-08dd91840839,84,0.0,2025-05-12 18:41:59.160,2025-05-12 18:41:59.160
46a1b9eb-4f7b-ed11-83d0-dbe117b3817e,84,72242.56,2022-12-14 01:37:53.740,2022-12-14 01:37:53.740
c14d5186-567b-ed11-83d0-dbe117b3817e,84,42864.0,2022-12-14 02:25:16.113,2022-12-14 02:25:16.113
759f5d4b-587b-ed11-83d0-dbe117b3817e,84,77611.76,2022-12-14 02:37:58.560,2022-12-14 02:37:58.560
da1ba832-3681-ed11-83d0-e085ace2d990,84,0.0,2022-12-21 13:48:54.807,2022-12-21 13:48:54.807
2ddaa00f-477b-ed11-83d0-dbe117b3817e,84,51072.0,2022-12-14 00:34:28.490,2022-12-14 00:34:28.490
00988a7e-547b-ed11-83d0-dbe117b3817e,84,38608.0,2022-12-14 02:10:43.430,2022-12-14 02:10:43.430
007b0a0e-457b-ed11-83d0-dbe117b3817e,84,93778.0,2022-12-14 00:20:13.547,2022-12-14 00:20:13.547
5380f4da-567b-ed11-83d0-dbe117b3817e,84,29640.0,2022-12-14 02:27:39.037,2022-12-14 02:27:39.037
0c493109-557b-ed11-83d0-dbe117b3817e,84,29640.0,2022-12-14 02:14:37.917,2022-12-14 02:14:37.917
f026c757-557b-ed11-83d0-dbe117b3817e,84,14896.0,2022-12-14 02:16:45.910,2022-12-14 02:16:45.910
252bb1de-467b-ed11-83d0-dbe117b3817e,84,42864.0,2022-12-14 00:33:09.150,2022-12-14 00:33:09.150
6df72a6a-557b-ed11-83d0-dbe117b3817e,84,14896.0,2022-12-14 02:17:13.313,2022-12-14 02:17:13.313
0c36b1c6-467b-ed11-83d0-dbe117b3817e,84,42864.0,2022-12-14 00:32:32.460,2022-12-14 00:32:32.460
aafcc3ed-577b-ed11-83d0-dbe117b3817e,84,85120.0,2022-12-14 02:35:16.637,2022-12-14 02:35:16.637
66beccc2-567b-ed11-83d0-dbe117b3817e,84,51072.0,2022-12-14 02:26:50.797,2022-12-14 02:26:50.797
b4c5b8d2-547b-ed11-83d0-dbe117b3817e,84,25840.0,2022-12-14 02:13:05.483,2022-12-14 02:13:05.483
5ace0101-00d0-4e0b-13b2-08de32b77e75,84,33160.4,2025-12-03 22:01:46.480,2025-12-03 22:01:46.480
749c0001-0028-1e19-ec8f-08de3113f6f6,84,9501.6,2025-12-01 19:59:24.670,2025-12-01 19:59:24.670
00fae059-547b-ed11-83d0-dbe117b3817e,84,25840.0,2022-12-14 02:09:41.900,2022-12-14 02:09:41.900
2548f247-547b-ed11-83d0-dbe117b3817e,84,51072.0,2022-12-14 02:09:11.890,2022-12-14 02:09:11.890
3b31c3c6-547b-ed11-83d0-dbe117b3817e,84,34960.0,2022-12-14 02:12:38.383,2022-12-14 02:12:38.383
d2f5e059-547b-ed11-83d0-dbe117b3817e,84,25840.0,2022-12-14 02:09:40.290,2022-12-14 02:09:40.290
13e2b313-567b-ed11-83d0-dbe117b3817e,84,13376.0,2022-12-14 02:22:05.767,2022-12-14 02:22:05.767
73e2fcf6-547b-ed11-83d0-dbe117b3817e,84,51072.0,2022-12-14 02:14:00.530,2022-12-14 02:14:00.530
c0de09e7-567b-ed11-83d0-dbe117b3817e,84,46968.0,2022-12-14 02:27:56.857,2022-12-14 02:27:56.857
f13a6298-567b-ed11-83d0-dbe117b3817e,84,13376.0,2022-12-14 02:25:43.563,2022-12-14 02:25:43.563
ffde1982-557b-ed11-83d0-dbe117b3817e,84,29640.0,2022-12-14 02:17:56.000,2022-12-14 02:17:56.000
ffe1b9fb-587b-ed11-83d0-dbe117b3817e,84,13376.0,2022-12-14 02:42:52.110,2022-12-14 02:42:52.110
c0de3143-a0b2-70a9-7000-019f4c3be155,84,0.0,2026-07-10 13:35:48.083,2026-07-10 13:35:48.083
fff788a8-577b-ed11-83d0-dbe117b3817e,84,45071.76,2022-12-14 02:33:24.153,2022-12-14 02:33:24.153
59f175fd-467b-ed11-83d0-dbe117b3817e,84,46968.0,2022-12-14 00:34:03.100,2022-12-14 00:34:03.100
59ed0101-00ec-8a78-bcee-08de5acc8de7,84,4798.4,2026-01-23 22:13:51.170,2026-01-23 22:13:51.170
732b4b9a-557b-ed11-83d0-dbe117b3817e,84,42864.0,2022-12-14 02:18:42.060,2022-12-14 02:18:42.060
ae027d33-557b-ed11-83d0-dbe117b3817e,84,29640.0,2022-12-14 02:15:44.257,2022-12-14 02:15:44.257
ff9c4e7a-567b-ed11-83d0-dbe117b3817e,84,29640.0,2022-12-14 02:24:56.763,2022-12-14 02:24:56.763
92826126-457b-ed11-83d0-dbe117b3817e,84,41750.0,2022-12-14 00:20:53.857,2022-12-14 00:20:53.857
c073f965-547b-ed11-83d0-dbe117b3817e,84,42864.0,2022-12-14 02:10:05.197,2022-12-14 02:10:05.197
2576b5f5-587b-ed11-83d0-dbe117b3817e,84,29640.0,2022-12-14 02:42:37.577,2022-12-14 02:42:37.577
67397a9c-467b-ed11-83d0-dbe117b3817e,84,42864.0,2022-12-14 00:31:17.943,2022-12-14 00:31:17.943
6cee0101-0032-0559-6ca1-08de3443e25b,84,7718.4,2025-12-05 21:20:01.257,2025-12-05 21:20:01.257
191e7e96-467b-ed11-83d0-dbe117b3817e,84,42864.0,2022-12-14 00:31:08.797,2022-12-14 00:31:08.797
fed7cd47-d6bc-ef11-84e2-fc9af4fb06cf,84,0.0,2024-12-18 00:23:21.997,2024-12-18 00:23:21.997
d822127e-577b-ed11-83d0-dbe117b3817e,84,25840.0,2022-12-14 02:32:11.977,2022-12-14 02:32:11.977
72545e76-28b1-ed11-83d0-e026e261897a,84,7904.0,2023-02-20 14:12:33.970,2023-02-20 14:12:33.970
f55f7d90-467b-ed11-83d0-dbe117b3817e,84,42864.0,2022-12-14 00:31:01.960,2022-12-14 00:31:01.960
da828aa8-467b-ed11-83d0-dbe117b3817e,84,38608.0,2022-12-14 00:31:43.927,2022-12-14 00:31:43.927
2587a18a-547b-ed11-83d0-dbe117b3817e,84,25840.0,2022-12-14 02:10:59.813,2022-12-14 02:10:59.813
720ce12f-e3a2-a6a7-7000-019f4c3a1f16,84,0.0,2026-07-10 13:33:36.033,2026-07-10 13:33:36.033
cb55f73a-84e6-eb11-8315-a7b253237166,84,0.0,2021-07-16 22:31:24.370,2021-07-16 22:31:24.370
59222023-577b-ed11-83d0-dbe117b3817e,84,14896.0,2022-12-14 02:29:38.583,2022-12-14 02:29:38.583
6c5fe677-467b-ed11-83d0-dbe117b3817e,84,38608.0,2022-12-14 00:30:21.263,2022-12-14 00:30:21.263
d388e0f7-4f7b-ed11-83d0-dbe117b3817e,84,70146.48,2022-12-14 01:38:14.397,2022-12-14 01:38:14.397
00084841-42b2-ed11-83d0-c777df002045,84,42864.0,2023-02-21 23:49:11.220,2023-02-21 23:49:11.220
06b7edfa-eeb6-ed11-83d0-d412bbdf58d3,84,0.0,2023-02-27 22:35:58.703,2023-02-27 22:35:58.703
67bc86b8-587b-ed11-83d0-dbe117b3817e,84,14896.0,2022-12-14 02:41:01.543,2022-12-14 02:41:01.543
3c40f247-547b-ed11-83d0-dbe117b3817e,84,51072.0,2022-12-14 02:09:07.907,2022-12-14 02:09:07.907
58c1557b-cdb2-ed11-83d0-822673eb2129,84,0.0,2023-02-22 16:25:49.597,2023-02-22 16:25:49.597
473d678a-467b-ed11-83d0-dbe117b3817e,84,42864.0,2022-12-14 00:30:48.353,2022-12-14 00:30:48.353
fbe21982-557b-ed11-83d0-dbe117b3817e,84,14896.0,2022-12-14 02:17:57.973,2022-12-14 02:17:57.973
4e6cdaa8-547b-ed11-83d0-dbe117b3817e,84,25840.0,2022-12-14 02:11:51.937,2022-12-14 02:11:51.937
d72e9d15-477b-ed11-83d0-dbe117b3817e,84,38608.0,2022-12-14 00:34:44.587,2022-12-14 00:34:44.587
475012f9-567b-ed11-83d0-dbe117b3817e,84,14896.0,2022-12-14 02:28:29.637,2022-12-14 02:28:29.637
fb232c20-457b-ed11-83d0-dbe117b3817e,84,41750.0,2022-12-14 00:20:42.247,2022-12-14 00:20:42.247
707c1af3-567b-ed11-83d0-dbe117b3817e,84,46968.0,2022-12-14 02:28:18.763,2022-12-14 02:28:18.763
ea782006-467b-ed11-83d0-dbe117b3817e,84,37846.8,2022-12-14 00:27:07.210,2022-12-14 00:27:07.210
94d37953-577b-ed11-83d0-dbe117b3817e,84,51072.0,2022-12-14 02:30:54.823,2022-12-14 02:30:54.823
702d6245-587b-ed11-83d0-dbe117b3817e,84,93393.68,2022-12-14 02:37:46.917,2022-12-14 02:37:46.917
bbe00701-00d8-72d0-b1fd-08de4f07726b,84,0.0,2026-01-08 22:44:17.630,2026-01-08 22:44:17.630
bbcfcee4-547b-ed11-83d0-dbe117b3817e,84,29640.0,2022-12-14 02:13:36.287,2022-12-14 02:13:36.287
7c2e65a6-557b-ed11-83d0-dbe117b3817e,84,25840.0,2022-12-14 02:18:53.920,2022-12-14 02:18:53.920
fb434f8c-567b-ed11-83d0-dbe117b3817e,84,46968.0,2022-12-14 02:25:28.407,2022-12-14 02:25:28.407
fa74201a-457b-ed11-83d0-dbe117b3817e,84,93778.0,2022-12-14 00:20:32.653,2022-12-14 00:20:32.653
955be677-467b-ed11-83d0-dbe117b3817e,84,46968.0,2022-12-14 00:30:19.540,2022-12-14 00:30:19.540
fa61f965-547b-ed11-83d0-dbe117b3817e,84,14896.0,2022-12-14 02:09:56.597,2022-12-14 02:09:56.597
fc3cc3c6-547b-ed11-83d0-dbe117b3817e,84,16416.0,2022-12-14 02:12:44.187,2022-12-14 02:12:44.187
6f92c625-567b-ed11-83d0-dbe117b3817e,84,14896.0,2022-12-14 02:22:30.533,2022-12-14 02:22:30.533
03299d15-477b-ed11-83d0-dbe117b3817e,84,46968.0,2022-12-14 00:34:41.877,2022-12-14 00:34:41.877
bf2b0aff-567b-ed11-83d0-dbe117b3817e,84,46968.0,2022-12-14 02:28:32.330,2022-12-14 02:28:32.330
15939e3f-557b-ed11-83d0-dbe117b3817e,84,38608.0,2022-12-14 02:16:06.670,2022-12-14 02:16:06.670
d6935d4b-587b-ed11-83d0-dbe117b3817e,84,55648.88,2022-12-14 02:37:53.050,2022-12-14 02:37:53.050
583b0401-00f8-3099-028d-08de546a9bb7,84,7718.4,2026-01-15 19:17:24.763,2026-01-15 19:17:24.763
4a68689d-d177-8194-7000-019f4c0bbb0f,84,0.0,2026-07-10 12:45:13.970,2026-07-10 12:45:13.970
0aa7b9eb-4f7b-ed11-83d0-dbe117b3817e,84,93367.52,2022-12-14 01:37:56.773,2022-12-14 01:37:56.773
6f1c3603-557b-ed11-83d0-dbe117b3817e,84,29640.0,2022-12-14 02:14:27.913,2022-12-14 02:14:27.913
57e1a3e5-4f7b-ed11-83d0-dbe117b3817e,84,93367.52,2022-12-14 01:37:46.633,2022-12-14 01:37:46.633
0a983314-df8d-ed11-83d0-8cb4876af216,84,42135.84,2023-01-06 16:28:19.953,2023-01-06 16:28:19.953
a8b41b17-577b-ed11-83d0-dbe117b3817e,84,13376.0,2022-12-14 02:29:14.350,2022-12-14 02:29:14.350
f8e3a545-557b-ed11-83d0-dbe117b3817e,84,13376.0,2022-12-14 02:16:11.747,2022-12-14 02:16:11.747
f02c3668-567b-ed11-83d0-dbe117b3817e,84,29640.0,2022-12-14 02:24:18.313,2022-12-14 02:24:18.313
4c62a1b6-567b-ed11-83d0-dbe117b3817e,84,14896.0,2022-12-14 02:26:35.837,2022-12-14 02:26:35.837
1f2ef2d4-567b-ed11-83d0-dbe117b3817e,84,29640.0,2022-12-14 02:27:26.150,2022-12-14 02:27:26.150
067dc007-597b-ed11-83d0-dbe117b3817e,84,38608.0,2022-12-14 02:43:06.933,2022-12-14 02:43:06.933
4c59486e-567b-ed11-83d0-dbe117b3817e,84,42864.0,2022-12-14 02:24:33.560,2022-12-14 02:24:33.560
579d8451-45a3-ed11-83d0-f5e7fc0a555d,84,4180.0,2023-02-02 22:04:38.003,2023-02-02 22:04:38.003
41a10f4a-567b-ed11-83d0-dbe117b3817e,84,14896.0,2022-12-14 02:23:28.767,2022-12-14 02:23:28.767
f7d209e7-567b-ed11-83d0-dbe117b3817e,84,42864.0,2022-12-14 02:27:51.727,2022-12-14 02:27:51.727
3add0d84-577b-ed11-83d0-dbe117b3817e,84,46968.0,2022-12-14 02:32:15.363,2022-12-14 02:32:15.363
0747632c-457b-ed11-83d0-dbe117b3817e,84,89508.24,2022-12-14 00:21:02.117,2022-12-14 00:21:02.117
33241a1d-577b-ed11-83d0-dbe117b3817e,84,96520.0,2022-12-14 02:29:24.883,2022-12-14 02:29:24.883
6897e0f7-4f7b-ed11-83d0-dbe117b3817e,84,68050.4,2022-12-14 01:38:21.480,2022-12-14 01:38:21.480
f765f965-547b-ed11-83d0-dbe117b3817e,84,13376.0,2022-12-14 02:09:58.373,2022-12-14 02:09:58.373
973a6a72-547b-ed11-83d0-dbe117b3817e,84,51072.0,2022-12-14 02:10:24.870,2022-12-14 02:10:24.870
be67ff43-567b-ed11-83d0-dbe117b3817e,84,13376.0,2022-12-14 02:23:26.830,2022-12-14 02:23:26.830
975912b1-f7a6-ed11-83d0-ab830eec9dc6,84,4180.0,2023-02-07 14:57:58.677,2023-02-07 14:57:58.677
9d2fc757-557b-ed11-83d0-dbe117b3817e,84,29640.0,2022-12-14 02:16:50.227,2022-12-14 02:16:50.227
9cd9cdb4-547b-ed11-83d0-dbe117b3817e,84,51072.0,2022-12-14 02:12:14.393,2022-12-14 02:12:14.393
f5d8cbea-547b-ed11-83d0-dbe117b3817e,84,13376.0,2022-12-14 02:13:45.440,2022-12-14 02:13:45.440
d4f1e059-547b-ed11-83d0-dbe117b3817e,84,51072.0,2022-12-14 02:09:38.627,2022-12-14 02:09:38.627
3a8b969c-577b-ed11-83d0-dbe117b3817e,84,42864.0,2022-12-14 02:32:59.453,2022-12-14 02:32:59.453
571a2c20-457b-ed11-83d0-dbe117b3817e,84,68790.64,2022-12-14 00:20:36.897,2022-12-14 00:20:36.897
ebea3088-557b-ed11-83d0-dbe117b3817e,84,13376.0,2022-12-14 02:18:03.523,2022-12-14 02:18:03.523
3bfb3234-8fb3-ed11-83d0-c7376b6fd22f,84,45071.76,2023-02-23 15:32:23.063,2023-02-23 15:32:23.063
55611bd1-557b-ed11-83d0-dbe117b3817e,84,14896.0,2022-12-14 02:20:12.143,2022-12-14 02:20:12.143
02e9a3e5-4f7b-ed11-83d0-dbe117b3817e,84,72242.56,2022-12-14 01:37:51.187,2022-12-14 01:37:51.187
9fc98eb0-567b-ed11-83d0-dbe117b3817e,84,51072.0,2022-12-14 02:26:24.187,2022-12-14 02:26:24.187
6918f12b-567b-ed11-83d0-dbe117b3817e,84,13376.0,2022-12-14 02:22:45.570,2022-12-14 02:22:45.570
63718aa8-467b-ed11-83d0-dbe117b3817e,84,38608.0,2022-12-14 00:31:35.497,2022-12-14 00:31:35.497
278dbccc-547b-ed11-83d0-dbe117b3817e,84,14896.0,2022-12-14 02:12:56.873,2022-12-14 02:12:56.873
a6250301-0066-8978-c6d1-08de8aaffeb9,83,5602.5,2026-03-25 20:50:35.087,2026-03-25 20:50:35.087
b62b14fa-eb0a-ee11-8445-fdfd55a04627,83,5312.0,2023-06-14 19:49:28.680,2023-06-14 19:49:28.680
97f02221-1a15-ee11-8445-e8b3d92bb5f9,83,4150.0,2023-06-27 19:07:44.627,2023-06-27 19:07:44.627
8d7d07dc-a38d-ec11-8350-f9e42d383a1a,82,0.0,2022-02-14 14:45:04.000,2022-02-14 14:45:04.000
0e750753-7cee-eb11-8315-8809eea0ef23,82,0.0,2021-07-27 01:54:55.353,2021-07-27 01:54:55.353
75bd3394-557b-ed11-83d0-dbe117b3817e,82,25194.0,2022-12-14 02:18:28.160,2022-12-14 02:18:28.160
82040b01-0050-fc61-29ca-08de293ac600,82,3590.68,2025-11-21 20:15:54.137,2025-11-21 20:15:54.137
4a140a3c-4690-79c7-78dc-08dda858a45e,81,14238.18,2025-06-10 19:56:19.190,2025-06-10 19:56:19.190
8d42842b-f572-ec11-8350-b46a9f06c499,81,0.0,2022-01-11 15:43:11.250,2022-01-11 15:43:11.250
e2e3f167-dbed-ee11-8445-92ad407f3d27,81,5584.4,2024-03-29 14:52:13.707,2024-03-29 14:52:13.707
87283adb-f472-ec11-8350-b46a9f06c499,81,0.0,2022-01-11 15:41:25.430,2022-01-11 15:41:25.430
44d7be71-f272-ec11-8350-b46a9f06c499,81,0.0,2022-01-11 15:24:15.557,2022-01-11 15:24:15.557
08b61450-f473-ec11-8350-cdd88f8631ba,81,29488.56,2022-01-12 22:10:43.297,2022-01-12 22:10:43.297
198a25a3-8d00-ec11-8315-fb1d4ba83829,81,0.0,2021-08-19 01:37:11.490,2021-08-19 01:37:11.490
efb7df98-8ed2-ea11-828c-b4e2a79c59ea,80,5776.0,2020-07-30 18:08:08.900,2020-07-30 18:08:08.900
a8c0a53b-d2d1-ea11-828c-b57555799727,80,7296.0,2020-07-29 19:33:11.867,2020-07-29 19:33:11.867
9e502101-0050-fc61-4abf-08de293fb513,80,7146.8,2025-11-21 20:51:13.247,2025-11-21 20:51:13.247
35411401-0050-fc61-8e38-08de293cbceb,80,4916.2,2025-11-21 20:29:57.960,2025-11-21 20:29:57.960
2a9982a0-a878-ec11-8350-fef18b0f35d4,80,110339.84,2022-01-18 21:50:52.890,2022-01-18 21:50:52.890
6bc39921-1578-ed11-83d0-dbe72732717b,80,3002.0,2022-12-09 22:59:34.137,2022-12-09 22:59:34.137
0731657f-1078-ed11-83d0-dbe72732717b,80,2090.0,2022-12-09 22:26:19.777,2022-12-09 22:26:19.777
18270c01-0050-fc61-55a4-08de293b051b,80,3859.2,2025-11-21 20:17:40.050,2025-11-21 20:17:40.050
efb22165-a1f3-eb11-8315-c6c50cbabc28,80,10000.0,2021-08-02 14:55:39.397,2021-08-02 14:55:39.397
bda31801-0050-fc61-1294-08de293dac08,80,4916.2,2025-11-21 20:36:39.060,2025-11-21 20:36:39.060
f10055a2-2fe3-ea11-828c-f8709861f8d2,80,3800.0,2020-08-20 21:55:54.367,2020-08-20 21:55:54.367
b1f6bef7-1078-ed11-83d0-dbe72732717b,80,3192.0,2022-12-09 22:29:47.873,2022-12-09 22:29:47.873
9e2d3724-2bc1-ea11-a9ce-0a593f791696,80,3800.0,2020-07-08 15:01:41.097,2020-07-08 15:01:41.097
a8bab377-c8dc-ea11-828c-dab48128a9c3,80,3800.0,2020-08-12 18:22:44.603,2020-08-12 18:22:44.603
012d1701-0050-fc61-28b6-08de293d5d51,80,2399.2,2025-11-21 20:34:27.003,2025-11-21 20:34:27.003
efad1601-0050-fc61-cabc-08de293d4280,80,3138.1,2025-11-21 20:33:42.123,2025-11-21 20:33:42.123
b1fa7b81-53d0-ea11-828c-b57555799727,80,5776.0,2020-07-27 21:58:08.510,2020-07-27 21:58:08.510
26ba2201-0050-fc61-5457-08de29400b46,80,2399.2,2025-11-21 20:53:37.933,2025-11-21 20:53:37.933
9df7ea51-1378-ed11-83d0-dbe72732717b,80,3116.0,2022-12-09 22:46:39.950,2022-12-09 22:46:39.950
efacd0b5-1278-ed11-83d0-dbe72732717b,80,3116.0,2022-12-09 22:42:10.990,2022-12-09 22:42:10.990
98f63d55-c9c2-ea11-a9ce-0a593f791696,80,3800.0,2020-07-10 16:23:16.923,2020-07-10 16:23:16.923
3442972e-d2bb-eb11-830a-a4b0d298b5f4,80,24016.0,2021-05-23 14:21:46.890,2021-05-23 14:21:46.890
9df60bbf-1178-ed11-83d0-dbe72732717b,80,2850.0,2022-12-09 22:35:21.310,2022-12-09 22:35:21.310
2792f3be-5d8a-ea11-a9ce-0a593f791696,80,13680.0,2020-04-29 21:15:12.993,2020-04-29 21:15:12.993
b1e22101-0050-fc61-b3e3-08de293fd487,80,39531.4,2025-11-21 20:52:05.993,2025-11-21 20:52:05.993
424e1a01-0050-fc61-1762-08de293e0da8,80,4750.8,2025-11-21 20:39:22.797,2025-11-21 20:39:22.797
a8ba1601-0050-fc61-0c98-08de293d4667,80,2399.2,2025-11-21 20:33:48.540,2025-11-21 20:33:48.540
1f45e009-1178-ed11-83d0-dbe72732717b,80,2090.0,2022-12-09 22:30:16.260,2022-12-09 22:30:16.260
ef5dcc05-23c5-ea11-a9ce-0a593f791696,80,3800.0,2020-07-13 16:14:21.557,2020-07-13 16:14:21.557
9dad1d01-0050-fc61-185a-08de293ed67f,80,4916.2,2025-11-21 20:44:59.863,2025-11-21 20:44:59.863
55951401-0050-fc61-1721-08de293cd036,80,42329.92,2025-11-21 20:30:30.297,2025-11-21 20:30:30.297
a8a8b336-1478-ed11-83d0-dbe72732717b,80,3116.0,2022-12-09 22:52:54.563,2022-12-09 22:52:54.563
cf63f303-bfcd-ea11-828c-cd0b241fdad6,80,7296.0,2020-07-24 15:22:29.353,2020-07-24 15:22:29.353
99372001-0050-fc61-e8a6-08de293f726b,80,2399.2,2025-11-21 20:49:21.447,2025-11-21 20:49:21.447
9dca7c6d-1078-ed11-83d0-dbe72732717b,80,2090.0,2022-12-09 22:25:55.377,2022-12-09 22:25:55.377
072283a6-29c1-ea11-a9ce-0a593f791696,80,3800.0,2020-07-08 14:47:00.167,2020-07-08 14:47:00.167
17eca957-1578-ed11-83d0-dbe72732717b,80,2090.0,2022-12-09 23:01:07.803,2022-12-09 23:01:07.803
0721629f-698a-ea11-a9ce-0a593f791696,80,12160.0,2020-04-29 22:38:55.837,2020-04-29 22:38:55.837
9d73151e-24bb-eb11-830a-a4b0d298b5f4,80,19334.4,2021-05-22 17:35:39.707,2021-05-22 17:35:39.707
ef90b799-9ed6-ea11-828c-c3297631124c,80,7296.0,2020-08-04 22:14:56.727,2020-08-04 22:14:56.727
cf1b9433-1578-ed11-83d0-dbe72732717b,80,2090.0,2022-12-09 23:00:05.493,2022-12-09 23:00:05.493
9d3e1901-0050-fc61-d8ee-08de293dcef2,80,14446.2,2025-11-21 20:37:37.620,2025-11-21 20:37:37.620
9d3c9ccc-8250-eb11-82b1-85086e9cc17b,80,5776.0,2021-01-07 00:53:51.107,2021-01-07 00:53:51.107
bd6c4558-25d0-ea11-828c-b57555799727,80,7296.0,2020-07-27 16:27:52.197,2020-07-27 16:27:52.197
6b3c06c2-1678-ed11-83d0-dbe72732717b,80,3116.0,2022-12-09 23:11:13.330,2022-12-09 23:11:13.330
bd7f5ad3-1478-ed11-83d0-dbe72732717b,80,2090.0,2022-12-09 22:57:26.237,2022-12-09 22:57:26.237
bdb985e2-1578-ed11-83d0-dbe72732717b,80,2090.0,2022-12-09 23:04:57.407,2022-12-09 23:04:57.407
6b29501b-57d7-ea11-828c-cf34c837d27a,80,5472.0,2020-08-05 20:16:39.810,2020-08-05 20:16:39.810
353ca909-b1d2-ea11-828c-b4e2a79c59ea,80,7144.0,2020-07-30 22:11:05.093,2020-07-30 22:11:05.093
cf20d5fa-89cb-ea11-828c-bec5bcbd844e,80,3800.0,2020-07-21 19:42:52.657,2020-07-21 19:42:52.657
d3341b01-0050-fc61-fa0b-08de293e455c,80,3877.0,2025-11-21 20:40:56.310,2025-11-21 20:40:56.310
17e3c84f-c4c2-ea11-a9ce-0a593f791696,80,3800.0,2020-07-10 15:51:46.573,2020-07-10 15:51:46.573
cf0f1401-0050-fc61-2ae5-08de293cb263,80,3877.0,2025-11-21 20:29:40.237,2025-11-21 20:29:40.237
cfe31394-1578-ed11-83d0-dbe72732717b,80,3116.0,2022-12-09 23:02:43.363,2022-12-09 23:02:43.363
48971901-0050-fc61-f517-08de293de31c,80,2399.2,2025-11-21 20:38:11.463,2025-11-21 20:38:11.463
9d1e0701-0050-fc61-f87a-08de2939f5e0,80,3138.1,2025-11-21 20:10:05.053,2025-11-21 20:10:05.053
cf00ad3e-bddc-ea11-828c-dab48128a9c3,80,5776.0,2020-08-12 17:08:53.847,2020-08-12 17:08:53.847
bd5cd069-1578-ed11-83d0-dbe72732717b,80,3116.0,2022-12-09 23:01:31.070,2022-12-09 23:01:31.070
17c1775b-1278-ed11-83d0-dbe72732717b,80,3116.0,2022-12-09 22:39:42.883,2022-12-09 22:39:42.883
35377829-d584-ea11-a9ce-0a593f791696,80,12160.0,2020-04-22 20:13:37.177,2020-04-22 20:13:37.177
d03ea56b-96d6-ea11-828c-c3297631124c,80,5776.0,2020-08-04 21:16:02.817,2020-08-04 21:16:02.817
ef138b0c-1478-ed11-83d0-dbe72732717b,80,2090.0,2022-12-09 22:51:50.510,2022-12-09 22:51:50.510
1f1e3613-75dd-ea11-828c-dab48128a9c3,80,7144.0,2020-08-13 15:04:41.667,2020-08-13 15:04:41.667
6b169433-1578-ed11-83d0-dbe72732717b,80,2090.0,2022-12-09 23:00:03.687,2022-12-09 23:00:03.687
ef1bf624-be8c-ea11-a9ce-0a593f791696,80,13680.0,2020-05-02 21:48:57.430,2020-05-02 21:48:57.430
9cd01901-0050-fc61-4b8a-08de293defb5,80,7146.8,2025-11-21 20:38:32.603,2025-11-21 20:38:32.603
6b062b95-f9c1-ea11-a9ce-0a593f791696,80,3800.0,2020-07-09 15:34:29.233,2020-07-09 15:34:29.233
cedd29a0-1378-ed11-83d0-dbe72732717b,80,2850.0,2022-12-09 22:48:44.967,2022-12-09 22:48:44.967
d1f91f01-0050-fc61-76dc-08de293f61b0,80,4494.8,2025-11-21 20:48:53.320,2025-11-21 20:48:53.320
488e2001-0050-fc61-8d01-08de293f8649,80,2399.2,2025-11-21 20:49:54.710,2025-11-21 20:49:54.710
69c18ff3-fe8a-ea11-a9ce-0a593f791696,80,13680.0,2020-04-30 16:32:24.433,2020-04-30 16:32:24.433
37c60701-0050-fc61-3dc2-08de293a1b62,80,3465.0,2025-11-21 20:11:07.903,2025-11-21 20:11:07.903
d2160a01-0050-fc61-6dfe-08de293a9608,80,3138.1,2025-11-21 20:14:33.640,2025-11-21 20:14:33.640
cecba9a6-43db-ea11-828c-a3b0b95dd4b2,80,5472.0,2020-08-10 20:01:47.873,2020-08-10 20:01:47.873
cf051801-0050-fc61-77b0-08de293d8b6b,80,42777.08,2025-11-21 20:35:44.350,2025-11-21 20:35:44.350
4db50801-0050-fc61-86a9-08de293a4c8e,80,23423.2,2025-11-21 20:12:30.383,2025-11-21 20:12:30.383
bd5648ea-1484-ea11-a9ce-0a593f791696,80,13680.0,2020-04-21 21:15:30.613,2020-04-21 21:15:30.613
cec21f01-0050-fc61-17b4-08de293f551b,80,3877.0,2025-11-21 20:48:32.213,2025-11-21 20:48:32.213
cebfc5d3-1278-ed11-83d0-dbe72732717b,80,2090.0,2022-12-09 22:42:58.767,2022-12-09 22:42:58.767
eef7bcb6-1dc3-ea11-a9ce-0a593f791696,80,3800.0,2020-07-11 02:34:25.677,2020-07-11 02:34:25.677
a870a2b5-1078-ed11-83d0-dbe72732717b,80,3724.0,2022-12-09 22:27:52.097,2022-12-09 22:27:52.097
01277f09-1578-ed11-83d0-dbe72732717b,80,2090.0,2022-12-09 22:58:51.460,2022-12-09 22:58:51.460
ad751801-0050-fc61-0f24-08de293da307,80,2399.2,2025-11-21 20:36:23.990,2025-11-21 20:36:23.990
42141101-0050-fc61-df15-08de293c0de6,80,4779.2,2025-11-21 20:25:04.270,2025-11-21 20:25:04.270
6aeedb8f-5cde-ea11-828c-dab48128a9c3,80,5472.0,2020-08-14 18:50:18.977,2020-08-14 18:50:18.977
9c513c77-93dd-ea11-828c-dab48128a9c3,80,6688.0,2020-08-13 18:39:48.577,2020-08-13 18:39:48.577
9c4c5f46-1778-ed11-83d0-dbe72732717b,80,0.0,2022-12-09 23:14:54.037,2022-12-09 23:14:54.037
99db6eeb-1478-ed11-83d0-dbe72732717b,80,2090.0,2022-12-09 22:58:05.077,2022-12-09 22:58:05.077
ce8f1901-0050-fc61-c62e-08de293de132,80,52489.08,2025-11-21 20:38:08.257,2025-11-21 20:38:08.257
ce8f5610-7c4f-ea11-a9ce-0a593f791696,80,36024.0,2020-02-14 22:51:34.367,2020-02-14 22:51:34.367
99d0b500-1078-ed11-83d0-dbe72732717b,80,2850.0,2022-12-09 22:22:46.243,2022-12-09 22:22:46.243
eef5a127-1578-ed11-83d0-dbe72732717b,80,2090.0,2022-12-09 22:59:40.197,2022-12-09 22:59:40.197
07091401-0050-fc61-6481-08de293cb117,80,3859.2,2025-11-21 20:29:38.080,2025-11-21 20:29:38.080
48a17314-cbc2-ea11-a9ce-0a593f791696,80,3800.0,2020-07-10 16:38:33.820,2020-07-10 16:38:33.820
bd440ef4-c9c2-ea11-a9ce-0a593f791696,80,3800.0,2020-07-10 16:27:51.277,2020-07-10 16:27:51.277
99c40e01-0050-fc61-bdf8-08de293b928a,80,3859.2,2025-11-21 20:21:37.277,2025-11-21 20:21:37.277
eeea1d01-0050-fc61-50d6-08de293ee497,80,2399.2,2025-11-21 20:45:23.430,2025-11-21 20:45:23.430
486d0901-006a-cdf8-33f2-08de6b286d23,80,17936.0,2026-02-13 17:53:21.247,2026-02-13 17:53:21.247
bdbae97a-e17b-ed11-83d0-d526d65c5b2e,80,0.0,2022-12-14 18:59:58.643,2022-12-14 18:59:58.643
177b159a-1578-ed11-83d0-dbe72732717b,80,2090.0,2022-12-09 23:02:51.147,2022-12-09 23:02:51.147
bcec242e-961e-ef11-8445-9287b6d5635e,80,0.0,2024-05-30 15:07:29.417,2024-05-30 15:07:29.417
33f3e542-1478-ed11-83d0-dbe72732717b,80,3952.0,2022-12-09 22:53:22.783,2022-12-09 22:53:22.783
6ab01601-0050-fc61-e6f3-08de293d4343,80,2399.2,2025-11-21 20:33:43.367,2025-11-21 20:33:43.367
f3181d1f-1278-ed11-83d0-dbe72732717b,80,2090.0,2022-12-09 22:37:59.723,2022-12-09 22:37:59.723
ef089433-1578-ed11-83d0-dbe72732717b,80,2090.0,2022-12-09 22:59:59.163,2022-12-09 22:59:59.163
efd81601-0050-fc61-d91a-08de293d4cbb,80,2399.2,2025-11-21 20:33:59.150,2025-11-21 20:33:59.150
9c3e41b4-31d0-ea11-828c-b57555799727,80,6688.0,2020-07-27 17:56:13.257,2020-07-27 17:56:13.257
bd3ac6cd-f0e2-ea11-828c-f8709861f8d2,80,3800.0,2020-08-20 14:25:45.600,2020-08-20 14:25:45.600
eeee2da0-0f78-ed11-83d0-dbe72732717b,80,2850.0,2022-12-09 22:20:13.567,2022-12-09 22:20:13.567
16b61601-1278-ed11-83d0-dbe72732717b,80,3192.0,2022-12-09 22:37:09.123,2022-12-09 22:37:09.123
9bb00c01-0050-fc61-c26d-08de293b238d,80,6275.6,2025-11-21 20:18:31.077,2025-11-21 20:18:31.077
26ef0701-0050-fc61-1bcc-08de293a237e,80,4916.2,2025-11-21 20:11:21.567,2025-11-21 20:11:21.567
ce69d37b-60de-ea11-828c-dab48128a9c3,80,3800.0,2020-08-14 19:06:00.587,2020-08-14 19:06:00.587
a8680728-1178-ed11-83d0-dbe72732717b,80,3914.0,2022-12-09 22:31:04.663,2022-12-09 22:31:04.663
6a783d33-8ed2-ea11-828c-b4e2a79c59ea,80,5016.0,2020-07-30 18:06:10.070,2020-07-30 18:06:10.070
33940519-dca6-eb11-82e4-dcb8446b8653,80,5776.0,2021-04-26 22:10:13.387,2021-04-26 22:10:13.387
eec22201-0050-fc61-78f5-08de29400d33,80,3877.0,2025-11-21 20:53:41.063,2025-11-21 20:53:41.063
a86552cb-2fc1-ea11-a9ce-0a593f791696,80,3800.0,2020-07-08 15:31:21.090,2020-07-08 15:31:21.090
33e37767-1078-ed11-83d0-dbe72732717b,80,3192.0,2022-12-09 22:25:41.897,2022-12-09 22:25:41.897
9b8d0a43-1078-ed11-83d0-dbe72732717b,80,2090.0,2022-12-09 22:24:40.150,2022-12-09 22:24:40.150
9b623bbd-bfc2-ea11-a9ce-0a593f791696,80,3800.0,2020-07-10 15:14:18.347,2020-07-10 15:14:18.347
42090a01-0050-fc61-246c-08de293a934b,80,3877.0,2025-11-21 20:14:29.057,2025-11-21 20:14:29.057
9b62786b-bcc2-ea11-a9ce-0a593f791696,80,3800.0,2020-07-10 14:49:29.287,2020-07-10 14:49:29.287
6a73794d-fcd0-ea11-828c-b57555799727,80,7296.0,2020-07-28 18:03:13.747,2020-07-28 18:03:13.747
a86816f7-14e3-ea11-828c-f8709861f8d2,80,3800.0,2020-08-20 18:45:20.140,2020-08-20 18:45:20.140
ce6f03f0-44e6-ea11-828c-cc6f8230eb3e,80,3800.0,2020-08-24 20:07:25.817,2020-08-24 20:07:25.817
cff3edf4-1578-ed11-83d0-dbe72732717b,80,3116.0,2022-12-09 23:05:28.240,2022-12-09 23:05:28.240
9b501201-0050-fc61-5656-08de293c4fe8,80,3877.0,2025-11-21 20:26:55.020,2025-11-21 20:26:55.020
ce391c01-0050-fc61-b0c9-08de293e7fc8,80,25669.0,2025-11-21 20:42:34.313,2025-11-21 20:42:34.313
27251d1f-1278-ed11-83d0-dbe72732717b,80,3116.0,2022-12-09 22:38:03.967,2022-12-09 22:38:03.967
09a20f01-0050-fc61-3eb4-08de293bbf29,80,23423.2,2025-11-21 20:22:52.170,2025-11-21 20:22:52.170
9a32e9a2-ddc7-eb11-830a-eba63e91bc91,80,44080.0,2021-06-07 22:13:57.987,2021-06-07 22:13:57.987
174c7365-cfdc-ea11-828c-dab48128a9c3,80,7144.0,2020-08-12 19:11:13.560,2020-08-12 19:11:13.560
eea6d567-0fd0-ea11-828c-cd0b241fdad6,80,7296.0,2020-07-27 13:50:17.333,2020-07-27 13:50:17.333
5506495b-debd-eb11-830a-d742523585ac,80,0.0,2021-05-26 04:54:31.033,2021-05-26 04:54:31.033
9b301f01-0050-fc61-c37e-08de293f3324,80,2389.6,2025-11-21 20:47:35.267,2025-11-21 20:47:35.267
42091201-0050-fc61-d5a9-08de293c41cc,80,3877.0,2025-11-21 20:26:31.337,2025-11-21 20:26:31.337
bd1b8ba9-eed7-ea11-828c-cf34c837d27a,80,5776.0,2020-08-06 14:13:08.323,2020-08-06 14:13:08.323
2a671001-0050-fc61-f14e-08de293be9de,80,4779.2,2025-11-21 20:24:03.807,2025-11-21 20:24:03.807
f1011301-0050-fc61-627f-08de293c790c,80,3877.0,2025-11-21 20:28:04.137,2025-11-21 20:28:04.137
33e30e01-0050-fc61-608f-08de293b98d0,80,4750.8,2025-11-21 20:21:47.830,2025-11-21 20:21:47.830
eea02101-0050-fc61-e117-08de293fc624,80,45809.14,2025-11-21 20:51:41.863,2025-11-21 20:51:41.863
4836f772-cfd2-ea11-828c-b4e2a79c59ea,80,7144.0,2020-07-31 01:48:34.037,2020-07-31 01:48:34.037
26fd07da-1678-ed11-83d0-dbe72732717b,80,2090.0,2022-12-09 23:11:49.317,2022-12-09 23:11:49.317
1ecfaf98-c4c2-ea11-a9ce-0a593f791696,80,3800.0,2020-07-10 15:50:57.450,2020-07-10 15:50:57.450
ee84abd3-1078-ed11-83d0-dbe72732717b,80,3952.0,2022-12-09 22:28:41.627,2022-12-09 22:28:41.627
9b0011dd-1178-ed11-83d0-dbe72732717b,80,3116.0,2022-12-09 22:36:11.130,2022-12-09 22:36:11.130
ee92170d-32d0-ea11-828c-b57555799727,80,7296.0,2020-07-27 17:59:58.680,2020-07-27 17:59:58.680
6a331701-0050-fc61-6fdc-08de293d5ea0,80,2399.2,2025-11-21 20:34:29.237,2025-11-21 20:34:29.237
484c4098-59d7-ea11-828c-cf34c837d27a,80,7144.0,2020-08-05 20:29:06.497,2020-08-05 20:29:06.497
6a1b1101-0050-fc61-b3ce-08de293c0f35,80,3859.2,2025-11-21 20:25:06.487,2025-11-21 20:25:06.487
6aa81001-0050-fc61-59ed-08de293bf7ac,80,3877.0,2025-11-21 20:24:26.967,2025-11-21 20:24:26.967
ce515f46-1778-ed11-83d0-dbe72732717b,80,3952.0,2022-12-09 23:14:56.233,2022-12-09 23:14:56.233
1ec67de8-27e3-ea11-828c-f8709861f8d2,80,3800.0,2020-08-20 21:00:02.137,2020-08-20 21:00:02.137
a83e972e-d2bb-eb11-830a-a4b0d298b5f4,80,24016.0,2021-05-23 14:21:45.373,2021-05-23 14:21:45.373
9a8fd28b-1678-ed11-83d0-dbe72732717b,80,0.0,2022-12-09 23:09:45.283,2022-12-09 23:09:45.283
41f13b25-dadb-ea11-828c-a3b0b95dd4b2,80,5016.0,2020-08-11 14:03:29.957,2020-08-11 14:03:29.957
270d69da-6ad3-ea11-828c-b4e2a79c59ea,80,7296.0,2020-07-31 20:20:11.247,2020-07-31 20:20:11.247
0995d7af-1278-ed11-83d0-dbe72732717b,80,3116.0,2022-12-09 22:42:06.027,2022-12-09 22:42:06.027
ee1a2660-d9d0-ea11-828c-b57555799727,80,5776.0,2020-07-28 13:57:14.997,2020-07-28 13:57:14.997
551ecd5c-f3ad-eb11-82e4-880dcfb095f6,80,7296.0,2021-05-05 22:47:24.310,2021-05-05 22:47:24.310
9ac80701-0050-fc61-9850-08de293a1bcb,80,4916.2,2025-11-21 20:11:08.610,2025-11-21 20:11:08.610
56649a39-1578-ed11-83d0-dbe72732717b,80,2090.0,2022-12-09 23:00:14.940,2022-12-09 23:00:14.940
35350801-0050-fc61-dc87-08de293a31a2,80,3859.2,2025-11-21 20:11:45.207,2025-11-21 20:11:45.207
9a9cfbc7-fa61-ec11-8350-a1c3c4365344,80,7448.0,2021-12-21 01:11:19.020,2021-12-21 01:11:19.020
37c31e01-0050-fc61-dc40-08de293f18f7,80,4516.8,2025-11-21 20:46:51.510,2025-11-21 20:46:51.510
9ab20d01-0050-fc61-d7f6-08de293b5a8e,80,4779.2,2025-11-21 20:20:03.377,2025-11-21 20:20:03.377
2708d903-1178-ed11-83d0-dbe72732717b,80,3724.0,2022-12-09 22:30:02.733,2022-12-09 22:30:02.733
1702e68c-52ab-ea11-a9ce-0a593f791696,80,12160.0,2020-06-10 19:44:45.370,2020-06-10 19:44:45.370
17023cff-a3d1-ea11-828c-b57555799727,80,5776.0,2020-07-29 14:05:28.353,2020-07-29 14:05:28.353
27021901-0050-fc61-ba67-08de293dc1f8,80,4538.6,2025-11-21 20:37:15.847,2025-11-21 20:37:15.847
b2931c01-0050-fc61-6c6d-08de293e946e,80,18673.2,2025-11-21 20:43:09.050,2025-11-21 20:43:09.050
6a0fa00d-1678-ed11-83d0-dbe72732717b,80,3914.0,2022-12-09 23:06:06.977,2022-12-09 23:06:06.977
ce4b0901-0050-fc61-a159-08de293a6c37,80,4505.8,2025-11-21 20:13:23.473,2025-11-21 20:13:23.473
55220b01-0050-fc61-b916-08de293acd08,80,34000.0,2025-11-21 20:16:05.953,2025-11-21 20:16:05.953
ee1945b6-0de3-ea11-828c-f8709861f8d2,80,3800.0,2020-08-20 17:51:46.140,2020-08-20 17:51:46.140
a826142b-1278-ed11-83d0-dbe72732717b,80,3724.0,2022-12-09 22:38:20.583,2022-12-09 22:38:20.583
27001201-0050-fc61-3013-08de293c3fd4,80,40673.6,2025-11-21 20:26:28.050,2025-11-21 20:26:28.050
edd51401-0050-fc61-7026-08de293cdce1,80,3877.0,2025-11-21 20:30:51.563,2025-11-21 20:30:51.563
1eb31101-0050-fc61-6078-08de293c2f46,80,3877.0,2025-11-21 20:26:00.280,2025-11-21 20:26:00.280
69e926b2-1378-ed11-83d0-dbe72732717b,80,2090.0,2022-12-09 22:49:18.987,2022-12-09 22:49:18.987
33a16d7b-30ba-eb11-830a-a4b0d298b5f4,80,5776.0,2021-05-21 12:32:28.110,2021-05-21 12:32:28.110
550e9433-1578-ed11-83d0-dbe72732717b,80,2090.0,2022-12-09 23:00:00.983,2022-12-09 23:00:00.983
9a680a6c-21e7-ea11-828c-929414703c5e,80,3800.0,2020-08-25 22:29:28.120,2020-08-25 22:29:28.120
9a5a571a-57c5-eb11-830a-bb0d05ba387d,80,28120.0,2021-06-04 17:05:51.097,2021-06-04 17:05:51.097
ce43ef03-1378-ed11-83d0-dbe72732717b,80,3116.0,2022-12-09 22:44:23.137,2022-12-09 22:44:23.137
edda476f-2fe6-ea11-828c-cc6f8230eb3e,80,3800.0,2020-08-24 17:31:11.257,2020-08-24 17:31:11.257
3d7f4c3a-1778-ed11-83d0-dbe72732717b,80,3952.0,2022-12-09 23:14:38.540,2022-12-09 23:14:38.540
9a40301b-68d3-ea11-828c-b4e2a79c59ea,80,5776.0,2020-07-31 20:09:59.763,2020-07-31 20:09:59.763
3d808eee-0f78-ed11-83d0-dbe72732717b,80,3116.0,2022-12-09 22:22:16.450,2022-12-09 22:22:16.450
ce371701-0050-fc61-fd5a-08de293d5f94,80,2399.2,2025-11-21 20:34:30.800,2025-11-21 20:34:30.800
edab1001-0050-fc61-848a-08de293bf85e,80,3877.0,2025-11-21 20:24:28.147,2025-11-21 20:24:28.147
9a7928a6-1378-ed11-83d0-dbe72732717b,80,3116.0,2022-12-09 22:48:55.723,2022-12-09 22:48:55.723
ed7a3643-1278-ed11-83d0-dbe72732717b,80,2090.0,2022-12-09 22:39:03.433,2022-12-09 22:39:03.433
1723efd7-a1d5-ea11-828c-c3297631124c,80,5776.0,2020-08-03 16:07:53.437,2020-08-03 16:07:53.437
a92d1601-0050-fc61-310e-08de293d2613,80,4750.8,2025-11-21 20:32:54.323,2025-11-21 20:32:54.323
ed7b5acd-1478-ed11-83d0-dbe72732717b,80,2090.0,2022-12-09 22:57:09.667,2022-12-09 22:57:09.667
6a0c78ee-1578-ed11-83d0-dbe72732717b,80,2090.0,2022-12-09 23:05:19.310,2022-12-09 23:05:19.310
ce481f01-0050-fc61-bc7d-08de293f38c2,80,23423.2,2025-11-21 20:47:44.673,2025-11-21 20:47:44.673
a8541601-0050-fc61-a7c4-08de293d2efe,80,7716.8,2025-11-21 20:33:09.293,2025-11-21 20:33:09.293
9a110c01-0050-fc61-b405-08de293aff15,80,3431.4,2025-11-21 20:17:29.893,2025-11-21 20:17:29.893
9a13808b-1078-ed11-83d0-dbe72732717b,80,3914.0,2022-12-09 22:26:46.153,2022-12-09 22:26:46.153
ce1d5083-fd7e-ec11-8350-d3131e7fd828,80,7448.0,2022-01-26 23:13:13.400,2022-01-26 23:13:13.400
b1bf15c6-7fd2-ea11-828c-b4e2a79c59ea,80,7144.0,2020-07-30 16:21:44.180,2020-07-30 16:21:44.180
ee43276a-1178-ed11-83d0-dbe72732717b,80,3116.0,2022-12-09 22:32:53.503,2022-12-09 22:32:53.503
098c8eee-0f78-ed11-83d0-dbe72732717b,80,3952.0,2022-12-09 22:22:20.440,2022-12-09 22:22:20.440
54f21f01-0050-fc61-3cd9-08de293f5fce,80,6275.6,2025-11-21 20:48:50.167,2025-11-21 20:48:50.167
ed6c72a7-dcd8-ea11-828c-cf34c837d27a,80,7144.0,2020-08-07 18:43:14.987,2020-08-07 18:43:14.987
023f4740-1778-ed11-83d0-dbe72732717b,80,2090.0,2022-12-09 23:14:48.457,2022-12-09 23:14:48.457
33c2fbf8-408a-ea11-a9ce-0a593f791696,80,15200.0,2020-04-29 17:46:53.377,2020-04-29 17:46:53.377
ce070701-0050-fc61-0731-08de2939f10e,80,4505.8,2025-11-21 20:09:56.857,2025-11-21 20:09:56.857
33921601-0050-fc61-a1a7-08de293d3c59,80,2399.2,2025-11-21 20:33:31.707,2025-11-21 20:33:31.707
098b1601-0050-fc61-008c-08de293d3aef,80,2399.2,2025-11-21 20:33:29.317,2025-11-21 20:33:29.317
346a0601-0050-fc61-2033-08de2939d029,80,4750.8,2025-11-21 20:09:01.673,2025-11-21 20:09:01.673
16d93064-1178-ed11-83d0-dbe72732717b,80,3116.0,2022-12-09 22:32:45.793,2022-12-09 22:32:45.793
06f01e01-0050-fc61-1ab5-08de293f23be,80,25669.0,2025-11-21 20:47:09.410,2025-11-21 20:47:09.410
1ed24f70-1178-ed11-83d0-dbe72732717b,80,3192.0,2022-12-09 22:33:09.570,2022-12-09 22:33:09.570
99f66df1-1478-ed11-83d0-dbe72732717b,80,3192.0,2022-12-09 22:58:13.820,2022-12-09 22:58:13.820
4828a115-1578-ed11-83d0-dbe72732717b,80,2090.0,2022-12-09 22:59:15.747,2022-12-09 22:59:15.747
ce318304-34d1-ea11-828c-b57555799727,80,5776.0,2020-07-29 00:51:03.627,2020-07-29 00:51:03.627
ed781601-0050-fc61-62ae-08de293d3735,80,3465.0,2025-11-21 20:33:23.097,2025-11-21 20:33:23.097
bd00d53c-1478-ed11-83d0-dbe72732717b,80,3116.0,2022-12-09 22:53:09.623,2022-12-09 22:53:09.623
ed621801-0050-fc61-a1a5-08de293d9f4a,80,4494.8,2025-11-21 20:36:17.693,2025-11-21 20:36:17.693
9bc347d8-2680-ea11-a9ce-0a593f791696,80,13680.0,2020-04-16 21:18:13.147,2020-04-16 21:18:13.147
cdf0c12e-ebbf-eb11-830a-bd4f204dc6ec,80,122056.0,2021-05-28 19:30:49.540,2021-05-28 19:30:49.540
ed417c03-1578-ed11-83d0-dbe72732717b,80,2090.0,2022-12-09 22:58:43.077,2022-12-09 22:58:43.077
06d558d9-1478-ed11-83d0-dbe72732717b,80,2090.0,2022-12-09 22:57:29.047,2022-12-09 22:57:29.047
eeba8faf-34d3-ea11-828c-b4e2a79c59ea,80,7296.0,2020-07-31 13:58:20.973,2020-07-31 13:58:20.973
99be1c01-0050-fc61-0836-08de293e9f9b,80,3431.4,2025-11-21 20:43:27.690,2025-11-21 20:43:27.690
ed3f1601-0050-fc61-31c7-08de293d29b6,80,2399.2,2025-11-21 20:33:00.397,2025-11-21 20:33:00.397
ed354ccd-f6c1-ea11-a9ce-0a593f791696,80,3800.0,2020-07-09 15:23:25.493,2020-07-09 15:23:25.493
cdf8394b-12db-ea11-828c-a3b0b95dd4b2,80,5472.0,2020-08-10 14:15:45.263,2020-08-10 14:15:45.263
69ce93e2-0f78-ed11-83d0-dbe72732717b,80,3952.0,2022-12-09 22:22:04.327,2022-12-09 22:22:04.327
ed42be24-1478-ed11-83d0-dbe72732717b,80,3116.0,2022-12-09 22:52:24.653,2022-12-09 22:52:24.653
9b23d704-00dc-ea11-828c-a3b0b95dd4b2,80,5472.0,2020-08-11 18:35:30.750,2020-08-11 18:35:30.750
99ae1801-0050-fc61-9d77-08de293dae6b,80,6275.6,2025-11-21 20:36:43.093,2025-11-21 20:36:43.093
99ee5c99-05dc-ea11-828c-a3b0b95dd4b2,80,5016.0,2020-08-11 19:08:27.837,2020-08-11 19:08:27.837
99ab1a01-0050-fc61-063d-08de293e2298,80,42809.64,2025-11-21 20:39:58.187,2025-11-21 20:39:58.187
33860701-0050-fc61-5a82-08de293a0dbb,80,2399.2,2025-11-21 20:10:44.990,2025-11-21 20:10:44.990
9a7af563-1378-ed11-83d0-dbe72732717b,80,3116.0,2022-12-09 22:47:08.867,2022-12-09 22:47:08.867
4aeb1601-0050-fc61-6933-08de293d505a,80,2399.2,2025-11-21 20:34:05.270,2025-11-21 20:34:05.270
ed430a01-0050-fc61-d022-08de293a9f08,80,4516.8,2025-11-21 20:14:48.760,2025-11-21 20:14:48.760
cddff7c1-8ed6-ea11-828c-c3297631124c,80,6688.0,2020-08-04 20:19:33.790,2020-08-04 20:19:33.790
2a5b1a01-0050-fc61-005e-08de293e10a7,80,0.0,2025-11-21 20:39:27.847,2025-11-21 20:39:27.847
48280a01-0050-fc61-165c-08de293a9987,80,12940.3,2025-11-21 20:14:39.520,2025-11-21 20:14:39.520
cde2c879-1278-ed11-83d0-dbe72732717b,80,3192.0,2022-12-09 22:40:37.543,2022-12-09 22:40:37.543
ee0f522f-52b6-ee11-8444-89625e30dc9e,80,9006.0,2024-01-18 22:40:18.650,2024-01-18 22:40:18.650
3948a936-865e-ec11-8350-92049595c631,80,7600.0,2021-12-16 15:38:52.360,2021-12-16 15:38:52.360
54ccc443-1678-ed11-83d0-dbe72732717b,80,0.0,2022-12-09 23:07:42.300,2022-12-09 23:07:42.300
33799b51-1578-ed11-83d0-dbe72732717b,80,2090.0,2022-12-09 23:00:53.447,2022-12-09 23:00:53.447
997cfa6c-b7e0-ea11-828c-fcb9b0fbbc3d,80,5472.0,2020-08-17 18:36:35.383,2020-08-17 18:36:35.383
9b414e51-f2cc-ea11-828c-cd0b241fdad6,80,3800.0,2020-07-23 14:43:35.860,2020-07-23 14:43:35.860
eea06cfa-1378-ed11-83d0-dbe72732717b,80,3914.0,2022-12-09 22:51:18.297,2022-12-09 22:51:18.297
54d21a01-0050-fc61-c5c1-08de293e2cfb,80,4494.8,2025-11-21 20:40:15.410,2025-11-21 20:40:15.410
174e0e01-0050-fc61-9eac-08de293b7abc,80,21101.4,2025-11-21 20:20:57.363,2025-11-21 20:20:57.363
d3538963-0f78-ed11-83d0-dbe72732717b,80,2907.0,2022-12-09 22:18:25.517,2022-12-09 22:18:25.517
16b91201-0050-fc61-ba57-08de293c6717,80,4750.8,2025-11-21 20:27:33.920,2025-11-21 20:27:33.920
b2dd9994-7a89-ea11-a9ce-0a593f791696,80,15200.0,2020-04-28 18:07:56.740,2020-04-28 18:07:56.740
485c1701-0050-fc61-259f-08de293d66b1,80,2399.2,2025-11-21 20:34:42.723,2025-11-21 20:34:42.723
99f0b985-1678-ed11-83d0-dbe72732717b,80,2090.0,2022-12-09 23:09:32.377,2022-12-09 23:09:32.377
3c208001-1678-ed11-83d0-dbe72732717b,80,2090.0,2022-12-09 23:05:49.140,2022-12-09 23:05:49.140
99696f00-1478-ed11-83d0-dbe72732717b,80,3116.0,2022-12-09 22:51:24.717,2022-12-09 22:51:24.717
1eb91d84-bdd1-ea11-828c-b57555799727,80,5472.0,2020-07-29 17:06:07.930,2020-07-29 17:06:07.930
008b3c92-d8d0-ea11-828c-b57555799727,80,7296.0,2020-07-28 13:50:44.597,2020-07-28 13:50:44.597
aa765c9f-44e6-ea11-828c-cc6f8230eb3e,80,3800.0,2020-08-24 20:10:39.130,2020-08-24 20:10:39.130
ed0256c1-1478-ed11-83d0-dbe72732717b,80,2090.0,2022-12-09 22:56:52.263,2022-12-09 22:56:52.263
16a55fdf-1478-ed11-83d0-dbe72732717b,80,2090.0,2022-12-09 22:57:41.967,2022-12-09 22:57:41.967
4a6592d6-0f78-ed11-83d0-dbe72732717b,80,3952.0,2022-12-09 22:21:38.537,2022-12-09 22:21:38.537
4d2a45b1-2edc-ea11-828c-a3b0b95dd4b2,80,5776.0,2020-08-12 00:04:29.887,2020-08-12 00:04:29.887
55c89aa5-92e0-ea11-828c-fcb9b0fbbc3d,80,5472.0,2020-08-17 14:10:46.397,2020-08-17 14:10:46.397
995c2d57-32d0-ea11-828c-b57555799727,80,6688.0,2020-07-27 18:02:00.633,2020-07-27 18:02:00.633
480803cb-cfe3-ea11-828c-f8709861f8d2,80,3800.0,2020-08-21 17:03:27.907,2020-08-21 17:03:27.907
69839a41-ebc2-eb11-830a-b717950c1bc2,80,7144.0,2021-06-01 15:08:50.927,2021-06-01 15:08:50.927
b1971776-1378-ed11-83d0-dbe72732717b,80,3914.0,2022-12-09 22:47:36.457,2022-12-09 22:47:36.457
169e1701-0050-fc61-9228-08de293d7333,80,2399.2,2025-11-21 20:35:03.720,2025-11-21 20:35:03.720
993b9340-22d0-ea11-828c-b57555799727,80,5776.0,2020-07-27 16:02:50.260,2020-07-27 16:02:50.260
48620a01-0050-fc61-34b2-08de293aa54a,80,3877.0,2025-11-21 20:14:59.270,2025-11-21 20:14:59.270
9b8f0b01-0050-fc61-23cc-08de293ae404,80,3877.0,2025-11-21 20:16:44.477,2025-11-21 20:16:44.477
33603a5b-1078-ed11-83d0-dbe72732717b,80,3952.0,2022-12-09 22:25:26.953,2022-12-09 22:25:26.953
9b7cd28b-1678-ed11-83d0-dbe72732717b,80,0.0,2022-12-09 23:09:37.667,2022-12-09 23:09:37.667
ecb35fdf-1478-ed11-83d0-dbe72732717b,80,2090.0,2022-12-09 22:57:46.507,2022-12-09 22:57:46.507
a7ed1c01-0050-fc61-83f2-08de293eaa2f,80,3877.0,2025-11-21 20:43:45.447,2025-11-21 20:43:45.447
9b801601-0050-fc61-5124-08de293d38e1,80,2399.2,2025-11-21 20:33:25.853,2025-11-21 20:33:25.853
6a5e1701-0050-fc61-0557-08de293d670e,80,2399.2,2025-11-21 20:34:43.310,2025-11-21 20:34:43.310
99200e01-0050-fc61-353b-08de293b7179,80,4916.2,2025-11-21 20:20:41.850,2025-11-21 20:20:41.850
9923ed70-1bd8-ea11-828c-cf34c837d27a,80,3800.0,2020-08-06 19:36:50.973,2020-08-06 19:36:50.973
bcae6cfa-1378-ed11-83d0-dbe72732717b,80,3116.0,2022-12-09 22:51:23.103,2022-12-09 22:51:23.103
99168001-1678-ed11-83d0-dbe72732717b,80,2090.0,2022-12-09 23:05:45.693,2022-12-09 23:05:45.693
cdaa1501-0050-fc61-d892-08de293d0a0a,80,55311.08,2025-11-21 20:32:07.277,2025-11-21 20:32:07.277
99113cfe-2cf5-ef11-84f5-d1758091e633,80,5976.0,2025-02-27 17:09:02.097,2025-02-27 17:09:02.097
a7ebd5f8-85b1-ee11-8445-aef2902899de,80,72304.0,2024-01-12 20:09:46.807,2024-01-12 20:09:46.807
bca50895-f7c1-ea11-a9ce-0a593f791696,80,3800.0,2020-07-09 15:25:07.803,2020-07-09 15:25:07.803
990b1701-0050-fc61-4884-08de293d571e,80,2399.2,2025-11-21 20:34:16.580,2025-11-21 20:34:16.580
4b5ce686-bfc2-ea11-a9ce-0a593f791696,80,3800.0,2020-07-10 15:11:14.507,2020-07-10 15:11:14.507
3949e905-aadd-ea11-828c-dab48128a9c3,80,6688.0,2020-08-13 21:17:34.987,2020-08-13 21:17:34.987
17676f00-1478-ed11-83d0-dbe72732717b,80,3116.0,2022-12-09 22:51:23.913,2022-12-09 22:51:23.913
41de1f01-0050-fc61-6e02-08de293f5b40,80,2399.2,2025-11-21 20:48:42.507,2025-11-21 20:48:42.507
ce689445-e3d9-ea11-828c-cf34c837d27a,80,5016.0,2020-08-09 02:14:23.567,2020-08-09 02:14:23.567
9bac0601-0050-fc61-113c-08de2939de79,80,16169.0,2025-11-21 20:09:25.907,2025-11-21 20:09:25.907
54b9fc50-efc2-ea11-a9ce-0a593f791696,80,3800.0,2020-07-10 20:54:43.490,2020-07-10 20:54:43.490
176966c1-cae7-ea11-828c-a053257f7d3c,80,3800.0,2020-08-26 18:36:12.907,2020-08-26 18:36:12.907
a7eae542-1478-ed11-83d0-dbe72732717b,80,3116.0,2022-12-09 22:53:19.797,2022-12-09 22:53:19.797
69614a8d-e2d1-ea11-828c-b57555799727,80,7144.0,2020-07-29 21:29:54.810,2020-07-29 21:29:54.810
cd7e815d-0f78-ed11-83d0-dbe72732717b,80,3952.0,2022-12-09 22:18:15.437,2022-12-09 22:18:15.437
98ec04d4-1678-ed11-83d0-dbe72732717b,80,2090.0,2022-12-09 23:11:46.713,2022-12-09 23:11:46.713
98d758d9-1478-ed11-83d0-dbe72732717b,80,2090.0,2022-12-09 22:57:29.797,2022-12-09 22:57:29.797
99021701-0050-fc61-428a-08de293d552c,80,2399.2,2025-11-21 20:34:13.317,2025-11-21 20:34:13.317
ec7e2101-0050-fc61-c453-08de293fbeba,80,21101.4,2025-11-21 20:51:29.437,2025-11-21 20:51:29.437
98c41d01-0050-fc61-da3c-08de293edb79,80,2399.2,2025-11-21 20:45:08.157,2025-11-21 20:45:08.157
9c0378ee-1578-ed11-83d0-dbe72732717b,80,2090.0,2022-12-09 23:05:15.937,2022-12-09 23:05:15.937
98c9054f-1078-ed11-83d0-dbe72732717b,80,3952.0,2022-12-09 22:25:02.817,2022-12-09 22:25:02.817
98b9daf1-1278-ed11-83d0-dbe72732717b,80,3116.0,2022-12-09 22:43:58.787,2022-12-09 22:43:58.787
bcb01101-0050-fc61-ee42-08de293c2edd,80,3877.0,2025-11-21 20:25:59.570,2025-11-21 20:25:59.570
6acf58d9-1478-ed11-83d0-dbe72732717b,80,2090.0,2022-12-09 22:57:27.490,2022-12-09 22:57:27.490
a802ffb0-c7c2-ea11-a9ce-0a593f791696,80,3800.0,2020-07-10 16:10:32.807,2020-07-10 16:10:32.807
98ae53d2-b2d5-ea11-828c-c3297631124c,80,5472.0,2020-08-03 18:02:14.813,2020-08-03 18:02:14.813
56518006-1478-ed11-83d0-dbe72732717b,80,3192.0,2022-12-09 22:51:41.240,2022-12-09 22:51:41.240
69737ee8-1578-ed11-83d0-dbe72732717b,80,0.0,2022-12-09 23:05:08.260,2022-12-09 23:05:08.260
f2377c03-1578-ed11-83d0-dbe72732717b,80,2090.0,2022-12-09 22:58:39.727,2022-12-09 22:58:39.727
98b1abeb-1078-ed11-83d0-dbe72732717b,80,3914.0,2022-12-09 22:29:28.727,2022-12-09 22:29:28.727
a7d1536e-d0bd-eb11-830a-d742523585ac,80,0.0,2021-05-26 03:14:52.223,2021-05-26 03:14:52.223
47f1be0b-d9dc-ea11-828c-dab48128a9c3,80,5776.0,2020-08-12 20:24:14.020,2020-08-12 20:24:14.020
98941f01-0050-fc61-4c61-08de293f4b99,80,23423.2,2025-11-21 20:48:16.287,2025-11-21 20:48:16.287
ec7aba2c-53d0-ea11-828c-b57555799727,80,6688.0,2020-07-27 22:09:58.100,2020-07-27 22:09:58.100
17737aee-fac1-ea11-a9ce-0a593f791696,80,3800.0,2020-07-09 15:46:28.987,2020-07-09 15:46:28.987
6ab91a01-0050-fc61-70a5-08de293e268a,80,16580.2,2025-11-21 20:40:04.603,2025-11-21 20:40:04.603
9c0f1801-0050-fc61-a647-08de293d8dbb,80,41860.8,2025-11-21 20:35:48.273,2025-11-21 20:35:48.273
69491e0d-59d6-ea11-828c-c3297631124c,80,7144.0,2020-08-04 13:55:56.477,2020-08-04 13:55:56.477
6935dba3-1278-ed11-83d0-dbe72732717b,80,3116.0,2022-12-09 22:41:44.063,2022-12-09 22:41:44.063
a7dd066a-d6c7-eb11-830a-eba63e91bc91,80,7144.0,2021-06-07 21:23:20.940,2021-06-07 21:23:20.940
cd4c6cbc-56e2-ea11-828c-f8709861f8d2,80,3800.0,2020-08-19 20:01:57.420,2020-08-19 20:01:57.420
6924d797-a108-eb11-828e-a2dfdd389457,80,6688.0,2020-10-07 13:32:54.297,2020-10-07 13:32:54.297
98731101-0050-fc61-e70b-08de293c223f,80,16580.2,2025-11-21 20:25:38.397,2025-11-21 20:25:38.397
2699bd1f-b4bf-eb11-830a-d742523585ac,80,0.0,2021-05-28 12:56:35.233,2021-05-28 12:56:35.233
49716549-f1e2-ea11-828c-f8709861f8d2,80,3800.0,2020-08-20 14:30:34.893,2020-08-20 14:30:34.893
694e0a49-1078-ed11-83d0-dbe72732717b,80,3192.0,2022-12-09 22:24:48.753,2022-12-09 22:24:48.753
b1935acd-1478-ed11-83d0-dbe72732717b,80,2090.0,2022-12-09 22:57:16.800,2022-12-09 22:57:16.800
488b9fbe-8fd5-ea11-828c-b4e2a79c59ea,80,7296.0,2020-08-03 13:50:33.197,2020-08-03 13:50:33.197
98560e01-0050-fc61-9686-08de293b7ca4,80,3877.0,2025-11-21 20:21:00.567,2025-11-21 20:21:00.567
ec1e2201-0050-fc61-4a9b-08de293fe2b1,80,4337.4,2025-11-21 20:52:29.787,2025-11-21 20:52:29.787
33337f09-1578-ed11-83d0-dbe72732717b,80,2090.0,2022-12-09 22:58:55.060,2022-12-09 22:58:55.060
165f0a49-1078-ed11-83d0-dbe72732717b,80,2850.0,2022-12-09 22:24:54.697,2022-12-09 22:24:54.697
00890a01-0050-fc61-d17f-08de293aac5d,80,3877.0,2025-11-21 20:15:11.123,2025-11-21 20:15:11.123
984f6fea-30d8-ea11-828c-cf34c837d27a,80,5776.0,2020-08-06 22:16:24.990,2020-08-06 22:16:24.990
98493915-0f78-ed11-83d0-dbe72732717b,80,3952.0,2022-12-09 22:16:12.377,2022-12-09 22:16:12.377
ad46c2ff-29c1-ea11-a9ce-0a593f791696,80,3800.0,2020-07-08 14:49:42.447,2020-07-08 14:49:42.447
ec300e73-1478-ed11-83d0-dbe72732717b,80,2090.0,2022-12-09 22:54:38.157,2022-12-09 22:54:38.157
cd3d20e0-1678-ed11-83d0-dbe72732717b,80,3952.0,2022-12-09 23:11:59.437,2022-12-09 23:11:59.437
2697387c-3886-ea11-a9ce-0a593f791696,80,12160.0,2020-04-24 14:38:30.963,2020-04-24 14:38:30.963
985fb3e0-d7bb-ee11-8444-b70f653db9fb,80,5376.0,2024-01-25 23:19:06.227,2024-01-25 23:19:06.227
b1fcd43c-1478-ed11-83d0-dbe72732717b,80,3116.0,2022-12-09 22:53:08.363,2022-12-09 22:53:08.363
41dfe542-1478-ed11-83d0-dbe72732717b,80,2090.0,2022-12-09 22:53:15.697,2022-12-09 22:53:15.697
41d36f7c-1778-ed11-83d0-dbe72732717b,80,2090.0,2022-12-09 23:16:26.457,2022-12-09 23:16:26.457
022a04a7-5e87-eb11-82e4-d126b414ab0b,80,7296.0,2021-03-17 20:24:13.233,2021-03-17 20:24:13.233
33267275-6783-ea11-a9ce-0a593f791696,80,13680.0,2020-04-21 00:37:38.417,2020-04-21 00:37:38.417
1e89046d-c2c2-ea11-a9ce-0a593f791696,80,3800.0,2020-07-10 15:32:59.570,2020-07-10 15:32:59.570
b18461e6-29c1-ea11-a9ce-0a593f791696,80,3800.0,2020-07-08 14:48:28.447,2020-07-08 14:48:28.447
37881701-0050-fc61-6f4d-08de293d6ec5,80,2399.2,2025-11-21 20:34:56.267,2025-11-21 20:34:56.267
bc7724bf-c7c2-ea11-a9ce-0a593f791696,80,3800.0,2020-07-10 16:18:10.777,2020-07-10 16:18:10.777
274478c8-e1c7-eb11-830a-eba63e91bc91,80,7296.0,2021-06-07 22:43:36.230,2021-06-07 22:43:36.230
6ac71701-0050-fc61-5705-08de293d7b8e,80,2399.2,2025-11-21 20:35:17.733,2025-11-21 20:35:17.733
9c6d1c01-0050-fc61-2e43-08de293e8a86,80,3877.0,2025-11-21 20:42:52.343,2025-11-21 20:42:52.343
1f036b30-b1e7-ea11-828c-a053257f7d3c,80,3800.0,2020-08-26 15:34:20.367,2020-08-26 15:34:20.367
981b6d98-f0e6-ea11-828c-cc6f8230eb3e,80,3800.0,2020-08-25 16:42:05.147,2020-08-25 16:42:05.147
392a2dbe-1378-ed11-83d0-dbe72732717b,80,2090.0,2022-12-09 22:49:34.880,2022-12-09 22:49:34.880
268c2001-0050-fc61-1407-08de293f85e2,80,3877.0,2025-11-21 20:49:54.060,2025-11-21 20:49:54.060
4b6c6f00-1478-ed11-83d0-dbe72732717b,80,3116.0,2022-12-09 22:51:25.547,2022-12-09 22:51:25.547
6af71501-0050-fc61-3499-08de293d1a41,80,2399.2,2025-11-21 20:32:34.487,2025-11-21 20:32:34.487
a7a81801-0050-fc61-75d8-08de293dacf1,80,2399.2,2025-11-21 20:36:40.577,2025-11-21 20:36:40.577
9c5f9a39-1578-ed11-83d0-dbe72732717b,80,2090.0,2022-12-09 23:00:13.117,2022-12-09 23:00:13.117
cd2a2fa5-34d8-ea11-828c-cf34c837d27a,80,7144.0,2020-08-06 22:33:30.207,2020-08-06 22:33:30.207
549d25c2-27e3-ea11-828c-f8709861f8d2,80,3800.0,2020-08-20 20:58:16.847,2020-08-20 20:58:16.847
98062dea-dcd0-ea11-828c-b57555799727,80,7296.0,2020-07-28 14:28:03.703,2020-07-28 14:28:03.703
17a00c01-0050-fc61-a752-08de293b202c,80,4750.8,2025-11-21 20:18:25.420,2025-11-21 20:18:25.420
ebf4ea51-1378-ed11-83d0-dbe72732717b,80,3952.0,2022-12-09 22:46:39.067,2022-12-09 22:46:39.067
268792cf-06e3-ea11-828c-f8709861f8d2,80,3800.0,2020-08-20 17:02:44.443,2020-08-20 17:02:44.443
9832b892-3491-ea11-a9ce-0a593f791696,80,12160.0,2020-05-08 14:15:03.590,2020-05-08 14:15:03.590
ec01b75e-57e2-ea11-828c-f8709861f8d2,80,3800.0,2020-08-19 20:07:58.390,2020-08-19 20:07:58.390
97f62001-0050-fc61-26b8-08de293f9f5f,80,23423.2,2025-11-21 20:50:37.077,2025-11-21 20:50:37.077
2a8936dd-d5c9-ee11-8445-d746eec74329,80,0.0,2024-02-12 18:38:23.117,2024-02-12 18:38:23.117
27495d25-a1d6-ea11-828c-c3297631124c,80,7144.0,2020-08-04 22:30:14.333,2020-08-04 22:30:14.333
cd2ad324-1078-ed11-83d0-dbe72732717b,80,3724.0,2022-12-09 22:23:53.110,2022-12-09 22:23:53.110
97dd04d4-1678-ed11-83d0-dbe72732717b,80,2090.0,2022-12-09 23:11:40.990,2022-12-09 23:11:40.990
ec02b566-2ec1-ea11-a9ce-0a593f791696,80,3800.0,2020-07-08 15:23:27.033,2020-07-08 15:23:27.033
06a2c473-1278-ed11-83d0-dbe72732717b,80,3914.0,2022-12-09 22:40:23.743,2022-12-09 22:40:23.743
4bb209d7-1178-ed11-83d0-dbe72732717b,80,3724.0,2022-12-09 22:35:58.167,2022-12-09 22:35:58.167
ebe84cf4-26e6-ea11-828c-cc6f8230eb3e,80,3800.0,2020-08-24 16:33:28.170,2020-08-24 16:33:28.170
17901d01-0050-fc61-c174-08de293ed009,80,3877.0,2025-11-21 20:44:48.957,2025-11-21 20:44:48.957
1630a3f0-bdc2-ea11-a9ce-0a593f791696,80,3800.0,2020-07-10 15:00:01.317,2020-07-10 15:00:01.317
97b87790-799f-ee11-8445-bd75ecdf09de,80,16378.0,2023-12-20 20:56:10.970,2023-12-20 20:56:10.970
a7a32a8c-56e2-ea11-828c-f8709861f8d2,80,3800.0,2020-08-19 20:00:25.187,2020-08-19 20:00:25.187
97b51801-0050-fc61-28b2-08de293dafe4,80,27911.0,2025-11-21 20:36:45.557,2025-11-21 20:36:45.557
4ae20875-5b83-ea11-a9ce-0a593f791696,80,12160.0,2020-04-20 23:09:21.540,2020-04-20 23:09:21.540
17a371fd-1478-ed11-83d0-dbe72732717b,80,2090.0,2022-12-09 22:58:36.020,2022-12-09 22:58:36.020
9c7d71e0-44d0-ea11-828c-b57555799727,80,5472.0,2020-07-27 20:11:57.453,2020-07-27 20:11:57.453
9c8e61e5-1478-ed11-83d0-dbe72732717b,80,2090.0,2022-12-09 22:57:50.597,2022-12-09 22:57:50.597
9c8d1901-0050-fc61-97e4-08de293de0d2,80,15155.1,2025-11-21 20:38:07.620,2025-11-21 20:38:07.620
bc3bd4fd-1078-ed11-83d0-dbe72732717b,80,2090.0,2022-12-09 22:29:52.473,2022-12-09 22:29:52.473
340a1301-0050-fc61-3e31-08de293c7b43,80,22883.6,2025-11-21 20:28:07.767,2025-11-21 20:28:07.767
3a5158ee-1378-ed11-83d0-dbe72732717b,80,3724.0,2022-12-09 22:50:58.083,2022-12-09 22:50:58.083
b1811301-0050-fc61-3b7a-08de293c9473,80,4779.2,2025-11-21 20:28:50.037,2025-11-21 20:28:50.037
9c9ffe97-e8d8-ea11-828c-cf34c837d27a,80,5016.0,2020-08-07 20:09:21.250,2020-08-07 20:09:21.250
6b111001-0050-fc61-c60e-08de293bd731,80,3877.0,2025-11-21 20:23:32.510,2025-11-21 20:23:32.510
16240e01-0050-fc61-adf3-08de293b7237,80,3465.0,2025-11-21 20:20:43.087,2025-11-21 20:20:43.087
548fec92-dadc-ea11-828c-dab48128a9c3,80,5472.0,2020-08-12 20:33:03.130,2020-08-12 20:33:03.130
9799a70e-a6fd-c8a0-7003-019f7138e6fc,80,0.0,2026-07-17 17:56:48.233,2026-07-17 17:56:48.233
97880901-0050-fc61-2246-08de293a7812,80,4750.8,2025-11-21 20:13:43.360,2025-11-21 20:13:43.360
ecc5da86-43d7-ea11-828c-cf34c837d27a,80,5472.0,2020-08-05 17:50:44.153,2020-08-05 17:50:44.153
16231001-0050-fc61-8cdb-08de293bdc5a,80,4538.6,2025-11-21 20:23:41.127,2025-11-21 20:23:41.127
3d700601-0050-fc61-2e10-08de2939d198,80,62083.88,2025-11-21 20:09:04.047,2025-11-21 20:09:04.047
f0df0701-0050-fc61-40a4-08de293a2093,80,3877.0,2025-11-21 20:11:16.593,2025-11-21 20:11:16.593
178e815d-0f78-ed11-83d0-dbe72732717b,80,3952.0,2022-12-09 22:18:20.707,2022-12-09 22:18:20.707
ccf6e905-43a6-eb11-82e4-dcb8446b8653,80,5472.0,2021-04-26 03:53:59.440,2021-04-26 03:53:59.440
97721701-0050-fc61-3638-08de293d6ae6,80,2399.2,2025-11-21 20:34:49.787,2025-11-21 20:34:49.787
37781801-0050-fc61-0d18-08de293da36f,80,2399.2,2025-11-21 20:36:24.630,2025-11-21 20:36:24.630
3311dfdc-ccc2-ea11-a9ce-0a593f791696,80,3800.0,2020-07-10 16:52:16.850,2020-07-10 16:52:16.850
ccec06b0-a290-79c7-25fc-08dd93e434d8,80,0.0,2025-05-15 19:15:01.270,2025-05-15 19:15:01.270
a7a01776-1378-ed11-83d0-dbe72732717b,80,3116.0,2022-12-09 22:47:39.693,2022-12-09 22:47:39.693
cce61e01-0050-fc61-845f-08de293f21c2,80,3563.1,2025-11-21 20:47:06.073,2025-11-21 20:47:06.073
976c0601-0050-fc61-aaea-08de2939d096,80,51516.68,2025-11-21 20:09:02.390,2025-11-21 20:09:02.390
a79c0c01-0050-fc61-627a-08de293b1f8b,80,2399.2,2025-11-21 20:18:24.377,2025-11-21 20:18:24.377
cecc1aad-84cb-ea11-828c-bec5bcbd844e,80,5776.0,2020-07-21 19:11:17.140,2020-07-21 19:11:17.140
68b1e7a6-1178-ed11-83d0-dbe72732717b,80,2090.0,2022-12-09 22:34:42.923,2022-12-09 22:34:42.923
330e8488-37e6-ea11-828c-cc6f8230eb3e,80,3800.0,2020-08-24 18:34:33.970,2020-08-24 18:34:33.970
a7a1f210-75e1-ea11-828c-fcb9b0fbbc3d,80,3800.0,2020-08-18 17:07:40.850,2020-08-18 17:07:40.850
975e7e82-1778-ed11-83d0-dbe72732717b,80,2090.0,2022-12-09 23:16:36.690,2022-12-09 23:16:36.690
2775b118-1078-ed11-83d0-dbe72732717b,80,3914.0,2022-12-09 22:23:35.633,2022-12-09 22:23:35.633
2669fd85-cbb9-eb11-830a-a4b0d298b5f4,80,0.0,2021-05-21 00:29:38.013,2021-05-21 00:29:38.013
a8810801-0050-fc61-01af-08de293a42d2,80,25669.0,2025-11-21 20:12:14.057,2025-11-21 20:12:14.057
68cb9921-1578-ed11-83d0-dbe72732717b,80,2090.0,2022-12-09 22:59:37.017,2022-12-09 22:59:37.017
a7a141b3-9ed2-ea11-828c-b4e2a79c59ea,80,5472.0,2020-07-30 20:07:19.353,2020-07-30 20:07:19.353
07119433-1578-ed11-83d0-dbe72732717b,80,2090.0,2022-12-09 23:00:02.077,2022-12-09 23:00:02.077
33061052-a289-ea11-a9ce-0a593f791696,80,15200.0,2020-04-28 22:51:56.013,2020-04-28 22:51:56.013
011207dc-1dc6-079b-7001-01a015459a8e,80,0.0,2026-08-18 14:31:32.963,2026-08-18 14:31:32.963
68a11401-0050-fc61-1986-08de293cd26e,80,3877.0,2025-11-21 20:30:33.997,2025-11-21 20:30:33.997
2666a8b0-0cd1-ea11-828c-b57555799727,80,5016.0,2020-07-28 20:08:59.747,2020-07-28 20:08:59.747
49771f01-0050-fc61-0a01-08de293f44cd,80,2399.2,2025-11-21 20:48:04.933,2025-11-21 20:48:04.933
ebbc9921-1578-ed11-83d0-dbe72732717b,80,2090.0,2022-12-09 22:59:31.793,2022-12-09 22:59:31.793
973106c2-1678-ed11-83d0-dbe72732717b,80,2090.0,2022-12-09 23:11:09.363,2022-12-09 23:11:09.363
47bbfa6b-d993-ea11-a9ce-0a593f791696,80,12160.0,2020-05-11 22:53:23.643,2020-05-11 22:53:23.643
97431401-0050-fc61-08c7-08de293cbd52,80,3877.0,2025-11-21 20:29:58.593,2025-11-21 20:29:58.593
68941a01-0050-fc61-715a-08de293e1d2c,80,4538.6,2025-11-21 20:39:48.863,2025-11-21 20:39:48.863
689f1201-0050-fc61-7e9a-08de293c622a,80,3877.0,2025-11-21 20:27:25.713,2025-11-21 20:27:25.713
97387f09-1578-ed11-83d0-dbe72732717b,80,2090.0,2022-12-09 22:58:56.583,2022-12-09 22:58:56.583
cc8d860f-1578-ed11-83d0-dbe72732717b,80,2090.0,2022-12-09 22:59:06.923,2022-12-09 22:59:06.923
ebc1b997-1278-ed11-83d0-dbe72732717b,80,3952.0,2022-12-09 22:41:21.640,2022-12-09 22:41:21.640
d21c993f-1578-ed11-83d0-dbe72732717b,80,2090.0,2022-12-09 23:00:18.777,2022-12-09 23:00:18.777
97110301-006e-ace0-2d79-08de6e588ac8,80,0.0,2026-02-17 19:13:31.533,2026-02-17 19:13:31.533
15f94bc7-ead0-ea11-828c-b57555799727,80,7296.0,2020-07-28 16:01:37.597,2020-07-28 16:01:37.597
970c3be0-7dd2-ea11-828c-b4e2a79c59ea,80,3800.0,2020-07-30 16:03:38.380,2020-07-30 16:03:38.380
bc69187b-2adb-ea11-828c-a3b0b95dd4b2,80,5016.0,2020-08-10 17:11:21.073,2020-08-10 17:11:21.073
276d14c5-1178-ed11-83d0-dbe72732717b,80,3116.0,2022-12-09 22:35:28.443,2022-12-09 22:35:28.443
f2400b01-0050-fc61-ace5-08de293ad394,80,3465.0,2025-11-21 20:16:16.953,2025-11-21 20:16:16.953
6b1c3e92-81d3-ea11-828c-b4e2a79c59ea,80,7144.0,2020-07-31 23:04:13.790,2020-07-31 23:04:13.790
ccb40d01-0050-fc61-bc95-08de293b5af8,80,3465.0,2025-11-21 20:20:04.087,2025-11-21 20:20:04.087
ebc8ad16-3f8a-ea11-a9ce-0a593f791696,80,12160.0,2020-04-29 17:34:21.013,2020-04-29 17:34:21.013
68a8bc5b-1678-ed11-83d0-dbe72732717b,80,2090.0,2022-12-09 23:08:17.393,2022-12-09 23:08:17.393
970c1901-0050-fc61-bdc4-08de293dc474,80,2399.2,2025-11-21 20:37:20.037,2025-11-21 20:37:20.037
3418adde-22e3-ea11-828c-f8709861f8d2,80,3800.0,2020-08-20 20:23:07.390,2020-08-20 20:23:07.390
9ca2e0f7-67d3-ea11-828c-b4e2a79c59ea,80,3800.0,2020-07-31 19:58:07.097,2020-07-31 19:58:07.097
eb6d6ef7-1478-ed11-83d0-dbe72732717b,80,2090.0,2022-12-09 22:58:21.840,2022-12-09 22:58:21.840
2a3c0a01-0050-fc61-0bab-08de293a9d87,80,3859.2,2025-11-21 20:14:46.267,2025-11-21 20:14:46.267
392809ee-15e3-ea11-828c-f8709861f8d2,80,3800.0,2020-08-20 18:53:31.980,2020-08-20 18:53:31.980
96d639c1-a3dd-ea11-828c-dab48128a9c3,80,6688.0,2020-08-13 20:39:45.620,2020-08-13 20:39:45.620
96ce6908-69e1-ea11-828c-fcb9b0fbbc3d,80,3800.0,2020-08-18 15:46:58.150,2020-08-18 15:46:58.150
5667f664-d4d5-ea11-828c-c3297631124c,80,7144.0,2020-08-03 22:06:36.540,2020-08-03 22:06:36.540
96b8a14a-81cb-ee11-8445-870f6358a046,80,9006.0,2024-02-14 21:39:15.693,2024-02-14 21:39:15.693
cc6a0b01-0050-fc61-2e87-08de293adcae,80,3465.0,2025-11-21 20:16:32.177,2025-11-21 20:16:32.177
a7811b0e-b4d1-ea11-828c-b57555799727,80,6688.0,2020-07-29 15:59:15.203,2020-07-29 15:59:15.203
ad261101-0050-fc61-b886-08de293c11ec,80,21101.4,2025-11-21 20:25:11.013,2025-11-21 20:25:11.013
cc841f01-0050-fc61-aa5f-08de293f4861,80,25669.0,2025-11-21 20:48:10.880,2025-11-21 20:48:10.880
96b42001-0050-fc61-1751-08de293f8e64,80,4516.8,2025-11-21 20:50:08.313,2025-11-21 20:50:08.313
96a21f01-0050-fc61-5359-08de293f4e31,80,0.0,2025-11-21 20:48:20.607,2025-11-21 20:48:20.607
96afad4c-d2bb-eb11-830a-a4b0d298b5f4,80,24016.0,2021-05-23 14:22:37.757,2021-05-23 14:22:37.757
0687bf85-1278-ed11-83d0-dbe72732717b,80,3914.0,2022-12-09 22:40:53.177,2022-12-09 22:40:53.177
4bed1ed9-cec2-ea11-a9ce-0a593f791696,80,3800.0,2020-07-10 17:04:01.693,2020-07-10 17:04:01.693
a7821601-0050-fc61-df0b-08de293d393a,80,2399.2,2025-11-21 20:33:26.490,2025-11-21 20:33:26.490
34331901-0050-fc61-84fe-08de293dccb6,80,2399.2,2025-11-21 20:37:33.930,2025-11-21 20:37:33.930
17cb17ca-ddd8-ea11-828c-cf34c837d27a,80,5776.0,2020-08-07 18:45:54.590,2020-08-07 18:45:54.590
2a9f7c57-0da0-af84-7003-019f6b84263c,80,0.0,2026-07-16 15:22:08.053,2026-07-16 15:22:08.053
68671101-0050-fc61-ba7b-08de293c1fd1,80,3877.0,2025-11-21 20:25:34.350,2025-11-21 20:25:34.350
9666ce13-b7e0-ea11-828c-fcb9b0fbbc3d,80,5472.0,2020-08-17 18:34:38.787,2020-08-17 18:34:38.787
a78acc1e-1078-ed11-83d0-dbe72732717b,80,2850.0,2022-12-09 22:23:37.530,2022-12-09 22:23:37.530
9664ca1c-fde2-ea11-828c-f8709861f8d2,80,3800.0,2020-08-20 15:54:23.167,2020-08-20 15:54:23.167
17d7fe5c-a7d1-ee11-8445-a44969bef3b9,80,0.0,2024-02-22 17:40:13.700,2024-02-22 17:40:13.700
eb581f01-0050-fc61-f218-08de293f3c99,80,23423.2,2025-11-21 20:47:51.097,2025-11-21 20:47:51.097
685f3c21-ddbd-eb11-830a-d742523585ac,80,0.0,2021-05-26 04:46:00.953,2021-05-26 04:46:00.953
419471fd-1478-ed11-83d0-dbe72732717b,80,2090.0,2022-12-09 22:58:31.137,2022-12-09 22:58:31.137
f39671fd-1478-ed11-83d0-dbe72732717b,80,2090.0,2022-12-09 22:58:31.927,2022-12-09 22:58:31.927
15c8ca15-4178-ea11-a9ce-0a593f791696,80,40128.0,2020-04-06 20:00:17.640,2020-04-06 20:00:17.640
9d3b4d60-d8dc-ea11-828c-dab48128a9c3,80,7144.0,2020-08-12 20:15:27.447,2020-08-12 20:15:27.447
342ff802-37db-ea11-828c-a3b0b95dd4b2,80,7144.0,2020-08-10 18:32:33.667,2020-08-10 18:32:33.667
ef381601-0050-fc61-cc92-08de293d287f,80,2399.2,2025-11-21 20:32:58.390,2025-11-21 20:32:58.390
6b437988-1778-ed11-83d0-dbe72732717b,80,2090.0,2022-12-09 23:16:40.807,2022-12-09 23:16:40.807
bc011601-0050-fc61-03dc-08de293d1c60,80,14446.2,2025-11-21 20:32:38.043,2025-11-21 20:32:38.043
17e11af7-0e78-ed11-83d0-dbe72732717b,80,3116.0,2022-12-09 22:15:25.477,2022-12-09 22:15:25.477
f10ba227-1578-ed11-83d0-dbe72732717b,80,2090.0,2022-12-09 22:59:47.960,2022-12-09 22:59:47.960
a7690901-0050-fc61-df6b-08de293a7220,80,4779.2,2025-11-21 20:13:33.420,2025-11-21 20:13:33.420
1e0d2301-0050-fc61-aa4f-08de29401d91,80,6275.6,2025-11-21 20:54:08.577,2025-11-21 20:54:08.577
ef341e01-0050-fc61-23e3-08de293ef4b5,80,6275.6,2025-11-21 20:45:50.507,2025-11-21 20:45:50.507
68486f35-c3d5-ea11-828c-c3297631124c,80,6688.0,2020-08-03 20:04:51.620,2020-08-03 20:04:51.620
efa01801-0050-fc61-b8e9-08de293dab75,80,2399.2,2025-11-21 20:36:38.097,2025-11-21 20:36:38.097
1dfd1f01-0050-fc61-167e-08de293f6251,80,3465.0,2025-11-21 20:48:54.380,2025-11-21 20:48:54.380
cc2ec888-1178-ed11-83d0-dbe72732717b,80,3914.0,2022-12-09 22:33:53.427,2022-12-09 22:33:53.427
684f7c03-1578-ed11-83d0-dbe72732717b,80,2090.0,2022-12-09 22:58:47.127,2022-12-09 22:58:47.127
eb103fd6-1378-ed11-83d0-dbe72732717b,80,2090.0,2022-12-09 22:50:13.657,2022-12-09 22:50:13.657
eb1c1401-0050-fc61-dfe7-08de293cb532,80,50710.48,2025-11-21 20:29:44.957,2025-11-21 20:29:44.957
96221e01-0050-fc61-9ef5-08de293ef065,80,7716.8,2025-11-21 20:45:43.247,2025-11-21 20:45:43.247
547248de-f8cc-ea11-828c-cd0b241fdad6,80,7296.0,2020-07-23 15:33:35.263,2020-07-23 15:33:35.263
17f272ca-0f78-ed11-83d0-dbe72732717b,80,3116.0,2022-12-09 22:21:18.797,2022-12-09 22:21:18.797
eb1d88c5-a4d1-ea11-828c-b57555799727,80,6688.0,2020-07-29 14:13:45.017,2020-07-29 14:13:45.017
960c1201-0050-fc61-a9d7-08de293c4298,80,52977.16,2025-11-21 20:26:32.690,2025-11-21 20:26:32.690
960a0701-0050-fc61-b7c5-08de2939f194,80,4916.2,2025-11-21 20:09:57.750,2025-11-21 20:09:57.750
9d706ef7-1478-ed11-83d0-dbe72732717b,80,2090.0,2022-12-09 22:58:22.593,2022-12-09 22:58:22.593
ef8d0a01-0050-fc61-31bc-08de293aad9e,80,4779.2,2025-11-21 20:15:13.227,2025-11-21 20:15:13.227
a99e1c4f-15e3-ea11-828c-f8709861f8d2,80,3800.0,2020-08-20 18:46:21.377,2020-08-20 18:46:21.377
cc27c02a-1478-ed11-83d0-dbe72732717b,80,3914.0,2022-12-09 22:52:35.767,2022-12-09 22:52:35.767
cc20fbc1-55d7-ea11-828c-cf34c837d27a,80,5472.0,2020-08-05 20:04:04.527,2020-08-05 20:04:04.527
f0d4f9cf-2adc-ea11-828c-a3b0b95dd4b2,80,7144.0,2020-08-11 23:43:04.750,2020-08-11 23:43:04.750
32c7734b-0f78-ed11-83d0-dbe72732717b,80,3724.0,2022-12-09 22:17:50.460,2022-12-09 22:17:50.460
68433ce2-1378-ed11-83d0-dbe72732717b,80,3116.0,2022-12-09 22:50:37.307,2022-12-09 22:50:37.307
96140b01-0050-fc61-a872-08de293ac8ea,80,4708.8,2025-11-21 20:15:59.067,2025-11-21 20:15:59.067
b133c325-8dd6-ea11-828c-c3297631124c,80,7144.0,2020-08-04 20:03:41.987,2020-08-04 20:03:41.987
eaee1301-0050-fc61-4bee-08de293cac4e,80,3877.0,2025-11-21 20:29:30.040,2025-11-21 20:29:30.040
a7847083-22e3-ea11-828c-f8709861f8d2,80,3800.0,2020-08-20 20:20:33.660,2020-08-20 20:20:33.660
bc20e91b-1378-ed11-83d0-dbe72732717b,80,3116.0,2022-12-09 22:45:07.823,2022-12-09 22:45:07.823
cf5a3a5b-1078-ed11-83d0-dbe72732717b,80,3116.0,2022-12-09 22:25:25.447,2022-12-09 22:25:25.447
cc18123d-17c5-ea11-a9ce-0a593f791696,80,3800.0,2020-07-13 14:48:08.657,2020-07-13 14:48:08.657
3db00b01-0050-fc61-eb12-08de293aea14,80,2399.2,2025-11-21 20:16:54.650,2025-11-21 20:16:54.650
09c18c69-bec2-ea11-a9ce-0a593f791696,80,3800.0,2020-07-10 15:03:26.673,2020-07-10 15:03:26.673
b28eb538-1fe3-ea11-828c-f8709861f8d2,80,3800.0,2020-08-20 19:57:32.253,2020-08-20 19:57:32.253
55801f0d-1278-ed11-83d0-dbe72732717b,80,3914.0,2022-12-09 22:37:34.070,2022-12-09 22:37:34.070
eae16eeb-1478-ed11-83d0-dbe72732717b,80,2090.0,2022-12-09 22:58:07.417,2022-12-09 22:58:07.417
557d1701-0050-fc61-c88c-08de293d6cb3,80,2399.2,2025-11-21 20:34:52.800,2025-11-21 20:34:52.800
a8cd0b01-0050-fc61-801c-08de293af05f,80,4750.8,2025-11-21 20:17:05.237,2025-11-21 20:17:05.237
eb21531f-23d7-ea11-828c-cf34c837d27a,80,5776.0,2020-08-05 14:11:21.430,2020-08-05 14:11:21.430
3d78e924-dae3-ea11-828c-f8709861f8d2,80,3800.0,2020-08-21 18:17:33.347,2020-08-21 18:17:33.347
957ec7c7-d5dc-ea11-828c-dab48128a9c3,80,5472.0,2020-08-12 20:05:02.937,2020-08-12 20:05:02.937
f2427f8b-36d7-ea11-828c-cf34c837d27a,80,5776.0,2020-08-05 16:20:21.043,2020-08-05 16:20:21.043
47741601-0050-fc61-d068-08de293d3631,80,2399.2,2025-11-21 20:33:21.413,2025-11-21 20:33:21.413
95770501-0041-383b-ed81-08de66559de3,80,9033.6,2026-02-07 14:40:54.520,2026-02-07 14:40:54.520
3c1e0f01-0050-fc61-a401-08de293ba3f2,80,3465.0,2025-11-21 20:22:06.547,2025-11-21 20:22:06.547
6b6a5ad3-1478-ed11-83d0-dbe72732717b,80,2090.0,2022-12-09 22:57:19.427,2022-12-09 22:57:19.427
9562786b-bcc2-ea11-a9ce-0a593f791696,80,3800.0,2020-07-10 14:51:21.977,2020-07-10 14:51:21.977
eaafdaf1-1278-ed11-83d0-dbe72732717b,80,3192.0,2022-12-09 22:43:55.257,2022-12-09 22:43:55.257
48c427e5-0e78-ed11-83d0-dbe72732717b,80,3952.0,2022-12-09 22:14:58.420,2022-12-09 22:14:58.420
010bd903-1178-ed11-83d0-dbe72732717b,80,3116.0,2022-12-09 22:30:03.523,2022-12-09 22:30:03.523
9dfd1101-0050-fc61-4d24-08de293c3f3c,80,3877.0,2025-11-21 20:26:27.147,2025-11-21 20:26:27.147
eabe1d01-0050-fc61-667a-08de293eda4a,80,2399.2,2025-11-21 20:45:06.160,2025-11-21 20:45:06.160
9e008f7b-f8c1-ea11-a9ce-0a593f791696,80,3800.0,2020-07-09 15:31:32.610,2020-07-09 15:31:32.610
02150c01-0050-fc61-51d9-08de293affce,80,2399.2,2025-11-21 20:17:31.117,2025-11-21 20:17:31.117
32a03c52-1178-ed11-83d0-dbe72732717b,80,3116.0,2022-12-09 22:32:16.707,2022-12-09 22:32:16.707
eaa80801-0050-fc61-288e-08de293a4a4c,80,3877.0,2025-11-21 20:12:26.630,2025-11-21 20:12:26.630
eac4ef93-11d0-ea11-828c-cd0b241fdad6,80,7296.0,2020-07-27 14:10:45.743,2020-07-27 14:10:45.743
48c51001-0050-fc61-3f67-08de293bfdf4,80,4779.2,2025-11-21 20:24:37.533,2025-11-21 20:24:37.533
1de15b55-1278-ed11-83d0-dbe72732717b,80,3116.0,2022-12-09 22:39:33.200,2022-12-09 22:39:33.200
545b0801-0023-b011-ba6d-08de6d7b37f9,80,8925.28,2026-02-16 16:53:18.053,2026-02-16 16:53:18.053
bbdb59b5-1478-ed11-83d0-dbe72732717b,80,2090.0,2022-12-09 22:56:32.680,2022-12-09 22:56:32.680
381b2b22-c5d1-ea11-828c-b57555799727,80,7296.0,2020-07-29 18:01:39.680,2020-07-29 18:01:39.680
54590901-0050-fc61-d63f-08de293a6eb0,80,3859.2,2025-11-21 20:13:27.647,2025-11-21 20:13:27.647
955128c4-1378-ed11-83d0-dbe72732717b,80,3952.0,2022-12-09 22:49:48.077,2022-12-09 22:49:48.077
ea9f437d-dad0-ea11-828c-b57555799727,80,5776.0,2020-07-28 14:04:56.317,2020-07-28 14:04:56.317
5595218e-0f78-ed11-83d0-dbe72732717b,80,3192.0,2022-12-09 22:19:33.790,2022-12-09 22:19:33.790
a72d7f09-1578-ed11-83d0-dbe72732717b,80,2090.0,2022-12-09 22:58:53.507,2022-12-09 22:58:53.507
950d8b0c-1478-ed11-83d0-dbe72732717b,80,3192.0,2022-12-09 22:51:48.497,2022-12-09 22:51:48.497
cbd2e89d-1678-ed11-83d0-dbe72732717b,80,2090.0,2022-12-09 23:10:14.107,2022-12-09 23:10:14.107
ea9a5fdf-1478-ed11-83d0-dbe72732717b,80,2090.0,2022-12-09 22:57:38.503,2022-12-09 22:57:38.503
a72b1101-0050-fc61-ed1a-08de293c1304,80,4779.2,2025-11-21 20:25:12.847,2025-11-21 20:25:12.847
a7362203-0f78-ed11-83d0-dbe72732717b,80,3724.0,2022-12-09 22:15:46.697,2022-12-09 22:15:46.697
4242162d-15d0-ea11-828c-cd0b241fdad6,80,7296.0,2020-07-27 14:31:34.597,2020-07-27 14:31:34.597
066607c8-1678-ed11-83d0-dbe72732717b,80,2090.0,2022-12-09 23:11:17.993,2022-12-09 23:11:17.993
cbcf3501-4ae2-ea11-828c-f8709861f8d2,80,3800.0,2020-08-19 18:30:52.287,2020-08-19 18:30:52.287
a8e00601-0050-fc61-46c9-08de2939e87f,80,6031.5,2025-11-21 20:09:42.480,2025-11-21 20:09:42.480
ea9c45b1-c2c2-ea11-a9ce-0a593f791696,80,3800.0,2020-07-10 15:37:57.407,2020-07-10 15:37:57.407
156f5db9-e6d1-ea11-828c-b57555799727,80,5776.0,2020-07-29 22:03:01.273,2020-07-29 22:03:01.273
bbd573d0-0f78-ed11-83d0-dbe72732717b,80,2850.0,2022-12-09 22:21:29.467,2022-12-09 22:21:29.467
156c9e26-d9d5-ea11-828c-c3297631124c,80,7144.0,2020-08-03 22:37:24.703,2020-08-03 22:37:24.703
94f20501-0050-fc61-32c3-08de2939b59f,80,14446.2,2025-11-21 20:08:17.157,2025-11-21 20:08:17.157
4185d28b-1678-ed11-83d0-dbe72732717b,80,2090.0,2022-12-09 23:09:40.903,2022-12-09 23:09:40.903
ea8ecfca-69d0-eb11-830a-c1c5c06c5978,80,7144.0,2021-06-18 19:17:44.980,2021-06-18 19:17:44.980
681c1601-0050-fc61-34e9-08de293d223a,80,2399.2,2025-11-21 20:32:47.943,2025-11-21 20:32:47.943
15632488-0f78-ed11-83d0-dbe72732717b,80,2603.0,2022-12-09 22:19:23.683,2022-12-09 22:19:23.683
48e41e01-0050-fc61-d4fb-08de293f2116,80,2399.2,2025-11-21 20:47:04.967,2025-11-21 20:47:04.967
b12e3d36-e483-ea11-a9ce-0a593f791696,80,13680.0,2020-04-21 15:28:16.743,2020-04-21 15:28:16.743
94fc1701-0050-fc61-b03b-08de293d894f,80,2399.2,2025-11-21 20:35:40.800,2025-11-21 20:35:40.800
424e1601-0050-fc61-2032-08de293d2d54,80,4779.2,2025-11-21 20:33:06.550,2025-11-21 20:33:06.550
27a41a01-0050-fc61-7f89-08de293e20dd,80,2399.2,2025-11-21 20:39:55.057,2025-11-21 20:39:55.057
9de7a00f-477b-ed11-83d0-dbe117b3817e,80,44619.6,2022-12-14 00:34:34.617,2022-12-14 00:34:34.617
bbbb1c01-0050-fc61-9d52-08de293e9f00,80,4750.8,2025-11-21 20:43:26.670,2025-11-21 20:43:26.670
47571b01-0050-fc61-a7c5-08de293e4d31,80,4750.8,2025-11-21 20:41:09.430,2025-11-21 20:41:09.430
ea7fae39-d1d8-ea11-828c-cf34c837d27a,80,5016.0,2020-08-07 17:17:37.133,2020-08-07 17:17:37.133
efad2101-0050-fc61-47ba-08de293fc8f4,80,21101.4,2025-11-21 20:51:46.620,2025-11-21 20:51:46.620
9e5011d1-b7e0-ea11-828c-fcb9b0fbbc3d,80,5472.0,2020-08-17 18:32:43.613,2020-08-17 18:32:43.613
94d93458-1178-ed11-83d0-dbe72732717b,80,2090.0,2022-12-09 22:32:23.367,2022-12-09 22:32:23.367
328b1101-0050-fc61-482c-08de293c2729,80,3877.0,2025-11-21 20:25:46.650,2025-11-21 20:25:46.650
1556f7a9-1678-ed11-83d0-dbe72732717b,80,2090.0,2022-12-09 23:10:32.187,2022-12-09 23:10:32.187
aa2b12ec-1678-ed11-83d0-dbe72732717b,80,3952.0,2022-12-09 23:12:26.787,2022-12-09 23:12:26.787
cf9d44dc-1378-ed11-83d0-dbe72732717b,80,3952.0,2022-12-09 22:50:30.967,2022-12-09 22:50:30.967
94b31601-1278-ed11-83d0-dbe72732717b,80,3724.0,2022-12-09 22:37:08.320,2022-12-09 22:37:08.320
bdfdedf4-1578-ed11-83d0-dbe72732717b,80,3116.0,2022-12-09 23:05:31.927,2022-12-09 23:05:31.927
efc2929a-bcc2-ea11-a9ce-0a593f791696,80,3800.0,2020-07-10 14:50:25.117,2020-07-10 14:50:25.117
9494629b-6102-ef11-8445-c55655ea3ba3,80,5928.0,2024-04-24 17:45:34.333,2024-04-24 17:45:34.333
94b70f01-0050-fc61-84e2-08de293bc39c,80,4708.8,2025-11-21 20:22:59.630,2025-11-21 20:22:59.630
94da4f14-c4d5-ea11-828c-c3297631124c,80,5776.0,2020-08-03 20:19:09.800,2020-08-03 20:19:09.800
182f5a43-fed7-ea11-828c-cf34c837d27a,80,5016.0,2020-08-06 16:08:42.277,2020-08-06 16:08:42.277
948aa025-1678-ed11-83d0-dbe72732717b,80,2090.0,2022-12-09 23:06:45.957,2022-12-09 23:06:45.957
f0d5830b-bec2-ea11-a9ce-0a593f791696,80,3800.0,2020-07-10 15:04:41.487,2020-07-10 15:04:41.487
07329d3a-d2bb-eb11-830a-a4b0d298b5f4,80,24016.0,2021-05-23 14:21:59.420,2021-05-23 14:21:59.420
d32c114c-64e5-ee11-8445-8b5781561de7,80,0.0,2024-03-18 20:16:29.470,2024-03-18 20:16:29.470
3e401d01-0050-fc61-2c03-08de293ebc5b,80,3877.0,2025-11-21 20:44:15.927,2025-11-21 20:44:15.927
bba6310e-efe2-ea11-828c-f8709861f8d2,80,3800.0,2020-08-20 14:12:44.887,2020-08-20 14:12:44.887
09e3bd2a-bec2-ea11-a9ce-0a593f791696,80,3800.0,2020-07-10 15:01:44.537,2020-07-10 15:01:44.537
a9294ea6-f8c1-ea11-a9ce-0a593f791696,80,3800.0,2020-07-09 15:29:53.627,2020-07-09 15:29:53.627
25ecbb9f-15cc-ee11-8445-cd69655e9431,80,4484.0,2024-02-15 15:19:47.290,2024-02-15 15:19:47.290
945c2301-0050-fc61-f4a0-08de294030d7,80,4779.2,2025-11-21 20:54:40.860,2025-11-21 20:54:40.860
ead97637-5dde-ea11-828c-dab48128a9c3,80,3800.0,2020-08-14 18:45:42.093,2020-08-14 18:45:42.093
9455e39b-1784-ea11-a9ce-0a593f791696,80,13680.0,2020-04-21 21:35:13.783,2020-04-21 21:35:13.783
3a601c01-0050-fc61-4928-08de293e87b2,80,2399.2,2025-11-21 20:42:47.600,2025-11-21 20:42:47.600
9456d3af-45d3-ea11-828c-b4e2a79c59ea,80,7296.0,2020-07-31 15:53:14.103,2020-07-31 15:53:14.103
bbe007ec-0590-79c7-40a4-08dda92fee48,80,0.0,2025-06-11 21:42:30.987,2025-06-11 21:42:30.987
944d0601-0050-fc61-4d50-08de2939c9e9,80,4916.2,2025-11-21 20:08:51.197,2025-11-21 20:08:51.197
944c2101-0050-fc61-2d4a-08de293fb43b,80,2399.2,2025-11-21 20:51:11.817,2025-11-21 20:51:11.817
ad8b1b01-0050-fc61-6cc8-08de293e58dd,80,4916.2,2025-11-21 20:41:29.017,2025-11-21 20:41:29.017
6bd4b997-1278-ed11-83d0-dbe72732717b,80,3914.0,2022-12-09 22:41:27.967,2022-12-09 22:41:27.967
153d1c01-0050-fc61-7320-08de293e8084,80,6275.6,2025-11-21 20:42:35.530,2025-11-21 20:42:35.530
32ab5a70-1778-ed11-83d0-dbe72732717b,80,3952.0,2022-12-09 23:16:06.083,2022-12-09 23:16:06.083
f31c0601-0050-fc61-b346-08de2939bfcd,80,27911.0,2025-11-21 20:08:34.237,2025-11-21 20:08:34.237
f2495f46-1778-ed11-83d0-dbe72732717b,80,3724.0,2022-12-09 23:14:53.283,2022-12-09 23:14:53.283
f39e1a01-0050-fc61-a229-08de293e1f6d,80,3877.0,2025-11-21 20:39:52.680,2025-11-21 20:39:52.680
47b022bb-0e78-ed11-83d0-dbe72732717b,80,2603.0,2022-12-09 22:13:44.493,2022-12-09 22:13:44.493
41811b01-0050-fc61-b599-08de293e56a8,80,2399.2,2025-11-21 20:41:25.313,2025-11-21 20:41:25.313
564c0801-0050-fc61-1c7a-08de293a367f,80,4916.2,2025-11-21 20:11:53.383,2025-11-21 20:11:53.383
ea8b61e5-1478-ed11-83d0-dbe72732717b,80,2090.0,2022-12-09 22:57:49.817,2022-12-09 22:57:49.817
6bebbd8b-1278-ed11-83d0-dbe72732717b,80,2850.0,2022-12-09 22:41:04.607,2022-12-09 22:41:04.607
bd9fa1b6-a2d5-ea11-828c-c3297631124c,80,7144.0,2020-08-03 16:10:45.110,2020-08-03 16:10:45.110
9435972e-d2bb-eb11-830a-a4b0d298b5f4,80,28120.0,2021-05-23 14:21:40.777,2021-05-23 14:21:40.777
9434e874-e17b-ed11-83d0-d526d65c5b2e,80,0.0,2022-12-14 18:59:48.570,2022-12-14 18:59:48.570
ea504e2a-debd-eb11-830a-d742523585ac,80,0.0,2021-05-26 04:53:03.277,2021-05-26 04:53:03.277
67bf93e2-0f78-ed11-83d0-dbe72732717b,80,3192.0,2022-12-09 22:21:59.233,2022-12-09 22:21:59.233
25dd1301-0050-fc61-e6fa-08de293ca855,80,3877.0,2025-11-21 20:29:23.480,2025-11-21 20:29:23.480
a6ef1401-0050-fc61-3d43-08de293ce1e5,80,3877.0,2025-11-21 20:30:59.963,2025-11-21 20:30:59.963
25e1854d-a4d1-ea11-828c-b57555799727,80,7296.0,2020-07-29 14:07:08.810,2020-07-29 14:07:08.810
15272101-0050-fc61-a71d-08de293faab0,80,38353.64,2025-11-21 20:50:55.820,2025-11-21 20:50:55.820
bb7028a6-1378-ed11-83d0-dbe72732717b,80,3952.0,2022-12-09 22:48:52.147,2022-12-09 22:48:52.147
6c1c1e01-0050-fc61-97aa-08de293eef2e,80,14446.2,2025-11-21 20:45:41.260,2025-11-21 20:45:41.260
93fe0801-0050-fc61-67eb-08de293a5b5c,80,4750.8,2025-11-21 20:12:55.247,2025-11-21 20:12:55.247
93f627bf-c5ca-eb11-830a-e63fe982fa52,80,7296.0,2021-06-11 15:07:54.063,2021-06-11 15:07:54.063
09361925-1278-ed11-83d0-dbe72732717b,80,3914.0,2022-12-09 22:38:14.423,2022-12-09 22:38:14.423
a6e49e83-71d2-ea11-828c-b4e2a79c59ea,80,7144.0,2020-07-30 14:33:18.190,2020-07-30 14:33:18.190
326387d0-1578-ed11-83d0-dbe72732717b,80,2090.0,2022-12-09 23:04:30.063,2022-12-09 23:04:30.063
bb601801-0050-fc61-82aa-08de293d9eeb,80,2399.2,2025-11-21 20:36:17.050,2025-11-21 20:36:17.050
4b520601-0050-fc61-0743-08de2939cadf,80,7716.8,2025-11-21 20:08:52.860,2025-11-21 20:08:52.860
ea3d9d3a-d2bb-eb11-830a-a4b0d298b5f4,80,24016.0,2021-05-23 14:22:05.287,2021-05-23 14:22:05.287
ea36135b-1478-ed11-83d0-dbe72732717b,80,2850.0,2022-12-09 22:53:59.273,2022-12-09 22:53:59.273
ea01b75e-57e2-ea11-828c-f8709861f8d2,80,3800.0,2020-08-19 20:10:27.910,2020-08-19 20:10:27.910
93ca0e01-0050-fc61-3018-08de293b93a1,80,3877.0,2025-11-21 20:21:39.117,2025-11-21 20:21:39.117
cb9be509-1378-ed11-83d0-dbe72732717b,80,3914.0,2022-12-09 22:44:36.430,2022-12-09 22:44:36.430
67a71221-c9e0-ea11-828c-fcb9b0fbbc3d,80,5472.0,2020-08-17 20:55:25.570,2020-08-17 20:55:25.570
25cc1f01-0050-fc61-4b06-08de293f5776,80,21101.4,2025-11-21 20:48:36.180,2025-11-21 20:48:36.180
cb8b1201-0050-fc61-161c-08de293c5dd9,80,6275.6,2025-11-21 20:27:18.600,2025-11-21 20:27:18.600
a6d8264c-1178-ed11-83d0-dbe72732717b,80,3192.0,2022-12-09 22:32:05.393,2022-12-09 22:32:05.393
e9f11501-0050-fc61-c215-08de293d192e,80,4538.6,2025-11-21 20:32:32.700,2025-11-21 20:32:32.700
938c1001-0050-fc61-306a-08de293bf1c3,80,16580.2,2025-11-21 20:24:17.050,2025-11-21 20:24:17.050
e9ecb412-b5d1-ea11-828c-b57555799727,80,5776.0,2020-07-29 16:06:41.700,2020-07-29 16:06:41.700
6c500c01-0050-fc61-9383-08de293b0e1c,80,3877.0,2025-11-21 20:17:55.163,2025-11-21 20:17:55.163
ea44e194-1178-ed11-83d0-dbe72732717b,80,3116.0,2022-12-09 22:34:04.993,2022-12-09 22:34:04.993
cba31401-0050-fc61-f7c7-08de293cd2de,80,3431.4,2025-11-21 20:30:34.820,2025-11-21 20:30:34.820
f0c1897f-93d2-ea11-828c-b4e2a79c59ea,80,5016.0,2020-07-30 18:38:30.043,2020-07-30 18:38:30.043
bb4caf1e-1478-ed11-83d0-dbe72732717b,80,2090.0,2022-12-09 22:52:23.850,2022-12-09 22:52:23.850
09eb3306-0dd1-ea11-828c-b57555799727,80,7296.0,2020-07-28 20:02:32.737,2020-07-28 20:02:32.737
2803e70f-1378-ed11-83d0-dbe72732717b,80,3116.0,2022-12-09 22:44:45.673,2022-12-09 22:44:45.673
93781334-cbe0-ea11-828c-fcb9b0fbbc3d,80,5472.0,2020-08-17 20:58:33.717,2020-08-17 20:58:33.717
937c4c3a-1778-ed11-83d0-dbe72732717b,80,3952.0,2022-12-09 23:14:37.700,2022-12-09 23:14:37.700
27bb6d65-32d0-ea11-828c-b57555799727,80,7144.0,2020-07-27 17:58:31.160,2020-07-27 17:58:31.160
67801201-0050-fc61-117e-08de293c5a60,80,3877.0,2025-11-21 20:27:12.557,2025-11-21 20:27:12.557
56ab1601-1278-ed11-83d0-dbe72732717b,80,3116.0,2022-12-09 22:37:05.897,2022-12-09 22:37:05.897
2ac92001-0050-fc61-be9d-08de293f9321,80,3877.0,2025-11-21 20:50:16.300,2025-11-21 20:50:16.300
6c5f9486-50de-ea11-828c-dab48128a9c3,80,5776.0,2020-08-14 17:36:27.683,2020-08-14 17:36:27.683
9367dfd2-bcc2-ea11-a9ce-0a593f791696,80,3800.0,2020-07-10 14:52:17.870,2020-07-10 14:52:17.870
4955f430-1078-ed11-83d0-dbe72732717b,80,2603.0,2022-12-09 22:24:14.177,2022-12-09 22:24:14.177
02ef0001-0051-167a-cb51-08de69cb4b36,80,38228.0,2026-02-12 00:14:02.657,2026-02-12 00:14:02.657
676ef914-5395-ea11-a9ce-0a593f791696,80,12160.0,2020-05-13 20:01:20.413,2020-05-13 20:01:20.413
e9e2c94b-f28b-ea11-a9ce-0a593f791696,80,12160.0,2020-05-01 21:36:56.823,2020-05-01 21:36:56.823
67729add-42d0-ea11-828c-b57555799727,80,5776.0,2020-07-27 20:07:38.613,2020-07-27 20:07:38.613
6769567f-0fd0-ea11-828c-cd0b241fdad6,80,6688.0,2020-07-27 13:52:48.527,2020-07-27 13:52:48.527
25a3ee1e-d6dc-ea11-828c-dab48128a9c3,80,5472.0,2020-08-12 20:08:23.357,2020-08-12 20:08:23.357
324b1f01-0050-fc61-6dc5-08de293f3927,80,3877.0,2025-11-21 20:47:45.343,2025-11-21 20:47:45.343
e9d051ca-35d3-ea11-828c-b4e2a79c59ea,80,7144.0,2020-07-31 14:08:02.233,2020-07-31 14:08:02.233
2a141301-0050-fc61-0860-08de293c7e07,80,3877.0,2025-11-21 20:28:12.387,2025-11-21 20:28:12.387
aced1601-0050-fc61-ad36-08de293d50ca,80,2399.2,2025-11-21 20:34:05.970,2025-11-21 20:34:05.970
934020e0-1678-ed11-83d0-dbe72732717b,80,2090.0,2022-12-09 23:12:00.190,2022-12-09 23:12:00.190
9362c17f-1278-ed11-83d0-dbe72732717b,80,3192.0,2022-12-09 22:40:46.170,2022-12-09 22:40:46.170
4ad61d01-0050-fc61-6fc5-08de293edff8,80,19114.0,2025-11-21 20:45:15.717,2025-11-21 20:45:15.717
e9e9bbbc-13e3-ea11-828c-f8709861f8d2,80,3800.0,2020-08-20 18:37:08.200,2020-08-20 18:37:08.200
cb806ef7-1478-ed11-83d0-dbe72732717b,80,2090.0,2022-12-09 22:58:27.347,2022-12-09 22:58:27.347
6768dd48-6689-ea11-a9ce-0a593f791696,80,13680.0,2020-04-28 15:46:26.757,2020-04-28 15:46:26.757
e9d21501-0050-fc61-d3fe-08de293d1249,80,2399.2,2025-11-21 20:32:21.110,2025-11-21 20:32:21.110
2af32001-0050-fc61-f196-08de293f9e3c,80,3877.0,2025-11-21 20:50:35.027,2025-11-21 20:50:35.027
94398aca-1578-ed11-83d0-dbe72732717b,80,2090.0,2022-12-09 23:04:12.423,2022-12-09 23:04:12.423
472050e8-1378-ed11-83d0-dbe72732717b,80,3914.0,2022-12-09 22:50:48.683,2022-12-09 22:50:48.683
063870be-0f78-ed11-83d0-dbe72732717b,80,2090.0,2022-12-09 22:21:03.140,2022-12-09 22:21:03.140
471f123b-21d0-ea11-828c-feca9a38b713,80,7296.0,2020-07-27 15:59:01.997,2020-07-27 15:59:01.997
bafee5f7-1278-ed11-83d0-dbe72732717b,80,2850.0,2022-12-09 22:44:06.513,2022-12-09 22:44:06.513
37501901-0050-fc61-f409-08de293dd3fd,80,14446.2,2025-11-21 20:37:46.103,2025-11-21 20:37:46.103
93141901-0050-fc61-94ea-08de293dc66a,80,19140.2,2025-11-21 20:37:23.363,2025-11-21 20:37:23.363
bb0b1e01-0050-fc61-8d28-08de293eec1d,80,23423.2,2025-11-21 20:45:36.057,2025-11-21 20:45:36.057
e9b20801-0050-fc61-f3f7-08de293a4c17,80,4779.2,2025-11-21 20:12:29.637,2025-11-21 20:12:29.637
25971c01-0050-fc61-53aa-08de293e9540,80,3877.0,2025-11-21 20:43:10.350,2025-11-21 20:43:10.350
a6d7a957-1578-ed11-83d0-dbe72732717b,80,3724.0,2022-12-09 23:00:59.553,2022-12-09 23:00:59.553
f5848eee-0f78-ed11-83d0-dbe72732717b,80,3914.0,2022-12-09 22:22:17.950,2022-12-09 22:22:17.950
9308a00d-1678-ed11-83d0-dbe72732717b,80,2090.0,2022-12-09 23:06:04.443,2022-12-09 23:06:04.443
322c1401-0050-fc61-b98d-08de293cb879,80,3877.0,2025-11-21 20:29:50.433,2025-11-21 20:29:50.433
673f0c01-0050-fc61-7408-08de293b0a56,80,4494.8,2025-11-21 20:17:48.780,2025-11-21 20:17:48.780
a6d0b997-1278-ed11-83d0-dbe72732717b,80,2090.0,2022-12-09 22:41:26.480,2022-12-09 22:41:26.480
6cb81601-0050-fc61-a745-08de293d4575,80,2399.2,2025-11-21 20:33:47.830,2025-11-21 20:33:47.830
27bf0701-0050-fc61-4857-08de293a19be,80,3877.0,2025-11-21 20:11:05.133,2025-11-21 20:11:05.133
bb181b01-0050-fc61-4d36-08de293e3e6b,80,4505.8,2025-11-21 20:40:44.677,2025-11-21 20:40:44.677
14df3064-1178-ed11-83d0-dbe72732717b,80,3116.0,2022-12-09 22:32:47.713,2022-12-09 22:32:47.713
bb781201-0050-fc61-7a9d-08de293c5889,80,4916.2,2025-11-21 20:27:09.433,2025-11-21 20:27:09.433
92f46d0e-e1d0-ea11-828c-b57555799727,80,5016.0,2020-07-28 14:47:08.603,2020-07-28 14:47:08.603
47181e01-0050-fc61-5f46-08de293eee72,80,2399.2,2025-11-21 20:45:39.980,2025-11-21 20:45:39.980
e9563a5b-1078-ed11-83d0-dbe72732717b,80,3724.0,2022-12-09 22:25:24.213,2022-12-09 22:25:24.213
3220a115-1578-ed11-83d0-dbe72732717b,80,2090.0,2022-12-09 22:59:13.140,2022-12-09 22:59:13.140
e961e5c5-27c2-ea11-a9ce-0a593f791696,80,3800.0,2020-07-09 21:06:36.987,2020-07-09 21:06:36.987
92e2e6d9-0cd1-ea11-828c-b57555799727,80,7296.0,2020-07-28 20:09:42.517,2020-07-28 20:09:42.517
92d49bc7-1078-ed11-83d0-dbe72732717b,80,3914.0,2022-12-09 22:28:19.827,2022-12-09 22:28:19.827
d4dccf5e-d2bb-eb11-830a-a4b0d298b5f4,80,28120.0,2021-05-23 14:23:07.970,2021-05-23 14:23:07.970
258b1d01-0050-fc61-449a-08de293ecf15,80,4916.2,2025-11-21 20:44:47.337,2025-11-21 20:44:47.337
a69ff598-d6bd-eb11-830a-d742523585ac,80,0.0,2021-05-26 03:58:55.453,2021-05-26 03:58:55.453
92f98e28-d2bb-eb11-830a-a4b0d298b5f4,80,24016.0,2021-05-23 14:21:36.173,2021-05-23 14:21:36.173
cb50e009-1178-ed11-83d0-dbe72732717b,80,3952.0,2022-12-09 22:30:20.177,2022-12-09 22:30:20.177
41508b55-7787-ea11-a9ce-0a593f791696,80,15200.0,2020-04-26 04:37:53.077,2020-04-26 04:37:53.077
062e805d-53de-ea11-828c-dab48128a9c3,80,5472.0,2020-08-14 17:35:37.080,2020-08-14 17:35:37.080
e9500a88-1578-ed11-83d0-dbe72732717b,80,2090.0,2022-12-09 23:02:21.907,2022-12-09 23:02:21.907
3a1e4aac-0f78-ed11-83d0-dbe72732717b,80,3192.0,2022-12-09 22:20:29.107,2022-12-09 22:20:29.107
b1040db9-1178-ed11-83d0-dbe72732717b,80,3116.0,2022-12-09 22:35:12.470,2022-12-09 22:35:12.470
3744268e-1378-ed11-83d0-dbe72732717b,80,3914.0,2022-12-09 22:48:21.180,2022-12-09 22:48:21.180
257a324a-ffd7-ea11-828c-cf34c837d27a,80,3800.0,2020-08-06 16:10:53.867,2020-08-06 16:10:53.867
53dc0f01-0050-fc61-8a65-08de293bcc27,80,2399.2,2025-11-21 20:23:14.040,2025-11-21 20:23:14.040
b1027551-0f78-ed11-83d0-dbe72732717b,80,3952.0,2022-12-09 22:17:53.920,2022-12-09 22:17:53.920
cb4fa794-92d6-ea11-828c-c3297631124c,80,5016.0,2020-08-04 20:46:30.113,2020-08-04 20:46:30.113
92b9734b-0f78-ed11-83d0-dbe72732717b,80,3724.0,2022-12-09 22:17:45.847,2022-12-09 22:17:45.847
92b28ad6-1578-ed11-83d0-dbe72732717b,80,3192.0,2022-12-09 23:04:35.553,2022-12-09 23:04:35.553
cb32af1e-1478-ed11-83d0-dbe72732717b,80,3952.0,2022-12-09 22:52:15.070,2022-12-09 22:52:15.070
92a80d01-0050-fc61-e3a8-08de293b5897,80,4779.2,2025-11-21 20:20:00.093,2025-11-21 20:20:00.093
92a8daf1-1278-ed11-83d0-dbe72732717b,80,2850.0,2022-12-09 22:43:52.690,2022-12-09 22:43:52.690
e9411901-0050-fc61-9f01-08de293dcfb6,80,19114.0,2025-11-21 20:37:38.930,2025-11-21 20:37:38.930
b35758ee-1378-ed11-83d0-dbe72732717b,80,3116.0,2022-12-09 22:51:00.580,2022-12-09 22:51:00.580
929e48f8-32cc-ea11-828c-cd0b241fdad6,80,7296.0,2020-07-22 15:51:55.567,2020-07-22 15:51:55.567
671af28e-a3d3-ea11-828c-b4e2a79c59ea,80,7296.0,2020-08-01 03:09:29.347,2020-08-01 03:09:29.347
bade1001-0050-fc61-384f-08de293c02f7,80,4708.8,2025-11-21 20:24:45.907,2025-11-21 20:24:45.907
41501101-0050-fc61-2f55-08de293c1abd,80,3877.0,2025-11-21 20:25:25.820,2025-11-21 20:25:25.820
cb3023ca-1378-ed11-83d0-dbe72732717b,80,3952.0,2022-12-09 22:49:59.157,2022-12-09 22:49:59.157
4298d2f2-a4d2-ea11-828c-b4e2a79c59ea,80,7296.0,2020-07-30 20:42:58.980,2020-07-30 20:42:58.980
320a2301-0050-fc61-5d77-08de29401cef,80,3877.0,2025-11-21 20:54:07.450,2025-11-21 20:54:07.450
6715aae9-90c0-ee11-8445-f83443273b6c,80,39368.0,2024-01-31 23:33:24.510,2024-01-31 23:33:24.510
6d2fc055-1678-ed11-83d0-dbe72732717b,80,2090.0,2022-12-09 23:08:09.810,2022-12-09 23:08:09.810
9277a746-d2bb-eb11-830a-a4b0d298b5f4,80,28120.0,2021-05-23 14:22:26.170,2021-05-23 14:22:26.170
acd70c01-0050-fc61-4d3e-08de293b2bb8,80,3465.0,2025-11-21 20:18:44.807,2025-11-21 20:18:44.807
6d170e01-0050-fc61-5d7e-08de293b6f8c,80,23423.2,2025-11-21 20:20:38.603,2025-11-21 20:20:38.603
57097e2c-d0e3-ea11-828c-f8709861f8d2,80,3800.0,2020-08-21 17:07:15.863,2020-08-21 17:07:15.863
b2018b0c-1478-ed11-83d0-dbe72732717b,80,3116.0,2022-12-09 22:51:44.250,2022-12-09 22:51:44.250
be532117-23d0-ea11-828c-b57555799727,80,7296.0,2020-07-27 16:08:55.310,2020-07-27 16:08:55.310
e9239433-1578-ed11-83d0-dbe72732717b,80,2090.0,2022-12-09 23:00:08.287,2022-12-09 23:00:08.287
4d390d01-0050-fc61-6db7-08de293b40dc,80,3877.0,2025-11-21 20:19:20.243,2025-11-21 20:19:20.243
09232e02-93d5-ea11-828c-c3297631124c,80,5016.0,2020-08-03 14:16:42.473,2020-08-03 14:16:42.473
cb2f1801-0050-fc61-7b6c-08de293d9428,80,47748.76,2025-11-21 20:35:59.003,2025-11-21 20:35:59.003
6d3a1b01-0050-fc61-e4f1-08de293e467d,80,7146.8,2025-11-21 20:40:58.220,2025-11-21 20:40:58.220
6d0c87fb-6bde-ea11-828c-dab48128a9c3,80,4636.0,2020-08-14 20:31:55.107,2020-08-14 20:31:55.107
3ab15fdf-1478-ed11-83d0-dbe72732717b,80,2090.0,2022-12-09 22:57:45.757,2022-12-09 22:57:45.757
46f18ddc-1578-ed11-83d0-dbe72732717b,80,3952.0,2022-12-09 23:04:49.840,2022-12-09 23:04:49.840
e9137e91-57e2-ea11-828c-f8709861f8d2,80,3800.0,2020-08-19 20:07:49.327,2020-08-19 20:07:49.327
1d794632-c4d5-ea11-828c-c3297631124c,80,5776.0,2020-08-03 20:10:33.020,2020-08-03 20:10:33.020
3749c2fa-2cd0-ea11-828c-b57555799727,80,7144.0,2020-07-27 17:22:25.053,2020-07-27 17:22:25.053
66fd0af0-0ad8-ea11-828c-cf34c837d27a,80,7296.0,2020-08-06 17:36:53.997,2020-08-06 17:36:53.997
53bf0f01-0050-fc61-fd60-08de293bc4db,80,4916.2,2025-11-21 20:23:01.680,2025-11-21 20:23:01.680
e91e0b01-0050-fc61-5b1f-08de293acc27,80,4494.8,2025-11-21 20:16:04.473,2025-11-21 20:16:04.473
6e8c9f4b-1578-ed11-83d0-dbe72732717b,80,2090.0,2022-12-09 23:00:44.037,2022-12-09 23:00:44.037
092003ef-1178-ed11-83d0-dbe72732717b,80,2850.0,2022-12-09 22:36:39.663,2022-12-09 22:36:39.663
46f9c1d9-1278-ed11-83d0-dbe72732717b,80,3914.0,2022-12-09 22:43:16.133,2022-12-09 22:43:16.133
53c2144c-d0cd-ea11-828c-cd0b241fdad6,80,7296.0,2020-07-24 17:11:39.657,2020-07-24 17:11:39.657
66f61e01-0050-fc61-be1f-08de293f24fc,80,14446.2,2025-11-21 20:47:11.593,2025-11-21 20:47:11.593
66e71101-0050-fc61-5b28-08de293c3b22,80,3877.0,2025-11-21 20:26:20.190,2025-11-21 20:26:20.190
b1041901-0050-fc61-d8f7-08de293dc27d,80,25669.0,2025-11-21 20:37:16.750,2025-11-21 20:37:16.750
14937096-02c2-ea11-a9ce-0a593f791696,80,3800.0,2020-07-09 16:43:30.650,2020-07-09 16:43:30.650
92592143-f1c2-ea11-a9ce-0a593f791696,80,3800.0,2020-07-10 21:11:31.183,2020-07-10 21:11:31.183
aa071301-0050-fc61-d2b5-08de293c7abe,80,3877.0,2025-11-21 20:28:06.923,2025-11-21 20:28:06.923
e903324d-2cd8-ea11-828c-cf34c837d27a,80,7144.0,2020-08-06 21:34:06.630,2020-08-06 21:34:06.630
cb236041-a9d5-ea11-828c-c3297631124c,80,5472.0,2020-08-03 17:01:34.483,2020-08-03 17:01:34.483
3befd8d3-c4d1-ea11-828c-b57555799727,80,5776.0,2020-07-29 18:13:27.410,2020-07-29 18:13:27.410
53be4061-1078-ed11-83d0-dbe72732717b,80,3724.0,2022-12-09 22:25:28.477,2022-12-09 22:25:28.477
cb1fca64-fad0-ea11-828c-b57555799727,80,7296.0,2020-07-28 17:47:52.553,2020-07-28 17:47:52.553
cb24d034-6389-ea11-a9ce-0a593f791696,80,15200.0,2020-04-28 15:28:24.257,2020-04-28 15:28:24.257
f0bf897f-869f-ee11-8445-bd75ecdf09de,80,40736.0,2023-12-20 22:27:20.817,2023-12-20 22:27:20.817
573f0d01-0050-fc61-90ae-08de293b41f2,80,3877.0,2025-11-21 20:19:22.100,2025-11-21 20:19:22.100
46e40701-0050-fc61-9882-08de293a2157,80,14446.2,2025-11-21 20:11:17.980,2025-11-21 20:11:17.980
e8f1d252-d37e-ec11-8350-d3131e7fd828,80,59908.0,2022-01-26 18:16:05.907,2022-01-26 18:16:05.907
9eb1b25b-3dd0-ea11-828c-b57555799727,80,7296.0,2020-07-27 19:34:50.697,2020-07-27 19:34:50.697
943ea2c1-1078-ed11-83d0-dbe72732717b,80,3952.0,2022-12-09 22:28:12.253,2022-12-09 22:28:12.253
e8f0faa3-57c5-eb11-830a-bb0d05ba387d,80,5016.0,2021-06-04 17:09:47.853,2021-06-04 17:09:47.853
66d22101-0050-fc61-c1a2-08de293fd0b3,80,2399.2,2025-11-21 20:51:59.607,2025-11-21 20:51:59.607
92230601-0050-fc61-1fe5-08de2939c178,80,41116.6,2025-11-21 20:08:37.057,2025-11-21 20:08:37.057
e8e82501-0050-fc61-69c5-08de2adb13fe,80,0.0,2025-11-23 21:55:55.617,2025-11-23 21:55:55.617
53ae0465-4dc8-ea11-828c-bbacfba5f3d6,80,6688.0,2020-07-17 16:53:17.450,2020-07-17 16:53:17.450
4dad8ad6-1578-ed11-83d0-dbe72732717b,80,3192.0,2022-12-09 23:04:33.777,2022-12-09 23:04:33.777
185e1301-0050-fc61-6f1d-08de293c8e09,80,3877.0,2025-11-21 20:28:39.257,2025-11-21 20:28:39.257
2a130582-0f78-ed11-83d0-dbe72732717b,80,3192.0,2022-12-09 22:19:16.237,2022-12-09 22:19:16.237
cb1d7f09-1578-ed11-83d0-dbe72732717b,80,2090.0,2022-12-09 22:58:48.657,2022-12-09 22:58:48.657
d50b1f01-0050-fc61-df5a-08de293f29d0,80,2399.2,2025-11-21 20:47:19.580,2025-11-21 20:47:19.580
bad80b01-0050-fc61-948b-08de293af2b3,80,4750.8,2025-11-21 20:17:09.143,2025-11-21 20:17:09.143
91f41e79-1478-ed11-83d0-dbe72732717b,80,3116.0,2022-12-09 22:54:48.143,2022-12-09 22:54:48.143
a97621b5-0e78-ed11-83d0-dbe72732717b,80,3724.0,2022-12-09 22:13:33.383,2022-12-09 22:13:33.383
31e50d01-0050-fc61-a0d9-08de293b64ff,80,4779.2,2025-11-21 20:20:20.937,2025-11-21 20:20:20.937
f0c5da86-43d7-ea11-828c-cf34c837d27a,80,5472.0,2020-08-05 17:47:02.253,2020-08-05 17:47:02.253
14d74216-16d0-ea11-828c-cd0b241fdad6,80,7296.0,2020-07-27 14:33:46.713,2020-07-27 14:33:46.713
b28128a6-1378-ed11-83d0-dbe72732717b,80,2090.0,2022-12-09 22:48:58.470,2022-12-09 22:48:58.470
e91fd18a-69de-ea11-828c-dab48128a9c3,80,5472.0,2020-08-14 20:15:27.540,2020-08-14 20:15:27.540
91d0a342-abdd-ea11-828c-dab48128a9c3,80,5472.0,2020-08-13 21:27:36.267,2020-08-13 21:27:36.267
91caa369-0f78-ed11-83d0-dbe72732717b,80,3952.0,2022-12-09 22:18:42.040,2022-12-09 22:18:42.040
146d14fe-1678-ed11-83d0-dbe72732717b,80,1957.0,2022-12-09 23:12:56.173,2022-12-09 23:12:56.173
146ba746-d2bb-eb11-830a-a4b0d298b5f4,80,24016.0,2021-05-23 14:22:19.577,2021-05-23 14:22:19.577
146c2101-0050-fc61-1018-08de293fbaf0,80,55304.0,2025-11-21 20:51:23.077,2025-11-21 20:51:23.077
06117ec4-c3a6-eb11-82e4-dcb8446b8653,80,5776.0,2021-04-26 19:15:59.337,2021-04-26 19:15:59.337
babf0f1c-1178-ed11-83d0-dbe72732717b,80,3914.0,2022-12-09 22:30:48.273,2022-12-09 22:30:48.273
bac31201-0050-fc61-a90f-08de293c6a5a,80,4916.2,2025-11-21 20:27:39.323,2025-11-21 20:27:39.323
91b39921-1578-ed11-83d0-dbe72732717b,80,2090.0,2022-12-09 22:59:28.613,2022-12-09 22:59:28.613
a6448322-11d0-ea11-828c-cd0b241fdad6,80,7296.0,2020-07-27 14:00:47.377,2020-07-27 14:00:47.377
1d568ce8-0f78-ed11-83d0-dbe72732717b,80,2850.0,2022-12-09 22:22:07.883,2022-12-09 22:22:07.883
41360d01-0050-fc61-2656-08de293b402c,80,3877.0,2025-11-21 20:19:19.097,2025-11-21 20:19:19.097
6da91b01-0050-fc61-7fe6-08de293e5fa8,80,21101.4,2025-11-21 20:41:40.410,2025-11-21 20:41:40.410
4b507578-fcd0-ea11-828c-b57555799727,80,7296.0,2020-07-28 18:04:11.207,2020-07-28 18:04:11.207
66b89f1b-1578-ed11-83d0-dbe72732717b,80,2090.0,2022-12-09 22:59:27.743,2022-12-09 22:59:27.743
6db4b571-b0d2-ea11-828c-b4e2a79c59ea,80,6688.0,2020-07-30 22:07:21.130,2020-07-30 22:07:21.130
001dfa54-1478-ed11-83d0-dbe72732717b,80,3116.0,2022-12-09 22:53:45.577,2022-12-09 22:53:45.577
37321b01-0050-fc61-3f4a-08de293e44c5,80,3431.4,2025-11-21 20:40:55.313,2025-11-21 20:40:55.313
14540f2e-1178-ed11-83d0-dbe72732717b,80,3116.0,2022-12-09 22:31:14.183,2022-12-09 22:31:14.183
6dc9ac1f-07e3-ea11-828c-f8709861f8d2,80,3800.0,2020-08-20 17:14:15.250,2020-08-20 17:14:15.250
e8820d01-0050-fc61-adbe-08de293b4f95,80,4779.2,2025-11-21 20:19:44.977,2025-11-21 20:19:44.977
a63f0601-0050-fc61-23a5-08de2939c726,80,20580.8,2025-11-21 20:08:46.583,2025-11-21 20:08:46.583
cab9bef8-f4e2-ea11-828c-f8709861f8d2,80,3800.0,2020-08-20 14:55:09.003,2020-08-20 14:55:09.003
e88944dc-1378-ed11-83d0-dbe72732717b,80,3724.0,2022-12-09 22:50:24.223,2022-12-09 22:50:24.223
e87a4d76-c9d6-ea11-828c-c3297631124c,80,6688.0,2020-08-05 03:29:07.567,2020-08-05 03:29:07.567
91849aca-37a0-ee11-8445-f66110f561f0,80,18050.0,2023-12-21 19:40:01.990,2023-12-21 19:40:01.990
9153be24-1478-ed11-83d0-dbe72732717b,80,3192.0,2022-12-09 22:52:30.723,2022-12-09 22:52:30.723
144bc04d-7cd2-ea11-828c-b4e2a79c59ea,80,5016.0,2020-07-30 15:59:40.983,2020-07-30 15:59:40.983
e88ed73f-17cc-ee11-8445-cd69655e9431,80,14706.0,2024-02-15 15:34:43.270,2024-02-15 15:34:43.270
1450de81-c6d1-ea11-828c-b57555799727,80,5776.0,2020-07-29 18:16:14.947,2020-07-29 18:16:14.947
31d20901-0050-fc61-6c65-08de293a878b,80,4779.2,2025-11-21 20:14:09.333,2025-11-21 20:14:09.333
6e031361-1478-ed11-83d0-dbe72732717b,80,3116.0,2022-12-09 22:54:07.063,2022-12-09 22:54:07.063
a6451701-0050-fc61-a648-08de293d6263,80,3554.0,2025-11-21 20:34:35.503,2025-11-21 20:34:35.503
144240f0-ddbd-eb11-830a-d742523585ac,80,0.0,2021-05-26 04:51:45.233,2021-05-26 04:51:45.233
29fb0701-0050-fc61-81bc-08de293a25e3,80,3859.2,2025-11-21 20:11:25.510,2025-11-21 20:11:25.510
495f1543-6cd2-ea11-828c-b4e2a79c59ea,80,7296.0,2020-07-30 14:08:53.367,2020-07-30 14:08:53.367
f22ff026-d6d8-ea11-828c-cf34c837d27a,80,5016.0,2020-08-07 17:53:09.943,2020-08-07 17:53:09.943
4a4af48e-debd-eb11-830a-d742523585ac,80,0.0,2021-05-26 04:56:11.327,2021-05-26 04:56:11.327
0a571e01-0050-fc61-6b84-08de293efcf8,80,3431.4,2025-11-21 20:46:04.343,2025-11-21 20:46:04.343
01f40701-0050-fc61-ea0e-08de293a248a,80,4750.8,2025-11-21 20:11:23.323,2025-11-21 20:11:23.323
91141bf1-0e78-ed11-83d0-dbe72732717b,80,3952.0,2022-12-09 22:15:19.080,2022-12-09 22:15:19.080
baab218e-0f78-ed11-83d0-dbe72732717b,80,3914.0,2022-12-09 22:19:41.247,2022-12-09 22:19:41.247
074d0c1d-a38e-ec11-8350-f9e42d383a1a,80,7600.0,2022-02-15 21:08:07.953,2022-02-15 21:08:07.953
e85c8963-0f78-ed11-83d0-dbe72732717b,80,3952.0,2022-12-09 22:18:28.497,2022-12-09 22:18:28.497
542ab2cd-1078-ed11-83d0-dbe72732717b,80,3724.0,2022-12-09 22:28:34.290,2022-12-09 22:28:34.290
e84b1a01-0050-fc61-8297-08de293e0d30,80,2399.2,2025-11-21 20:39:22.050,2025-11-21 20:39:22.050
0a5d9a39-1578-ed11-83d0-dbe72732717b,80,2090.0,2022-12-09 23:00:12.313,2022-12-09 23:00:12.313
252ac549-1678-ed11-83d0-dbe72732717b,80,3952.0,2022-12-09 23:07:52.903,2022-12-09 23:07:52.903
53815acd-1478-ed11-83d0-dbe72732717b,80,2090.0,2022-12-09 22:57:11.190,2022-12-09 22:57:11.190
90ee0c01-0050-fc61-8d08-08de293b301b,80,7716.8,2025-11-21 20:18:52.157,2025-11-21 20:18:52.157
ba9cd180-e0d0-ea11-828c-b57555799727,80,5016.0,2020-07-28 14:44:40.617,2020-07-28 14:44:40.617
90fe2101-0050-fc61-bbba-08de293fdad2,80,2399.2,2025-11-21 20:52:16.587,2025-11-21 20:52:16.587
90ba1d9a-fecd-eb11-830a-ec86c785ce06,80,7144.0,2021-06-15 17:25:00.827,2021-06-15 17:25:00.827
bab0fe01-fed7-ea11-828c-cf34c837d27a,80,5016.0,2020-08-06 16:17:31.287,2020-08-06 16:17:31.287
e85cbe24-1478-ed11-83d0-dbe72732717b,80,2090.0,2022-12-09 22:52:33.720,2022-12-09 22:52:33.720
e827171c-12e3-ea11-828c-f8709861f8d2,80,3800.0,2020-08-20 18:23:18.380,2020-08-20 18:23:18.380
412533df-a1d5-ea11-828c-c3297631124c,80,3800.0,2020-08-03 16:02:10.990,2020-08-03 16:02:10.990
1420a86e-b4bf-eb11-830a-d742523585ac,80,0.0,2021-05-28 12:58:47.167,2021-05-28 12:58:47.167
90c90d01-0050-fc61-a5e2-08de293b5f6d,80,4708.8,2025-11-21 20:20:11.590,2025-11-21 20:20:11.590
e83c50f2-1ed1-ea11-828c-b57555799727,80,5776.0,2020-07-28 22:13:21.880,2020-07-28 22:13:21.880
aa991901-0050-fc61-5532-08de293de37e,80,4779.2,2025-11-21 20:38:12.110,2025-11-21 20:38:12.110
90a62840-1178-ed11-83d0-dbe72732717b,80,3952.0,2022-12-09 22:31:50.117,2022-12-09 22:31:50.117
6e1e1101-0050-fc61-afb4-08de293c0fda,80,3877.0,2025-11-21 20:25:07.537,2025-11-21 20:25:07.537
665a8963-0f78-ed11-83d0-dbe72732717b,80,3724.0,2022-12-09 22:18:27.633,2022-12-09 22:18:27.633
90a0771c-b4d2-ea11-828c-b4e2a79c59ea,80,5016.0,2020-07-30 22:36:04.810,2020-07-30 22:36:04.810
e8211101-0050-fc61-49e2-08de293c1095,80,23423.2,2025-11-21 20:25:08.807,2025-11-21 20:25:08.807
66530901-0050-fc61-f97d-08de293a6da4,80,2399.2,2025-11-21 20:13:25.877,2025-11-21 20:13:25.877
90970701-0050-fc61-da37-08de293a1196,80,2399.2,2025-11-21 20:10:51.493,2025-11-21 20:10:51.493
6e241601-0050-fc61-8594-08de293d23b0,80,1364.61,2025-11-21 20:32:50.327,2025-11-21 20:32:50.327
e825bc10-2392-ea11-a9ce-0a593f791696,80,12160.0,2020-05-09 18:45:05.527,2020-05-09 18:45:05.527
90819418-1478-ed11-83d0-dbe72732717b,80,3724.0,2022-12-09 22:52:03.787,2022-12-09 22:52:03.787
9082528b-1478-ed11-83d0-dbe72732717b,80,2090.0,2022-12-09 22:55:16.273,2022-12-09 22:55:16.273
e8155ec7-1478-ed11-83d0-dbe72732717b,80,2090.0,2022-12-09 22:57:06.737,2022-12-09 22:57:06.737
f21e9945-1578-ed11-83d0-dbe72732717b,80,2090.0,2022-12-09 23:00:32.943,2022-12-09 23:00:32.943
bab2c10e-48d0-ea11-828c-b57555799727,80,7296.0,2020-07-27 20:35:39.707,2020-07-27 20:35:39.707
46a71701-0050-fc61-4f82-08de293d74d3,80,2399.2,2025-11-21 20:35:06.450,2025-11-21 20:35:06.450
46b426fd-0e78-ed11-83d0-dbe72732717b,80,2090.0,2022-12-09 22:15:34.067,2022-12-09 22:15:34.067
29f5a42b-1678-ed11-83d0-dbe72732717b,80,3952.0,2022-12-09 23:06:55.717,2022-12-09 23:06:55.717
1409dd5f-fae2-ea11-828c-f8709861f8d2,80,3800.0,2020-08-20 15:34:53.707,2020-08-20 15:34:53.707
46a72201-0050-fc61-7b8f-08de294006bf,80,19114.0,2025-11-21 20:53:30.247,2025-11-21 20:53:30.247
b0dac5d3-1278-ed11-83d0-dbe72732717b,80,2850.0,2022-12-09 22:43:08.253,2022-12-09 22:43:08.253
e8d308bd-83d6-ea11-828c-c3297631124c,80,6688.0,2020-08-04 18:58:44.453,2020-08-04 18:58:44.453
9f3bbb3c-efc2-ea11-a9ce-0a593f791696,80,3800.0,2020-07-10 20:54:30.147,2020-07-10 20:54:30.147
030cd53c-1478-ed11-83d0-dbe72732717b,80,3952.0,2022-12-09 22:53:13.227,2022-12-09 22:53:13.227
a628667c-1178-ed11-83d0-dbe72732717b,80,3914.0,2022-12-09 22:33:32.720,2022-12-09 22:33:32.720
372e0058-ebd0-ea11-828c-b57555799727,80,7296.0,2020-07-28 16:10:10.167,2020-07-28 16:10:10.167
57ac0c01-0050-fc61-47ce-08de293b22a1,80,4916.2,2025-11-21 20:18:29.553,2025-11-21 20:18:29.553
a62938f2-c9b9-eb11-830a-a4b0d298b5f4,80,0.0,2021-05-21 00:19:16.300,2021-05-21 00:19:16.300
469a1f01-0050-fc61-69df-08de293f4cb2,80,4750.8,2025-11-21 20:48:18.123,2025-11-21 20:48:18.123
e7c81601-0050-fc61-8eaf-08de293d493b,80,7146.8,2025-11-21 20:33:53.317,2025-11-21 20:33:53.317
e7fd1601-0050-fc61-d7c1-08de293d545b,80,2399.2,2025-11-21 20:34:11.957,2025-11-21 20:34:11.957
aa671901-0050-fc61-beb3-08de293dd8a6,80,19114.0,2025-11-21 20:37:53.913,2025-11-21 20:37:53.913
e7f31301-0050-fc61-e3b9-08de293cad0f,80,3877.0,2025-11-21 20:29:31.283,2025-11-21 20:29:31.283
e78e1501-0050-fc61-2be0-08de293d0433,80,51474.84,2025-11-21 20:31:57.487,2025-11-21 20:31:57.487
904a1901-0050-fc61-40ab-08de293dd2ff,80,3877.0,2025-11-21 20:37:44.427,2025-11-21 20:37:44.427
e79e2501-0050-fc61-04f1-08de2adae009,80,0.0,2025-11-23 21:54:28.467,2025-11-23 21:54:28.467
e7aae2a0-1178-ed11-83d0-dbe72732717b,80,3914.0,2022-12-09 22:34:26.447,2022-12-09 22:34:26.447
ac53f436-1078-ed11-83d0-dbe72732717b,80,3914.0,2022-12-09 22:24:25.253,2022-12-09 22:24:25.253
0a741898-55d7-ea11-828c-cf34c837d27a,80,5776.0,2020-08-05 20:00:29.950,2020-08-05 20:00:29.950
901bbfb9-30e2-ea11-828c-f8709861f8d2,80,3800.0,2020-08-19 15:36:14.987,2020-08-19 15:36:14.987
ba801101-0050-fc61-7b8c-08de293c24f0,80,3431.4,2025-11-21 20:25:42.920,2025-11-21 20:25:42.920
ca4841b8-c1c2-ea11-a9ce-0a593f791696,80,3800.0,2020-07-10 15:31:06.730,2020-07-10 15:31:06.730
46931101-0050-fc61-052a-08de293c2888,80,3877.0,2025-11-21 20:25:48.973,2025-11-21 20:25:48.973
e78d1b01-0050-fc61-20df-08de293e593c,80,4916.2,2025-11-21 20:41:29.620,2025-11-21 20:41:29.620
534b1001-0050-fc61-2097-08de293be3ce,80,3465.0,2025-11-21 20:23:53.673,2025-11-21 20:23:53.673
a6178597-1078-ed11-83d0-dbe72732717b,80,3116.0,2022-12-09 22:27:06.427,2022-12-09 22:27:06.427
e76d4b6f-f980-ea11-a9ce-0a593f791696,80,13680.0,2020-04-17 22:24:30.750,2020-04-17 22:24:30.750
90039161-1278-ed11-83d0-dbe72732717b,80,2090.0,2022-12-09 22:39:47.497,2022-12-09 22:39:47.497
1d253cf4-46e6-ea11-828c-cc6f8230eb3e,80,3800.0,2020-08-24 20:19:18.770,2020-08-24 20:19:18.770
4c39fa54-1478-ed11-83d0-dbe72732717b,80,3952.0,2022-12-09 22:53:54.763,2022-12-09 22:53:54.763
3bf115a1-d5c9-ee11-8445-d746eec74329,80,0.0,2024-02-12 18:36:34.247,2024-02-12 18:36:34.247
e77d1a01-0050-fc61-f24a-08de293e187a,80,3877.0,2025-11-21 20:39:41.030,2025-11-21 20:39:41.030
ca2e50fe-ffdb-ea11-828c-a3b0b95dd4b2,80,5472.0,2020-08-11 18:29:24.843,2020-08-11 18:29:24.843
8feb972b-a890-ea11-a9ce-0a593f791696,80,13680.0,2020-05-07 21:21:00.640,2020-05-07 21:21:00.640
ca318159-cec2-ea11-a9ce-0a593f791696,80,3800.0,2020-07-10 17:03:53.833,2020-07-10 17:03:53.833
01ebec70-11d0-ea11-828c-cd0b241fdad6,80,5776.0,2020-07-27 14:03:07.490,2020-07-27 14:03:07.490
a62f43a2-68de-ea11-828c-dab48128a9c3,80,5472.0,2020-08-14 20:02:38.850,2020-08-14 20:02:38.850
e7641801-0050-fc61-bcaf-08de293d9fa4,80,25669.0,2025-11-21 20:36:18.263,2025-11-21 20:36:18.263
8fd86f7c-1778-ed11-83d0-dbe72732717b,80,3724.0,2022-12-09 23:16:28.180,2022-12-09 23:16:28.180
3d321925-1278-ed11-83d0-dbe72732717b,80,3116.0,2022-12-09 22:38:12.977,2022-12-09 22:38:12.977
ca340701-0050-fc61-3ec1-08de2939fb39,80,3859.2,2025-11-21 20:10:13.930,2025-11-21 20:10:13.930
ca36fa54-1478-ed11-83d0-dbe72732717b,80,3116.0,2022-12-09 22:53:54.027,2022-12-09 22:53:54.027
1d1b1c01-0050-fc61-1cc4-08de293e78e1,80,4779.2,2025-11-21 20:42:22.743,2025-11-21 20:42:22.743
8fbbd0b5-1278-ed11-83d0-dbe72732717b,80,3914.0,2022-12-09 22:42:17.237,2022-12-09 22:42:17.237
ba4437b1-5dd7-ea11-828c-cf34c837d27a,80,3800.0,2020-08-05 20:57:26.160,2020-08-05 20:57:26.160
374006c2-1678-ed11-83d0-dbe72732717b,80,2090.0,2022-12-09 23:11:14.663,2022-12-09 23:11:14.663
65dd7dd8-2ac1-ea11-a9ce-0a593f791696,80,3800.0,2020-07-08 14:59:02.633,2020-07-08 14:59:02.633
e729a524-32d0-ea11-828c-b57555799727,80,5396.0,2020-07-27 18:01:39.513,2020-07-27 18:01:39.513
e7240582-0f78-ed11-83d0-dbe72732717b,80,2850.0,2022-12-09 22:19:22.833,2022-12-09 22:19:22.833
e7272e9c-91d5-ea11-828c-b4e2a79c59ea,80,5472.0,2020-08-03 14:11:10.963,2020-08-03 14:11:10.963
b0bb1a01-0050-fc61-3f67-08de293e26ef,80,45635.68,2025-11-21 20:40:05.257,2025-11-21 20:40:05.257
8f976750-bec2-ea11-a9ce-0a593f791696,80,3800.0,2020-07-10 15:07:37.487,2020-07-10 15:07:37.487
ca691101-0050-fc61-faf2-08de293c203c,80,3877.0,2025-11-21 20:25:35.027,2025-11-21 20:25:35.027
e7460170-1378-ed11-83d0-dbe72732717b,80,2850.0,2022-12-09 22:47:30.753,2022-12-09 22:47:30.753
b0bc2201-0050-fc61-9ae0-08de29400c11,80,25669.0,2025-11-21 20:53:39.167,2025-11-21 20:53:39.167
317457e6-14e7-ea11-828c-929414703c5e,80,3800.0,2020-08-25 20:53:18.537,2020-08-25 20:53:18.537
31800901-0050-fc61-5d84-08de293a7694,80,3859.2,2025-11-21 20:13:40.887,2025-11-21 20:13:40.887
8f645ad3-1478-ed11-83d0-dbe72732717b,80,2090.0,2022-12-09 22:57:17.577,2022-12-09 22:57:17.577
65d68d54-4286-ea11-a9ce-0a593f791696,80,13680.0,2020-04-24 15:48:33.470,2020-04-24 15:48:33.470
8fc1942a-2ac1-ea11-a9ce-0a593f791696,80,3800.0,2020-07-08 14:56:07.577,2020-07-08 14:56:07.577
65db1601-0050-fc61-44d2-08de293d4d16,80,2399.2,2025-11-21 20:33:59.783,2025-11-21 20:33:59.783
4b42f44a-c6c2-ea11-a9ce-0a593f791696,80,3800.0,2020-07-10 16:02:19.567,2020-07-10 16:02:19.567
13c86ea8-f7c1-ea11-a9ce-0a593f791696,80,3800.0,2020-07-09 15:21:11.653,2020-07-09 15:21:11.653
e7141c01-0050-fc61-ac1e-08de293e7787,80,3431.4,2025-11-21 20:42:20.487,2025-11-21 20:42:20.487
8f0ca00d-1678-ed11-83d0-dbe72732717b,80,2090.0,2022-12-09 23:06:05.963,2022-12-09 23:06:05.963
8f25b7fa-0f78-ed11-83d0-dbe72732717b,80,2090.0,2022-12-09 22:22:36.553,2022-12-09 22:22:36.553
e8053909-0f78-ed11-83d0-dbe72732717b,80,3116.0,2022-12-09 22:15:50.590,2022-12-09 22:15:50.590
aa0b1101-0050-fc61-2036-08de293c0bc6,80,4708.8,2025-11-21 20:25:00.713,2025-11-21 20:25:00.713
41441001-0050-fc61-6ce5-08de293be257,80,4708.8,2025-11-21 20:23:51.153,2025-11-21 20:23:51.153
026bef3c-1078-ed11-83d0-dbe72732717b,80,3192.0,2022-12-09 22:24:30.327,2022-12-09 22:24:30.327
8ef91d01-0050-fc61-c745-08de293ee7c9,80,4916.2,2025-11-21 20:45:28.823,2025-11-21 20:45:28.823
ea651a01-0050-fc61-2705-08de293e1331,80,14446.2,2025-11-21 20:39:32.173,2025-11-21 20:39:32.173
08f68e28-d2bb-eb11-830a-a4b0d298b5f4,80,24016.0,2021-05-23 14:21:34.397,2021-05-23 14:21:34.397
8f27d4a9-1278-ed11-83d0-dbe72732717b,80,3914.0,2022-12-09 22:41:52.877,2022-12-09 22:41:52.877
2b3593d8-78d3-ea11-828c-b4e2a79c59ea,80,7144.0,2020-07-31 22:10:13.557,2020-07-31 22:10:13.557
562d1e01-0050-fc61-75e1-08de293ef308,80,16580.2,2025-11-21 20:45:47.673,2025-11-21 20:45:47.673
2b341501-0050-fc61-0487-08de293cf023,80,3877.0,2025-11-21 20:31:23.823,2025-11-21 20:31:23.823
8fc91101-0050-fc61-1951-08de293c3460,80,50526.0,2025-11-21 20:26:08.840,2025-11-21 20:26:08.840
07587988-1778-ed11-83d0-dbe72732717b,80,3724.0,2022-12-09 23:16:49.527,2022-12-09 23:16:49.527
03199d2d-1578-ed11-83d0-dbe72732717b,80,2090.0,2022-12-09 22:59:48.773,2022-12-09 22:59:48.773
f20d8597-1078-ed11-83d0-dbe72732717b,80,3724.0,2022-12-09 22:27:03.027,2022-12-09 22:27:03.027
13d6d675-a7dd-ea11-828c-dab48128a9c3,80,7296.0,2020-08-13 20:59:33.967,2020-08-13 20:59:33.967
f2f23d38-23e3-ea11-828c-f8709861f8d2,80,3800.0,2020-08-20 20:26:17.760,2020-08-20 20:26:17.760
b0c01001-0050-fc61-4dec-08de293bfd10,80,3877.0,2025-11-21 20:24:35.997,2025-11-21 20:24:35.997
05e0317a-7dd2-ea11-828c-b4e2a79c59ea,80,7144.0,2020-07-30 16:14:20.830,2020-07-30 16:14:20.830
00060c01-0050-fc61-311c-08de293afcbc,80,3877.0,2025-11-21 20:17:25.940,2025-11-21 20:17:25.940
d3940e01-0050-fc61-de43-08de293b893d,80,4708.8,2025-11-21 20:21:21.687,2025-11-21 20:21:21.687
f0bf5c4c-1778-ed11-83d0-dbe72732717b,80,2090.0,2022-12-09 23:14:59.570,2022-12-09 23:14:59.570
f3891801-0050-fc61-13a3-08de293da6df,80,4779.2,2025-11-21 20:36:30.400,2025-11-21 20:36:30.400
6ecbe833-1378-ed11-83d0-dbe72732717b,80,3914.0,2022-12-09 22:45:45.733,2022-12-09 22:45:45.733
27ce0e01-0050-fc61-af26-08de293b9441,80,2399.2,2025-11-21 20:21:40.193,2025-11-21 20:21:40.193
13af47c9-b4d2-ea11-828c-b4e2a79c59ea,80,7144.0,2020-07-30 22:40:51.653,2020-07-30 22:40:51.653
08f3ed45-1378-ed11-83d0-dbe72732717b,80,3116.0,2022-12-09 22:46:12.207,2022-12-09 22:46:12.207
a5f3a35c-1fe3-ea11-828c-f8709861f8d2,80,3800.0,2020-08-20 19:58:23.877,2020-08-20 19:58:23.877
6593d7be-d2d8-ea11-828c-cf34c837d27a,80,7144.0,2020-08-07 17:28:27.577,2020-08-07 17:28:27.577
65941201-0050-fc61-411f-08de293c5f9b,80,3877.0,2025-11-21 20:27:21.363,2025-11-21 20:27:21.363
b0ad1e01-0050-fc61-cbfd-08de293f1268,80,3431.4,2025-11-21 20:46:40.303,2025-11-21 20:46:40.303
8e8289e7-7b82-eb11-82e4-d7faa26908ea,80,7296.0,2021-03-11 15:12:47.637,2021-03-11 15:12:47.637
8e7d1f0d-1278-ed11-83d0-dbe72732717b,80,3914.0,2022-12-09 22:37:33.290,2022-12-09 22:37:33.290
a5f8d43c-1478-ed11-83d0-dbe72732717b,80,3116.0,2022-12-09 22:53:07.107,2022-12-09 22:53:07.107
37219433-1578-ed11-83d0-dbe72732717b,80,2090.0,2022-12-09 23:00:07.320,2022-12-09 23:00:07.320
e6e64c44-5a6a-eb11-82b1-d249468406d3,80,6688.0,2021-02-08 22:09:19.643,2021-02-08 22:09:19.643
139e0f01-0050-fc61-e3a0-08de293bbe80,80,2399.2,2025-11-21 20:22:51.033,2025-11-21 20:22:51.033
139bca02-e48f-ea11-a9ce-0a593f791696,80,13680.0,2020-05-06 21:57:25.687,2020-05-06 21:57:25.687
8e5eb249-c3d5-ea11-828c-c3297631124c,80,7144.0,2020-08-03 19:57:30.620,2020-08-03 19:57:30.620
e6ec1701-0050-fc61-cd89-08de293d8394,80,16580.2,2025-11-21 20:35:31.187,2025-11-21 20:35:31.187
65864298-07cd-ea11-828c-cd0b241fdad6,80,5776.0,2020-07-23 17:17:55.987,2020-07-23 17:17:55.987
8eb0a419-1678-ed11-83d0-dbe72732717b,80,0.0,2022-12-09 23:06:31.960,2022-12-09 23:06:31.960
29e0317a-7dd2-ea11-828c-b4e2a79c59ea,80,7144.0,2020-07-30 16:04:37.183,2020-07-30 16:04:37.183
657b6ef7-1478-ed11-83d0-dbe72732717b,80,2090.0,2022-12-09 22:58:25.703,2022-12-09 22:58:25.703
8e745c6a-1778-ed11-83d0-dbe72732717b,80,2090.0,2022-12-09 23:15:52.767,2022-12-09 23:15:52.767
532dd324-1078-ed11-83d0-dbe72732717b,80,3116.0,2022-12-09 22:23:53.990,2022-12-09 22:23:53.990
65a071fd-1478-ed11-83d0-dbe72732717b,80,2090.0,2022-12-09 22:58:35.133,2022-12-09 22:58:35.133
8e391d01-0050-fc61-5fa5-08de293ebb3a,80,3977.69,2025-11-21 20:44:14.060,2025-11-21 20:44:14.060
8e46dcf9-22d7-ea11-828c-cf34c837d27a,80,5472.0,2020-08-05 14:00:31.057,2020-08-05 14:00:31.057
580fa6c7-e0c3-ea11-a9ce-0a593f791696,80,3800.0,2020-07-12 01:43:55.547,2020-07-12 01:43:55.547
138cc496-d0bd-eb11-830a-d742523585ac,80,0.0,2021-05-26 03:16:02.767,2021-05-26 03:16:02.767
31507473-1078-ed11-83d0-dbe72732717b,80,3952.0,2022-12-09 22:25:58.240,2022-12-09 22:25:58.240
530cd357-6fa7-eb11-82e4-dcb8446b8653,80,5776.0,2021-04-27 15:45:33.203,2021-04-27 15:45:33.203
8e2a0601-0050-fc61-245d-08de2939c2bf,80,4916.2,2025-11-21 20:08:39.233,2025-11-21 20:08:39.233
e6d22835-31e3-ea11-828c-f8709861f8d2,80,3800.0,2020-08-20 22:05:46.000,2020-08-20 22:05:46.000
29db0c01-0050-fc61-0d38-08de293b2c5a,80,16580.2,2025-11-21 20:18:45.867,2025-11-21 20:18:45.867
8e2da115-1578-ed11-83d0-dbe72732717b,80,2090.0,2022-12-09 22:59:17.510,2022-12-09 22:59:17.510
a5e31b01-0050-fc61-4fc3-08de293e6c7b,80,25669.0,2025-11-21 20:42:01.937,2025-11-21 20:42:01.937
31491801-0050-fc61-c902-08de293d999d,80,2399.2,2025-11-21 20:36:08.173,2025-11-21 20:36:08.173
314f5b32-ccd1-ea11-828c-b57555799727,80,7144.0,2020-07-29 18:55:01.390,2020-07-29 18:55:01.390
8e1b1701-0050-fc61-4a76-08de293d5a02,80,2399.2,2025-11-21 20:34:21.480,2025-11-21 20:34:21.480
c9ea2101-0050-fc61-e813-08de293fd668,80,7146.8,2025-11-21 20:52:09.190,2025-11-21 20:52:09.190
39031d01-0050-fc61-a5e9-08de293eaeea,80,2399.2,2025-11-21 20:43:53.407,2025-11-21 20:43:53.407
8e14b2df-118b-ea11-a9ce-0a593f791696,80,13680.0,2020-04-30 18:42:46.343,2020-04-30 18:42:46.343
b0b01a4d-c4e0-ea11-828c-fcb9b0fbbc3d,80,5472.0,2020-08-17 20:06:19.453,2020-08-17 20:06:19.453
24c60d01-0050-fc61-13e7-08de293b5e7e,80,4916.2,2025-11-21 20:20:10.097,2025-11-21 20:20:10.097
e6f3a756-e6d1-ea11-828c-b57555799727,80,5776.0,2020-07-29 22:19:13.537,2020-07-29 22:19:13.537
001c0f01-0050-fc61-a9c7-08de293ba38d,80,3877.0,2025-11-21 20:22:05.833,2025-11-21 20:22:05.833
356c1a01-0050-fc61-9c1e-08de293e146f,80,0.0,2025-11-21 20:39:34.197,2025-11-21 20:39:34.197
a5a20d01-0050-fc61-5e07-08de293b579c,80,4779.2,2025-11-21 20:19:58.413,2025-11-21 20:19:58.413
3aa61f01-0050-fc61-f4f5-08de293f4f44,80,14446.2,2025-11-21 20:48:22.423,2025-11-21 20:48:22.423
24bd1801-0050-fc61-4c2b-08de293db15a,80,2399.2,2025-11-21 20:36:47.977,2025-11-21 20:36:47.977
c9a571fd-1478-ed11-83d0-dbe72732717b,80,2090.0,2022-12-09 22:58:37.037,2022-12-09 22:58:37.037
9f670c46-af8a-ed11-83d0-ea10eb6204e8,80,3853.2,2023-01-02 15:08:47.120,2023-01-02 15:08:47.120
8df26df1-1478-ed11-83d0-dbe72732717b,80,2090.0,2022-12-09 22:58:12.450,2022-12-09 22:58:12.450
075b1001-0050-fc61-1f95-08de293be72e,80,3877.0,2025-11-21 20:23:59.277,2025-11-21 20:23:59.277
0ab50f01-0050-fc61-9cc7-08de293bc336,80,3877.0,2025-11-21 20:22:58.990,2025-11-21 20:22:58.990
466c1901-0050-fc61-ceac-08de293dd968,80,2399.2,2025-11-21 20:37:55.183,2025-11-21 20:37:55.183
58254321-0f78-ed11-83d0-dbe72732717b,80,3116.0,2022-12-09 22:16:36.243,2022-12-09 22:16:36.243
530c1401-0050-fc61-7946-08de293cb1ba,80,3859.2,2025-11-21 20:29:39.113,2025-11-21 20:29:39.113
8dbc93e2-0f78-ed11-83d0-dbe72732717b,80,3724.0,2022-12-09 22:21:58.450,2022-12-09 22:21:58.450
1fe30a01-0050-fc61-75f7-08de293abe22,80,4779.2,2025-11-21 20:15:40.950,2025-11-21 20:15:40.950
1cf81bcd-0e78-ed11-83d0-dbe72732717b,80,3192.0,2022-12-09 22:14:14.267,2022-12-09 22:14:14.267
31299d2d-1578-ed11-83d0-dbe72732717b,80,2090.0,2022-12-09 22:59:54.517,2022-12-09 22:59:54.517
49e2d1eb-b0e7-ea11-828c-a053257f7d3c,80,3800.0,2020-08-26 15:32:03.670,2020-08-26 15:32:03.670
aca1daf1-1278-ed11-83d0-dbe72732717b,80,3724.0,2022-12-09 22:43:50.480,2022-12-09 22:43:50.480
e6881901-0050-fc61-4dd1-08de293ddffe,80,25669.0,2025-11-21 20:38:06.243,2025-11-21 20:38:06.243
1fe3e80a-fce2-ea11-828c-f8709861f8d2,80,3800.0,2020-08-20 15:45:51.310,2020-08-20 15:45:51.310
52ff2c05-f7c1-ea11-a9ce-0a593f791696,80,3800.0,2020-07-09 15:27:58.690,2020-07-09 15:27:58.690
e67820fa-e7e6-ea11-828c-cc6f8230eb3e,80,3800.0,2020-08-25 15:32:01.037,2020-08-25 15:32:01.037
8d9d1fa6-1578-ed11-83d0-dbe72732717b,80,2090.0,2022-12-09 23:03:14.467,2022-12-09 23:03:14.467
ba1f1701-0050-fc61-098f-08de293d5b0c,80,2399.2,2025-11-21 20:34:23.173,2025-11-21 20:34:23.173
24b00d01-0050-fc61-4d4f-08de293b5a28,80,3877.0,2025-11-21 20:20:02.673,2025-11-21 20:20:02.673
a59babeb-1078-ed11-83d0-dbe72732717b,80,3116.0,2022-12-09 22:29:20.797,2022-12-09 22:29:20.797
3e2f142b-1278-ed11-83d0-dbe72732717b,80,3116.0,2022-12-09 22:38:23.760,2022-12-09 22:38:23.760
4666adee-46d7-ea11-828c-cf34c837d27a,80,5016.0,2020-08-05 18:16:30.420,2020-08-05 18:16:30.420
e6b191ec-298a-ea11-a9ce-0a593f791696,80,13680.0,2020-04-29 15:06:32.787,2020-04-29 15:06:32.787
02710d01-0050-fc61-669e-08de293b4c00,80,4538.6,2025-11-21 20:19:38.960,2025-11-21 20:19:38.960
8d9171fd-1478-ed11-83d0-dbe72732717b,80,2090.0,2022-12-09 22:58:30.163,2022-12-09 22:58:30.163
d3950901-0050-fc61-53e5-08de293a7b0e,80,3465.0,2025-11-21 20:13:48.390,2025-11-21 20:13:48.390
8d81e76f-1578-ed11-83d0-dbe72732717b,80,2090.0,2022-12-09 23:01:40.307,2022-12-09 23:01:40.307
8d841601-0050-fc61-df4c-08de293d39ca,80,1469.55,2025-11-21 20:33:27.383,2025-11-21 20:33:27.383
e65f2201-0050-fc61-778a-08de293ff368,80,3877.0,2025-11-21 20:52:57.823,2025-11-21 20:52:57.823
a8e20901-0050-fc61-bb0d-08de293a8b09,80,6275.6,2025-11-21 20:14:15.227,2025-11-21 20:14:15.227
8d949ed6-5791-ea11-a9ce-0a593f791696,80,13680.0,2020-05-08 18:35:48.790,2020-05-08 18:35:48.790
f006ee45-1378-ed11-83d0-dbe72732717b,80,3192.0,2022-12-09 22:46:19.070,2022-12-09 22:46:19.070
13472201-0050-fc61-054f-08de293fee7e,80,3609.24,2025-11-21 20:52:49.573,2025-11-21 20:52:49.573
1345135b-1478-ed11-83d0-dbe72732717b,80,3952.0,2022-12-09 22:54:04.527,2022-12-09 22:54:04.527
e68feff0-485b-eb11-82b1-fced9c41084e,80,0.0,2021-01-20 17:57:57.603,2021-01-20 17:57:57.603
52eec1d9-1278-ed11-83d0-dbe72732717b,80,3914.0,2022-12-09 22:43:12.110,2022-12-09 22:43:12.110
8d6e1701-0050-fc61-c48c-08de293d69fc,80,2399.2,2025-11-21 20:34:48.240,2025-11-21 20:34:48.240
c9871001-0050-fc61-bc24-08de293bf0dd,80,2399.2,2025-11-21 20:24:15.527,2025-11-21 20:24:15.527
133f28c4-1378-ed11-83d0-dbe72732717b,80,3192.0,2022-12-09 22:49:42.077,2022-12-09 22:49:42.077
8d650f2e-1178-ed11-83d0-dbe72732717b,80,3914.0,2022-12-09 22:31:20.810,2022-12-09 22:31:20.810
6fa50bb3-f8c1-ea11-a9ce-0a593f791696,80,3800.0,2020-07-09 15:31:22.117,2020-07-09 15:31:22.117
3113634d-b796-ea11-a9ce-0a593f791696,80,12160.0,2020-05-15 14:34:24.870,2020-05-15 14:34:24.870
133b0801-0050-fc61-6f43-08de293a32ba,80,7146.8,2025-11-21 20:11:47.050,2025-11-21 20:11:47.050
249c0601-0050-fc61-7b95-08de2939da7b,80,18673.2,2025-11-21 20:09:19.053,2025-11-21 20:09:19.053
133f135b-1478-ed11-83d0-dbe72732717b,80,3116.0,2022-12-09 22:54:02.003,2022-12-09 22:54:02.003
c9821201-0050-fc61-ae06-08de293c5acc,80,3877.0,2025-11-21 20:27:13.263,2025-11-21 20:27:13.263
8d5528c4-1378-ed11-83d0-dbe72732717b,80,3116.0,2022-12-09 22:49:49.367,2022-12-09 22:49:49.367
e62c0c01-0050-fc61-be6a-08de293b06a4,80,4494.8,2025-11-21 20:17:42.603,2025-11-21 20:17:42.603
64ed1401-0050-fc61-12ba-08de293ce17e,80,57879.52,2025-11-21 20:30:59.263,2025-11-21 20:30:59.263
e64539b8-dec2-ea11-a9ce-0a593f791696,80,3800.0,2020-07-10 18:55:37.107,2020-07-10 18:55:37.107
8d461201-0050-fc61-6475-08de293c4df4,80,16580.2,2025-11-21 20:26:51.730,2025-11-21 20:26:51.730
ac7f2001-0050-fc61-2641-08de293f83a3,80,23423.2,2025-11-21 20:49:50.283,2025-11-21 20:49:50.283
b0771101-0050-fc61-2907-08de293c22ed,80,6275.6,2025-11-21 20:25:39.517,2025-11-21 20:25:39.517
ca022046-1178-ed11-83d0-dbe72732717b,80,2090.0,2022-12-09 22:31:55.880,2022-12-09 22:31:55.880
ac6c66df-10dc-ea11-828c-a3b0b95dd4b2,80,7144.0,2020-08-11 20:40:41.133,2020-08-11 20:40:41.133
8d06a227-1578-ed11-83d0-dbe72732717b,80,2090.0,2022-12-09 22:59:46.167,2022-12-09 22:59:46.167
248b1776-1378-ed11-83d0-dbe72732717b,80,3116.0,2022-12-09 22:47:32.090,2022-12-09 22:47:32.090
52e5a8ae-97e0-ea11-828c-fcb9b0fbbc3d,80,5016.0,2020-08-17 14:46:58.620,2020-08-17 14:46:58.620
a59971fd-1478-ed11-83d0-dbe72732717b,80,2090.0,2022-12-09 22:58:32.797,2022-12-09 22:58:32.797
131c0701-0050-fc61-a3c5-08de2939f56f,80,2399.2,2025-11-21 20:10:04.213,2025-11-21 20:10:04.213
64c288fb-e7d8-ea11-828c-cf34c837d27a,80,5016.0,2020-08-07 20:06:27.447,2020-08-07 20:06:27.447
1fef0901-0050-fc61-8dc9-08de293a8dd3,80,4750.8,2025-11-21 20:14:19.900,2025-11-21 20:14:19.900
1317f0f9-c196-ea11-a9ce-0a593f791696,80,12160.0,2020-05-15 15:38:53.853,2020-05-15 15:38:53.853
1cd78ecc-68d7-ea11-828c-cf34c837d27a,80,3800.0,2020-08-05 22:15:44.880,2020-08-05 22:15:44.880
8cf91601-0050-fc61-44cb-08de293d530a,80,2399.2,2025-11-21 20:34:09.750,2025-11-21 20:34:09.750
13446fd7-54c0-ee11-8445-f83443273b6c,80,0.0,2024-01-31 16:22:02.827,2024-01-31 16:22:02.827
64c91f01-0050-fc61-2fcd-08de293f56be,80,2399.2,2025-11-21 20:48:34.967,2025-11-21 20:48:34.967
e5ec1af7-0e78-ed11-83d0-dbe72732717b,80,2090.0,2022-12-09 22:15:29.593,2022-12-09 22:15:29.593
6508cb50-49e2-ea11-828c-f8709861f8d2,80,3800.0,2020-08-19 18:25:56.863,2020-08-19 18:25:56.863
55990e01-0050-fc61-1e58-08de293b8a5f,80,3877.0,2025-11-21 20:21:23.603,2025-11-21 20:21:23.603
8d35577f-49e2-ea11-828c-f8709861f8d2,80,3800.0,2020-08-19 18:27:17.453,2020-08-19 18:27:17.453
8cd47d93-a3e0-ea11-828c-fcb9b0fbbc3d,80,5472.0,2020-08-17 16:14:14.877,2020-08-17 16:14:14.877
8cd41701-0050-fc61-b604-08de293d7dec,80,21101.4,2025-11-21 20:35:21.663,2025-11-21 20:35:21.663
01da2201-0050-fc61-0abd-08de2940119f,80,7146.8,2025-11-21 20:53:48.507,2025-11-21 20:53:48.507
e5cd8021-32d7-ea11-828c-cf34c837d27a,80,7296.0,2020-08-05 15:55:58.750,2020-08-05 15:55:58.750
52d74f70-1178-ed11-83d0-dbe72732717b,80,3952.0,2022-12-09 22:33:11.297,2022-12-09 22:33:11.297
1cca09b6-1678-ed11-83d0-dbe72732717b,80,3116.0,2022-12-09 23:10:49.617,2022-12-09 23:10:49.617
52dd182c-68d3-ea11-828c-b4e2a79c59ea,80,7144.0,2020-07-31 20:02:59.987,2020-07-31 20:02:59.987
130908da-1678-ed11-83d0-dbe72732717b,80,2090.0,2022-12-09 23:11:53.677,2022-12-09 23:11:53.677
e5cfd60f-72d6-ea11-828c-c3297631124c,80,5472.0,2020-08-04 17:00:26.677,2020-08-04 17:00:26.677
b31648f5-ccb3-ed11-83d0-c7376b6fd22f,80,0.0,2023-02-23 22:54:35.003,2023-02-23 22:54:35.003
46521601-0050-fc61-884c-08de293d2e75,80,4916.2,2025-11-21 20:33:08.433,2025-11-21 20:33:08.433
8ca1634f-1278-ed11-83d0-dbe72732717b,80,2090.0,2022-12-09 22:39:21.283,2022-12-09 22:39:21.283
8c8d1a01-0050-fc61-434c-08de293e1b9a,80,2399.2,2025-11-21 20:39:46.250,2025-11-21 20:39:46.250
8c8b0a01-0050-fc61-0e27-08de293aacc0,80,4916.2,2025-11-21 20:15:11.763,2025-11-21 20:15:11.763
8ca69e02-eed0-ea11-828c-b57555799727,80,7296.0,2020-07-28 16:19:54.910,2020-07-28 16:19:54.910
8cdd1126-07e3-ea11-828c-f8709861f8d2,80,3800.0,2020-08-20 17:08:26.143,2020-08-20 17:08:26.143
a5861601-0050-fc61-9b85-08de293d3a26,80,2399.2,2025-11-21 20:33:27.997,2025-11-21 20:33:27.997
8ca80001-00ff-0be6-88ec-08dec7c5e9e7,80,5664.0,2026-06-11 14:32:00.497,2026-06-11 14:32:00.497
9f7e5acd-1478-ed11-83d0-dbe72732717b,80,2090.0,2022-12-09 22:57:10.440,2022-12-09 22:57:10.440
aa3dcec8-97dd-ea11-828c-dab48128a9c3,80,5472.0,2020-08-13 19:08:25.680,2020-08-13 19:08:25.680
e5c11c01-0050-fc61-f759-08de293ea03e,80,25669.0,2025-11-21 20:43:28.807,2025-11-21 20:43:28.807
a5786e79-1078-ed11-83d0-dbe72732717b,80,3914.0,2022-12-09 22:26:11.180,2022-12-09 22:26:11.180
b9880d01-0050-fc61-0508-08de293b51e0,80,4750.8,2025-11-21 20:19:48.800,2025-11-21 20:19:48.800
e5a4ac5e-32d0-ea11-828c-b57555799727,80,7296.0,2020-07-27 17:56:19.873,2020-07-27 17:56:19.873
2b6d1201-0050-fc61-8c70-08de293c5631,80,3877.0,2025-11-21 20:27:05.533,2025-11-21 20:27:05.533
8c6b2001-0050-fc61-2090-08de293f7f2e,80,4750.8,2025-11-21 20:49:42.830,2025-11-21 20:49:42.830
e5a4d924-6ddd-ea11-828c-dab48128a9c3,80,7296.0,2020-08-13 14:01:28.687,2020-08-13 14:01:28.687
8c6cb1ac-8be1-ea11-828c-fcb9b0fbbc3d,80,3800.0,2020-08-18 19:50:21.087,2020-08-18 19:50:21.087
30ee3505-a3dc-ea11-828c-dab48128a9c3,80,5472.0,2020-08-12 13:58:54.683,2020-08-12 13:58:54.683
05abcc64-c6d1-ea11-828c-b57555799727,80,5472.0,2020-07-29 18:09:10.937,2020-07-29 18:09:10.937
c9623bbd-bfc2-ea11-a9ce-0a593f791696,80,3800.0,2020-07-10 15:12:59.987,2020-07-10 15:12:59.987
3aa3bec1-94e0-ea11-828c-fcb9b0fbbc3d,80,3800.0,2020-08-17 14:23:00.593,2020-08-17 14:23:00.593
4abe7d71-d5d5-ea11-828c-c3297631124c,80,7296.0,2020-08-03 22:18:24.860,2020-08-03 22:18:24.860
05aaae52-d2bb-eb11-830a-a4b0d298b5f4,80,24016.0,2021-05-23 14:22:44.500,2021-05-23 14:22:44.500
12ef0601-0050-fc61-b9e9-08de2939eb64,80,3877.0,2025-11-21 20:09:47.377,2025-11-21 20:09:47.377
b9c34061-1078-ed11-83d0-dbe72732717b,80,3952.0,2022-12-09 22:25:30.997,2022-12-09 22:25:30.997
e6ff0dcb-1178-ed11-83d0-dbe72732717b,80,3724.0,2022-12-09 22:35:40.380,2022-12-09 22:35:40.380
d1875acd-1478-ed11-83d0-dbe72732717b,80,2090.0,2022-12-09 22:57:13.213,2022-12-09 22:57:13.213
e64eef03-1378-ed11-83d0-dbe72732717b,80,3116.0,2022-12-09 22:44:27.087,2022-12-09 22:44:27.087
b98b1e01-0050-fc61-d8ad-08de293f0a54,80,4779.2,2025-11-21 20:46:26.763,2025-11-21 20:46:26.763
0ae5c1d9-1278-ed11-83d0-dbe72732717b,80,3724.0,2022-12-09 22:43:09.107,2022-12-09 22:43:09.107
52b10901-0050-fc61-578f-08de293a7ffc,80,4750.8,2025-11-21 20:13:56.680,2025-11-21 20:13:56.680
05a65696-3383-ea11-a9ce-0a593f791696,80,15200.0,2020-04-20 18:24:01.540,2020-04-20 18:24:01.540
c92123c1-fbd0-ea11-828c-b57555799727,80,5016.0,2020-07-28 18:17:00.933,2020-07-28 18:17:00.933
52b31a01-0050-fc61-0657-08de293e2543,80,2399.2,2025-11-21 20:40:02.497,2025-11-21 20:40:02.497
8c411501-0050-fc61-23fe-08de293cf2c0,80,1599.64,2025-11-21 20:31:28.200,2025-11-21 20:31:28.200
c92d678a-c9b9-eb11-830a-a4b0d298b5f4,80,0.0,2021-05-21 00:15:37.967,2021-05-21 00:15:37.967
3bba7442-e2c7-eb11-830a-eba63e91bc91,80,6688.0,2021-06-07 22:47:04.857,2021-06-07 22:47:04.857
8c242201-0050-fc61-9f12-08de293fe403,80,2354.4,2025-11-21 20:52:32.067,2025-11-21 20:52:32.067
a5601701-0050-fc61-132c-08de293d6770,80,2399.2,2025-11-21 20:34:43.977,2025-11-21 20:34:43.977
08d373d0-0f78-ed11-83d0-dbe72732717b,80,3116.0,2022-12-09 22:21:28.650,2022-12-09 22:21:28.650
646bf7a3-1678-ed11-83d0-dbe72732717b,80,2090.0,2022-12-09 23:10:16.590,2022-12-09 23:10:16.590
30e65154-f3c2-ea11-a9ce-0a593f791696,80,3800.0,2020-07-10 21:27:55.977,2020-07-10 21:27:55.977
e591cc67-a2e0-ea11-828c-fcb9b0fbbc3d,80,5472.0,2020-08-17 16:02:35.887,2020-08-17 16:02:35.887
e58c6e79-1078-ed11-83d0-dbe72732717b,80,3192.0,2022-12-09 22:26:18.113,2022-12-09 22:26:18.113
464010b0-1678-ed11-83d0-dbe72732717b,80,2470.0,2022-12-09 23:10:38.727,2022-12-09 23:10:38.727
b9731f0d-1278-ed11-83d0-dbe72732717b,80,2090.0,2022-12-09 22:37:29.507,2022-12-09 22:37:29.507
01d46639-0f78-ed11-83d0-dbe72732717b,80,2090.0,2022-12-09 22:17:14.363,2022-12-09 22:17:14.363
4cf00e01-0050-fc61-2072-08de293b9b6e,80,4750.8,2025-11-21 20:21:52.217,2025-11-21 20:21:52.217
24540a01-0050-fc61-5bdd-08de293aa247,80,16580.2,2025-11-21 20:14:54.183,2025-11-21 20:14:54.183
3ea9a419-1678-ed11-83d0-dbe72732717b,80,2090.0,2022-12-09 23:06:29.373,2022-12-09 23:06:29.373
e5959730-36d3-ea11-828c-b4e2a79c59ea,80,5776.0,2020-07-31 14:13:52.907,2020-07-31 14:13:52.907
12d3ad05-37c1-ea11-a9ce-0a593f791696,80,3800.0,2020-07-08 16:29:50.623,2020-07-08 16:29:50.623
20050701-0050-fc61-c84a-08de2939f081,80,2399.2,2025-11-21 20:09:55.963,2025-11-21 20:09:55.963
d6fe692e-11e3-ea11-828c-f8709861f8d2,80,3800.0,2020-08-20 18:16:39.037,2020-08-20 18:16:39.037
64520ecd-b8d1-ea11-828c-b57555799727,80,5776.0,2020-07-29 16:34:27.123,2020-07-29 16:34:27.123
e5763de9-dadc-ea11-828c-dab48128a9c3,80,5472.0,2020-08-12 20:36:08.760,2020-08-12 20:36:08.760
8c01ee45-1378-ed11-83d0-dbe72732717b,80,2850.0,2022-12-09 22:46:17.400,2022-12-09 22:46:17.400
8c080f01-0050-fc61-46f5-08de293ba025,80,2399.2,2025-11-21 20:22:00.133,2025-11-21 20:22:00.133
e5745e83-8ed2-ea11-828c-b4e2a79c59ea,80,6688.0,2020-07-30 18:05:15.930,2020-07-30 18:05:15.930
12ca4f70-1178-ed11-83d0-dbe72732717b,80,3192.0,2022-12-09 22:33:06.947,2022-12-09 22:33:06.947
c9021501-0050-fc61-8502-08de293ce597,80,4750.8,2025-11-21 20:31:06.123,2025-11-21 20:31:06.123
38f41f01-0050-fc61-887d-08de293f6030,80,0.0,2025-11-21 20:48:50.827,2025-11-21 20:48:50.827
52a60701-0050-fc61-e50c-08de293a144d,80,7716.8,2025-11-21 20:10:56.010,2025-11-21 20:10:56.010
e5854470-4ad3-ea11-828c-b4e2a79c59ea,80,5776.0,2020-07-31 16:43:05.477,2020-07-31 16:43:05.477
e5681801-0050-fc61-fd63-08de293da066,80,4505.8,2025-11-21 20:36:19.533,2025-11-21 20:36:19.533
a5501301-0050-fc61-26bb-08de293c8ae4,80,3877.0,2025-11-21 20:28:33.987,2025-11-21 20:28:33.987
a5521101-0050-fc61-01b4-08de293c1b22,80,4916.2,2025-11-21 20:25:26.430,2025-11-21 20:25:26.430
b97a1301-0050-fc61-2690-08de293c9343,80,2399.2,2025-11-21 20:28:48.007,2025-11-21 20:28:48.007
a56c0e01-0050-fc61-d760-08de293b8144,80,3465.0,2025-11-21 20:21:08.310,2025-11-21 20:21:08.310
8bc526df-0e78-ed11-83d0-dbe72732717b,80,3952.0,2022-12-09 22:14:46.483,2022-12-09 22:14:46.483
a55e1a01-0050-fc61-c332-08de293e1180,80,4750.8,2025-11-21 20:39:29.287,2025-11-21 20:39:29.287
642e1401-0050-fc61-16bf-08de293cb8d2,80,4750.8,2025-11-21 20:29:51.003,2025-11-21 20:29:51.003
b9705ad3-1478-ed11-83d0-dbe72732717b,80,2090.0,2022-12-09 22:57:21.563,2022-12-09 22:57:21.563
e5982b88-1378-ed11-83d0-dbe72732717b,80,3116.0,2022-12-09 22:48:04.213,2022-12-09 22:48:04.213
640f1a01-0050-fc61-799c-08de293dfe16,80,14446.2,2025-11-21 20:38:56.710,2025-11-21 20:38:56.710
c8db3064-1178-ed11-83d0-dbe72732717b,80,3116.0,2022-12-09 22:32:46.590,2022-12-09 22:32:46.590
e5156f4e-43d0-ea11-828c-b57555799727,80,5016.0,2020-07-27 19:59:20.257,2020-07-27 19:59:20.257
e50f1901-0050-fc61-c39b-08de293dc531,80,4779.2,2025-11-21 20:37:21.280,2025-11-21 20:37:21.280
8ba0a6d4-4b86-ea11-a9ce-0a593f791696,80,13680.0,2020-04-24 16:59:21.947,2020-04-24 16:59:21.947
b9450901-0050-fc61-40c6-08de293a6abf,80,16580.2,2025-11-21 20:13:21.030,2025-11-21 20:13:21.030
e5130901-0050-fc61-a81b-08de293a5f8e,80,4779.2,2025-11-21 20:13:02.253,2025-11-21 20:13:02.253
e5357f09-1578-ed11-83d0-dbe72732717b,80,2090.0,2022-12-09 22:58:55.850,2022-12-09 22:58:55.850
52875933-0f78-ed11-83d0-dbe72732717b,80,3952.0,2022-12-09 22:17:08.773,2022-12-09 22:17:08.773
12b01701-0050-fc61-05f8-08de293d7654,80,2399.2,2025-11-21 20:35:08.990,2025-11-21 20:35:08.990
29b21d01-0050-fc61-ae57-08de293ed77d,80,3877.0,2025-11-21 20:45:01.527,2025-11-21 20:45:01.527
e5051f01-0050-fc61-60e3-08de293f284e,80,4750.8,2025-11-21 20:47:17.070,2025-11-21 20:47:17.070
b9407988-1778-ed11-83d0-dbe72732717b,80,3116.0,2022-12-09 23:16:39.987,2022-12-09 23:16:39.987
8bbf0301-0098-7ebf-36f1-08de9b00a61e,80,5500.0,2026-04-15 15:08:29.647,2026-04-15 15:08:29.647
8b840c01-0050-fc61-74ce-08de293b1a65,80,2399.2,2025-11-21 20:18:15.737,2025-11-21 20:18:15.737
63ff3ae3-70e1-ea11-828c-fcb9b0fbbc3d,80,3800.0,2020-08-18 16:44:05.283,2020-08-18 16:44:05.283
b9410d01-0050-fc61-a2cb-08de293b425a,80,7146.8,2025-11-21 20:19:22.797,2025-11-21 20:19:22.797
a53f04e9-30d7-ea11-828c-cf34c837d27a,80,6688.0,2020-08-05 15:46:24.410,2020-08-05 15:46:24.410
24430b01-0050-fc61-a65c-08de293ad40a,80,21101.4,2025-11-21 20:16:17.730,2025-11-21 20:16:17.730
529144dc-1378-ed11-83d0-dbe72732717b,80,2090.0,2022-12-09 22:50:26.480,2022-12-09 22:50:26.480
08c91901-0050-fc61-b411-08de293dedd8,80,23423.2,2025-11-21 20:38:29.720,2025-11-21 20:38:29.720
b05ae01f-dbb8-eb11-830a-a4b0d298b5f4,80,7296.0,2021-05-19 19:50:27.157,2021-05-19 19:50:27.157
35841901-0050-fc61-620e-08de293ddec9,80,3877.0,2025-11-21 20:38:04.237,2025-11-21 20:38:04.237
8b671c6d-dcd0-ea11-828c-b57555799727,80,5776.0,2020-07-28 14:17:53.250,2020-07-28 14:17:53.250
b9261701-0050-fc61-cb91-08de293d5c38,80,2399.2,2025-11-21 20:34:25.143,2025-11-21 20:34:25.143
63f60701-0050-fc61-5fda-08de293a2500,80,4916.2,2025-11-21 20:11:24.037,2025-11-21 20:11:24.037
3a0359de-92de-ea11-828c-dab48128a9c3,80,5472.0,2020-08-15 01:07:27.017,2020-08-15 01:07:27.017
30ad1c01-0050-fc61-a813-08de293e9b9d,80,16580.2,2025-11-21 20:43:21.020,2025-11-21 20:43:21.020
12a49f1b-1578-ed11-83d0-dbe72732717b,80,2090.0,2022-12-09 22:59:20.603,2022-12-09 22:59:20.603
8bc4134c-a0dd-ea11-828c-dab48128a9c3,80,5472.0,2020-08-13 20:11:01.907,2020-08-13 20:11:01.907
b926911f-71de-ea11-828c-dab48128a9c3,80,5472.0,2020-08-14 21:03:02.960,2020-08-14 21:03:02.960
0b18bf62-d7dc-ea11-828c-dab48128a9c3,80,5472.0,2020-08-12 20:18:31.870,2020-08-12 20:18:31.870
8b3d1601-0050-fc61-c214-08de293d293f,80,2399.2,2025-11-21 20:32:59.640,2025-11-21 20:32:59.640
70ef1701-0050-fc61-d59a-08de293d8402,80,2399.2,2025-11-21 20:35:31.933,2025-11-21 20:35:31.933
9f951601-0050-fc61-9765-08de293d3d5d,80,25669.0,2025-11-21 20:33:33.410,2025-11-21 20:33:33.410
0b150e01-0050-fc61-560f-08de293b6f2f,80,4916.2,2025-11-21 20:20:37.970,2025-11-21 20:20:37.970
8b2f1925-1278-ed11-83d0-dbe72732717b,80,3724.0,2022-12-09 22:38:12.043,2022-12-09 22:38:12.043
8b372dbe-1378-ed11-83d0-dbe72732717b,80,3116.0,2022-12-09 22:49:39.727,2022-12-09 22:49:39.727
8b1d2ea2-dba6-eb11-82e4-dcb8446b8653,80,5776.0,2021-04-26 22:07:13.550,2021-04-26 22:07:13.550
8b169945-1578-ed11-83d0-dbe72732717b,80,2090.0,2022-12-09 23:00:29.893,2022-12-09 23:00:29.893
ac6a1cb2-1dd1-ea11-828c-b57555799727,80,7296.0,2020-07-28 22:15:09.523,2020-07-28 22:15:09.523
a535af1e-1478-ed11-83d0-dbe72732717b,80,3116.0,2022-12-09 22:52:15.920,2022-12-09 22:52:15.920
d72bbd31-13d0-ea11-828c-cd0b241fdad6,80,5776.0,2020-07-27 14:16:45.840,2020-07-27 14:16:45.840
1c73d069-1578-ed11-83d0-dbe72732717b,80,2090.0,2022-12-09 23:01:39.350,2022-12-09 23:01:39.350
9fbb4061-1078-ed11-83d0-dbe72732717b,80,3914.0,2022-12-09 22:25:27.707,2022-12-09 22:25:27.707
39240d01-0050-fc61-410b-08de293b3c0e,80,16580.2,2025-11-21 20:19:12.163,2025-11-21 20:19:12.163
42cc1701-0050-fc61-eca4-08de293d7c6b,80,4538.6,2025-11-21 20:35:19.183,2025-11-21 20:35:19.183
8ad16efb-c4d5-ea11-828c-c3297631124c,80,5776.0,2020-08-03 20:10:38.113,2020-08-03 20:10:38.113
c8b32101-0050-fc61-269f-08de293fca08,80,3859.2,2025-11-21 20:51:48.370,2025-11-21 20:51:48.370
ac6c4207-bce7-ea11-828c-a053257f7d3c,80,3800.0,2020-08-26 16:49:38.927,2020-08-26 16:49:38.927
e4ee4b85-1478-ed11-83d0-dbe72732717b,80,3952.0,2022-12-09 22:55:11.647,2022-12-09 22:55:11.647
128466df-e5b9-eb11-830a-a4b0d298b5f4,80,0.0,2021-05-21 03:41:22.020,2021-05-21 03:41:22.020
b914d903-1178-ed11-83d0-dbe72732717b,80,2090.0,2022-12-09 22:30:07.370,2022-12-09 22:30:07.370
e4e05adc-4ae2-ea11-828c-f8709861f8d2,80,3800.0,2020-08-19 18:42:58.903,2020-08-19 18:42:58.903
40a41201-0050-fc61-0f3a-08de293c631e,80,3877.0,2025-11-21 20:27:27.227,2025-11-21 20:27:27.227
a5104a34-1fe6-ea11-828c-cc6f8230eb3e,80,3800.0,2020-08-24 15:39:20.490,2020-08-24 15:39:20.490
63c1301c-1778-ed11-83d0-dbe72732717b,80,2090.0,2022-12-09 23:13:39.360,2022-12-09 23:13:39.360
4c59fde4-eb7f-ea11-a9ce-0a593f791696,80,15200.0,2020-04-16 14:15:25.537,2020-04-16 14:15:25.537
b9151a01-0050-fc61-a132-08de293dff9d,80,2399.2,2025-11-21 20:38:59.277,2025-11-21 20:38:59.277
b9181016-1dd1-ea11-828c-b57555799727,80,7296.0,2020-07-28 22:00:35.830,2020-07-28 22:00:35.830
8a956cfa-1378-ed11-83d0-dbe72732717b,80,2090.0,2022-12-09 22:51:14.110,2022-12-09 22:51:14.110
c8ae0901-0050-fc61-d321-08de293a7f78,80,3878.0,2025-11-21 20:13:55.790,2025-11-21 20:13:55.790
b9088cbb-46a6-eb11-82e4-dcb8446b8653,80,5776.0,2021-04-26 04:20:34.160,2021-04-26 04:20:34.160
52722955-1078-ed11-83d0-dbe72732717b,80,3192.0,2022-12-09 22:25:08.167,2022-12-09 22:25:08.167
b9131001-0050-fc61-3d85-08de293bd79c,80,4779.2,2025-11-21 20:23:33.207,2025-11-21 20:23:33.207
241d1201-0050-fc61-fceb-08de293c45a5,80,4916.2,2025-11-21 20:26:37.800,2025-11-21 20:26:37.800
8a805c6a-1778-ed11-83d0-dbe72732717b,80,3952.0,2022-12-09 23:15:58.733,2022-12-09 23:15:58.733
05845acd-1478-ed11-83d0-dbe72732717b,80,2090.0,2022-12-09 22:57:11.943,2022-12-09 22:57:11.943
e4cd1301-0050-fc61-7960-08de293ca52d,80,3859.2,2025-11-21 20:29:18.100,2025-11-21 20:29:18.100
a5005aed-93d2-ea11-828c-b4e2a79c59ea,80,6688.0,2020-07-30 18:40:51.457,2020-07-30 18:40:51.457
0b5b550d-92e0-ea11-828c-fcb9b0fbbc3d,80,5472.0,2020-08-17 14:19:44.190,2020-08-17 14:19:44.190
526e1f0d-1278-ed11-83d0-dbe72732717b,80,3952.0,2022-12-09 22:37:27.443,2022-12-09 22:37:27.443
63a116c0-bdc2-ea11-a9ce-0a593f791696,80,3800.0,2020-07-10 14:58:35.833,2020-07-10 14:58:35.833
282e0e73-1478-ed11-83d0-dbe72732717b,80,3002.0,2022-12-09 22:54:37.007,2022-12-09 22:54:37.007
8a9d71fd-1478-ed11-83d0-dbe72732717b,80,2090.0,2022-12-09 22:58:34.283,2022-12-09 22:58:34.283
8a70baa2-9dd6-ea11-828c-c3297631124c,80,7144.0,2020-08-04 22:03:05.087,2020-08-04 22:03:05.087
8aff7f8b-1078-ed11-83d0-dbe72732717b,80,2850.0,2022-12-09 22:26:39.463,2022-12-09 22:26:39.463
b9139433-1578-ed11-83d0-dbe72732717b,80,2090.0,2022-12-09 23:00:02.907,2022-12-09 23:00:02.907
63b7a369-0f78-ed11-83d0-dbe72732717b,80,3952.0,2022-12-09 22:18:34.920,2022-12-09 22:18:34.920
1c591401-0050-fc61-848e-08de293cc24d,80,19114.0,2025-11-21 20:30:06.927,2025-11-21 20:30:06.927
18f21101-0050-fc61-1224-08de293c3d1b,80,3877.0,2025-11-21 20:26:23.487,2025-11-21 20:26:23.487
b8ec4d97-1478-ed11-83d0-dbe72732717b,80,3116.0,2022-12-09 22:55:44.987,2022-12-09 22:55:44.987
29a3f16e-e17b-ed11-83d0-d526d65c5b2e,80,0.0,2022-12-14 18:59:32.213,2022-12-14 18:59:32.213
3bd44fed-f7c1-ea11-a9ce-0a593f791696,80,3800.0,2020-07-09 15:25:42.943,2020-07-09 15:25:42.943
a4fa3631-1278-ed11-83d0-dbe72732717b,80,2850.0,2022-12-09 22:38:28.307,2022-12-09 22:38:28.307
23ff0a01-0050-fc61-439b-08de293ac4ef,80,6275.6,2025-11-21 20:15:52.353,2025-11-21 20:15:52.353
b8e71701-0050-fc61-589b-08de293d8274,80,16580.2,2025-11-21 20:35:29.327,2025-11-21 20:35:29.327
498f9f4b-1578-ed11-83d0-dbe72732717b,80,3724.0,2022-12-09 23:00:44.930,2022-12-09 23:00:44.930
63913035-0de7-ea11-828c-929414703c5e,80,3800.0,2020-08-25 19:59:00.903,2020-08-25 19:59:00.903
8a2f135b-1478-ed11-83d0-dbe72732717b,80,3116.0,2022-12-09 22:53:56.713,2022-12-09 22:53:56.713
8a3723ca-1378-ed11-83d0-dbe72732717b,80,3116.0,2022-12-09 22:50:01.527,2022-12-09 22:50:01.527
b8f14128-1778-ed11-83d0-dbe72732717b,80,0.0,2022-12-09 23:14:00.123,2022-12-09 23:14:00.123
1c5f14a0-1578-ed11-83d0-dbe72732717b,80,3724.0,2022-12-09 23:03:03.257,2022-12-09 23:03:03.257
8a2e06ec-0590-79c7-6c9f-08dda8f3611b,80,0.0,2025-06-11 14:25:07.360,2025-06-11 14:25:07.360
e4f892e2-d9db-ea11-828c-a3b0b95dd4b2,80,5472.0,2020-08-11 13:53:37.937,2020-08-11 13:53:37.937
52621c01-0050-fc61-87de-08de293e8824,80,2399.2,2025-11-21 20:42:48.350,2025-11-21 20:42:48.350
30771e01-0050-fc61-2971-08de293f04ae,80,14446.2,2025-11-21 20:46:17.267,2025-11-21 20:46:17.267
45f71366-22d0-ea11-828c-b57555799727,80,5776.0,2020-07-27 16:04:50.170,2020-07-27 16:04:50.170
c89afe57-6591-eb11-82e4-d91ed18fb88e,80,7296.0,2021-03-30 14:44:41.267,2021-03-30 14:44:41.267
b29b1701-0050-fc61-07a7-08de293d72d6,80,2399.2,2025-11-21 20:35:03.087,2025-11-21 20:35:03.087
1c4ec5c6-e6b9-eb11-830a-a4b0d298b5f4,80,0.0,2021-05-21 03:45:32.123,2021-05-21 03:45:32.123
e49180c4-1578-ed11-83d0-dbe72732717b,80,2090.0,2022-12-09 23:04:10.437,2022-12-09 23:04:10.437
3e301101-0050-fc61-950a-08de293c13fd,80,4779.2,2025-11-21 20:25:14.497,2025-11-21 20:25:14.497
9eb7e100-c0c2-ea11-a9ce-0a593f791696,80,3800.0,2020-07-10 15:14:44.547,2020-07-10 15:14:44.547
bb8d1776-1378-ed11-83d0-dbe72732717b,80,3116.0,2022-12-09 22:47:32.917,2022-12-09 22:47:32.917
9eb709d7-1178-ed11-83d0-dbe72732717b,80,3724.0,2022-12-09 22:36:00.143,2022-12-09 22:36:00.143
9e8f2201-0050-fc61-a94e-08de29400133,80,7716.8,2025-11-21 20:53:20.943,2025-11-21 20:53:20.943
b321497a-d6d1-ee11-8445-f86373d5047d,80,9006.0,2024-02-22 23:03:18.687,2024-02-22 23:03:18.687
d3cef640-e6d1-ea11-828c-b57555799727,80,5776.0,2020-07-29 22:00:58.447,2020-07-29 22:00:58.447
0b48bbf1-0cdc-ea11-828c-a3b0b95dd4b2,80,5776.0,2020-08-11 20:13:18.710,2020-08-11 20:13:18.710
48e91601-0050-fc61-37a5-08de293d4ff4,80,2399.2,2025-11-21 20:34:04.587,2025-11-21 20:34:04.587
05726e79-1078-ed11-83d0-dbe72732717b,80,3914.0,2022-12-09 22:26:08.837,2022-12-09 22:26:08.837
25e6b5bb-11e3-ea11-828c-f8709861f8d2,80,3800.0,2020-08-20 18:22:48.557,2020-08-20 18:22:48.557
be140bc7-dee7-ea11-828c-a053257f7d3c,80,5472.0,2020-08-26 20:58:29.387,2020-08-26 20:58:29.387
bfe62101-0050-fc61-93a7-08de293fd587,80,3859.2,2025-11-21 20:52:07.687,2025-11-21 20:52:07.687
533b2203-0f78-ed11-83d0-dbe72732717b,80,3952.0,2022-12-09 22:15:48.870,2022-12-09 22:15:48.870
c8d42101-0050-fc61-4d2f-08de293fd11b,80,4779.2,2025-11-21 20:52:00.257,2025-11-21 20:52:00.257
525f8ce8-0f78-ed11-83d0-dbe72732717b,80,2090.0,2022-12-09 22:22:11.480,2022-12-09 22:22:11.480
63e31687-0fd1-ea11-828c-b57555799727,80,7296.0,2020-07-28 20:19:42.807,2020-07-28 20:19:42.807
d17c72c4-0f78-ed11-83d0-dbe72732717b,80,3952.0,2022-12-09 22:21:14.377,2022-12-09 22:21:14.377
38e722ac-1378-ed11-83d0-dbe72732717b,80,3116.0,2022-12-09 22:49:02.740,2022-12-09 22:49:02.740
3bab1d01-0050-fc61-bd99-08de293ed61f,80,4504.03,2025-11-21 20:44:59.190,2025-11-21 20:44:59.190
5673f5df-c2d8-ea11-828c-cf34c837d27a,80,5776.0,2020-08-07 15:38:43.087,2020-08-07 15:38:43.087
8a0d0801-0050-fc61-dddd-08de293a2925,80,14446.2,2025-11-21 20:11:30.980,2025-11-21 20:11:30.980
d84ae74d-4b0e-eb11-828e-db5e1822b90f,80,5776.0,2020-10-14 18:30:20.373,2020-10-14 18:30:20.373
e4571601-0050-fc61-00ba-08de293d2fc3,80,2399.2,2025-11-21 20:33:10.570,2025-11-21 20:33:10.570
524b1d01-0050-fc61-6cbc-08de293ebed5,80,3431.4,2025-11-21 20:44:20.133,2025-11-21 20:44:20.133
e4300e01-0050-fc61-4244-08de293b748d,80,3877.0,2025-11-21 20:20:47.003,2025-11-21 20:20:47.003
58ff33d0-1378-ed11-83d0-dbe72732717b,80,3116.0,2022-12-09 22:50:10.403,2022-12-09 22:50:10.403
89b91c01-0050-fc61-6b2a-08de293e9ea4,80,2399.2,2025-11-21 20:43:26.070,2025-11-21 20:43:26.070
63483e5a-5792-eb11-82e4-991ba972462b,80,70072.0,2021-03-31 19:29:07.757,2021-03-31 19:29:07.757
89aa9a80-c48f-ea11-a9ce-0a593f791696,80,13680.0,2020-05-06 18:16:39.397,2020-05-06 18:16:39.397
52490d01-0050-fc61-611c-08de293b43e5,80,3859.2,2025-11-21 20:19:25.360,2025-11-21 20:19:25.360
4e7f1301-0050-fc61-2ebe-08de293c9411,80,4708.8,2025-11-21 20:28:49.390,2025-11-21 20:28:49.390
a4e90c01-0050-fc61-0e7f-08de293b2f49,80,2399.2,2025-11-21 20:18:50.803,2025-11-21 20:18:50.803
c859254a-a9b9-eb11-830a-a4b0d298b5f4,80,5472.0,2021-05-20 20:25:40.090,2021-05-20 20:25:40.090
aa49e57c-35e3-ea11-828c-f8709861f8d2,80,3800.0,2020-08-20 22:37:02.900,2020-08-20 22:37:02.900
30310d01-0050-fc61-6763-08de293b3edd,80,14446.2,2025-11-21 20:19:16.920,2025-11-21 20:19:16.920
121c1001-0050-fc61-96c1-08de293bd915,80,4916.2,2025-11-21 20:23:35.673,2025-11-21 20:23:35.673
896973b6-646a-eb11-82b1-d249468406d3,80,7144.0,2021-02-08 23:24:33.300,2021-02-08 23:24:33.300
a4b71e01-0050-fc61-0fc9-08de293f14ab,80,4750.8,2025-11-21 20:46:44.153,2025-11-21 20:46:44.153
e45ccca0-0a1d-ea11-a9ce-0a593f791696,80,44080.0,2019-12-12 18:17:37.283,2019-12-12 18:17:37.283
895b7473-1078-ed11-83d0-dbe72732717b,80,3914.0,2022-12-09 22:26:02.663,2022-12-09 22:26:02.663
e42efa54-1478-ed11-83d0-dbe72732717b,80,3914.0,2022-12-09 22:53:51.640,2022-12-09 22:53:51.640
34e91af7-0e78-ed11-83d0-dbe72732717b,80,2090.0,2022-12-09 22:15:28.120,2022-12-09 22:15:28.120
8957be24-1478-ed11-83d0-dbe72732717b,80,3116.0,2022-12-09 22:52:31.960,2022-12-09 22:52:31.960
894975cb-d5d1-ea11-828c-b57555799727,80,3800.0,2020-07-29 20:04:53.343,2020-07-29 20:04:53.343
121420d9-0e78-ed11-83d0-dbe72732717b,80,3116.0,2022-12-09 22:14:31.093,2022-12-09 22:14:31.093
e411edc5-cfbb-eb11-830a-a4b0d298b5f4,80,0.0,2021-05-23 14:04:25.127,2021-05-23 14:04:25.127
8939af1e-1478-ed11-83d0-dbe72732717b,80,3116.0,2022-12-09 22:52:17.177,2022-12-09 22:52:17.177
89380801-0050-fc61-7f0d-08de293a3247,80,3859.2,2025-11-21 20:11:46.393,2025-11-21 20:11:46.393
b8c01801-0050-fc61-65e2-08de293db1f9,80,50795.88,2025-11-21 20:36:49.057,2025-11-21 20:36:49.057
298fd7af-1278-ed11-83d0-dbe72732717b,80,3914.0,2022-12-09 22:42:04.223,2022-12-09 22:42:04.223
63355f64-1778-ed11-83d0-dbe72732717b,80,3952.0,2022-12-09 23:15:47.597,2022-12-09 23:15:47.597
63330299-7fa7-ea11-a9ce-0a593f791696,80,13680.0,2020-06-05 22:56:06.357,2020-06-05 22:56:06.357
8958ade3-b2e0-ea11-828c-fcb9b0fbbc3d,80,3800.0,2020-08-17 17:57:19.310,2020-08-17 17:57:19.310
89cf4b2d-0f78-ed11-83d0-dbe72732717b,80,3116.0,2022-12-09 22:16:55.810,2022-12-09 22:16:55.810
891c0901-0050-fc61-f456-08de293a6229,80,3877.0,2025-11-21 20:13:06.637,2025-11-21 20:13:06.637
c8590a49-1078-ed11-83d0-dbe72732717b,80,3116.0,2022-12-09 22:24:52.787,2022-12-09 22:24:52.787
23da1901-0050-fc61-af81-08de293df1f0,80,4779.2,2025-11-21 20:38:36.427,2025-11-21 20:38:36.427
89161401-0050-fc61-5428-08de293cb3e3,80,7716.8,2025-11-21 20:29:42.747,2025-11-21 20:29:42.747
63410a01-0050-fc61-c9d2-08de293a9ea2,80,3859.2,2025-11-21 20:14:48.107,2025-11-21 20:14:48.107
52477c03-1578-ed11-83d0-dbe72732717b,80,2090.0,2022-12-09 22:58:44.803,2022-12-09 22:58:44.803
120434d0-1378-ed11-83d0-dbe72732717b,80,3952.0,2022-12-09 22:50:12.147,2022-12-09 22:50:12.147
e45e1601-0050-fc61-cd20-08de293d3180,80,2399.2,2025-11-21 20:33:13.473,2025-11-21 20:33:13.473
6367b5a7-f2d8-ea11-828c-cf34c837d27a,80,5016.0,2020-08-07 21:17:22.287,2020-08-07 21:17:22.287
c854be6d-1278-ed11-83d0-dbe72732717b,80,3914.0,2022-12-09 22:40:07.617,2022-12-09 22:40:07.617
e422a115-1578-ed11-83d0-dbe72732717b,80,2090.0,2022-12-09 22:59:14.007,2022-12-09 22:59:14.007
b02c135b-1478-ed11-83d0-dbe72732717b,80,3116.0,2022-12-09 22:53:55.953,2022-12-09 22:53:55.953
b02a142b-1278-ed11-83d0-dbe72732717b,80,3952.0,2022-12-09 22:38:22.007,2022-12-09 22:38:22.007
9fe9c707-bf8f-ea11-a9ce-0a593f791696,80,13680.0,2020-05-06 17:33:12.350,2020-05-06 17:33:12.350
11fd1401-0050-fc61-5cbb-08de293ce454,80,2399.2,2025-11-21 20:31:04.123,2025-11-21 20:31:04.123
45c62101-0050-fc61-915a-08de293fce0e,80,3877.0,2025-11-21 20:51:55.173,2025-11-21 20:51:55.173
301e0b6a-15dc-ea11-828c-a3b0b95dd4b2,80,7144.0,2020-08-11 21:01:58.813,2020-08-11 21:01:58.813
e4013f9c-f6c1-ea11-a9ce-0a593f791696,80,3800.0,2020-07-09 15:28:09.923,2020-07-09 15:28:09.923
b03423ca-1378-ed11-83d0-dbe72732717b,80,3952.0,2022-12-09 22:50:00.667,2022-12-09 22:50:00.667
63291801-0050-fc61-886f-08de293d92d6,80,3878.0,2025-11-21 20:35:56.790,2025-11-21 20:35:56.790
a4a303d8-b0d2-ea11-828c-b4e2a79c59ea,80,5016.0,2020-07-30 22:10:36.787,2020-07-30 22:10:36.787
88fec73d-1678-ed11-83d0-dbe72732717b,80,3952.0,2022-12-09 23:07:34.630,2022-12-09 23:07:34.630
b8b3daf1-1278-ed11-83d0-dbe72732717b,80,3116.0,2022-12-09 22:43:56.667,2022-12-09 22:43:56.667
11f31001-0050-fc61-c940-08de293c06b3,80,4916.2,2025-11-21 20:24:52.200,2025-11-21 20:24:52.200
522dfe15-1178-ed11-83d0-dbe72732717b,80,3914.0,2022-12-09 22:30:38.557,2022-12-09 22:30:38.557
e3c41601-0050-fc61-2b39-08de293d4838,80,2399.2,2025-11-21 20:33:51.600,2025-11-21 20:33:51.600
01bd85e2-1578-ed11-83d0-dbe72732717b,80,2850.0,2022-12-09 23:04:58.560,2022-12-09 23:04:58.560
632296af-1078-ed11-83d0-dbe72732717b,80,2850.0,2022-12-09 22:27:44.787,2022-12-09 22:27:44.787
4e889ca2-5491-ea11-a9ce-0a593f791696,80,13680.0,2020-05-08 17:55:02.510,2020-05-08 17:55:02.510
c83aab4a-19e3-ea11-828c-f8709861f8d2,80,3800.0,2020-08-20 19:14:53.200,2020-08-20 19:14:53.200
c8310f01-0050-fc61-d925-08de293ba82f,80,3877.0,2025-11-21 20:22:13.617,2025-11-21 20:22:13.617
11eb0b01-0050-fc61-7969-08de293af65b,80,4916.2,2025-11-21 20:17:15.243,2025-11-21 20:17:15.243
88b61a01-0050-fc61-157f-08de293e25f0,80,27911.0,2025-11-21 20:40:03.633,2025-11-21 20:40:03.633
b0380601-0050-fc61-08f9-08de2939c5c7,80,52447.28,2025-11-21 20:08:44.287,2025-11-21 20:08:44.287
298ca9ce-45e6-ea11-828c-cc6f8230eb3e,80,3800.0,2020-08-24 20:15:02.030,2020-08-24 20:15:02.030
e3c329a9-b0dc-ea11-828c-dab48128a9c3,80,5016.0,2020-08-12 15:30:37.000,2020-08-12 15:30:37.000
88a60801-0050-fc61-3a49-08de293a49e7,80,27911.0,2025-11-21 20:12:25.957,2025-11-21 20:12:25.957
88a4edfb-c793-ea11-a9ce-0a593f791696,80,12160.0,2020-05-11 20:47:28.553,2020-05-11 20:47:28.553
11e507bc-1678-ed11-83d0-dbe72732717b,80,2090.0,2022-12-09 23:10:58.577,2022-12-09 23:10:58.577
05591d90-2ae3-ea11-828c-f8709861f8d2,80,3800.0,2020-08-20 21:25:42.343,2020-08-20 21:25:42.343
2bcb1671-90d5-ea11-828c-b4e2a79c59ea,80,5776.0,2020-08-03 14:02:02.150,2020-08-03 14:02:02.150
b8a5daf1-1278-ed11-83d0-dbe72732717b,80,3116.0,2022-12-09 22:43:51.857,2022-12-09 22:43:51.857
88ae5fdf-1478-ed11-83d0-dbe72732717b,80,2090.0,2022-12-09 22:57:44.973,2022-12-09 22:57:44.973
a4893737-1278-ed11-83d0-dbe72732717b,80,2850.0,2022-12-09 22:38:42.750,2022-12-09 22:38:42.750
e3b7f02a-94d2-ea11-828c-b4e2a79c59ea,80,7144.0,2020-07-30 18:41:39.257,2020-07-30 18:41:39.257
c8760801-0050-fc61-8fe3-08de293a40a5,80,4708.8,2025-11-21 20:12:10.387,2025-11-21 20:12:10.387
88980a01-0050-fc61-3e4c-08de293aaf3f,80,3877.0,2025-11-21 20:15:15.947,2025-11-21 20:15:15.947
1c161001-0050-fc61-02da-08de293bd802,80,3859.2,2025-11-21 20:23:33.843,2025-11-21 20:23:33.843
f2e00e01-0050-fc61-1875-08de293b9858,80,2399.2,2025-11-21 20:21:47.033,2025-11-21 20:21:47.033
0b7449d2-558a-ea11-a9ce-0a593f791696,80,15200.0,2020-04-29 20:27:06.957,2020-04-29 20:27:06.957
23ed6df1-1478-ed11-83d0-dbe72732717b,80,2090.0,2022-12-09 22:58:10.513,2022-12-09 22:58:10.513
b8acb962-2dc1-ea11-a9ce-0a593f791696,80,3800.0,2020-07-08 15:20:45.367,2020-07-08 15:20:45.367
c82e5b52-1778-ed11-83d0-dbe72732717b,80,2090.0,2022-12-09 23:15:10.840,2022-12-09 23:15:10.840
f1ef1f01-0050-fc61-1a0f-08de293f5f6b,80,21101.4,2025-11-21 20:48:49.507,2025-11-21 20:48:49.507
c01e5b76-1178-ed11-83d0-dbe72732717b,80,3724.0,2022-12-09 22:33:14.933,2022-12-09 22:33:14.933
e38b169a-1378-ed11-83d0-dbe72732717b,80,3116.0,2022-12-09 22:48:39.093,2022-12-09 22:48:39.093
205050d3-00cd-ea11-828c-cd0b241fdad6,80,6688.0,2020-07-23 16:27:14.607,2020-07-23 16:27:14.607
88840901-0050-fc61-a2af-08de293a7741,80,2399.2,2025-11-21 20:13:42.030,2025-11-21 20:13:42.030
886f9736-22e3-ea11-828c-f8709861f8d2,80,3800.0,2020-08-20 20:22:10.020,2020-08-20 20:22:10.020
493b7f09-1578-ed11-83d0-dbe72732717b,80,3116.0,2022-12-09 22:58:57.347,2022-12-09 22:58:57.347
a480159a-1578-ed11-83d0-dbe72732717b,80,2090.0,2022-12-09 23:02:52.983,2022-12-09 23:02:52.983
fdce1e01-0050-fc61-a81a-08de293f1bd6,80,27911.0,2025-11-21 20:46:56.110,2025-11-21 20:46:56.110
c8101701-0050-fc61-9a21-08de293d5818,80,3877.0,2025-11-21 20:34:18.237,2025-11-21 20:34:18.237
089f0801-0050-fc61-a077-08de293a4850,80,3465.0,2025-11-21 20:12:23.257,2025-11-21 20:12:23.257
884d2301-0050-fc61-d74f-08de29402d92,80,4182.26,2025-11-21 20:54:35.330,2025-11-21 20:54:35.330
e3784c3a-1778-ed11-83d0-dbe72732717b,80,3952.0,2022-12-09 23:14:36.483,2022-12-09 23:14:36.483
e3780b01-0050-fc61-580c-08de293adfb9,80,4494.8,2025-11-21 20:16:37.270,2025-11-21 20:16:37.270
e37c5ad3-1478-ed11-83d0-dbe72732717b,80,2090.0,2022-12-09 22:57:25.457,2022-12-09 22:57:25.457
62ed8ddc-1578-ed11-83d0-dbe72732717b,80,2090.0,2022-12-09 23:04:48.543,2022-12-09 23:04:48.543
ac271401-0050-fc61-97d0-08de293cb799,80,7146.8,2025-11-21 20:29:49.030,2025-11-21 20:29:49.030
e37d169a-1378-ed11-83d0-dbe72732717b,80,3116.0,2022-12-09 22:48:34.113,2022-12-09 22:48:34.113
19191a01-0050-fc61-400f-08de293e0049,80,16580.2,2025-11-21 20:39:00.427,2025-11-21 20:39:00.427
88401801-0050-fc61-527e-08de293d97a2,80,4505.8,2025-11-21 20:36:04.880,2025-11-21 20:36:04.880
3b9ddb4a-36d7-ea11-828c-cf34c837d27a,80,5472.0,2020-08-05 16:26:03.480,2020-08-05 16:26:03.480
63057551-0f78-ed11-83d0-dbe72732717b,80,3192.0,2022-12-09 22:17:55.947,2022-12-09 22:17:55.947
884489d7-ead0-ea11-828c-b57555799727,80,5776.0,2020-07-28 15:58:42.497,2020-07-28 15:58:42.497
2ff72e9c-18e3-ea11-828c-f8709861f8d2,80,3800.0,2020-08-20 19:09:48.350,2020-08-20 19:09:48.350
1919f3a0-ded5-ea11-828c-c3297631124c,80,5776.0,2020-08-03 23:18:12.407,2020-08-03 23:18:12.407
597a2101-0050-fc61-5e78-08de293fbdb8,80,4750.8,2025-11-21 20:51:27.760,2025-11-21 20:51:27.760
a47c2101-0050-fc61-fad9-08de293fbe28,80,2399.2,2025-11-21 20:51:28.487,2025-11-21 20:51:28.487
c7f9edf4-1578-ed11-83d0-dbe72732717b,80,2090.0,2022-12-09 23:05:30.537,2022-12-09 23:05:30.537
aff01001-0050-fc61-8987-08de293c0646,80,22883.6,2025-11-21 20:24:51.493,2025-11-21 20:24:51.493
88260f01-0050-fc61-9f6c-08de293ba59b,80,3877.0,2025-11-21 20:22:09.287,2025-11-21 20:22:09.287
c7f41501-0050-fc61-a4a9-08de293d19d2,80,2399.2,2025-11-21 20:32:33.773,2025-11-21 20:32:33.773
88191001-0050-fc61-068d-08de293bd8b6,80,3877.0,2025-11-21 20:23:35.000,2025-11-21 20:23:35.000
b0078e09-9917-eb11-828e-85d3c8e3831d,80,7296.0,2020-10-26 14:39:26.633,2020-10-26 14:39:26.633
c7fd93ad-f4e6-ea11-828c-cc6f8230eb3e,80,3800.0,2020-08-25 17:04:23.470,2020-08-25 17:04:23.470
239c1201-0050-fc61-081c-08de293c6168,80,38665.44,2025-11-21 20:27:24.347,2025-11-21 20:27:24.347
880394db-30d8-ea11-828c-cf34c837d27a,80,7144.0,2020-08-06 22:09:32.947,2020-08-06 22:09:32.947
a46b1501-0050-fc61-bd11-08de293cfc16,80,3877.0,2025-11-21 20:31:43.893,2025-11-21 20:31:43.893
e36e72c4-0f78-ed11-83d0-dbe72732717b,80,3952.0,2022-12-09 22:21:08.617,2022-12-09 22:21:08.617
62e7264c-1178-ed11-83d0-dbe72732717b,80,3914.0,2022-12-09 22:32:11.337,2022-12-09 22:32:11.337
e47e1e01-0050-fc61-8ecf-08de293f06b3,80,6275.6,2025-11-21 20:46:20.687,2025-11-21 20:46:20.687
e39075da-a9dd-ea11-828c-dab48128a9c3,80,7296.0,2020-08-13 21:14:45.720,2020-08-13 21:14:45.720
036a1a01-0050-fc61-099c-08de293e1407,80,2399.2,2025-11-21 20:39:33.523,2025-11-21 20:39:33.523
e300b027-92e0-ea11-828c-fcb9b0fbbc3d,80,5472.0,2020-08-17 14:07:30.733,2020-08-17 14:07:30.733
01b652f3-43db-ea11-828c-a3b0b95dd4b2,80,3800.0,2020-08-10 20:04:50.093,2020-08-10 20:04:50.093
1c01f8eb-1fed-04b6-7000-01a0c988529a,80,5600.0,2026-09-22 14:32:35.470,2026-09-22 14:32:35.470
b8561901-0050-fc61-de63-08de293dd558,80,3877.0,2025-11-21 20:37:48.380,2025-11-21 20:37:48.380
11a5dbbd-29e3-ea11-828c-f8709861f8d2,80,3800.0,2020-08-20 21:12:48.743,2020-08-20 21:12:48.743
62b81f01-0050-fc61-eb81-08de293f52d5,80,3877.0,2025-11-21 20:48:28.413,2025-11-21 20:48:28.413
1921e12a-1078-ed11-83d0-dbe72732717b,80,2090.0,2022-12-09 22:23:58.873,2022-12-09 22:23:58.873
2fdf1401-0050-fc61-7ea8-08de293cdefd,80,3877.0,2025-11-21 20:30:55.037,2025-11-21 20:30:55.037
a44dc3e4-69d0-eb11-830a-c1c5c06c5978,80,7296.0,2021-06-18 19:26:25.107,2021-06-18 19:26:25.107
359b0b01-0050-fc61-c279-08de293ae623,80,4916.2,2025-11-21 20:16:48.087,2025-11-21 20:16:48.087
a4540b01-0050-fc61-c14d-08de293ad803,80,4328.1,2025-11-21 20:16:24.363,2025-11-21 20:16:24.363
0b911101-0050-fc61-050c-08de293c2822,80,14446.2,2025-11-21 20:25:48.290,2025-11-21 20:25:48.290
1bfb1001-0050-fc61-3cdc-08de293c0841,80,19140.2,2025-11-21 20:24:54.850,2025-11-21 20:24:54.850
87a21d01-0050-fc61-65c0-08de293ed3ea,80,4750.8,2025-11-21 20:44:55.457,2025-11-21 20:44:55.457
2fd359b5-1478-ed11-83d0-dbe72732717b,80,2090.0,2022-12-09 22:56:28.800,2022-12-09 22:56:28.800
62a3097c-f7c1-ea11-a9ce-0a593f791696,80,3800.0,2020-07-09 15:23:15.320,2020-07-09 15:23:15.320
20620e01-0050-fc61-c7e1-08de293b7f44,80,23423.2,2025-11-21 20:21:04.973,2025-11-21 20:21:04.973
45731ac1-0e78-ed11-83d0-dbe72732717b,80,3952.0,2022-12-09 22:13:53.413,2022-12-09 22:13:53.413
296a72c4-0f78-ed11-83d0-dbe72732717b,80,3952.0,2022-12-09 22:21:06.427,2022-12-09 22:21:06.427
40661301-0050-fc61-b60f-08de293c8f84,80,4916.2,2025-11-21 20:28:41.733,2025-11-21 20:28:41.733
19270b01-0050-fc61-2c34-08de293ace18,80,6275.6,2025-11-21 20:16:07.757,2025-11-21 20:16:07.757
afd91201-0050-fc61-b98f-08de293c6f16,80,3877.0,2025-11-21 20:27:47.307,2025-11-21 20:27:47.307
87780f01-0050-fc61-eca3-08de293bb54c,80,6275.6,2025-11-21 20:22:35.610,2025-11-21 20:22:35.610
afdb1a01-0050-fc61-c681-08de293e2f94,80,4494.8,2025-11-21 20:40:19.777,2025-11-21 20:40:19.777
4d9d8800-31ba-eb11-830a-a4b0d298b5f4,80,5776.0,2021-05-21 12:36:11.447,2021-05-21 12:36:11.447
053c1101-0050-fc61-9773-08de293c165e,80,3859.2,2025-11-21 20:25:18.487,2025-11-21 20:25:18.487
e2e40901-0050-fc61-971d-08de293a8b70,80,3877.0,2025-11-21 20:14:15.850,2025-11-21 20:14:15.850
8788860f-1578-ed11-83d0-dbe72732717b,80,2090.0,2022-12-09 22:59:05.207,2022-12-09 22:59:05.207
118ccf78-a2d2-ea11-828c-b4e2a79c59ea,80,7144.0,2020-07-30 20:27:07.463,2020-07-30 20:27:07.463
c7c47673-f9c1-ea11-a9ce-0a593f791696,80,3800.0,2020-07-09 15:37:42.887,2020-07-09 15:37:42.887
888b149f-ed95-ea11-a9ce-0a593f791696,80,12160.0,2020-05-14 14:45:13.543,2020-05-14 14:45:13.543
87fa1401-0050-fc61-ec03-08de293ce3f7,80,3859.2,2025-11-21 20:31:03.393,2025-11-21 20:31:03.393
b89505e4-9d90-79c7-ec13-08dd9254a18f,80,0.0,2025-05-13 19:33:27.853,2025-05-13 19:33:27.853
d882a904-c8e3-ea11-828c-f8709861f8d2,80,3800.0,2020-08-21 16:06:29.850,2020-08-21 16:06:29.850
2383860f-1578-ed11-83d0-dbe72732717b,80,2090.0,2022-12-09 22:59:03.670,2022-12-09 22:59:03.670
29823f80-7dd2-ea11-828c-b4e2a79c59ea,80,7144.0,2020-07-30 16:06:52.320,2020-07-30 16:06:52.320
d11c0282-1578-ed11-83d0-dbe72732717b,80,2090.0,2022-12-09 23:02:15.777,2022-12-09 23:02:15.777
636d0701-0050-fc61-85ed-08de293a081e,80,4779.2,2025-11-21 20:10:35.587,2025-11-21 20:10:35.587
118151af-1478-ed11-83d0-dbe72732717b,80,3724.0,2022-12-09 22:56:26.410,2022-12-09 22:56:26.410
ac270e01-0050-fc61-08f2-08de293b72e7,80,20580.8,2025-11-21 20:20:44.227,2025-11-21 20:20:44.227
f1e76edf-05e3-ea11-828c-f8709861f8d2,80,3800.0,2020-08-20 16:56:06.627,2020-08-20 16:56:06.627
45611401-0050-fc61-f2e8-08de293cc427,80,3877.0,2025-11-21 20:30:10.037,2025-11-21 20:30:10.037
87161b01-0050-fc61-e100-08de293e3e0d,80,2399.2,2025-11-21 20:40:44.063,2025-11-21 20:40:44.063
c7b595b7-bdd1-ea11-828c-b57555799727,80,5472.0,2020-07-29 17:09:09.423,2020-07-29 17:09:09.423
e2a2218e-0f78-ed11-83d0-dbe72732717b,80,3116.0,2022-12-09 22:19:38.557,2022-12-09 22:19:38.557
62639498-f3cc-ea11-828c-cd0b241fdad6,80,5016.0,2020-07-23 14:59:09.133,2020-07-23 14:59:09.133
ac170e8e-1578-ed11-83d0-dbe72732717b,80,3952.0,2022-12-09 23:02:39.223,2022-12-09 23:02:39.223
e2a0c86d-1678-ed11-83d0-dbe72732717b,80,3952.0,2022-12-09 23:08:48.810,2022-12-09 23:08:48.810
b83e0b01-0050-fc61-b98d-08de293ad32d,80,22883.6,2025-11-21 20:16:16.247,2025-11-21 20:16:16.247
afd36eeb-1478-ed11-83d0-dbe72732717b,80,2090.0,2022-12-09 22:58:02.197,2022-12-09 22:58:02.197
a4291501-0050-fc61-b728-08de293ceda6,80,16580.2,2025-11-21 20:31:19.687,2025-11-21 20:31:19.687
1be775aa-43c5-ea11-a9ce-0a593f791696,80,3800.0,2020-07-13 20:07:34.287,2020-07-13 20:07:34.287
86ed6f34-21d0-ea11-828c-feca9a38b713,80,7296.0,2020-07-27 15:55:19.700,2020-07-27 15:55:19.700
117011f8-56d3-ea11-828c-b4e2a79c59ea,80,5016.0,2020-07-31 18:02:41.410,2020-07-31 18:02:41.410
05301b01-0050-fc61-aa13-08de293e445d,80,63695.2,2025-11-21 20:40:54.657,2025-11-21 20:40:54.657
052fc242-34d7-ea11-828c-cf34c837d27a,80,6688.0,2020-08-05 16:06:03.010,2020-08-05 16:06:03.010
2faf3e18-2cc1-ea11-a9ce-0a593f791696,80,3800.0,2020-07-08 15:19:02.527,2020-07-08 15:19:02.527
872c0de9-3ddb-ea11-828c-a3b0b95dd4b2,80,5776.0,2020-08-10 19:17:01.757,2020-08-10 19:17:01.757
116b6ef7-1478-ed11-83d0-dbe72732717b,80,2090.0,2022-12-09 22:58:21.067,2022-12-09 22:58:21.067
03731201-0050-fc61-5ea9-08de293c5756,80,3877.0,2025-11-21 20:27:07.457,2025-11-21 20:27:07.457
624f1e01-0050-fc61-9de9-08de293efacf,80,19114.0,2025-11-21 20:46:00.713,2025-11-21 20:46:00.713
e26614a0-1578-ed11-83d0-dbe72732717b,80,2090.0,2022-12-09 23:03:05.880,2022-12-09 23:03:05.880
c7a14c7f-78d3-ea11-828c-b4e2a79c59ea,80,7144.0,2020-07-31 21:58:36.567,2020-07-31 21:58:36.567
052e2dbe-1378-ed11-83d0-dbe72732717b,80,3914.0,2022-12-09 22:49:36.297,2022-12-09 22:49:36.297
c7a144dc-1378-ed11-83d0-dbe72732717b,80,3116.0,2022-12-09 22:50:32.263,2022-12-09 22:50:32.263
c7b01b01-0050-fc61-9556-08de293e6166,80,2399.2,2025-11-21 20:41:43.330,2025-11-21 20:41:43.330
e26a1f01-0050-fc61-3f83-08de293f415f,80,27911.0,2025-11-21 20:47:59.063,2025-11-21 20:47:59.063
62451cb2-70a7-eb11-82e4-dcb8446b8653,80,5776.0,2021-04-27 15:53:51.267,2021-04-27 15:53:51.267
4aa2d219-a5dd-ea11-828c-dab48128a9c3,80,5776.0,2020-08-13 20:52:04.897,2020-08-13 20:52:04.897
c7998c12-1478-ed11-83d0-dbe72732717b,80,3116.0,2022-12-09 22:52:02.210,2022-12-09 22:52:02.210
d1151e01-0050-fc61-2ba2-08de293eee15,80,2399.2,2025-11-21 20:45:39.347,2025-11-21 20:45:39.347
7335a8bb-1078-ed11-83d0-dbe72732717b,80,3952.0,2022-12-09 22:28:02.817,2022-12-09 22:28:02.817
0889528b-1478-ed11-83d0-dbe72732717b,80,2090.0,2022-12-09 22:55:18.163,2022-12-09 22:55:18.163
38bfb997-1278-ed11-83d0-dbe72732717b,80,2090.0,2022-12-09 22:41:20.750,2022-12-09 22:41:20.750
49372201-0050-fc61-78de-08de293feb80,80,3877.0,2025-11-21 20:52:44.547,2025-11-21 20:52:44.547
e2a93594-0f78-ed11-83d0-dbe72732717b,80,3952.0,2022-12-09 22:19:52.013,2022-12-09 22:19:52.013
40541a01-0050-fc61-a933-08de293e0ef8,80,21101.4,2025-11-21 20:39:25.033,2025-11-21 20:39:25.033
86b41701-0050-fc61-e199-08de293d7714,80,2399.2,2025-11-21 20:35:10.207,2025-11-21 20:35:10.207
51ec0d01-0050-fc61-78e6-08de293b66ba,80,4779.2,2025-11-21 20:20:23.793,2025-11-21 20:20:23.793
052a03ef-1178-ed11-83d0-dbe72732717b,80,3914.0,2022-12-09 22:36:44.207,2022-12-09 22:36:44.207
4aa70b01-0050-fc61-7222-08de293ae883,80,4779.2,2025-11-21 20:16:52.070,2025-11-21 20:16:52.070
59e07767-1078-ed11-83d0-dbe72732717b,80,3914.0,2022-12-09 22:25:41.087,2022-12-09 22:25:41.087
11542bc0-2fd0-ea11-828c-b57555799727,80,5472.0,2020-07-27 17:39:32.223,2020-07-27 17:39:32.223
86930a01-0050-fc61-ea4f-08de293aae7e,80,4779.2,2025-11-21 20:15:14.693,2025-11-21 20:15:14.693
86909418-1478-ed11-83d0-dbe72732717b,80,3116.0,2022-12-09 22:52:09.180,2022-12-09 22:52:09.180
869b6dbd-2ac1-ea11-a9ce-0a593f791696,80,3800.0,2020-07-08 14:55:17.000,2020-07-08 14:55:17.000
e24a1101-0050-fc61-b361-08de293c1974,80,3877.0,2025-11-21 20:25:23.783,2025-11-21 20:25:23.783
e25e8473-03e3-ea11-828c-f8709861f8d2,80,3800.0,2020-08-20 16:45:57.223,2020-08-20 16:45:57.223
114db805-6bc7-ee11-8445-f25537ef4d2b,80,16378.0,2024-02-09 16:48:27.013,2024-02-09 16:48:27.013
23608892-80d3-ea11-828c-b4e2a79c59ea,80,5472.0,2020-07-31 22:53:40.857,2020-07-31 22:53:40.857
868661e5-1478-ed11-83d0-dbe72732717b,80,2090.0,2022-12-09 22:57:48.037,2022-12-09 22:57:48.037
869f61e5-1478-ed11-83d0-dbe72732717b,80,3116.0,2022-12-09 22:57:56.007,2022-12-09 22:57:56.007
622d1a01-0050-fc61-e699-08de293e05cb,80,27911.0,2025-11-21 20:39:09.673,2025-11-21 20:39:09.673
0886159a-1578-ed11-83d0-dbe72732717b,80,2090.0,2022-12-09 23:02:54.577,2022-12-09 23:02:54.577
113dcdfc-12e3-ea11-828c-f8709861f8d2,80,3800.0,2020-08-20 18:32:31.220,2020-08-20 18:32:31.220
113a993f-1578-ed11-83d0-dbe72732717b,80,2090.0,2022-12-09 23:00:28.233,2022-12-09 23:00:28.233
2f93decd-16e3-ea11-828c-f8709861f8d2,80,3800.0,2020-08-20 18:59:49.277,2020-08-20 18:59:49.277
e2620901-0050-fc61-5d36-08de293a70c8,80,4916.2,2025-11-21 20:13:31.153,2025-11-21 20:13:31.153
e23f4b33-dfe7-ea11-828c-a053257f7d3c,80,3800.0,2020-08-26 21:02:27.107,2020-08-26 21:02:27.107
2f87a025-1678-ed11-83d0-dbe72732717b,80,2850.0,2022-12-09 23:06:44.727,2022-12-09 23:06:44.727
62232301-0050-fc61-59de-08de2940234b,80,0.0,2025-11-21 20:54:18.147,2025-11-21 20:54:18.147
b273340f-0f78-ed11-83d0-dbe72732717b,80,3952.0,2022-12-09 22:16:07.290,2022-12-09 22:16:07.290
b8161101-0050-fc61-54d0-08de293c0e4c,80,4505.8,2025-11-21 20:25:04.967,2025-11-21 20:25:04.967
866c1301-0050-fc61-d054-08de293c90c2,80,25669.0,2025-11-21 20:28:43.857,2025-11-21 20:28:43.857
2f9b86ed-e8d1-ea11-828c-b57555799727,80,5776.0,2020-07-29 22:20:42.150,2020-07-29 22:20:42.150
ac1909e9-1178-ed11-83d0-dbe72732717b,80,3192.0,2022-12-09 22:36:34.050,2022-12-09 22:36:34.050
e229949e-96a7-eb11-82e4-dcb8446b8653,80,5776.0,2021-04-27 20:25:28.983,2021-04-27 20:25:28.983
1bcdad06-1078-ed11-83d0-dbe72732717b,80,3952.0,2022-12-09 22:23:00.527,2022-12-09 22:23:00.527
4f03b440-fcd0-ea11-828c-b57555799727,80,5016.0,2020-07-28 18:05:52.420,2020-07-28 18:05:52.420
5af1383d-1278-ed11-83d0-dbe72732717b,80,2850.0,2022-12-09 22:38:53.607,2022-12-09 22:38:53.607
01a80601-0050-fc61-5fe3-08de2939dd51,80,3877.0,2025-11-21 20:09:23.720,2025-11-21 20:09:23.720
2c2720a3-44db-ea11-828c-a3b0b95dd4b2,80,5016.0,2020-08-10 20:08:56.800,2020-08-10 20:08:56.800
051c3909-0f78-ed11-83d0-dbe72732717b,80,3116.0,2022-12-09 22:15:59.553,2022-12-09 22:15:59.553
11233783-36d7-ea11-828c-cf34c837d27a,80,6688.0,2020-08-05 16:34:56.283,2020-08-05 16:34:56.283
621f0801-0050-fc61-1744-08de293a2d18,80,4916.2,2025-11-21 20:11:37.613,2025-11-21 20:11:37.613
f08e62ed-bec2-ea11-a9ce-0a593f791696,80,3800.0,2020-07-10 15:07:03.733,2020-07-10 15:07:03.733
86511401-0050-fc61-17bd-08de293cc0be,80,2399.2,2025-11-21 20:30:04.323,2025-11-21 20:30:04.323
afb889c3-96e0-ea11-828c-fcb9b0fbbc3d,80,5776.0,2020-08-17 14:45:11.087,2020-08-17 14:45:11.087
05193fd6-1378-ed11-83d0-dbe72732717b,80,2090.0,2022-12-09 22:50:16.817,2022-12-09 22:50:16.817
86538dd7-3783-ea11-a9ce-0a593f791696,80,15200.0,2020-04-20 18:53:56.707,2020-04-20 18:53:56.707
741f933d-7dd2-ea11-828c-b4e2a79c59ea,80,7296.0,2020-07-30 16:02:48.997,2020-07-30 16:02:48.997
111b89c3-a488-ea11-a9ce-0a593f791696,80,13680.0,2020-04-27 16:44:52.137,2020-04-27 16:44:52.137
a3f9031e-08e3-ea11-828c-f8709861f8d2,80,3800.0,2020-08-20 17:21:39.107,2020-08-20 17:21:39.107
b8041e01-0050-fc61-5748-08de293eea25,80,3877.0,2025-11-21 20:45:32.790,2025-11-21 20:45:32.790
afb70801-0050-fc61-4f58-08de293a4cfc,80,3859.2,2025-11-21 20:12:31.103,2025-11-21 20:12:31.103
c733e8a5-31ba-eb11-830a-a4b0d298b5f4,80,5776.0,2021-05-21 12:40:39.090,2021-05-21 12:40:39.090
4aa0e866-34c2-ea11-a9ce-0a593f791696,80,3800.0,2020-07-09 22:39:17.750,2020-07-09 22:39:17.750
afb1a75d-1578-ed11-83d0-dbe72732717b,80,2090.0,2022-12-09 23:01:12.697,2022-12-09 23:01:12.697
afaf0401-0026-f826-cbf9-08de6822eff7,80,0.0,2026-02-09 21:35:55.527,2026-02-09 21:35:55.527
e1d559b5-1478-ed11-83d0-dbe72732717b,80,2090.0,2022-12-09 22:56:29.563,2022-12-09 22:56:29.563
b7fc68f4-1378-ed11-83d0-dbe72732717b,80,3192.0,2022-12-09 22:51:05.653,2022-12-09 22:51:05.653
34d82101-0050-fc61-1a01-08de293fd1d8,80,2399.2,2025-11-21 20:52:01.573,2025-11-21 20:52:01.573
b7f681fe-f6c1-ea11-a9ce-0a593f791696,80,3800.0,2020-07-09 15:24:10.320,2020-07-09 15:24:10.320
e1e35b55-1278-ed11-83d0-dbe72732717b,80,2090.0,2022-12-09 22:39:34.127,2022-12-09 22:39:34.127
c72ee874-e17b-ed11-83d0-d526d65c5b2e,80,0.0,2022-12-14 18:59:44.503,2022-12-14 18:59:44.503
b8501567-1478-ed11-83d0-dbe72732717b,80,3116.0,2022-12-09 22:54:21.050,2022-12-09 22:54:21.050
e209761a-8fd2-ea11-828c-b4e2a79c59ea,80,5776.0,2020-07-30 18:06:11.673,2020-07-30 18:06:11.673
0ee93064-1178-ed11-83d0-dbe72732717b,80,3914.0,2022-12-09 22:32:50.980,2022-12-09 22:32:50.980
233d6d7b-a3d1-ea11-828c-b57555799727,80,5776.0,2020-07-29 14:00:41.240,2020-07-29 14:00:41.240
c7279945-1578-ed11-83d0-dbe72732717b,80,2090.0,2022-12-09 23:00:36.440,2022-12-09 23:00:36.440
860d1361-1478-ed11-83d0-dbe72732717b,80,3116.0,2022-12-09 22:54:10.443,2022-12-09 22:54:10.443
0c051201-0050-fc61-47bf-08de293c40ff,80,4494.8,2025-11-21 20:26:30.003,2025-11-21 20:26:30.003
b7e626b2-1378-ed11-83d0-dbe72732717b,80,3116.0,2022-12-09 22:49:18.097,2022-12-09 22:49:18.097
862c993f-1578-ed11-83d0-dbe72732717b,80,2090.0,2022-12-09 23:00:24.203,2022-12-09 23:00:24.203
087b169a-1378-ed11-83d0-dbe72732717b,80,3116.0,2022-12-09 22:48:33.207,2022-12-09 22:48:33.207
45670901-0050-fc61-3008-08de293a71b2,80,3877.0,2025-11-21 20:13:32.683,2025-11-21 20:13:32.683
c70df839-a3d1-ea11-828c-b57555799727,80,7296.0,2020-07-29 14:01:49.677,2020-07-29 14:01:49.677
ae122001-0050-fc61-10a0-08de293f674e,80,0.0,2025-11-21 20:49:02.720,2025-11-21 20:49:02.720
85e428e6-22e3-ea11-828c-f8709861f8d2,80,3800.0,2020-08-20 20:24:16.153,2020-08-20 20:24:16.153
85e558d9-1478-ed11-83d0-dbe72732717b,80,3952.0,2022-12-09 22:57:34.180,2022-12-09 22:57:34.180
1baee7a6-1178-ed11-83d0-dbe72732717b,80,3914.0,2022-12-09 22:34:41.663,2022-12-09 22:34:41.663
afad3594-0f78-ed11-83d0-dbe72732717b,80,3914.0,2022-12-09 22:19:53.567,2022-12-09 22:19:53.567
85c10d01-0050-fc61-16f4-08de293b5d8b,80,3877.0,2025-11-21 20:20:08.413,2025-11-21 20:20:08.413
85d5d321-fdd0-ea11-828c-b57555799727,80,5776.0,2020-07-28 18:11:08.810,2020-07-28 18:11:08.810
b22a2301-0050-fc61-ff80-08de29402543,80,4505.8,2025-11-21 20:54:21.500,2025-11-21 20:54:21.500
209a1701-0050-fc61-770f-08de293d7272,80,2399.2,2025-11-21 20:35:02.480,2025-11-21 20:35:02.480
aae014aa-7ad3-ea11-828c-b4e2a79c59ea,80,7144.0,2020-07-31 22:14:15.457,2020-07-31 22:14:15.457
5a42463d-a4dc-ea11-828c-dab48128a9c3,80,5472.0,2020-08-12 14:15:11.987,2020-08-12 14:15:11.987
85a548a9-1478-ed11-83d0-dbe72732717b,80,2090.0,2022-12-09 22:56:08.917,2022-12-09 22:56:08.917
c6f82101-0050-fc61-4e94-08de293fd9cb,80,4494.8,2025-11-21 20:52:14.853,2025-11-21 20:52:14.853
10e7f86d-c6e0-ea11-828c-fcb9b0fbbc3d,80,3800.0,2020-08-17 20:19:10.210,2020-08-17 20:19:10.210
050b2382-1378-ed11-83d0-dbe72732717b,80,3116.0,2022-12-09 22:47:53.983,2022-12-09 22:47:53.983
0797634f-1278-ed11-83d0-dbe72732717b,80,3914.0,2022-12-09 22:39:16.810,2022-12-09 22:39:16.810
b7cc0601-0050-fc61-4739-08de2939e49c,80,22883.6,2025-11-21 20:09:35.990,2025-11-21 20:09:35.990
10ef90dd-18e3-ea11-828c-f8709861f8d2,80,3800.0,2020-08-20 19:11:38.170,2020-08-20 19:11:38.170
0c140592-91d5-ea11-828c-b4e2a79c59ea,80,5016.0,2020-08-03 14:09:11.250,2020-08-03 14:09:11.250
34ef4128-1778-ed11-83d0-dbe72732717b,80,0.0,2022-12-09 23:13:58.873,2022-12-09 23:13:58.873
a3cd96ee-0f0f-eb11-828e-85d3c8e3831d,80,7144.0,2020-10-15 17:57:51.433,2020-10-15 17:57:51.433
5a782ec1-3bc1-ea11-a9ce-0a593f791696,80,3800.0,2020-07-08 17:01:01.533,2020-07-08 17:01:01.533
858c1501-0050-fc61-7e59-08de293d03ce,80,37232.64,2025-11-21 20:31:56.833,2025-11-21 20:31:56.833
40390e01-0050-fc61-06a2-08de293b76be,80,3877.0,2025-11-21 20:20:50.720,2025-11-21 20:20:50.720
ac1c2042-92ca-ea11-828c-bbacfba5f3d6,80,7296.0,2020-07-20 14:12:06.117,2020-07-20 14:12:06.117
10e2a957-1578-ed11-83d0-dbe72732717b,80,2090.0,2022-12-09 23:01:04.163,2022-12-09 23:01:04.163
a9ed8128-2acd-ea11-828c-cd0b241fdad6,80,7296.0,2020-07-23 21:24:24.127,2020-07-23 21:24:24.127
b7d01501-0050-fc61-99f9-08de293d11ef,80,4916.2,2025-11-21 20:32:20.530,2025-11-21 20:32:20.530
857572c4-0f78-ed11-83d0-dbe72732717b,80,3952.0,2022-12-09 22:21:11.317,2022-12-09 22:21:11.317
10d82b1b-b919-ee11-8445-c27e613bd174,80,0.0,2023-07-03 15:49:17.540,2023-07-03 15:49:17.540
b2299480-5e87-eb11-82e4-d126b414ab0b,80,7296.0,2021-03-17 20:23:08.603,2021-03-17 20:23:08.603
2348ccdd-b3d1-ea11-828c-b57555799727,80,7296.0,2020-07-29 16:00:33.717,2020-07-29 16:00:33.717
4f0bf168-e17b-ed11-83d0-d526d65c5b2e,80,0.0,2022-12-14 18:59:26.737,2022-12-14 18:59:26.737
8571860f-1578-ed11-83d0-dbe72732717b,80,2090.0,2022-12-09 22:58:58.093,2022-12-09 22:58:58.093
4f041401-0050-fc61-bb4b-08de293cb02f,80,4505.8,2025-11-21 20:29:36.543,2025-11-21 20:29:36.543
8631e12a-1078-ed11-83d0-dbe72732717b,80,3116.0,2022-12-09 22:24:04.397,2022-12-09 22:24:04.397
c8972e49-1278-ed11-83d0-dbe72732717b,80,2603.0,2022-12-09 22:39:13.650,2022-12-09 22:39:13.650
a3cb73d0-0f78-ed11-83d0-dbe72732717b,80,3192.0,2022-12-09 22:21:25.780,2022-12-09 22:21:25.780
e1a7cf7b-0f78-ed11-83d0-dbe72732717b,80,3952.0,2022-12-09 22:19:10.540,2022-12-09 22:19:10.540
855e6cfa-02d1-ea11-828c-b57555799727,80,7296.0,2020-07-28 18:53:52.257,2020-07-28 18:53:52.257
231b0401-004b-ed9c-35c9-08de6efe7bcd,80,0.0,2026-02-18 15:01:30.283,2026-02-18 15:01:30.283
2319c5cd-1278-ed11-83d0-dbe72732717b,80,2850.0,2022-12-09 22:42:49.603,2022-12-09 22:42:49.603
8562c276-b4d5-ea11-828c-c3297631124c,80,5776.0,2020-08-03 18:14:02.027,2020-08-03 18:14:02.027
05052001-0050-fc61-a705-08de293f63ce,80,3431.4,2025-11-21 20:48:56.897,2025-11-21 20:48:56.897
38c74f70-1178-ed11-83d0-dbe72732717b,80,2850.0,2022-12-09 22:33:06.087,2022-12-09 22:33:06.087
853d1e01-0050-fc61-b4dd-08de293ef67e,80,2399.2,2025-11-21 20:45:53.473,2025-11-21 20:45:53.473
74a26746-90d2-ea11-828c-b4e2a79c59ea,80,3800.0,2020-07-30 18:18:34.500,2020-07-30 18:18:34.500
8646d904-5b92-eb11-82e4-991ba972462b,80,5776.0,2021-03-31 19:55:22.607,2021-03-31 19:55:22.607
10c81c19-1278-ed11-83d0-dbe72732717b,80,3116.0,2022-12-09 22:37:47.263,2022-12-09 22:37:47.263
2f781301-0050-fc61-a05f-08de293c92e7,80,2399.2,2025-11-21 20:28:47.397,2025-11-21 20:28:47.397
85bc0801-0050-fc61-9408-08de293a4dff,80,4916.2,2025-11-21 20:12:32.817,2025-11-21 20:12:32.817
89e619b6-67d3-ea11-828c-b4e2a79c59ea,80,5016.0,2020-07-31 20:02:46.197,2020-07-31 20:02:46.197
36b12101-0050-fc61-b2d1-08de293fc99f,80,7146.8,2025-11-21 20:51:47.700,2025-11-21 20:51:47.700
b27b1501-0050-fc61-5dcc-08de293cffa4,80,4916.2,2025-11-21 20:31:49.813,2025-11-21 20:31:49.813
5ab52101-0050-fc61-730f-08de293fca63,80,40068.52,2025-11-21 20:51:48.990,2025-11-21 20:51:48.990
10c188ff-9e65-eb11-82b1-8fdf2f9e2ae1,80,7296.0,2021-02-02 21:39:03.100,2021-02-02 21:39:03.100
4045c568-a384-ea11-a9ce-0a593f791696,80,12160.0,2020-04-22 14:16:27.107,2020-04-22 14:16:27.107
117e1601-0050-fc61-fbff-08de293d3874,80,2399.2,2025-11-21 20:33:25.147,2025-11-21 20:33:25.147
3e16a115-1578-ed11-83d0-dbe72732717b,80,2090.0,2022-12-09 22:59:08.503,2022-12-09 22:59:08.503
62108cec-a1dd-ea11-828c-dab48128a9c3,80,5472.0,2020-08-13 20:19:20.517,2020-08-13 20:19:20.517
e1b80c01-0050-fc61-d148-08de293b258a,80,4916.2,2025-11-21 20:18:34.427,2025-11-21 20:18:34.427
6184aed4-23d0-ea11-828c-b57555799727,80,5016.0,2020-07-27 16:21:56.073,2020-07-27 16:21:56.073
61882201-0050-fc61-21a3-08de293fff51,80,3138.6,2025-11-21 20:53:17.797,2025-11-21 20:53:17.797
051d0e01-0050-fc61-210f-08de293b70b0,80,4750.8,2025-11-21 20:20:40.517,2025-11-21 20:20:40.517
2f237f09-1578-ed11-83d0-dbe72732717b,80,2090.0,2022-12-09 22:58:50.217,2022-12-09 22:58:50.217
c6dcb8ee-46d0-ea11-828c-b57555799727,80,7296.0,2020-07-27 20:23:45.350,2020-07-27 20:23:45.350
230b9d38-27d1-ea11-828c-b57555799727,80,3800.0,2020-07-28 23:09:21.953,2020-07-28 23:09:21.953
b7a51501-0050-fc61-c591-08de293d0900,80,7146.8,2025-11-21 20:32:05.523,2025-11-21 20:32:05.523
e15b51d1-9fd2-ea11-828c-b4e2a79c59ea,80,5016.0,2020-07-30 20:11:11.900,2020-07-30 20:11:11.900
c6e3ba7f-1678-ed11-83d0-dbe72732717b,80,2090.0,2022-12-09 23:09:17.470,2022-12-09 23:09:17.470
84ff1201-0050-fc61-b70d-08de293c7820,80,2399.2,2025-11-21 20:28:02.537,2025-11-21 20:28:02.537
74d6ee6a-bfc2-ea11-a9ce-0a593f791696,80,3800.0,2020-07-10 15:10:44.977,2020-07-10 15:10:44.977
c6c9e63f-1378-ed11-83d0-dbe72732717b,80,3116.0,2022-12-09 22:46:09.300,2022-12-09 22:46:09.300
61750901-0050-fc61-48ce-08de293a7462,80,4516.8,2025-11-21 20:13:37.190,2025-11-21 20:13:37.190
c119c091-1278-ed11-83d0-dbe72732717b,80,2090.0,2022-12-09 22:41:17.897,2022-12-09 22:41:17.897
4ed5e89d-1678-ed11-83d0-dbe72732717b,80,2090.0,2022-12-09 23:10:14.920,2022-12-09 23:10:14.920
6167b5a7-f2d8-ea11-828c-cf34c837d27a,80,5016.0,2020-08-07 21:15:33.167,2020-08-07 21:15:33.167
c6c7a39a-66d7-ea11-828c-cf34c837d27a,80,7144.0,2020-08-05 22:00:25.560,2020-08-05 22:00:25.560
850aa554-93d5-ea11-828c-c3297631124c,80,3800.0,2020-08-03 14:13:52.443,2020-08-03 14:13:52.443
b7b9a4ec-fd83-ea11-a9ce-0a593f791696,80,15200.0,2020-04-21 18:35:05.873,2020-04-21 18:35:05.873
84ed1101-0050-fc61-d6d2-08de293c3c2f,80,3877.0,2025-11-21 20:26:21.933,2025-11-21 20:26:21.933
e1801901-0050-fc61-097d-08de293dddc2,80,2399.2,2025-11-21 20:38:02.490,2025-11-21 20:38:02.490
38b41e01-0050-fc61-25ab-08de293f13e4,80,50051.56,2025-11-21 20:46:42.817,2025-11-21 20:46:42.817
e2145127-0f78-ed11-83d0-dbe72732717b,80,2090.0,2022-12-09 22:16:50.193,2022-12-09 22:16:50.193
a3b44d5c-b4dc-ea11-828c-dab48128a9c3,80,5472.0,2020-08-12 16:04:32.397,2020-08-12 16:04:32.397
2314edc5-cfbb-eb11-830a-a4b0d298b5f4,80,0.0,2021-05-23 14:04:27.150,2021-05-23 14:04:27.150
e16e1301-0050-fc61-ce3e-08de293c912c,80,3877.0,2025-11-21 20:28:44.503,2025-11-21 20:28:44.503
e14d0f01-0050-fc61-283f-08de293bace8,80,6275.6,2025-11-21 20:22:21.547,2025-11-21 20:22:21.547
402dc381-713c-ee11-8444-94a8d4560ff0,80,5496.0,2023-08-16 20:14:44.377,2023-08-16 20:14:44.377
61580eaa-14d8-ea11-828c-cf34c837d27a,80,5472.0,2020-08-06 18:46:10.147,2020-08-06 18:46:10.147
04f41e01-0050-fc61-3af3-08de293f2489,80,2399.2,2025-11-21 20:47:10.753,2025-11-21 20:47:10.753
08691701-0050-fc61-6f88-08de293d68e6,80,2399.2,2025-11-21 20:34:46.440,2025-11-21 20:34:46.440
10a40801-0050-fc61-27bd-08de293a4971,80,25030.6,2025-11-21 20:12:25.170,2025-11-21 20:12:25.170
368c126d-1478-ed11-83d0-dbe72732717b,80,3192.0,2022-12-09 22:54:32.857,2022-12-09 22:54:32.857
af830701-0023-b011-29ad-08de6ccffa00,80,0.0,2026-02-15 20:22:45.990,2026-02-15 20:22:45.990
84af2001-0050-fc61-23b6-08de293f8d74,80,6275.6,2025-11-21 20:50:06.780,2025-11-21 20:50:06.780
402de864-d2bb-eb11-830a-a4b0d298b5f4,80,24016.0,2021-05-23 14:23:17.700,2021-05-23 14:23:17.700
74d81e01-0050-fc61-148a-08de293f1e53,80,3877.0,2025-11-21 20:47:00.310,2025-11-21 20:47:00.310
1b9a0701-0050-fc61-d4f1-08de293a11fd,80,3877.0,2025-11-21 20:10:52.137,2025-11-21 20:10:52.137
8686528b-1478-ed11-83d0-dbe72732717b,80,3116.0,2022-12-09 22:55:17.370,2022-12-09 22:55:17.370
e144838e-1778-ed11-83d0-dbe72732717b,80,0.0,2022-12-09 23:16:55.217,2022-12-09 23:16:55.217
a3b4a5f4-0f78-ed11-83d0-dbe72732717b,80,3724.0,2022-12-09 22:22:25.550,2022-12-09 22:22:25.550
b794f232-e17b-ed11-83d0-d526d65c5b2e,80,0.0,2022-12-14 18:57:50.710,2022-12-14 18:57:50.710
84dc1d01-0050-fc61-d7f6-08de293ee18b,80,4708.8,2025-11-21 20:45:18.320,2025-11-21 20:45:18.320
3ceeb3f1-1078-ed11-83d0-dbe72732717b,80,2850.0,2022-12-09 22:29:34.863,2022-12-09 22:29:34.863
a40b0a01-0050-fc61-9fc1-08de293a93b0,80,3877.0,2025-11-21 20:14:29.717,2025-11-21 20:14:29.717
c6aa0a01-0050-fc61-de97-08de293ab2e0,80,4779.2,2025-11-21 20:15:22.107,2025-11-21 20:15:22.107
a9f23d93-0bd1-ee11-8445-b301c4e59e1c,80,49552.0,2024-02-21 22:50:40.000,2024-02-21 22:50:40.000
d28fa698-2fd8-ea11-828c-cf34c837d27a,80,7144.0,2020-08-06 22:00:56.673,2020-08-06 22:00:56.673
04f00f01-0050-fc61-a42c-08de293bd02a,80,16580.2,2025-11-21 20:23:20.687,2025-11-21 20:23:20.687
516b9c8e-bfc2-ea11-a9ce-0a593f791696,80,3800.0,2020-07-10 15:12:29.647,2020-07-10 15:12:29.647
a39fadb3-ebe2-ea11-828c-f8709861f8d2,80,3800.0,2020-08-20 13:51:38.820,2020-08-20 13:51:38.820
49319d2d-1578-ed11-83d0-dbe72732717b,80,2090.0,2022-12-09 22:59:57.597,2022-12-09 22:59:57.597
af829ac7-94d1-ea11-828c-b57555799727,80,7296.0,2020-07-29 12:14:43.897,2020-07-29 12:14:43.897
b7932f7f-1478-ed11-83d0-dbe72732717b,80,2850.0,2022-12-09 22:55:05.557,2022-12-09 22:55:05.557
613e58c4-e9d1-ea11-828c-b57555799727,80,5776.0,2020-07-29 22:26:10.517,2020-07-29 22:26:10.517
51611501-0050-fc61-c534-08de293cfa3f,80,3877.0,2025-11-21 20:31:40.860,2025-11-21 20:31:40.860
845a1d18-24bb-eb11-830a-a4b0d298b5f4,80,54081.6,2021-05-22 17:35:37.980,2021-05-22 17:35:37.980
1b7d1301-0050-fc61-0f00-08de293c93b1,80,2399.2,2025-11-21 20:28:48.750,2025-11-21 20:28:48.750
e1357057-d1d8-ea11-828c-cf34c837d27a,80,6688.0,2020-08-07 17:17:16.357,2020-08-07 17:17:16.357
84680a88-1578-ed11-83d0-dbe72732717b,80,2090.0,2022-12-09 23:02:30.017,2022-12-09 23:02:30.017
1b7b1701-0050-fc61-1604-08de293d6c4c,80,2399.2,2025-11-21 20:34:52.120,2025-11-21 20:34:52.120
e13c416b-3dde-ea11-828c-dab48128a9c3,80,5776.0,2020-08-14 14:53:40.663,2020-08-14 14:53:40.663
052a0f01-0050-fc61-0683-08de293ba641,80,4779.2,2025-11-21 20:22:10.353,2025-11-21 20:22:10.353
abd4264c-1178-ed11-83d0-dbe72732717b,80,3952.0,2022-12-09 22:32:04.017,2022-12-09 22:32:04.017
a0782e00-8fd2-ee11-8445-f86373d5047d,80,0.0,2024-02-23 21:03:37.967,2024-02-23 21:03:37.967
84361f01-0050-fc61-a654-08de293f3492,80,4916.2,2025-11-21 20:47:37.627,2025-11-21 20:47:37.627
2f027cac-bdc2-ea11-a9ce-0a593f791696,80,3800.0,2020-07-10 14:59:31.817,2020-07-10 14:59:31.817
4018e7bb-b4d5-ea11-828c-c3297631124c,80,5776.0,2020-08-03 18:22:18.217,2020-08-03 18:22:18.217
841e9433-1578-ed11-83d0-dbe72732717b,80,2090.0,2022-12-09 23:00:06.387,2022-12-09 23:00:06.387
841f993f-1578-ed11-83d0-dbe72732717b,80,2090.0,2022-12-09 23:00:19.640,2022-12-09 23:00:19.640
36840601-003a-b736-9fe3-08de6a537435,80,0.0,2026-02-12 16:38:51.523,2026-02-12 16:38:51.523
6148fa93-c3c2-ea11-a9ce-0a593f791696,80,3800.0,2020-07-10 15:40:26.590,2020-07-10 15:40:26.590
e13466e8-6ad2-ea11-828c-b4e2a79c59ea,80,6688.0,2020-07-30 14:00:21.597,2020-07-30 14:00:21.597
a3921613-1278-ed11-83d0-dbe72732717b,80,2850.0,2022-12-09 22:37:42.667,2022-12-09 22:37:42.667
4afa1101-0050-fc61-97a7-08de293c3e98,80,3878.0,2025-11-21 20:26:25.950,2025-11-21 20:26:25.950
af741301-0050-fc61-d395-08de293c923a,80,4916.2,2025-11-21 20:28:46.267,2025-11-21 20:28:46.267
e11fec44-b1e7-ea11-828c-a053257f7d3c,80,3800.0,2020-08-26 15:36:41.273,2020-08-26 15:36:41.273
107e5933-0f78-ed11-83d0-dbe72732717b,80,3952.0,2022-12-09 22:17:05.630,2022-12-09 22:17:05.630
0bcbee4e-1478-ed11-83d0-dbe72732717b,80,3116.0,2022-12-09 22:53:37.473,2022-12-09 22:53:37.473
e1160701-0073-cfa3-8104-08de8ea74bb2,80,3300.0,2026-03-30 22:00:50.437,2026-03-30 22:00:50.437
a3846e79-1078-ed11-83d0-dbe72732717b,80,3724.0,2022-12-09 22:26:15.557,2022-12-09 22:26:15.557
e1231f01-0050-fc61-f96d-08de293f3053,80,2399.2,2025-11-21 20:47:30.533,2025-11-21 20:47:30.533
83f0ee27-1378-ed11-83d0-dbe72732717b,80,3116.0,2022-12-09 22:45:26.437,2022-12-09 22:45:26.437
624d21d7-dad0-ea11-828c-b57555799727,80,5016.0,2020-07-28 14:04:12.333,2020-07-28 14:04:12.333
36b4b0cd-0ee7-ea11-828c-929414703c5e,80,3800.0,2020-08-25 20:11:52.757,2020-08-25 20:11:52.757
af784f78-86e1-ea11-828c-fcb9b0fbbc3d,80,3800.0,2020-08-18 19:13:46.240,2020-08-18 19:13:46.240
83eabc71-ebd0-ea11-828c-b57555799727,80,5776.0,2020-07-28 16:08:09.793,2020-07-28 16:08:09.793
c696a5a7-5c89-ea11-a9ce-0a593f791696,80,12160.0,2020-04-28 14:33:59.647,2020-04-28 14:33:59.647
83ec0801-0050-fc61-5dae-08de293a5748,80,19114.0,2025-11-21 20:12:48.713,2025-11-21 20:12:48.713
af774959-79dd-ea11-828c-dab48128a9c3,80,5472.0,2020-08-13 15:33:36.027,2020-08-13 15:33:36.027
44dcf35d-1378-ed11-83d0-dbe72732717b,80,3116.0,2022-12-09 22:46:53.017,2022-12-09 22:46:53.017
abd71301-0050-fc61-91f3-08de293ca70e,80,3877.0,2025-11-21 20:29:21.227,2025-11-21 20:29:21.227
83cea5f4-0f78-ed11-83d0-dbe72732717b,80,3192.0,2022-12-09 22:22:35.020,2022-12-09 22:22:35.020
2eec0c01-0050-fc61-8236-08de293b2fb5,80,3859.2,2025-11-21 20:18:51.533,2025-11-21 20:18:51.533
611a1e01-0050-fc61-a395-08de293eeed6,80,2399.2,2025-11-21 20:45:40.627,2025-11-21 20:45:40.627
107207c0-f690-79c7-9a29-08ddd3acc262,80,5956.0,2025-08-04 23:15:24.997,2025-08-04 23:15:24.997
40357c03-1578-ed11-83d0-dbe72732717b,80,2090.0,2022-12-09 22:58:38.897,2022-12-09 22:58:38.897
83a67ec5-dbb1-a69f-7004-01a0c5a25859,80,0.0,2026-09-21 20:27:24.247,2026-09-21 20:27:24.247
b0511f01-0050-fc61-200b-08de293f3a99,80,0.0,2025-11-21 20:47:47.737,2025-11-21 20:47:47.737
83aa1601-0050-fc61-c255-08de293d4164,80,2399.2,2025-11-21 20:33:40.133,2025-11-21 20:33:40.133
e1436d48-35d7-ea11-828c-cf34c837d27a,80,7144.0,2020-08-05 16:08:45.943,2020-08-05 16:08:45.943
c69a0df7-af5e-ec11-8350-92049595c631,80,33190.72,2021-12-16 20:43:09.657,2021-12-16 20:43:09.657
44d7d097-12d0-ea11-828c-cd0b241fdad6,80,7296.0,2020-07-27 14:13:28.377,2020-07-27 14:13:28.377
e0f94f29-57cc-ea11-828c-cd0b241fdad6,80,7144.0,2020-07-22 20:10:56.420,2020-07-22 20:10:56.420
01952b88-1378-ed11-83d0-dbe72732717b,80,3116.0,2022-12-09 22:48:02.697,2022-12-09 22:48:02.697
e1071d01-0050-fc61-f013-08de293eafeb,80,16580.2,2025-11-21 20:43:55.090,2025-11-21 20:43:55.090
a37d5267-22e3-ea11-828c-f8709861f8d2,80,3800.0,2020-08-20 20:20:17.860,2020-08-20 20:20:17.860
3cf3a127-1578-ed11-83d0-dbe72732717b,80,2090.0,2022-12-09 22:59:39.370,2022-12-09 22:59:39.370
83901801-0050-fc61-547b-08de293da810,80,4750.8,2025-11-21 20:36:32.417,2025-11-21 20:36:32.417
01944ae9-fed7-ea11-828c-cf34c837d27a,80,6688.0,2020-08-06 16:09:58.770,2020-08-06 16:09:58.770
6103e7b5-dad0-ea11-828c-b57555799727,80,6688.0,2020-07-28 14:03:47.597,2020-07-28 14:03:47.597
6108ffd4-c2c2-ea11-a9ce-0a593f791696,80,3800.0,2020-07-10 15:37:02.657,2020-07-10 15:37:02.657
61061001-0050-fc61-3e41-08de293bd4ad,80,3877.0,2025-11-21 20:23:28.260,2025-11-21 20:23:28.260
83540601-0050-fc61-69f4-08de2939cb53,80,4916.2,2025-11-21 20:08:53.563,2025-11-21 20:08:53.563
513b1601-0050-fc61-0eec-08de293d28e6,80,2399.2,2025-11-21 20:32:59.043,2025-11-21 20:32:59.043
37f80901-0050-fc61-7378-08de293a8f86,80,3877.0,2025-11-21 20:14:22.750,2025-11-21 20:14:22.750
836092b7-a0c6-ea11-828c-bbacfba5f3d6,80,40128.0,2020-07-15 13:40:24.600,2020-07-15 13:40:24.600
c67f0c01-0050-fc61-7da1-08de293b1973,80,4779.2,2025-11-21 20:18:14.143,2025-11-21 20:18:14.143
61092b36-83a7-eb11-82e4-dcb8446b8653,80,3800.0,2021-04-27 18:13:41.173,2021-04-27 18:13:41.173
e0eb1e01-0050-fc61-fc98-08de293f22d8,80,27911.0,2025-11-21 20:47:07.913,2025-11-21 20:47:07.913
830e1e01-0050-fc61-aa01-08de293eecac,80,16580.2,2025-11-21 20:45:37.030,2025-11-21 20:45:37.030
512ea334-d2bb-eb11-830a-a4b0d298b5f4,80,24016.0,2021-05-23 14:21:48.423,2021-05-23 14:21:48.423
104c1601-0050-fc61-06dc-08de293d2cd3,80,2399.2,2025-11-21 20:33:05.653,2025-11-21 20:33:05.653
e0c8ff9c-ddbd-eb11-830a-d742523585ac,80,0.0,2021-05-26 04:49:08.387,2021-05-26 04:49:08.387
22d3ee4e-1478-ed11-83d0-dbe72732717b,80,3116.0,2022-12-09 22:53:41.027,2022-12-09 22:53:41.027
51421e01-0050-fc61-ca07-08de293ef783,80,46000.0,2025-11-21 20:45:55.200,2025-11-21 20:45:55.200
44d258d9-1478-ed11-83d0-dbe72732717b,80,2090.0,2022-12-09 22:57:28.247,2022-12-09 22:57:28.247
1b601b01-0050-fc61-9f07-08de293e4f86,80,0.0,2025-11-21 20:41:13.343,2025-11-21 20:41:13.343
e0b51601-0050-fc61-7412-08de293d44de,80,2399.2,2025-11-21 20:33:46.027,2025-11-21 20:33:46.027
759f0d01-0050-fc61-9240-08de293b56af,80,4779.2,2025-11-21 20:19:56.863,2025-11-21 20:19:56.863
60eb8e28-d2bb-eb11-830a-a4b0d298b5f4,80,24016.0,2021-05-23 14:21:28.993,2021-05-23 14:21:28.993
2eca1d01-0050-fc61-e3a0-08de293edd25,80,2399.2,2025-11-21 20:45:10.963,2025-11-21 20:45:10.963
60e52201-0050-fc61-c443-08de294013e7,80,0.0,2025-11-21 20:53:52.290,2025-11-21 20:53:52.290
b7416ad4-09e3-ea11-828c-f8709861f8d2,80,3800.0,2020-08-20 17:24:05.487,2020-08-20 17:24:05.487
75aa1347-a3dc-ea11-828c-dab48128a9c3,80,5016.0,2020-08-12 13:55:13.003,2020-08-12 13:55:13.003
29369692-0ed9-ea11-828c-cf34c837d27a,80,5776.0,2020-08-08 00:36:03.380,2020-08-08 00:36:03.380
c682bb75-cedc-ea11-828c-dab48128a9c3,80,5472.0,2020-08-12 19:30:10.143,2020-08-12 19:30:10.143
f003e6f7-1278-ed11-83d0-dbe72732717b,80,3515.0,2022-12-09 22:44:08.223,2022-12-09 22:44:08.223
04d41d01-0050-fc61-2d54-08de293edf91,80,2399.2,2025-11-21 20:45:15.067,2025-11-21 20:45:15.067
d0f3d675-0f78-ed11-83d0-dbe72732717b,80,3952.0,2022-12-09 22:18:55.243,2022-12-09 22:18:55.243
20d8550e-91d5-ea11-828c-b4e2a79c59ea,80,6688.0,2020-08-03 13:58:58.750,2020-08-03 13:58:58.750
37fb0d01-0050-fc61-503e-08de293b69af,80,40879.4,2025-11-21 20:20:28.980,2025-11-21 20:20:28.980
82ce2a15-34d7-ea11-828c-cf34c837d27a,80,7144.0,2020-08-05 16:06:53.910,2020-08-05 16:06:53.910
e09361e5-1478-ed11-83d0-dbe72732717b,80,2090.0,2022-12-09 22:57:52.137,2022-12-09 22:57:52.137
82ea0e01-0050-fc61-23be-08de293b9a65,80,4779.2,2025-11-21 20:21:50.467,2025-11-21 20:21:50.467
511d1801-0050-fc61-e3be-08de293d9076,80,50842.28,2025-11-21 20:35:52.793,2025-11-21 20:35:52.793
400ada31-a3d1-ea11-828c-b57555799727,80,6688.0,2020-07-29 14:05:36.407,2020-07-29 14:05:36.407
04d2c78e-1178-ed11-83d0-dbe72732717b,80,3914.0,2022-12-09 22:34:00.117,2022-12-09 22:34:00.117
75ff1261-1478-ed11-83d0-dbe72732717b,80,2090.0,2022-12-09 22:54:05.703,2022-12-09 22:54:05.703
04d10b01-0050-fc61-9d11-08de293af10f,80,3859.2,2025-11-21 20:17:06.367,2025-11-21 20:17:06.367
87797c95-c2e3-ea11-828c-f8709861f8d2,80,3800.0,2020-08-21 15:34:03.193,2020-08-21 15:34:03.193
292a1c01-0050-fc61-8eee-08de293e7c04,80,3877.0,2025-11-21 20:42:28.017,2025-11-21 20:42:28.017
22ccf743-1be3-ea11-828c-f8709861f8d2,80,3800.0,2020-08-20 19:28:49.513,2020-08-20 19:28:49.513
3b839b80-a7d5-ea11-828c-c3297631124c,80,5016.0,2020-08-03 16:43:29.267,2020-08-03 16:43:29.267
400c0d01-0050-fc61-b6f4-08de293b3686,80,55376.92,2025-11-21 20:19:02.957,2025-11-21 20:19:02.957
1b591901-0050-fc61-413a-08de293dd5bc,80,2399.2,2025-11-21 20:37:49.053,2025-11-21 20:37:49.053
22cd3b43-2cc1-ea11-a9ce-0a593f791696,80,3800.0,2020-07-08 15:06:46.357,2020-07-08 15:06:46.357
511d25da-6389-ea11-a9ce-0a593f791696,80,12160.0,2020-04-28 15:30:44.063,2020-04-28 15:30:44.063
053ded43-5ad3-ea11-828c-b4e2a79c59ea,80,6688.0,2020-07-31 18:20:51.297,2020-07-31 18:20:51.297
82bb1601-1278-ed11-83d0-dbe72732717b,80,3116.0,2022-12-09 22:37:10.783,2022-12-09 22:37:10.783
e08ac8f9-6ad6-ea11-828c-c3297631124c,80,7296.0,2020-08-04 15:57:32.030,2020-08-04 15:57:32.030
82bfc7c7-1278-ed11-83d0-dbe72732717b,80,3116.0,2022-12-09 22:42:41.367,2022-12-09 22:42:41.367
40062301-0050-fc61-b761-08de29401c3e,80,7146.8,2025-11-21 20:54:06.280,2025-11-21 20:54:06.280
a3c10480-07e3-ea11-828c-f8709861f8d2,80,3800.0,2020-08-20 17:07:25.657,2020-08-20 17:07:25.657
82aed787-6cd2-ea11-828c-b4e2a79c59ea,80,7144.0,2020-07-30 13:59:48.133,2020-07-30 13:59:48.133
102d1501-0050-fc61-c6d5-08de293cee4a,80,21101.4,2025-11-21 20:31:20.763,2025-11-21 20:31:20.763
60afb712-1078-ed11-83d0-dbe72732717b,80,3952.0,2022-12-09 22:23:24.997,2022-12-09 22:23:24.997
c617895c-a884-ea11-a9ce-0a593f791696,80,13680.0,2020-04-22 14:49:42.630,2020-04-22 14:49:42.630
018f0601-0050-fc61-e014-08de2939d7f9,80,27911.0,2025-11-21 20:09:15.007,2025-11-21 20:09:15.007
367b2001-0050-fc61-233d-08de293f82d6,80,3431.4,2025-11-21 20:49:48.963,2025-11-21 20:49:48.963
82a51001-0050-fc61-5bd8-08de293bf718,80,7146.8,2025-11-21 20:24:25.987,2025-11-21 20:24:25.987
c68d367f-1ed1-ea11-828c-b57555799727,80,7296.0,2020-07-28 22:07:51.877,2020-07-28 22:07:51.877
084c8006-1478-ed11-83d0-dbe72732717b,80,3724.0,2022-12-09 22:51:39.400,2022-12-09 22:51:39.400
0c7b860f-1578-ed11-83d0-dbe72732717b,80,2090.0,2022-12-09 22:59:01.090,2022-12-09 22:59:01.090
5111556c-a6b6-ed11-83d0-e1f7ab60ae09,80,0.0,2023-02-27 13:56:17.010,2023-02-27 13:56:17.010
510a297f-13c6-eb11-830a-bb0d05ba387d,80,7296.0,2021-06-05 15:35:56.120,2021-06-05 15:35:56.120
01b60901-0050-fc61-7bb5-08de293a80f6,80,3859.2,2025-11-21 20:13:58.303,2025-11-21 20:13:58.303
11a857d1-6bd2-ea11-828c-b4e2a79c59ea,80,7296.0,2020-07-30 14:00:19.217,2020-07-30 14:00:19.217
87ec2e6b-f8c2-ea11-a9ce-0a593f791696,80,3800.0,2020-07-10 22:03:26.470,2020-07-10 22:03:26.470
b4f95559-0fe3-ea11-828c-f8709861f8d2,80,3800.0,2020-08-20 18:05:13.917,2020-08-20 18:05:13.917
1b4e1301-0050-fc61-8001-08de293c8a6e,80,4916.2,2025-11-21 20:28:33.197,2025-11-21 20:28:33.197
e2ff01a5-5ec2-ea11-a9ce-0a593f791696,80,3800.0,2020-07-10 03:42:12.690,2020-07-10 03:42:12.690
b8560a01-0050-fc61-351a-08de293aa2ab,80,7146.8,2025-11-21 20:14:54.880,2025-11-21 20:14:54.880
b7240b01-0050-fc61-7ae0-08de293acd81,80,3465.0,2025-11-21 20:16:06.760,2025-11-21 20:16:06.760
1020142b-1278-ed11-83d0-dbe72732717b,80,3724.0,2022-12-09 22:38:18.060,2022-12-09 22:38:18.060
101923e9-fecc-ea11-828c-cd0b241fdad6,80,7296.0,2020-07-23 16:11:14.237,2020-07-23 16:11:14.237
82902001-0050-fc61-0033-08de293f86a8,80,2399.2,2025-11-21 20:49:55.343,2025-11-21 20:49:55.343
60a19f1b-1578-ed11-83d0-dbe72732717b,80,2090.0,2022-12-09 22:59:19.840,2022-12-09 22:59:19.840
e071a6d3-f8c1-ea11-a9ce-0a593f791696,80,3800.0,2020-07-09 15:36:19.557,2020-07-09 15:36:19.557
28541701-0050-fc61-9084-08de293d652a,80,2399.2,2025-11-21 20:34:40.167,2025-11-21 20:34:40.167
8266deeb-1278-ed11-83d0-dbe72732717b,80,3914.0,2022-12-09 22:43:43.473,2022-12-09 22:43:43.473
75f502fc-1ed7-ea11-828c-cf34c837d27a,80,6688.0,2020-08-05 13:26:55.737,2020-08-05 13:26:55.737
825ef0fa-00d8-ea11-828c-cf34c837d27a,80,5472.0,2020-08-06 16:24:19.507,2020-08-06 16:24:19.507
b72af007-2880-ea11-a9ce-0a593f791696,80,13680.0,2020-04-16 21:23:28.527,2020-04-16 21:23:28.527
f1a91401-0050-fc61-bf5d-08de293cd41c,80,3877.0,2025-11-21 20:30:36.803,2025-11-21 20:30:36.803
106afc0f-1178-ed11-83d0-dbe72732717b,80,3116.0,2022-12-09 22:30:26.420,2022-12-09 22:30:26.420
f11904ce-1678-ed11-83d0-dbe72732717b,80,3952.0,2022-12-09 23:11:33.000,2022-12-09 23:11:33.000
60859418-1478-ed11-83d0-dbe72732717b,80,3192.0,2022-12-09 22:52:05.143,2022-12-09 22:52:05.143
c5ebedf4-1578-ed11-83d0-dbe72732717b,80,2907.0,2022-12-09 23:05:24.930,2022-12-09 23:05:24.930
8229c215-0cd8-ea11-828c-cf34c837d27a,80,5016.0,2020-08-06 17:49:37.827,2020-08-06 17:49:37.827
100448ce-fe8a-ea11-a9ce-0a593f791696,80,13680.0,2020-04-30 16:35:58.083,2020-04-30 16:35:58.083
82551f43-38d8-ea11-828c-cf34c837d27a,80,5776.0,2020-08-06 23:07:16.983,2020-08-06 23:07:16.983
af61950d-bdc2-ea11-a9ce-0a593f791696,80,3800.0,2020-07-10 15:00:46.753,2020-07-10 15:00:46.753
8255a8e0-69d7-ea11-828c-cf34c837d27a,80,7144.0,2020-08-05 22:27:19.963,2020-08-05 22:27:19.963
e056d7a1-a0d6-ea11-828c-c3297631124c,80,5776.0,2020-08-04 22:27:18.427,2020-08-04 22:27:18.427
51030e01-0050-fc61-a435-08de293b6b8c,80,22883.6,2025-11-21 20:20:31.877,2025-11-21 20:20:31.877
1b3e0e73-1478-ed11-83d0-dbe72732717b,80,2090.0,2022-12-09 22:54:42.627,2022-12-09 22:54:42.627
6081fab5-58e2-ea11-828c-f8709861f8d2,80,3800.0,2020-08-19 20:19:24.753,2020-08-19 20:19:24.753
44c11d01-0050-fc61-8549-08de293edab1,80,3877.0,2025-11-21 20:45:06.853,2025-11-21 20:45:06.853
2feabef7-1078-ed11-83d0-dbe72732717b,80,3192.0,2022-12-09 22:29:42.570,2022-12-09 22:29:42.570
50fb2101-0050-fc61-11d1-08de293fda2b,80,4916.2,2025-11-21 20:52:15.453,2025-11-21 20:52:15.453
8207e9ac-29c1-ea11-a9ce-0a593f791696,80,3800.0,2020-07-08 14:53:24.797,2020-07-08 14:53:24.797
0ff6ee27-1378-ed11-83d0-dbe72732717b,80,3914.0,2022-12-09 22:45:28.263,2022-12-09 22:45:28.263
0ff3f121-1378-ed11-83d0-dbe72732717b,80,3515.0,2022-12-09 22:45:10.430,2022-12-09 22:45:10.430
45934e75-b8c2-ea11-a9ce-0a593f791696,80,3800.0,2020-07-10 14:22:19.197,2020-07-10 14:22:19.197
81fcd675-0f78-ed11-83d0-dbe72732717b,80,3724.0,2022-12-09 22:18:58.563,2022-12-09 22:18:58.563
a331bbfe-d3d5-ea11-828c-c3297631124c,80,7144.0,2020-08-03 22:03:00.767,2020-08-03 22:03:00.767
b70e1001-0050-fc61-3fac-08de293bd694,80,7146.8,2025-11-21 20:23:31.487,2025-11-21 20:23:31.487
08438878-d5d5-ea11-828c-c3297631124c,80,7144.0,2020-08-03 22:13:49.137,2020-08-03 22:13:49.137
81f10901-0050-fc61-47e5-08de293a8e3b,80,12665.8,2025-11-21 20:14:20.557,2025-11-21 20:14:20.557
50f277c4-f1e2-ea11-828c-f8709861f8d2,80,3800.0,2020-08-20 14:32:52.667,2020-08-20 14:32:52.667
81f40501-0050-fc61-ff51-08de2939b60a,80,19114.0,2025-11-21 20:08:17.840,2025-11-21 20:08:17.840
50f2c311-b7d5-ea11-828c-c3297631124c,80,5776.0,2020-08-03 18:33:27.173,2020-08-03 18:33:27.173
8886126d-1478-ed11-83d0-dbe72732717b,80,3116.0,2022-12-09 22:54:31.083,2022-12-09 22:54:31.083
81f51cc0-38c1-ea11-a9ce-0a593f791696,80,3800.0,2020-07-08 16:43:24.760,2020-07-08 16:43:24.760
0ff21e79-1478-ed11-83d0-dbe72732717b,80,3116.0,2022-12-09 22:54:47.343,2022-12-09 22:54:47.343
b712471d-2dcd-ea11-828c-cd0b241fdad6,80,5776.0,2020-07-23 21:44:14.390,2020-07-23 21:44:14.390
764b1701-0050-fc61-1306-08de293d6385,80,2399.2,2025-11-21 20:34:37.410,2025-11-21 20:34:37.410
da461a01-0050-fc61-a7d7-08de293e0c45,80,4708.8,2025-11-21 20:39:20.513,2025-11-21 20:39:20.513
81cc1201-0050-fc61-cf8e-08de293c6c3d,80,3877.0,2025-11-21 20:27:42.553,2025-11-21 20:27:42.553
0fe80d01-0050-fc61-4bee-08de293b65d7,80,2399.2,2025-11-21 20:20:22.293,2025-11-21 20:20:22.293
af6c0801-0050-fc61-1368-08de293a3ef3,80,3431.4,2025-11-21 20:12:07.547,2025-11-21 20:12:07.547
81c21601-0050-fc61-e65f-08de293d47ca,80,6275.6,2025-11-21 20:33:50.907,2025-11-21 20:33:50.907
b6e8dd86-c0c1-ea11-a9ce-0a593f791696,80,3800.0,2020-07-09 08:47:52.000,2020-07-09 08:47:52.000
765472bb-4ad8-ea11-828c-cf34c837d27a,80,6688.0,2020-08-07 01:12:24.230,2020-08-07 01:12:24.230
81be7ff1-91cd-eb11-830a-d15739d7672a,80,0.0,2021-06-15 04:28:12.543,2021-06-15 04:28:12.543
605a58ee-1378-ed11-83d0-dbe72732717b,80,3914.0,2022-12-09 22:51:01.350,2022-12-09 22:51:01.350
88521eb8-775a-ea11-a9ce-0a593f791696,80,36024.0,2020-02-28 22:20:01.830,2020-02-28 22:20:01.830
81bfa5f4-0f78-ed11-83d0-dbe72732717b,80,3724.0,2022-12-09 22:22:29.447,2022-12-09 22:22:29.447
b6f6a99a-1778-ed11-83d0-dbe72732717b,80,0.0,2022-12-09 23:17:10.653,2022-12-09 23:17:10.653
b6ef1101-0050-fc61-ddb7-08de293c3ca3,80,4750.8,2025-11-21 20:26:22.710,2025-11-21 20:26:22.710
81dd3a96-f6c1-ea11-a9ce-0a593f791696,80,3800.0,2020-07-09 15:19:26.013,2020-07-09 15:19:26.013
1b2d268e-1378-ed11-83d0-dbe72732717b,80,3952.0,2022-12-09 22:48:13.387,2022-12-09 22:48:13.387
37f5bd99-6194-ea11-a9ce-0a593f791696,80,12160.0,2020-05-12 15:06:35.543,2020-05-12 15:06:35.543
6bde5b55-1278-ed11-83d0-dbe72732717b,80,3192.0,2022-12-09 22:39:32.210,2022-12-09 22:39:32.210
81a61a01-0050-fc61-6f1d-08de293e214b,80,44940.96,2025-11-21 20:39:55.833,2025-11-21 20:39:55.833
44b6b699-43d0-ea11-828c-b57555799727,80,7296.0,2020-07-27 20:02:06.593,2020-07-27 20:02:06.593
dff26a59-1696-ea11-a9ce-0a593f791696,80,12160.0,2020-05-14 19:35:44.047,2020-05-14 19:35:44.047
819b2201-0050-fc61-daaa-08de294003f0,80,21101.4,2025-11-21 20:53:25.593,2025-11-21 20:53:25.593
3ff0f152-eee2-ea11-828c-f8709861f8d2,80,3800.0,2020-08-20 14:07:45.803,2020-08-20 14:07:45.803
4bda58d9-1478-ed11-83d0-dbe72732717b,80,2090.0,2022-12-09 22:57:30.613,2022-12-09 22:57:30.613
b6db0cf2-1678-ed11-83d0-dbe72732717b,80,2850.0,2022-12-09 23:12:31.273,2022-12-09 23:12:31.273
083a1701-0050-fc61-18ad-08de293d5ffd,80,2399.2,2025-11-21 20:34:31.477,2025-11-21 20:34:31.477
44af1901-0050-fc61-e55e-08de293de836,80,16580.2,2025-11-21 20:38:20.017,2025-11-21 20:38:20.017
c59f4116-b0dc-ea11-828c-dab48128a9c3,80,5472.0,2020-08-12 15:27:41.830,2020-08-12 15:27:41.830
8168a2b5-1ae3-ea11-828c-f8709861f8d2,80,3800.0,2020-08-20 19:25:04.357,2020-08-20 19:25:04.357
a31b1361-1478-ed11-83d0-dbe72732717b,80,3116.0,2022-12-09 22:54:15.310,2022-12-09 22:54:15.310
0838d4fd-1078-ed11-83d0-dbe72732717b,80,3724.0,2022-12-09 22:29:50.897,2022-12-09 22:29:50.897
4b198001-1678-ed11-83d0-dbe72732717b,80,3914.0,2022-12-09 23:05:46.660,2022-12-09 23:05:46.660
c5f905f2-2bc1-ea11-a9ce-0a593f791696,80,3800.0,2020-07-08 15:05:11.703,2020-07-08 15:05:11.703
76ad2001-0050-fc61-5a37-08de293f8cdb,80,0.0,2025-11-21 20:50:05.740,2025-11-21 20:50:05.740
dfc91701-0050-fc61-7597-08de293d7bf6,80,2399.2,2025-11-21 20:35:18.400,2025-11-21 20:35:18.400
3000dc91-1678-ed11-83d0-dbe72732717b,80,2090.0,2022-12-09 23:09:53.060,2022-12-09 23:09:53.060
c5981d01-0050-fc61-ab6d-08de293ed228,80,3431.4,2025-11-21 20:44:52.497,2025-11-21 20:44:52.497
0fc20e01-0050-fc61-7b40-08de293b9219,80,3877.0,2025-11-21 20:21:36.580,2025-11-21 20:21:36.580
1b20cd85-b88b-ea11-a9ce-0a593f791696,80,13680.0,2020-05-01 14:35:20.323,2020-05-01 14:35:20.323
c5961a01-0050-fc61-35ab-08de293e1d95,80,4779.2,2025-11-21 20:39:49.593,2025-11-21 20:39:49.593
6037391b-0f78-ed11-83d0-dbe72732717b,80,3952.0,2022-12-09 22:16:26.217,2022-12-09 22:16:26.217
2e7d0701-0050-fc61-b8b3-08de293a0bbe,80,23423.2,2025-11-21 20:10:41.627,2025-11-21 20:10:41.627
dfcc327b-578a-ea11-a9ce-0a593f791696,80,15200.0,2020-04-29 20:29:09.793,2020-04-29 20:29:09.793
3ff6704c-c888-ea11-a9ce-0a593f791696,80,13680.0,2020-04-27 20:50:28.627,2020-04-27 20:50:28.627
2e795933-0f78-ed11-83d0-dbe72732717b,80,2090.0,2022-12-09 22:17:04.017,2022-12-09 22:17:04.017
3e034009-21d8-ea11-828c-cf34c837d27a,80,5776.0,2020-08-06 20:19:52.803,2020-08-06 20:19:52.803
22971f01-0050-fc61-f0cd-08de293f4c03,80,4516.8,2025-11-21 20:48:17.003,2025-11-21 20:48:17.003
1c221701-0050-fc61-32b4-08de293d5b6c,80,2399.2,2025-11-21 20:34:23.837,2025-11-21 20:34:23.837
0fb248a9-1478-ed11-83d0-dbe72732717b,80,2090.0,2022-12-09 22:56:14.870,2022-12-09 22:56:14.870
1b251075-0e80-ea11-a9ce-0a593f791696,80,12160.0,2020-04-16 18:23:13.377,2020-04-16 18:23:13.377
81307f09-1578-ed11-83d0-dbe72732717b,80,2090.0,2022-12-09 22:58:54.307,2022-12-09 22:58:54.307
b2711604-1778-ed11-83d0-dbe72732717b,80,3952.0,2022-12-09 23:13:01.997,2022-12-09 23:13:01.997
825a9fea-fdd7-ea11-828c-cf34c837d27a,80,5776.0,2020-08-06 16:07:34.380,2020-08-06 16:07:34.380
c5be2101-0050-fc61-dd2a-08de293fcc45,80,4750.8,2025-11-21 20:51:52.153,2025-11-21 20:51:52.153
36691c01-0050-fc61-a446-08de293e89b5,80,4773.0,2025-11-21 20:42:50.967,2025-11-21 20:42:50.967
d2a80901-0050-fc61-0fa0-08de293a7e64,80,7146.8,2025-11-21 20:13:54.010,2025-11-21 20:13:54.010
76ab1701-0050-fc61-fe79-08de293d7598,80,3877.0,2025-11-21 20:35:07.723,2025-11-21 20:35:07.723
50cde12f-8ec7-ee11-8445-f25537ef4d2b,80,16378.0,2024-02-09 21:02:46.010,2024-02-09 21:02:46.010
aa604ed9-22d0-ea11-828c-b57555799727,80,7296.0,2020-07-27 16:08:56.517,2020-07-27 16:08:56.517
5229f556-d9d1-ea11-828c-b57555799727,80,7296.0,2020-07-29 20:34:43.083,2020-07-29 20:34:43.083
b6ba65ca-906d-5e8a-7003-019fb9af2bb8,80,0.0,2026-07-31 19:38:14.010,2026-07-31 19:38:14.010
76c80b01-0050-fc61-1936-08de293aef41,80,21101.4,2025-11-21 20:17:03.347,2025-11-21 20:17:03.347
0cc4054f-1078-ed11-83d0-dbe72732717b,80,3116.0,2022-12-09 22:25:01.067,2022-12-09 22:25:01.067
81004e9d-1478-ed11-83d0-dbe72732717b,80,2090.0,2022-12-09 22:55:48.367,2022-12-09 22:55:48.367
80f7c77b-d5d1-ea11-828c-b57555799727,80,4788.0,2020-07-29 20:09:05.157,2020-07-29 20:09:05.157
81018298-bdc2-ea11-a9ce-0a593f791696,80,3800.0,2020-07-10 14:57:30.477,2020-07-10 14:57:30.477
55b7a5f4-0f78-ed11-83d0-dbe72732717b,80,3192.0,2022-12-09 22:22:26.437,2022-12-09 22:22:26.437
81050fd1-1178-ed11-83d0-dbe72732717b,80,3192.0,2022-12-09 22:35:51.777,2022-12-09 22:35:51.777
a30cd5b8-a16d-ec11-8350-b44f80279ac4,80,3952.0,2022-01-04 21:03:45.757,2022-01-04 21:03:45.757
b3119adf-bec2-ea11-a9ce-0a593f791696,80,3800.0,2020-07-10 15:06:37.797,2020-07-10 15:06:37.797
81072101-0050-fc61-16b9-08de293fa36c,80,6275.6,2025-11-21 20:50:43.600,2025-11-21 20:50:43.600
aa8e362a-2bc1-ea11-a9ce-0a593f791696,80,3800.0,2020-07-08 15:00:16.303,2020-07-08 15:00:16.303
76de0601-0050-fc61-0205-08de2939e810,80,39811.96,2025-11-21 20:09:41.790,2025-11-21 20:09:41.790
c5950601-0050-fc61-4268-08de2939d948,80,22883.6,2025-11-21 20:09:16.980,2025-11-21 20:09:16.980
a49e1901-0050-fc61-32a3-08de293de481,80,2399.2,2025-11-21 20:38:13.833,2025-11-21 20:38:13.833
88d16efb-c4d5-ea11-828c-c3297631124c,80,5776.0,2020-08-03 20:10:40.633,2020-08-03 20:10:40.633
df970801-0050-fc61-f59e-08de293a46fc,80,4916.2,2025-11-21 20:12:21.037,2025-11-21 20:12:21.037
76fd084c-bfdc-ea11-828c-dab48128a9c3,80,3800.0,2020-08-12 17:16:25.033,2020-08-12 17:16:25.033
3a8b860f-1578-ed11-83d0-dbe72732717b,80,2090.0,2022-12-09 22:59:06.027,2022-12-09 22:59:06.027
082fc242-34d7-ea11-828c-cf34c837d27a,80,5016.0,2020-08-05 16:19:56.070,2020-08-05 16:19:56.070
80dd1601-0050-fc61-f5ef-08de293d4d7b,80,2399.2,2025-11-21 20:34:00.450,2025-11-21 20:34:00.450
08311701-0050-fc61-fb35-08de293d5e39,80,16580.2,2025-11-21 20:34:28.500,2025-11-21 20:34:28.500
88e3ea51-1378-ed11-83d0-dbe72732717b,80,3914.0,2022-12-09 22:46:32.900,2022-12-09 22:46:32.900
88ec0601-0050-fc61-fb01-08de2939eb00,80,4779.2,2025-11-21 20:09:46.707,2025-11-21 20:09:46.707
0fa49702-3b83-ea11-a9ce-0a593f791696,80,15200.0,2020-04-20 19:14:56.017,2020-04-20 19:14:56.017
da9d1601-0050-fc61-df3f-08de293d3f06,80,3877.0,2025-11-21 20:33:36.127,2025-11-21 20:33:36.127
80db121e-f355-ea11-a9ce-0a593f791696,80,28120.0,2020-02-23 04:19:54.873,2020-02-23 04:19:54.873
6010c091-1278-ed11-83d0-dbe72732717b,80,2850.0,2022-12-09 22:41:14.480,2022-12-09 22:41:14.480
04aa9f1b-1578-ed11-83d0-dbe72732717b,80,2090.0,2022-12-09 22:59:22.647,2022-12-09 22:59:22.647
60210601-0050-fc61-36cc-08de2939c0e9,80,46507.36,2025-11-21 20:08:36.097,2025-11-21 20:08:36.097
b2b9f5c5-2c8b-ea11-a9ce-0a593f791696,80,13680.0,2020-04-30 21:53:51.753,2020-04-30 21:53:51.753
50bb02cb-dbbd-eb11-830a-d742523585ac,80,0.0,2021-05-26 04:36:35.137,2021-05-26 04:36:35.137
5fff1b01-0050-fc61-905e-08de293e7227,80,2399.2,2025-11-21 20:42:11.490,2025-11-21 20:42:11.490
3b783643-1278-ed11-83d0-dbe72732717b,80,3116.0,2022-12-09 22:39:02.510,2022-12-09 22:39:02.510
df811701-0050-fc61-4f03-08de293d6d99,80,1184.61,2025-11-21 20:34:54.303,2025-11-21 20:34:54.303
80931701-0050-fc61-cc2f-08de293d70e3,80,2399.2,2025-11-21 20:34:59.877,2025-11-21 20:34:59.877
df771b01-0050-fc61-304c-08de293e54ae,80,16580.2,2025-11-21 20:41:22.007,2025-11-21 20:41:22.007
c58b5acd-1478-ed11-83d0-dbe72732717b,80,2090.0,2022-12-09 22:57:14.407,2022-12-09 22:57:14.407
df841a01-0050-fc61-29f7-08de293e19eb,80,2399.2,2025-11-21 20:39:43.413,2025-11-21 20:39:43.413
4084cfdf-1278-ed11-83d0-dbe72732717b,80,3914.0,2022-12-09 22:43:26.937,2022-12-09 22:43:26.937
807c0801-0050-fc61-183b-08de293a418f,80,4779.2,2025-11-21 20:12:11.943,2025-11-21 20:12:11.943
c5748c67-f4db-ea11-828c-a3b0b95dd4b2,80,5472.0,2020-08-11 17:12:00.373,2020-08-11 17:12:00.373
4cb47c6d-1078-ed11-83d0-dbe72732717b,80,2090.0,2022-12-09 22:25:48.227,2022-12-09 22:25:48.227
df4afddf-c7c2-ea11-a9ce-0a593f791696,80,3800.0,2020-07-10 16:16:56.450,2020-07-10 16:16:56.450
5fe20b0f-7dd2-ea11-828c-b4e2a79c59ea,80,6688.0,2020-07-30 16:06:40.023,2020-07-30 16:06:40.023
89441601-0050-fc61-593b-08de293d2a92,80,2399.2,2025-11-21 20:33:01.860,2025-11-21 20:33:01.860
36de0e01-0050-fc61-a0dd-08de293b97ad,80,4779.2,2025-11-21 20:21:45.953,2025-11-21 20:21:45.953
05667ee8-1578-ed11-83d0-dbe72732717b,80,2090.0,2022-12-09 23:05:02.930,2022-12-09 23:05:02.930
1b040e8e-1578-ed11-83d0-dbe72732717b,80,2090.0,2022-12-09 23:02:32.057,2022-12-09 23:02:32.057
60102301-0050-fc61-82b4-08de29401ecd,80,6275.6,2025-11-21 20:54:10.593,2025-11-21 20:54:10.593
492f993f-1578-ed11-83d0-dbe72732717b,80,2090.0,2022-12-09 23:00:24.990,2022-12-09 23:00:24.990
22751501-0050-fc61-2020-08de293cfe65,80,2399.2,2025-11-21 20:31:47.743,2025-11-21 20:31:47.743
37fd2aae-b4d1-ea11-828c-b57555799727,80,7296.0,2020-07-29 16:14:39.833,2020-07-29 16:14:39.833
5fc5649a-03d8-ea11-828c-cf34c837d27a,80,5776.0,2020-08-06 16:41:54.973,2020-08-06 16:41:54.973
c55d28b8-1378-ed11-83d0-dbe72732717b,80,2090.0,2022-12-09 22:49:23.173,2022-12-09 22:49:23.173
0f7f1b01-0050-fc61-2cf0-08de293e5649,80,2399.2,2025-11-21 20:41:24.697,2025-11-21 20:41:24.697
80585e5a-2ed0-ea11-828c-b57555799727,80,7296.0,2020-07-27 17:28:22.837,2020-07-27 17:28:22.837
df392001-0050-fc61-2cbe-08de293f72d1,80,4779.2,2025-11-21 20:49:22.067,2025-11-21 20:49:22.067
df2e0701-0050-fc61-2018-08de2939f98c,80,4916.2,2025-11-21 20:10:11.093,2025-11-21 20:10:11.093
22744c89-befe-ef11-84f4-ed76330bd80d,80,0.0,2025-03-11 21:21:50.167,2025-03-11 21:21:50.167
a3041701-0050-fc61-8b93-08de293d558e,80,2399.2,2025-11-21 20:34:14.003,2025-11-21 20:34:14.003
5fc288fb-e7d8-ea11-828c-cf34c837d27a,80,7144.0,2020-08-07 19:57:18.620,2020-08-07 19:57:18.620
c56b9a39-1578-ed11-83d0-dbe72732717b,80,2090.0,2022-12-09 23:00:17.837,2022-12-09 23:00:17.837
0f752001-0050-fc61-a947-08de293f817d,80,7146.8,2025-11-21 20:49:46.690,2025-11-21 20:49:46.690
04948236-67de-ea11-828c-dab48128a9c3,80,3800.0,2020-08-14 19:52:49.480,2020-08-14 19:52:49.480
5fbb2101-0050-fc61-d5f9-08de293fcba6,80,4708.8,2025-11-21 20:51:51.087,2025-11-21 20:51:51.087
226e6cb3-f37f-ea11-a9ce-0a593f791696,80,15200.0,2020-04-16 15:15:34.630,2020-04-16 15:15:34.630
be0f9d90-56a9-eb11-82e4-cefeac834b9a,80,7296.0,2021-04-30 01:52:00.427,2021-04-30 01:52:00.427
0f6e990d-bcc2-ea11-a9ce-0a593f791696,80,3800.0,2020-07-10 14:51:13.680,2020-07-10 14:51:13.680
0f6e1e01-0050-fc61-532d-08de293f02a7,80,25669.0,2025-11-21 20:46:13.893,2025-11-21 20:46:13.893
c5554434-1778-ed11-83d0-dbe72732717b,80,3952.0,2022-12-09 23:14:28.037,2022-12-09 23:14:28.037
5fd45400-43d0-ea11-828c-b57555799727,80,7296.0,2020-07-27 19:57:07.557,2020-07-27 19:57:07.557
44880f01-0050-fc61-5c02-08de293bb80f,80,7716.8,2025-11-21 20:22:40.277,2025-11-21 20:22:40.277
80282301-0050-fc61-6903-08de294024e1,80,6275.6,2025-11-21 20:54:20.800,2025-11-21 20:54:20.800
df1196af-1078-ed11-83d0-dbe72732717b,80,3914.0,2022-12-09 22:27:39.140,2022-12-09 22:27:39.140
defc2201-0050-fc61-6dd2-08de29401a12,80,19114.0,2025-11-21 20:54:02.660,2025-11-21 20:54:02.660
50a5bdcb-5bd3-ea11-828c-b4e2a79c59ea,80,7144.0,2020-07-31 18:32:52.820,2020-07-31 18:32:52.820
89ec5ec6-d6bd-eb11-830a-d742523585ac,80,0.0,2021-05-26 04:00:34.863,2021-05-26 04:00:34.863
defbc73d-1678-ed11-83d0-dbe72732717b,80,2090.0,2022-12-09 23:07:33.873,2022-12-09 23:07:33.873
7feb1a01-0050-fc61-cd4e-08de293e33ab,80,7716.8,2025-11-21 20:40:26.633,2025-11-21 20:40:26.633
defb0501-0050-fc61-8924-08de2939b859,80,7716.8,2025-11-21 20:08:21.717,2025-11-21 20:08:21.717
635f0d01-0050-fc61-e445-08de293b48a2,80,4750.8,2025-11-21 20:19:33.327,2025-11-21 20:19:33.327
89c22001-0050-fc61-7fb4-08de293f91d7,80,7146.8,2025-11-21 20:50:14.127,2025-11-21 20:50:14.127
df008291-1078-ed11-83d0-dbe72732717b,80,3724.0,2022-12-09 22:26:52.177,2022-12-09 22:26:52.177
7fe9d5ee-55e2-ea11-828c-f8709861f8d2,80,3800.0,2020-08-19 19:56:25.117,2020-08-19 19:56:25.117
2cc70901-0050-fc61-4ca8-08de293a84d9,80,4916.2,2025-11-21 20:14:04.847,2025-11-21 20:14:04.847
7fe61af7-0e78-ed11-83d0-dbe72732717b,80,3515.0,2022-12-09 22:15:27.280,2022-12-09 22:15:27.280
7fdcb500-1078-ed11-83d0-dbe72732717b,80,3116.0,2022-12-09 22:22:50.330,2022-12-09 22:22:50.330
a30469f4-1378-ed11-83d0-dbe72732717b,80,2090.0,2022-12-09 22:51:08.390,2022-12-09 22:51:08.390
3fd81f01-0050-fc61-93b5-08de293f59de,80,2399.2,2025-11-21 20:48:40.237,2025-11-21 20:48:40.237
d38ae0a0-69e1-ea11-828c-fcb9b0fbbc3d,80,5472.0,2020-08-18 15:50:27.733,2020-08-18 15:50:27.733
f3572f00-9ddd-ea11-828c-dab48128a9c3,80,5776.0,2020-08-13 19:44:40.983,2020-08-13 19:44:40.983
c59607ec-0590-79c7-19c4-08dda917729c,80,5056.0,2025-06-11 18:44:05.923,2025-06-11 18:44:05.923
56062201-0050-fc61-7144-08de293fdca1,80,3877.0,2025-11-21 20:52:19.593,2025-11-21 20:52:19.593
d10c0601-0050-fc61-a28a-08de2939bc38,80,60093.52,2025-11-21 20:08:28.250,2025-11-21 20:08:28.250
1c462301-0050-fc61-f9c1-08de29402bbc,80,3877.0,2025-11-21 20:54:32.287,2025-11-21 20:54:32.287
50b62001-0050-fc61-f70f-08de293f8ebc,80,4779.2,2025-11-21 20:50:08.990,2025-11-21 20:50:08.990
b7c52001-0050-fc61-228a-08de293f9279,80,4916.2,2025-11-21 20:50:15.180,2025-11-21 20:50:15.180
d40b2046-1178-ed11-83d0-dbe72732717b,80,2090.0,2022-12-09 22:31:58.720,2022-12-09 22:31:58.720
df482001-0050-fc61-dc54-08de293f76a5,80,4916.2,2025-11-21 20:49:28.480,2025-11-21 20:49:28.480
f36966fd-8add-ea11-828c-dab48128a9c3,80,5472.0,2020-08-13 17:39:01.247,2020-08-13 17:39:01.247
5bac0801-0050-fc61-7a31-08de293a4b00,80,19114.0,2025-11-21 20:12:27.800,2025-11-21 20:12:27.800
74bcb750-2ac1-ea11-a9ce-0a593f791696,80,3800.0,2020-07-08 14:58:44.680,2020-07-08 14:58:44.680
ec144e9d-1478-ed11-83d0-dbe72732717b,80,2090.0,2022-12-09 22:55:55.867,2022-12-09 22:55:55.867
22590e01-0050-fc61-313f-08de293b7d50,80,7146.8,2025-11-21 20:21:01.680,2025-11-21 20:21:01.680
5f8e2586-694b-ef11-84a5-a563d9fef745,80,3680.0,2024-07-26 16:15:55.120,2024-07-26 16:15:55.120
2256d29f-a3e0-ea11-828c-fcb9b0fbbc3d,80,5472.0,2020-08-17 16:15:52.557,2020-08-17 16:15:52.557
08210a3d-576a-eb11-82b1-d249468406d3,80,7144.0,2021-02-08 21:47:32.090,2021-02-08 21:47:32.090
7f975e02-01e7-ea11-828c-cc6f8230eb3e,80,3800.0,2020-08-25 18:38:54.987,2020-08-25 18:38:54.987
7fc52d83-9ed2-ea11-828c-b4e2a79c59ea,80,7296.0,2020-07-30 19:57:50.977,2020-07-30 19:57:50.977
50961801-0050-fc61-8674-08de293da976,80,2399.2,2025-11-21 20:36:34.767,2025-11-21 20:36:34.767
2a230af4-e7db-ea11-828c-a3b0b95dd4b2,80,7144.0,2020-08-11 15:35:38.080,2020-08-11 15:35:38.080
c53a1e01-0050-fc61-c8b2-08de293ef5ef,80,2399.2,2025-11-21 20:45:52.540,2025-11-21 20:45:52.540
deda1e01-0050-fc61-2af8-08de293f1eb2,80,6275.6,2025-11-21 20:47:00.960,2025-11-21 20:47:00.960
2e341801-0050-fc61-4b44-08de293d9509,80,47888.76,2025-11-21 20:36:00.483,2025-11-21 20:36:00.483
0f450801-00d2-8833-64d8-08de763d3084,80,0.0,2026-02-27 20:22:38.250,2026-02-27 20:22:38.250
3fb148ab-b6d2-ea11-828c-b4e2a79c59ea,80,7144.0,2020-07-30 22:53:46.410,2020-07-30 22:53:46.410
5f7c1901-0050-fc61-4818-08de293ddcc7,80,2399.2,2025-11-21 20:38:00.840,2025-11-21 20:38:00.840
c53f0170-1378-ed11-83d0-dbe72732717b,80,3116.0,2022-12-09 22:47:28.507,2022-12-09 22:47:28.507
7f55c9bb-1278-ed11-83d0-dbe72732717b,80,3116.0,2022-12-09 22:42:22.500,2022-12-09 22:42:22.500
c5479aa5-b1dc-ea11-828c-dab48128a9c3,80,5472.0,2020-08-12 15:40:23.383,2020-08-12 15:40:23.383
02ac9014-1e80-ea11-a9ce-0a593f791696,80,13680.0,2020-04-16 20:12:16.010,2020-04-16 20:12:16.010
081cdb30-12dc-ea11-828c-a3b0b95dd4b2,80,5472.0,2020-08-11 20:50:42.087,2020-08-11 20:50:42.087
7f461601-0050-fc61-b431-08de293d2b0b,80,2399.2,2025-11-21 20:33:02.663,2025-11-21 20:33:02.663
7f4a6f70-c7e0-ea11-828c-fcb9b0fbbc3d,80,40128.0,2020-08-17 20:24:33.417,2020-08-17 20:24:33.417
388961e5-1478-ed11-83d0-dbe72732717b,80,2090.0,2022-12-09 22:57:48.787,2022-12-09 22:57:48.787
047f8aa8-467b-ed11-83d0-dbe117b3817e,80,36677.6,2022-12-14 00:31:42.203,2022-12-14 00:31:42.203
50745c8e-00cb-eb11-830a-815dc380e5ec,80,0.0,2021-06-11 22:02:10.393,2021-06-11 22:02:10.393
c4ef1601-0050-fc61-995c-08de293d512f,80,2399.2,2025-11-21 20:34:06.663,2025-11-21 20:34:06.663
2e25829c-2ec1-ea11-a9ce-0a593f791696,80,3800.0,2020-07-08 15:24:00.520,2020-07-08 15:24:00.520
c4f94f67-d6dc-ea11-828c-dab48128a9c3,80,5472.0,2020-08-12 20:09:34.717,2020-08-12 20:09:34.717
7f241701-0050-fc61-383b-08de293d5bda,80,2399.2,2025-11-21 20:34:24.527,2025-11-21 20:34:24.527
b6a0e8bd-8fdd-ea11-828c-dab48128a9c3,80,7144.0,2020-08-13 18:10:24.410,2020-08-13 18:10:24.410
1ace9921-1578-ed11-83d0-dbe72732717b,80,2090.0,2022-12-09 22:59:37.767,2022-12-09 22:59:37.767
b5a7d0b5-1278-ed11-83d0-dbe72732717b,80,3914.0,2022-12-09 22:42:09.140,2022-12-09 22:42:09.140
5f5d0200-d2c2-ea11-a9ce-0a593f791696,80,3800.0,2020-07-10 17:29:37.847,2020-07-10 17:29:37.847
f0661701-0050-fc61-1f97-08de293d688b,80,2399.2,2025-11-21 20:34:45.830,2025-11-21 20:34:45.830
3dec3d03-8cc4-eb11-830a-e1fc9ad92b17,80,0.0,2021-06-03 16:52:50.833,2021-06-03 16:52:50.833
01766ef7-1478-ed11-83d0-dbe72732717b,80,2090.0,2022-12-09 22:58:24.167,2022-12-09 22:58:24.167
d0b81601-1278-ed11-83d0-dbe72732717b,80,3116.0,2022-12-09 22:37:09.897,2022-12-09 22:37:09.897
f176a1fd-cb8b-ea11-a9ce-0a593f791696,80,13680.0,2020-05-01 16:53:48.650,2020-05-01 16:53:48.650
7f269d2d-1578-ed11-83d0-dbe72732717b,80,2090.0,2022-12-09 22:59:53.600,2022-12-09 22:59:53.600
0f3d1301-0050-fc61-ccc9-08de293c8703,80,3877.0,2025-11-21 20:28:27.683,2025-11-21 20:28:27.683
77e91b01-0050-fc61-11c2-08de293e6da1,80,16580.2,2025-11-21 20:42:03.870,2025-11-21 20:42:03.870
287a05f4-26d0-ea11-828c-b57555799727,80,5776.0,2020-07-27 16:38:37.273,2020-07-27 16:38:37.273
7f1d1c01-0050-fc61-3cac-08de293e7949,80,7146.8,2025-11-21 20:42:23.400,2025-11-21 20:42:23.400
0d1a28a1-d8d0-ea11-828c-b57555799727,80,7296.0,2020-07-28 13:53:43.020,2020-07-28 13:53:43.020
0f280901-0050-fc61-ad97-08de293a64b7,80,4916.2,2025-11-21 20:13:10.903,2025-11-21 20:13:10.903
b67b0c01-0050-fc61-0fef-08de293b187c,80,7146.8,2025-11-21 20:18:12.543,2025-11-21 20:18:12.543
5f35ef4b-1378-ed11-83d0-dbe72732717b,80,3116.0,2022-12-09 22:46:21.087,2022-12-09 22:46:21.087
0f2870be-0f78-ed11-83d0-dbe72732717b,80,3952.0,2022-12-09 22:20:56.677,2022-12-09 22:20:56.677
2e101d01-0050-fc61-2734-08de293eb1b0,80,2399.2,2025-11-21 20:43:58.103,2025-11-21 20:43:58.103
5f37993f-1578-ed11-83d0-dbe72732717b,80,2090.0,2022-12-09 23:00:27.433,2022-12-09 23:00:27.433
5f260701-0050-fc61-087e-08de2939f7b9,80,4750.8,2025-11-21 20:10:08.057,2025-11-21 20:10:08.057
7efc33d0-1378-ed11-83d0-dbe72732717b,80,3116.0,2022-12-09 22:50:09.580,2022-12-09 22:50:09.580
deb60e01-0050-fc61-e099-08de293b901b,80,4916.2,2025-11-21 20:21:33.283,2025-11-21 20:21:33.283
1ac28ad6-1578-ed11-83d0-dbe72732717b,80,2090.0,2022-12-09 23:04:41.327,2022-12-09 23:04:41.327
5f1d03ef-1178-ed11-83d0-dbe72732717b,80,3914.0,2022-12-09 22:36:38.730,2022-12-09 22:36:38.730
7ef54b85-1478-ed11-83d0-dbe72732717b,80,3952.0,2022-12-09 22:55:13.730,2022-12-09 22:55:13.730
7ef21394-1578-ed11-83d0-dbe72732717b,80,2090.0,2022-12-09 23:02:48.293,2022-12-09 23:02:48.293
35e56b7f-24d0-ea11-828c-b57555799727,80,7296.0,2020-07-27 16:20:30.790,2020-07-27 16:20:30.790
08165177-68d3-ea11-828c-b4e2a79c59ea,80,6688.0,2020-07-31 20:03:24.117,2020-07-31 20:03:24.117
a5055c0b-43d0-ea11-828c-b57555799727,80,6688.0,2020-07-27 20:00:42.500,2020-07-27 20:00:42.500
b68f1f01-0050-fc61-1fc5-08de293f4a98,80,16580.2,2025-11-21 20:48:14.583,2025-11-21 20:48:14.583
c4e76515-7f4f-eb11-82b1-85086e9cc17b,80,7296.0,2021-01-05 17:56:45.997,2021-01-05 17:56:45.997
c2641601-0050-fc61-7ae4-08de293d32d1,80,2399.2,2025-11-21 20:33:15.753,2025-11-21 20:33:15.753
3b451801-0050-fc61-f4cd-08de293d988c,80,25030.6,2025-11-21 20:36:06.407,2025-11-21 20:36:06.407
2e0a0c01-0050-fc61-7e82-08de293afd8a,80,4779.2,2025-11-21 20:17:27.303,2025-11-21 20:17:27.303
deb91901-0050-fc61-1d09-08de293dea73,80,47748.76,2025-11-21 20:38:23.787,2025-11-21 20:38:23.787
506e2001-0050-fc61-19f5-08de293f7fca,80,43378.08,2025-11-21 20:49:43.863,2025-11-21 20:49:43.863
0f0e1101-0050-fc61-3779-08de293c0c36,80,4708.8,2025-11-21 20:25:01.443,2025-11-21 20:25:01.443
de9282b8-e85c-eb11-82b1-80d88d7ed180,80,7296.0,2021-01-22 19:34:10.730,2021-01-22 19:34:10.730
005a0f2e-1178-ed11-83d0-dbe72732717b,80,3952.0,2022-12-09 22:31:16.423,2022-12-09 22:31:16.423
7ed31e01-0050-fc61-cbbc-08de293f1cf0,80,27911.0,2025-11-21 20:46:57.990,2025-11-21 20:46:57.990
b6670d01-0050-fc61-f6aa-08de293b4a17,80,4779.2,2025-11-21 20:19:35.807,2025-11-21 20:19:35.807
36311001-0050-fc61-c934-08de293bdebf,80,2399.2,2025-11-21 20:23:45.150,2025-11-21 20:23:45.150
7ed48f3e-c0c2-ea11-a9ce-0a593f791696,80,3800.0,2020-07-10 15:16:29.607,2020-07-10 15:16:29.607
a2c61c01-0050-fc61-b858-08de293ea109,80,2399.2,2025-11-21 20:43:30.100,2025-11-21 20:43:30.100
4a887745-0cd1-ea11-828c-b57555799727,80,7144.0,2020-07-28 20:04:49.497,2020-07-28 20:04:49.497
0813b61b-3694-7d90-7006-019f86b91d14,80,5279.2,2026-07-21 22:09:20.073,2026-07-21 22:09:20.073
ab81f7a3-1678-ed11-83d0-dbe72732717b,80,3116.0,2022-12-09 23:10:25.593,2022-12-09 23:10:25.593
c4d81c19-1278-ed11-83d0-dbe72732717b,80,2090.0,2022-12-09 22:37:53.500,2022-12-09 22:37:53.500
a2d21101-0050-fc61-aadc-08de293c36a7,80,3431.4,2025-11-21 20:26:12.663,2025-11-21 20:26:12.663
7eb82101-0050-fc61-e414-08de293fcb00,80,3138.6,2025-11-21 20:51:50.000,2025-11-21 20:51:50.000
7ea61601-0050-fc61-c81a-08de293d40a0,80,2399.2,2025-11-21 20:33:38.853,2025-11-21 20:33:38.853
c4b2dd00-0ee3-ea11-828c-f8709861f8d2,80,3800.0,2020-08-20 17:53:44.660,2020-08-20 17:53:44.660
63d31401-0050-fc61-0e34-08de293cdc71,80,3877.0,2025-11-21 20:30:50.780,2025-11-21 20:30:50.780
8ac76eeb-1478-ed11-83d0-dbe72732717b,80,2090.0,2022-12-09 22:57:58.587,2022-12-09 22:57:58.587
b2661e01-0050-fc61-c07f-08de293f0110,80,4779.2,2025-11-21 20:46:11.417,2025-11-21 20:46:11.417
5ee00b01-0050-fc61-3cc3-08de293af41e,80,7146.8,2025-11-21 20:17:11.527,2025-11-21 20:17:11.527
0ef7be7d-23e3-ea11-828c-f8709861f8d2,80,3800.0,2020-08-20 20:28:25.357,2020-08-20 20:28:25.357
f2c61d01-0050-fc61-22f4-08de293edbda,80,2399.2,2025-11-21 20:45:08.803,2025-11-21 20:45:08.803
7ed54b2d-0f78-ed11-83d0-dbe72732717b,80,3914.0,2022-12-09 22:16:58.053,2022-12-09 22:16:58.053
28de6c85-bdc2-ea11-a9ce-0a593f791696,80,3800.0,2020-07-10 14:56:57.727,2020-07-10 14:56:57.727
509d1b01-0050-fc61-8f2e-08de293e5c8f,80,0.0,2025-11-21 20:41:35.260,2025-11-21 20:41:35.260
2e025257-17e3-ea11-828c-f8709861f8d2,80,3800.0,2020-08-20 19:01:39.830,2020-08-20 19:01:39.830
a2aa2940-b0a8-eb11-82e4-dcb8446b8653,80,7296.0,2021-04-29 06:00:54.920,2021-04-29 06:00:54.920
de81163a-1178-ed11-83d0-dbe72732717b,80,3192.0,2022-12-09 22:31:37.210,2022-12-09 22:31:37.210
f17c09ae-0ddc-ea11-828c-a3b0b95dd4b2,80,7144.0,2020-08-11 20:15:21.887,2020-08-11 20:15:21.887
0ee71601-0050-fc61-5fe3-08de293d4f8b,80,2399.2,2025-11-21 20:34:03.917,2025-11-21 20:34:03.917
0d4728c4-1378-ed11-83d0-dbe72732717b,80,3116.0,2022-12-09 22:49:44.757,2022-12-09 22:49:44.757
7e579a39-1578-ed11-83d0-dbe72732717b,80,2090.0,2022-12-09 23:00:10.530,2022-12-09 23:00:10.530
af1b3fd6-1378-ed11-83d0-dbe72732717b,80,3914.0,2022-12-09 22:50:17.713,2022-12-09 22:50:17.713
8af0a127-1578-ed11-83d0-dbe72732717b,80,2090.0,2022-12-09 22:59:38.513,2022-12-09 22:59:38.513
de66c96d-8cd6-ea11-828c-c3297631124c,80,5776.0,2020-08-04 20:04:55.123,2020-08-04 20:04:55.123
07c14061-1078-ed11-83d0-dbe72732717b,80,3914.0,2022-12-09 22:25:30.187,2022-12-09 22:25:30.187
de631301-0050-fc61-54d8-08de293c8f1f,80,4750.8,2025-11-21 20:28:41.083,2025-11-21 20:28:41.083
02b39f1b-1578-ed11-83d0-dbe72732717b,80,2090.0,2022-12-09 22:59:25.840,2022-12-09 22:59:25.840
c49544dc-1378-ed11-83d0-dbe72732717b,80,2090.0,2022-12-09 22:50:28.117,2022-12-09 22:50:28.117
443f5f46-1778-ed11-83d0-dbe72732717b,80,2090.0,2022-12-09 23:14:49.263,2022-12-09 23:14:49.263
c49ecb5b-c0c2-ea11-a9ce-0a593f791696,80,3800.0,2020-07-10 15:23:24.157,2020-07-10 15:23:24.157
78682001-0050-fc61-d993-08de293f7e81,80,7146.8,2025-11-21 20:49:41.683,2025-11-21 20:49:41.683
af3a5b52-1778-ed11-83d0-dbe72732717b,80,2850.0,2022-12-09 23:15:15.077,2022-12-09 23:15:15.077
7dfe0701-0050-fc61-fe40-08de293a2684,80,52447.28,2025-11-21 20:11:26.570,2025-11-21 20:11:26.570
3f980a43-1078-ed11-83d0-dbe72732717b,80,3724.0,2022-12-09 22:24:43.387,2022-12-09 22:24:43.387
5e971501-0050-fc61-d72e-08de293d05d6,80,4505.8,2025-11-21 20:32:00.230,2025-11-21 20:32:00.230
7deb0bbf-1178-ed11-83d0-dbe72732717b,80,3952.0,2022-12-09 22:35:17.137,2022-12-09 22:35:17.137
5e94d0d5-f1d0-ea11-828c-b57555799727,80,6688.0,2020-07-28 16:56:01.230,2020-07-28 16:56:01.230
de59c55a-6095-ea11-a9ce-0a593f791696,80,12160.0,2020-05-13 21:38:11.453,2020-05-13 21:38:11.453
b64c7c03-1578-ed11-83d0-dbe72732717b,80,2090.0,2022-12-09 22:58:46.357,2022-12-09 22:58:46.357
5ea79f1b-1578-ed11-83d0-dbe72732717b,80,3116.0,2022-12-09 22:59:21.757,2022-12-09 22:59:21.757
ddf476ec-43db-ea11-828c-a3b0b95dd4b2,80,7144.0,2020-08-10 20:07:49.773,2020-08-10 20:07:49.773
22123e8b-a2d5-ea11-828c-c3297631124c,80,6688.0,2020-08-03 16:12:12.403,2020-08-03 16:12:12.403
c4682101-0050-fc61-c450-08de293fba2d,80,56279.2,2025-11-21 20:51:21.783,2025-11-21 20:51:21.783
ddff0ed1-1178-ed11-83d0-dbe72732717b,80,3116.0,2022-12-09 22:35:49.327,2022-12-09 22:35:49.327
de041a01-0050-fc61-69b1-08de293dfb80,80,2399.2,2025-11-21 20:38:52.400,2025-11-21 20:38:52.400
5e8664b6-f9c2-ea11-a9ce-0a593f791696,80,3800.0,2020-07-10 22:11:30.427,2020-07-10 22:11:30.427
c46114a0-1578-ed11-83d0-dbe72732717b,80,2090.0,2022-12-09 23:03:04.063,2022-12-09 23:03:04.063
de76f56d-e9d1-ea11-828c-b57555799727,80,6688.0,2020-07-29 22:29:33.080,2020-07-29 22:29:33.080
0ea30701-0050-fc61-c245-08de293a13aa,80,22883.6,2025-11-21 20:10:54.947,2025-11-21 20:10:54.947
2431e393-2bc1-ea11-a9ce-0a593f791696,80,3800.0,2020-07-08 15:01:21.600,2020-07-08 15:01:21.600
24411201-0050-fc61-c192-08de293c4cbc,80,3877.0,2025-11-21 20:26:49.717,2025-11-21 20:26:49.717
220dc757-afdd-ea11-828c-dab48128a9c3,80,5472.0,2020-08-13 21:53:41.027,2020-08-13 21:53:41.027
af0069f4-1378-ed11-83d0-dbe72732717b,80,2090.0,2022-12-09 22:51:07.023,2022-12-09 22:51:07.023
3f940b01-0050-fc61-f4d3-08de293ae4d8,80,6275.6,2025-11-21 20:16:45.877,2025-11-21 20:16:45.877
7d822101-0050-fc61-447c-08de293fbf66,80,16580.2,2025-11-21 20:51:30.540,2025-11-21 20:51:30.540
b63e1a01-0050-fc61-08a4-08de293e0a3d,80,2399.2,2025-11-21 20:39:17.083,2025-11-21 20:39:17.083
129e5a70-1778-ed11-83d0-dbe72732717b,80,3116.0,2022-12-09 23:15:59.647,2022-12-09 23:15:59.647
129e2101-0050-fc61-3dce-08de293fc54b,80,27911.0,2025-11-21 20:51:40.440,2025-11-21 20:51:40.440
8b3d1701-0050-fc61-720f-08de293d60b0,80,2399.2,2025-11-21 20:34:32.680,2025-11-21 20:34:32.680
5e8f1701-0050-fc61-e75c-08de293d7023,80,1529.55,2025-11-21 20:34:58.577,2025-11-21 20:34:58.577
5e701001-0050-fc61-a080-08de293bec3c,80,4750.8,2025-11-21 20:24:07.790,2025-11-21 20:24:07.790
deef2101-0050-fc61-7be5-08de293fd7bd,80,2399.2,2025-11-21 20:52:11.427,2025-11-21 20:52:11.427
7d5e0c01-0050-fc61-f0a7-08de293b1121,80,3877.0,2025-11-21 20:18:00.190,2025-11-21 20:18:00.190
ddd51f01-0050-fc61-be88-08de293f5979,80,7146.8,2025-11-21 20:48:39.540,2025-11-21 20:48:39.540
2dd61601-0050-fc61-7ce8-08de293d4bfe,80,2399.2,2025-11-21 20:33:57.967,2025-11-21 20:33:57.967
dde80f01-0050-fc61-d783-08de293bcf0b,80,4708.8,2025-11-21 20:23:18.817,2025-11-21 20:23:18.817
7d4b697b-c5c2-ea11-a9ce-0a593f791696,80,3800.0,2020-07-10 15:56:44.677,2020-07-10 15:56:44.677
b6b047a3-1478-ed11-83d0-dbe72732717b,80,3952.0,2022-12-09 22:55:58.017,2022-12-09 22:55:58.017
02d519dc-66de-ea11-828c-dab48128a9c3,80,5472.0,2020-08-14 20:00:24.387,2020-08-14 20:00:24.387
f2be1f01-0050-fc61-e3e7-08de293f540e,80,0.0,2025-11-21 20:48:30.410,2025-11-21 20:48:30.410
7d2fd4a9-1278-ed11-83d0-dbe72732717b,80,3116.0,2022-12-09 22:41:55.623,2022-12-09 22:41:55.623
5e922101-0050-fc61-6acf-08de293fc278,80,4494.8,2025-11-21 20:51:35.697,2025-11-21 20:51:35.697
3bb2e2a0-1178-ed11-83d0-dbe72732717b,80,3116.0,2022-12-09 22:34:29.247,2022-12-09 22:34:29.247
34f71201-0050-fc61-3ff3-08de293c763a,80,4750.8,2025-11-21 20:27:59.333,2025-11-21 20:27:59.333
c447e194-1178-ed11-83d0-dbe72732717b,80,3914.0,2022-12-09 22:34:05.833,2022-12-09 22:34:05.833
5e61e732-0be3-ea11-828c-f8709861f8d2,80,3800.0,2020-08-20 17:33:50.607,2020-08-20 17:33:50.607
3ca11101-0050-fc61-bd10-08de293c2b58,80,34000.0,2025-11-21 20:25:53.727,2025-11-21 20:25:53.727
d36c72a7-dcd8-ea11-828c-cf34c837d27a,80,5776.0,2020-08-07 18:38:06.047,2020-08-07 18:38:06.047
ddee8e28-d2bb-eb11-830a-a4b0d298b5f4,80,28120.0,2021-05-23 14:21:30.597,2021-05-23 14:21:30.597
ddb01001-0050-fc61-fd85-08de293bf97c,80,4916.2,2025-11-21 20:24:30.017,2025-11-21 20:24:30.017
7d12e3f2-b2d5-ea11-828c-c3297631124c,80,5016.0,2020-08-03 18:11:35.450,2020-08-03 18:11:35.450
46439d3a-d2bb-eb11-830a-a4b0d298b5f4,80,24016.0,2021-05-23 14:22:07.640,2021-05-23 14:22:07.640
ddb50601-0050-fc61-cd4d-08de2939e023,80,35935.8,2025-11-21 20:09:28.480,2025-11-21 20:09:28.480
36171701-0050-fc61-fdc7-08de293d5949,80,2399.2,2025-11-21 20:34:20.237,2025-11-21 20:34:20.237
3f520801-0050-fc61-d74c-08de293a37c7,80,4494.8,2025-11-21 20:11:55.523,2025-11-21 20:11:55.523
1a81ae9e-c4d1-ea11-828c-b57555799727,80,5776.0,2020-07-29 17:58:07.873,2020-07-29 17:58:07.873
7d052046-1178-ed11-83d0-dbe72732717b,80,3192.0,2022-12-09 22:31:56.663,2022-12-09 22:31:56.663
7cf00401-004b-ed9c-39d4-08de6f2721cd,80,0.0,2026-02-18 19:54:36.520,2026-02-18 19:54:36.520
21f61d01-0050-fc61-cd5c-08de293ee700,80,4916.2,2025-11-21 20:45:27.500,2025-11-21 20:45:27.500
05982a75-6ddd-ea11-828c-dab48128a9c3,80,7144.0,2020-08-13 14:11:52.027,2020-08-13 14:11:52.027
c434d0a0-bcc2-ea11-a9ce-0a593f791696,80,3800.0,2020-07-10 14:50:56.917,2020-07-10 14:50:56.917
5e4ccca3-9ed2-ea11-828c-b4e2a79c59ea,80,3800.0,2020-07-30 19:59:02.427,2020-07-30 19:59:02.427
5022e864-d2bb-eb11-830a-a4b0d298b5f4,80,24016.0,2021-05-23 14:23:12.197,2021-05-23 14:23:12.197
aedd9994-7a89-ea11-a9ce-0a593f791696,80,13680.0,2020-04-28 18:10:54.020,2020-04-28 18:10:54.020
216471e2-bd8b-ea11-a9ce-0a593f791696,80,13680.0,2020-05-01 15:14:35.780,2020-05-01 15:14:35.780
dd7dade5-8fe1-ea11-828c-fcb9b0fbbc3d,80,3800.0,2020-08-18 20:19:13.220,2020-08-18 20:19:13.220
c4146178-f8db-ea11-828c-a3b0b95dd4b2,80,5472.0,2020-08-11 17:38:28.417,2020-08-11 17:38:28.417
7cd6e833-1378-ed11-83d0-dbe72732717b,80,2850.0,2022-12-09 22:45:50.040,2022-12-09 22:45:50.040
044a7c03-1578-ed11-83d0-dbe72732717b,80,2090.0,2022-12-09 22:58:45.583,2022-12-09 22:58:45.583
c41a8e5d-e6d1-ea11-828c-b57555799727,80,5776.0,2020-07-29 21:57:44.760,2020-07-29 21:57:44.760
7c76151e-24bb-eb11-830a-a4b0d298b5f4,80,28910.4,2021-05-22 17:35:41.017,2021-05-22 17:35:41.017
7c6c0d01-0050-fc61-be86-08de293b4b13,80,19114.0,2025-11-21 20:19:37.410,2025-11-21 20:19:37.410
4d6e9d22-29e3-ea11-828c-f8709861f8d2,80,3800.0,2020-08-20 21:08:16.903,2020-08-20 21:08:16.903
0e5a1701-0050-fc61-1cce-08de293d664b,80,2399.2,2025-11-21 20:34:42.043,2025-11-21 20:34:42.043
c4351701-0050-fc61-64f7-08de293d5f2f,80,2399.2,2025-11-21 20:34:30.160,2025-11-21 20:34:30.160
0443b84a-a7dc-ea11-828c-dab48128a9c3,80,5016.0,2020-08-12 14:24:38.453,2020-08-12 14:24:38.453
d2681401-0050-fc61-6029-08de293cc636,80,3877.0,2025-11-21 20:30:13.480,2025-11-21 20:30:13.480
2d8d5338-bfc2-ea11-a9ce-0a593f791696,80,3800.0,2020-07-10 15:09:08.057,2020-07-10 15:09:08.057
5df3ee27-1378-ed11-83d0-dbe72732717b,80,3116.0,2022-12-09 22:45:27.320,2022-12-09 22:45:27.320
c3e21901-0050-fc61-5874-08de293df37e,80,4750.8,2025-11-21 20:38:38.953,2025-11-21 20:38:38.953
ab9e7ea2-d2bd-eb11-830a-d742523585ac,80,0.0,2021-05-26 03:30:44.550,2021-05-26 03:30:44.550
c3df0cf2-1678-ed11-83d0-dbe72732717b,80,3914.0,2022-12-09 23:12:32.740,2022-12-09 23:12:32.740
b5ae1401-0050-fc61-8813-08de293cd4e7,80,3877.0,2025-11-21 20:30:38.137,2025-11-21 20:30:38.137
244f1401-0050-fc61-9765-08de293cc053,80,4505.8,2025-11-21 20:30:03.630,2025-11-21 20:30:03.630
8be2a3d9-1078-ed11-83d0-dbe72732717b,80,3952.0,2022-12-09 22:28:50.003,2022-12-09 22:28:50.003
7c2d86a4-73dd-ea11-828c-dab48128a9c3,80,7144.0,2020-08-13 14:58:32.410,2020-08-13 14:58:32.410
ab6c7473-1078-ed11-83d0-dbe72732717b,80,3952.0,2022-12-09 22:26:07.467,2022-12-09 22:26:07.467
5ce63064-1178-ed11-83d0-dbe72732717b,80,3914.0,2022-12-09 22:32:49.973,2022-12-09 22:32:49.973
796310aa-3c5b-eb11-82b1-fced9c41084e,80,0.0,2021-01-20 16:30:24.357,2021-01-20 16:30:24.357
7c221301-0050-fc61-ad41-08de293c811e,80,3877.0,2025-11-21 20:28:17.577,2025-11-21 20:28:17.577
5de51401-0050-fc61-fa57-08de293ce022,80,3877.0,2025-11-21 20:30:56.970,2025-11-21 20:30:56.970
a2290c01-0050-fc61-3319-08de293b059a,80,7146.8,2025-11-21 20:17:40.817,2025-11-21 20:17:40.817
bdcdee4e-1478-ed11-83d0-dbe72732717b,80,3192.0,2022-12-09 22:53:38.247,2022-12-09 22:53:38.247
b8e71401-0050-fc61-c7b1-08de293ce08d,80,4779.2,2025-11-21 20:30:57.673,2025-11-21 20:30:57.673
8bff2001-0050-fc61-ba93-08de293fa195,80,3877.0,2025-11-21 20:50:40.527,2025-11-21 20:50:40.527
07ef5b17-3ae7-f985-7003-019fb9a78dd0,80,0.0,2026-07-31 19:29:54.707,2026-07-31 19:29:54.707
d3ae1501-0050-fc61-d484-08de293d0abc,80,4750.8,2025-11-21 20:32:08.447,2025-11-21 20:32:08.447
245141e6-43fc-eb11-8315-f0688ed0292f,80,10000.0,2021-08-13 14:37:47.797,2021-08-13 14:37:47.797
0e352101-0050-fc61-24c9-08de293fada1,80,2399.2,2025-11-21 20:51:00.777,2025-11-21 20:51:00.777
7bc5b031-0ae8-ea11-828c-a053257f7d3c,80,3800.0,2020-08-27 02:10:54.667,2020-08-27 02:10:54.667
5f971539-3ee2-ea11-828c-f8709861f8d2,80,3800.0,2020-08-19 17:11:05.997,2020-08-19 17:11:05.997
f33b2301-0050-fc61-e11e-08de29402941,80,4779.2,2025-11-21 20:54:28.200,2025-11-21 20:54:28.200
d3971d01-0050-fc61-f156-08de293ed1db,80,0.0,2025-11-21 20:44:51.990,2025-11-21 20:44:51.990
4d79701f-21d0-ea11-828c-feca9a38b713,80,7296.0,2020-07-27 15:56:07.500,2020-07-27 15:56:07.500
440f95ea-b7e0-ea11-828c-fcb9b0fbbc3d,80,5472.0,2020-08-17 18:33:53.047,2020-08-17 18:33:53.047
21d0e89d-1678-ed11-83d0-dbe72732717b,80,2090.0,2022-12-09 23:10:13.237,2022-12-09 23:10:13.237
04104e9d-1478-ed11-83d0-dbe72732717b,80,2090.0,2022-12-09 22:55:54.227,2022-12-09 22:55:54.227
dd061701-0050-fc61-ea89-08de293d55fe,80,2399.2,2025-11-21 20:34:14.697,2025-11-21 20:34:14.697
c3a80c01-0050-fc61-bed1-08de293b21fb,80,3877.0,2025-11-21 20:18:28.450,2025-11-21 20:18:28.450
dd151bfb-1178-ed11-83d0-dbe72732717b,80,3952.0,2022-12-09 22:37:00.477,2022-12-09 22:37:00.477
79be4868-d5d1-ea11-828c-b57555799727,80,5016.0,2020-07-29 20:05:59.987,2020-07-29 20:05:59.987
0e1b142b-1278-ed11-83d0-dbe72732717b,80,2850.0,2022-12-09 22:38:16.327,2022-12-09 22:38:16.327
c39f4116-b0dc-ea11-828c-dab48128a9c3,80,5472.0,2020-08-12 15:29:01.973,2020-08-12 15:29:01.973
0d9a990c-c6e7-ea11-828c-a053257f7d3c,80,3800.0,2020-08-26 18:03:52.557,2020-08-26 18:03:52.557
d09c5879-bdc2-ea11-a9ce-0a593f791696,80,3800.0,2020-07-10 15:07:40.573,2020-07-10 15:07:40.573
a1ecccb8-1fe3-ea11-828c-f8709861f8d2,80,3800.0,2020-08-20 20:05:01.453,2020-08-20 20:05:01.453
dd1fbca8-f9c1-ea11-a9ce-0a593f791696,80,3800.0,2020-07-09 15:36:45.667,2020-07-09 15:36:45.667
0e0a2cb2-1578-ed11-83d0-dbe72732717b,80,2090.0,2022-12-09 23:03:34.020,2022-12-09 23:03:34.020
c375f0b9-bedc-ea11-828c-dab48128a9c3,80,5776.0,2020-08-12 17:12:56.387,2020-08-12 17:12:56.387
c3770901-0050-fc61-cc8f-08de293a74bf,80,4505.8,2025-11-21 20:13:37.830,2025-11-21 20:13:37.830
30d90901-0050-fc61-6634-08de293a8953,80,4916.2,2025-11-21 20:14:12.383,2025-11-21 20:14:12.383
1a441b01-0050-fc61-8017-08de293e48c2,80,21101.4,2025-11-21 20:41:01.997,2025-11-21 20:41:01.997
00577afb-1578-ed11-83d0-dbe72732717b,80,3116.0,2022-12-09 23:05:36.167,2022-12-09 23:05:36.167
05a4ad4c-d2bb-eb11-830a-a4b0d298b5f4,80,28120.0,2021-05-23 14:22:30.763,2021-05-23 14:22:30.763
79e52a88-e284-ea11-a9ce-0a593f791696,80,13680.0,2020-04-22 21:50:42.620,2020-04-22 21:50:42.620
3f7a72c4-0f78-ed11-83d0-dbe72732717b,80,3116.0,2022-12-09 22:21:13.500,2022-12-09 22:21:13.500
0da8d7be-98cb-ea11-828c-bec5bcbd844e,80,7296.0,2020-07-21 21:26:37.120,2020-07-21 21:26:37.120
0da53a0f-738a-ea11-a9ce-0a593f791696,80,12160.0,2020-04-29 23:47:58.920,2020-04-29 23:47:58.920
8c2b0a01-0050-fc61-b115-08de293a9a3b,80,4779.2,2025-11-21 20:14:40.717,2025-11-21 20:14:40.717
ab557988-1778-ed11-83d0-dbe72732717b,80,3952.0,2022-12-09 23:16:48.763,2022-12-09 23:16:48.763
4fe60501-0050-fc61-7ea9-08de2939b1d2,80,0.0,2025-11-21 20:08:10.767,2025-11-21 20:08:10.767
7af02201-0050-fc61-fd0c-08de29401666,80,27911.0,2025-11-21 20:53:56.517,2025-11-21 20:53:56.517
12e18c4e-2878-ea11-a9ce-0a593f791696,80,44080.0,2020-04-06 17:03:44.943,2020-04-06 17:03:44.943
a1fe4120-99d3-ea11-828c-b4e2a79c59ea,80,5776.0,2020-08-01 01:57:24.057,2020-08-01 01:57:24.057
0e101e63-24d8-ea11-828c-cf34c837d27a,80,7144.0,2020-08-06 20:59:11.267,2020-08-06 20:59:11.267
0df6e542-1478-ed11-83d0-dbe72732717b,80,3724.0,2022-12-09 22:53:23.710,2022-12-09 22:53:23.710
07e61b01-0050-fc61-d722-08de293e6cef,80,2399.2,2025-11-21 20:42:02.707,2025-11-21 20:42:02.707
21b90601-0050-fc61-6cdc-08de2939e0e5,80,25030.6,2025-11-21 20:09:29.763,2025-11-21 20:09:29.763
a2094ec2-67d3-ea11-828c-b4e2a79c59ea,80,5016.0,2020-07-31 20:06:54.353,2020-07-31 20:06:54.353
dd24d4a9-1278-ed11-83d0-dbe72732717b,80,3914.0,2022-12-09 22:41:52.100,2022-12-09 22:41:52.100
5d0b8291-1078-ed11-83d0-dbe72732717b,80,3914.0,2022-12-09 22:26:55.537,2022-12-09 22:26:55.537
c2f69513-9ad7-ea11-828c-cf34c837d27a,80,5472.0,2020-08-06 04:20:15.637,2020-08-06 04:20:15.637
4fd81401-0050-fc61-2ae0-08de293cdd52,80,3877.0,2025-11-21 20:30:52.267,2025-11-21 20:30:52.267
c3307cfa-8fbc-ee11-8444-b70f653db9fb,80,49552.0,2024-01-26 21:17:04.417,2024-01-26 21:17:04.417
5d0f8fcc-81d3-ea11-828c-b4e2a79c59ea,80,7144.0,2020-07-31 23:05:55.573,2020-07-31 23:05:55.573
21911501-0050-fc61-685a-08de293d0493,80,6275.6,2025-11-21 20:31:58.160,2025-11-21 20:31:58.160
3604257b-22e3-ea11-828c-f8709861f8d2,80,3800.0,2020-08-20 20:23:30.173,2020-08-20 20:23:30.173
7ad12da9-79bd-eb11-830a-d742523585ac,80,5776.0,2021-05-25 16:53:46.567,2021-05-25 16:53:46.567
dce00801-0050-fc61-5041-08de293a54bd,80,3431.4,2025-11-21 20:12:44.100,2025-11-21 20:12:44.100
2d2aa524-32d0-ea11-828c-b57555799727,80,7144.0,2020-07-27 17:56:27.477,2020-07-27 17:56:27.477
5d010b01-0050-fc61-b43a-08de293ac551,80,22883.6,2025-11-21 20:15:52.997,2025-11-21 20:15:52.997
dcbe1201-0050-fc61-81ea-08de293c6992,80,3877.0,2025-11-21 20:27:38.067,2025-11-21 20:27:38.067
ae9e9f1b-1578-ed11-83d0-dbe72732717b,80,2090.0,2022-12-09 22:59:19.060,2022-12-09 22:59:19.060
dccb2281-f583-ea11-a9ce-0a593f791696,80,15200.0,2020-04-21 17:32:20.527,2020-04-21 17:32:20.527
7aa43a9b-78d3-ea11-828c-b4e2a79c59ea,80,7144.0,2020-07-31 21:58:38.783,2020-07-31 21:58:38.783
1a351a01-0050-fc61-0405-08de293e07da,80,4494.8,2025-11-21 20:39:13.100,2025-11-21 20:39:13.100
43d50dba-42c5-ea11-a9ce-0a593f791696,80,3800.0,2020-07-13 19:59:55.877,2020-07-13 19:59:55.877
7abb1d01-0050-fc61-3cf9-08de293ed99d,80,2399.2,2025-11-21 20:45:05.040,2025-11-21 20:45:05.040
c329c5cd-1278-ed11-83d0-dbe72732717b,80,3116.0,2022-12-09 22:42:55.720,2022-12-09 22:42:55.720
dccc0901-0050-fc61-930a-08de293a8649,80,4916.2,2025-11-21 20:14:07.207,2025-11-21 20:14:07.207
d249657f-1078-ed11-83d0-dbe72732717b,80,3724.0,2022-12-09 22:26:28.190,2022-12-09 22:26:28.190
464ae194-1178-ed11-83d0-dbe72732717b,80,2850.0,2022-12-09 22:34:06.803,2022-12-09 22:34:06.803
d25e9491-edc2-ea11-a9ce-0a593f791696,80,3800.0,2020-07-10 20:43:00.300,2020-07-10 20:43:00.300
7a86ae59-08e3-ea11-828c-f8709861f8d2,80,3800.0,2020-08-20 17:13:57.493,2020-08-20 17:13:57.493
07d91801-0050-fc61-1106-08de293db755,80,40959.24,2025-11-21 20:36:58.037,2025-11-21 20:36:58.037
5d79b06f-0f78-ed11-83d0-dbe72732717b,80,2090.0,2022-12-09 22:18:51.893,2022-12-09 22:18:51.893
dcbb0f1c-1178-ed11-83d0-dbe72732717b,80,3914.0,2022-12-09 22:30:46.630,2022-12-09 22:30:46.630
3f7e1001-0050-fc61-a5c7-08de293bef16,80,4708.8,2025-11-21 20:24:12.573,2025-11-21 20:24:12.573
397f2f7f-1478-ed11-83d0-dbe72732717b,80,3116.0,2022-12-09 22:54:58.917,2022-12-09 22:54:58.917
dce81e01-0050-fc61-2eb9-08de293f222c,80,2399.2,2025-11-21 20:47:06.757,2025-11-21 20:47:06.757
130056c1-1478-ed11-83d0-dbe72732717b,80,2090.0,2022-12-09 22:56:51.507,2022-12-09 22:56:51.507
8c8428a6-1378-ed11-83d0-dbe72732717b,80,3116.0,2022-12-09 22:48:59.350,2022-12-09 22:48:59.350
01d90501-0050-fc61-d6aa-08de2939ac7e,80,4750.8,2025-11-21 20:08:01.877,2025-11-21 20:08:01.877
c2f94f67-d6dc-ea11-828c-dab48128a9c3,80,5472.0,2020-08-12 20:04:30.217,2020-08-12 20:04:30.217
8c844aa2-a1d6-ea11-828c-c3297631124c,80,5472.0,2020-08-04 22:30:56.677,2020-08-04 22:30:56.677
4fbed07c-69de-ea11-828c-dab48128a9c3,80,5472.0,2020-08-14 20:16:20.593,2020-08-14 20:16:20.593
a1b21601-0050-fc61-2972-08de293d43e5,80,14446.2,2025-11-21 20:33:44.400,2025-11-21 20:33:44.400
7a412301-0050-fc61-d703-08de29402a9f,80,7146.8,2025-11-21 20:54:30.460,2025-11-21 20:54:30.460
7aa27bad-ace0-ea11-828c-fcb9b0fbbc3d,80,5472.0,2020-08-17 17:21:36.997,2020-08-17 17:21:36.997
dc411c01-0050-fc61-ac2a-08de293e8162,80,3465.0,2025-11-21 20:42:37.030,2025-11-21 20:42:37.030
dc4b820e-b4d5-ea11-828c-c3297631124c,80,7144.0,2020-08-03 18:18:10.190,2020-08-03 18:18:10.190
b5ccc78e-1178-ed11-83d0-dbe72732717b,80,3914.0,2022-12-09 22:33:58.067,2022-12-09 22:33:58.067
dc4d1d01-0050-fc61-435b-08de293ebf3d,80,3859.2,2025-11-21 20:44:20.817,2025-11-21 20:44:20.817
7a86989e-f0d0-ea11-828c-b57555799727,80,7296.0,2020-07-28 16:38:29.653,2020-07-28 16:38:29.653
0db00ee1-8dd2-ea11-828c-b4e2a79c59ea,80,6688.0,2020-07-30 18:08:46.960,2020-07-30 18:08:46.960
7a141050-69de-ea11-828c-dab48128a9c3,80,5472.0,2020-08-14 20:06:23.723,2020-08-14 20:06:23.723
7a1ba115-1578-ed11-83d0-dbe72732717b,80,2090.0,2022-12-09 22:59:11.633,2022-12-09 22:59:11.633
7a5dbc8c-dadb-ea11-828c-a3b0b95dd4b2,80,5472.0,2020-08-11 14:05:40.067,2020-08-11 14:05:40.067
dc2e5f64-1778-ed11-83d0-dbe72732717b,80,3724.0,2022-12-09 23:15:45.240,2022-12-09 23:15:45.240
dc3abb00-965e-ec11-8350-92049595c631,80,7068.0,2021-12-16 17:32:38.097,2021-12-16 17:32:38.097
dc90d28b-1678-ed11-83d0-dbe72732717b,80,0.0,2022-12-09 23:09:45.917,2022-12-09 23:09:45.917
0dc5e63f-1378-ed11-83d0-dbe72732717b,80,2090.0,2022-12-09 22:46:07.680,2022-12-09 22:46:07.680
5d001701-0050-fc61-2296-08de293d54ce,80,2399.2,2025-11-21 20:34:12.707,2025-11-21 20:34:12.707
c2fe8807-1678-ed11-83d0-dbe72732717b,80,2090.0,2022-12-09 23:05:58.317,2022-12-09 23:05:58.317
218ec18c-dad0-ea11-828c-b57555799727,80,5776.0,2020-07-28 14:11:00.547,2020-07-28 14:11:00.547
5d110f01-0050-fc61-b729-08de293ba1b3,80,2399.2,2025-11-21 20:22:02.733,2025-11-21 20:22:02.733
7a57be6d-1278-ed11-83d0-dbe72732717b,80,2090.0,2022-12-09 22:40:08.590,2022-12-09 22:40:08.590
a9cd1a01-0050-fc61-75bb-08de293e2bf2,80,4916.2,2025-11-21 20:40:13.680,2025-11-21 20:40:13.680
dc3d1d01-0050-fc61-d327-08de293ebbf8,80,4750.8,2025-11-21 20:44:15.303,2025-11-21 20:44:15.303
5cf7951f-0ed1-ea11-828c-b57555799727,80,7296.0,2020-07-28 20:18:48.857,2020-07-28 20:18:48.857
7a061601-0050-fc61-1824-08de293d1d68,80,21101.4,2025-11-21 20:32:39.780,2025-11-21 20:32:39.780
c2e4a957-1578-ed11-83d0-dbe72732717b,80,2090.0,2022-12-09 23:01:05.007,2022-12-09 23:01:05.007
a19bf79e-eec2-ea11-a9ce-0a593f791696,80,3800.0,2020-07-10 20:49:39.807,2020-07-10 20:49:39.807
7bc0a75d-1578-ed11-83d0-dbe72732717b,80,2090.0,2022-12-09 23:01:18.180,2022-12-09 23:01:18.180
d1982201-0050-fc61-040e-08de29400351,80,7146.8,2025-11-21 20:53:24.483,2025-11-21 20:53:24.483
79d91501-0050-fc61-ea9f-08de293d13bd,80,6275.6,2025-11-21 20:32:23.643,2025-11-21 20:32:23.643
2d1f2101-0050-fc61-bae3-08de293fa904,80,4916.2,2025-11-21 20:50:53.000,2025-11-21 20:50:53.000
aeb42201-0050-fc61-6493-08de294009e7,80,19114.0,2025-11-21 20:53:35.557,2025-11-21 20:53:35.557
79e51eac-1578-ed11-83d0-dbe72732717b,80,3116.0,2022-12-09 23:03:21.900,2022-12-09 23:03:21.900
7a900c01-0050-fc61-d4d0-08de293b1cb3,80,4779.2,2025-11-21 20:18:19.600,2025-11-21 20:18:19.600
c2d1f7a8-0e78-ed11-83d0-dbe72732717b,80,3952.0,2022-12-09 22:13:10.497,2022-12-09 22:13:10.497
43cf2deb-b1dd-ea11-828c-dab48128a9c3,80,5472.0,2020-08-13 22:21:58.070,2020-08-13 22:21:58.070
8cf6d43a-6ed2-ea11-828c-b4e2a79c59ea,80,7144.0,2020-07-30 14:12:54.357,2020-07-30 14:12:54.357
7aa31c01-0050-fc61-eedf-08de293e98af,80,0.0,2025-11-21 20:43:16.090,2025-11-21 20:43:16.090
79b8a896-75de-ea11-828c-dab48128a9c3,80,3800.0,2020-08-14 21:35:11.210,2020-08-14 21:35:11.210
79ab284d-12e3-ea11-828c-f8709861f8d2,80,3800.0,2020-08-20 18:26:27.380,2020-08-20 18:26:27.380
1a345b4f-0cd1-ea11-828c-b57555799727,80,5776.0,2020-07-28 20:15:58.467,2020-07-28 20:15:58.467
b5dc5245-74de-ea11-828c-dab48128a9c3,80,5472.0,2020-08-14 21:25:17.217,2020-08-14 21:25:17.217
dc7323c7-0e78-ed11-83d0-dbe72732717b,80,3116.0,2022-12-09 22:14:05.647,2022-12-09 22:14:05.647
43cb2101-0050-fc61-a6ef-08de293fcf22,80,2399.2,2025-11-21 20:51:56.947,2025-11-21 20:51:56.947
7ac3c7c7-1278-ed11-83d0-dbe72732717b,80,3116.0,2022-12-09 22:42:42.790,2022-12-09 22:42:42.790
4afea9d7-0ed8-ea11-828c-cf34c837d27a,80,5016.0,2020-08-06 18:09:51.227,2020-08-06 18:09:51.227
79765acd-1478-ed11-83d0-dbe72732717b,80,2090.0,2022-12-09 22:57:07.507,2022-12-09 22:57:07.507
b5ba1101-0050-fc61-d98b-08de293c3132,80,7716.8,2025-11-21 20:26:03.517,2025-11-21 20:26:03.517
040d0582-0f78-ed11-83d0-dbe72732717b,80,3952.0,2022-12-09 22:19:14.057,2022-12-09 22:19:14.057
4fab0001-0051-167a-19a7-08de69a60b10,80,4558.48,2026-02-11 19:46:04.657,2026-02-11 19:46:04.657
b5bda75d-1578-ed11-83d0-dbe72732717b,80,2090.0,2022-12-09 23:01:17.373,2022-12-09 23:01:17.373
4fd826b2-1378-ed11-83d0-dbe72732717b,80,3116.0,2022-12-09 22:49:13.330,2022-12-09 22:49:13.330
5cec2da0-0f78-ed11-83d0-dbe72732717b,80,3116.0,2022-12-09 22:20:12.687,2022-12-09 22:20:12.687
aa4c0d01-0050-fc61-ba89-08de293b448b,80,45631.36,2025-11-21 20:19:26.467,2025-11-21 20:19:26.467
43ac26af-92e0-ea11-828c-fcb9b0fbbc3d,80,5472.0,2020-08-17 14:08:28.487,2020-08-17 14:08:28.487
dbe2d447-ebdb-ea11-828c-a3b0b95dd4b2,80,7144.0,2020-08-11 16:00:10.513,2020-08-11 16:00:10.513
79821501-0050-fc61-9726-08de293d0117,80,2399.2,2025-11-21 20:31:52.297,2025-11-21 20:31:52.297
1a10667c-1178-ed11-83d0-dbe72732717b,80,3116.0,2022-12-09 22:33:23.497,2022-12-09 22:33:23.497
dbc68074-9ee0-ea11-828c-fcb9b0fbbc3d,80,3800.0,2020-08-17 15:37:21.433,2020-08-17 15:37:21.433
43a801c4-0ce3-ea11-828c-f8709861f8d2,80,3800.0,2020-08-20 17:45:42.037,2020-08-20 17:45:42.037
dbdb1501-0050-fc61-035b-08de293d1431,80,2399.2,2025-11-21 20:32:24.377,2025-11-21 20:32:24.377
7ae9b21a-4bd7-ea11-828c-cf34c837d27a,80,5016.0,2020-08-05 18:50:39.623,2020-08-05 18:50:39.623
43b0759b-f7c1-ea11-a9ce-0a593f791696,80,3800.0,2020-07-09 15:24:12.493,2020-07-09 15:24:12.493
dbf31701-0050-fc61-ffb7-08de293d8537,80,3138.1,2025-11-21 20:35:33.937,2025-11-21 20:35:33.937
04090d01-0050-fc61-0323-08de293b35bf,80,16580.2,2025-11-21 20:19:01.633,2025-11-21 20:19:01.633
b5c166fb-fbc1-ea11-a9ce-0a593f791696,80,3800.0,2020-07-09 15:51:21.697,2020-07-09 15:51:21.697
f180a750-8ed2-ea11-828c-b4e2a79c59ea,80,7144.0,2020-07-30 18:06:18.593,2020-07-30 18:06:18.593
2d53276a-1178-ed11-83d0-dbe72732717b,80,3192.0,2022-12-09 22:32:58.443,2022-12-09 22:32:58.443
21b20298-4412-eb11-828e-85d3c8e3831d,80,5016.0,2020-10-19 19:52:27.520,2020-10-19 19:52:27.520
d2600601-0050-fc61-8ee2-08de2939ce00,80,3138.1,2025-11-21 20:08:58.073,2025-11-21 20:08:58.073
ae93159a-1578-ed11-83d0-dbe72732717b,80,2090.0,2022-12-09 23:02:59.563,2022-12-09 23:02:59.563
34b2c39f-22e3-ea11-828c-f8709861f8d2,80,3800.0,2020-08-20 20:22:00.943,2020-08-20 20:22:00.943
5ccb1c19-1278-ed11-83d0-dbe72732717b,80,3192.0,2022-12-09 22:37:48.437,2022-12-09 22:37:48.437
b2651201-0050-fc61-8658-08de293c54b1,80,27911.0,2025-11-21 20:27:03.040,2025-11-21 20:27:03.040
21710728-1178-ed11-83d0-dbe72732717b,80,2090.0,2022-12-09 22:31:07.910,2022-12-09 22:31:07.910
793687a8-fac1-ea11-a9ce-0a593f791696,80,3800.0,2020-07-09 15:45:09.143,2020-07-09 15:45:09.143
a5950801-0050-fc61-483e-08de293a4696,80,23423.2,2025-11-21 20:12:20.390,2025-11-21 20:12:20.390
b610653f-0f78-ed11-83d0-dbe72732717b,80,2090.0,2022-12-09 22:17:24.397,2022-12-09 22:17:24.397
217314a0-1578-ed11-83d0-dbe72732717b,80,2090.0,2022-12-09 23:03:10.393,2022-12-09 23:03:10.393
05c10601-0050-fc61-d98f-08de2939e25e,80,4750.8,2025-11-21 20:09:32.233,2025-11-21 20:09:32.233
a19b308d-bcc2-ea11-a9ce-0a593f791696,80,3800.0,2020-07-10 14:50:40.867,2020-07-10 14:50:40.867
dbb776a3-27e2-ea11-828c-f8709861f8d2,80,3800.0,2020-08-19 14:48:36.627,2020-08-19 14:48:36.627
792a1f01-0050-fc61-b0cb-08de293f31e4,80,46248.0,2025-11-21 20:47:33.140,2025-11-21 20:47:33.140
7af9e6a2-05e3-ea11-828c-f8709861f8d2,80,3800.0,2020-08-20 16:53:56.437,2020-08-20 16:53:56.437
c2cf1701-0050-fc61-7161-08de293d7d11,80,5513.2,2025-11-21 20:35:20.260,2025-11-21 20:35:20.260
5d41268e-1378-ed11-83d0-dbe72732717b,80,3914.0,2022-12-09 22:48:20.370,2022-12-09 22:48:20.370
5db79921-1578-ed11-83d0-dbe72732717b,80,2090.0,2022-12-09 22:59:30.113,2022-12-09 22:59:30.113
49acabeb-1078-ed11-83d0-dbe72732717b,80,3192.0,2022-12-09 22:29:26.787,2022-12-09 22:29:26.787
5cc51601-1278-ed11-83d0-dbe72732717b,80,2090.0,2022-12-09 22:37:14.590,2022-12-09 22:37:14.590
3a769949-29c5-ea11-a9ce-0a593f791696,80,3800.0,2020-07-13 16:54:52.857,2020-07-13 16:54:52.857
dbfa0601-0050-fc61-6901-08de2939ee17,80,27253.6,2025-11-21 20:09:51.923,2025-11-21 20:09:51.923
ae7f9feb-f2d7-ea11-828c-cf34c837d27a,80,5016.0,2020-08-06 14:47:59.227,2020-08-06 14:47:59.227
db8e71fd-1478-ed11-83d0-dbe72732717b,80,2090.0,2022-12-09 22:58:29.380,2022-12-09 22:58:29.380
015d0d01-0050-fc61-04f2-08de293b4840,80,4750.8,2025-11-21 20:19:32.697,2025-11-21 20:19:32.697
7b290b01-0050-fc61-69db-08de293ace9f,80,4779.2,2025-11-21 20:16:08.610,2025-11-21 20:16:08.610
38621601-0050-fc61-6075-08de293d3245,80,2399.2,2025-11-21 20:33:14.853,2025-11-21 20:33:14.853
7b4306c2-1678-ed11-83d0-dbe72732717b,80,2090.0,2022-12-09 23:11:15.840,2022-12-09 23:11:15.840
19fe10dd-1178-ed11-83d0-dbe72732717b,80,2850.0,2022-12-09 22:36:10.340,2022-12-09 22:36:10.340
2cf5276f-8c85-ea11-a9ce-0a593f791696,80,13680.0,2020-04-23 18:03:08.987,2020-04-23 18:03:08.987
5cab0901-0050-fc61-d580-08de293a7ecc,80,4505.8,2025-11-21 20:13:54.690,2025-11-21 20:13:54.690
a5bf0b01-0050-fc61-4967-08de293aed50,80,4494.8,2025-11-21 20:17:00.097,2025-11-21 20:17:00.097
db8d1601-0050-fc61-967d-08de293d3b8c,80,2399.2,2025-11-21 20:33:30.360,2025-11-21 20:33:30.360
3b3f7c03-1578-ed11-83d0-dbe72732717b,80,2090.0,2022-12-09 22:58:42.263,2022-12-09 22:58:42.263
78f8208e-75e1-ea11-828c-fcb9b0fbbc3d,80,3800.0,2020-08-18 17:12:25.977,2020-08-18 17:12:25.977
a59c0801-0050-fc61-85d7-08de293a47e3,80,4916.2,2025-11-21 20:12:22.543,2025-11-21 20:12:22.543
db8b1401-0050-fc61-e213-08de293ccdcf,80,3877.0,2025-11-21 20:30:26.257,2025-11-21 20:30:26.257
2cf00b01-0050-fc61-86bd-08de293af7c4,80,16580.2,2025-11-21 20:17:17.633,2025-11-21 20:17:17.633
13570a49-1078-ed11-83d0-dbe72732717b,80,3116.0,2022-12-09 22:24:51.890,2022-12-09 22:24:51.890
78cf09b6-1678-ed11-83d0-dbe72732717b,80,3952.0,2022-12-09 23:10:51.277,2022-12-09 23:10:51.277
07c41501-0050-fc61-c9e0-08de293d0f49,80,4750.8,2025-11-21 20:32:16.097,2025-11-21 20:32:16.097
78d11301-0050-fc61-d0cd-08de293ca5e4,80,2399.2,2025-11-21 20:29:19.283,2025-11-21 20:29:19.283
78c51801-0050-fc61-11b4-08de293db2fa,80,2399.2,2025-11-21 20:36:50.747,2025-11-21 20:36:50.747
35f31c66-56d7-ea11-828c-cf34c837d27a,80,5776.0,2020-08-05 20:21:24.690,2020-08-05 20:21:24.690
78bba611-2cc1-ea11-a9ce-0a593f791696,80,3800.0,2020-07-08 15:03:57.267,2020-07-08 15:03:57.267
5c884f20-b95e-ec11-8350-92049595c631,80,6118.0,2021-12-16 21:44:19.197,2021-12-16 21:44:19.197
4f911c01-0050-fc61-6e67-08de293e9409,80,18673.2,2025-11-21 20:43:08.310,2025-11-21 20:43:08.310
b9cc5edb-f3db-ea11-828c-a3b0b95dd4b2,80,5472.0,2020-08-11 17:20:04.570,2020-08-11 17:20:04.570
5c951301-0050-fc61-a076-08de293c9876,80,2399.2,2025-11-21 20:28:56.733,2025-11-21 20:28:56.733
78ae974d-37db-ea11-828c-a3b0b95dd4b2,80,5776.0,2020-08-10 18:45:52.800,2020-08-10 18:45:52.800
78b78445-2ae3-ea11-828c-f8709861f8d2,80,3800.0,2020-08-20 21:17:14.923,2020-08-20 21:17:14.923
5da51401-0050-fc61-ee10-08de293cd34c,80,3877.0,2025-11-21 20:30:35.423,2025-11-21 20:30:35.423
db965fdf-1478-ed11-83d0-dbe72732717b,80,2090.0,2022-12-09 22:57:37.273,2022-12-09 22:57:37.273
0d473ada-36d0-ea11-828c-b57555799727,80,5776.0,2020-07-27 18:30:30.283,2020-07-27 18:30:30.283
002981da-f8c1-ea11-a9ce-0a593f791696,80,3800.0,2020-07-09 15:32:05.280,2020-07-09 15:32:05.280
aea41e01-0050-fc61-d682-08de293f10b2,80,2399.2,2025-11-21 20:46:37.463,2025-11-21 20:46:37.463
789b1601-0050-fc61-6d55-08de293d3ea3,80,4779.2,2025-11-21 20:33:35.520,2025-11-21 20:33:35.520
789d0b01-0050-fc61-4f62-08de293ae694,80,4916.2,2025-11-21 20:16:48.773,2025-11-21 20:16:48.773
2cf91701-0050-fc61-14f6-08de293d876e,80,2399.2,2025-11-21 20:35:37.650,2025-11-21 20:35:37.650
c3ab2101-0050-fc61-1f0c-08de293fc896,80,16580.2,2025-11-21 20:51:45.967,2025-11-21 20:51:45.967
78a01701-0050-fc61-592d-08de293d7395,80,2399.2,2025-11-21 20:35:04.347,2025-11-21 20:35:04.347
78803ae1-1ed8-ea11-828c-cf34c837d27a,80,7144.0,2020-08-06 20:08:17.793,2020-08-06 20:08:17.793
78845933-0f78-ed11-83d0-dbe72732717b,80,2090.0,2022-12-09 22:17:07.970,2022-12-09 22:17:07.970
c2990601-0050-fc61-763a-08de2939da0e,80,14446.2,2025-11-21 20:09:18.317,2025-11-21 20:09:18.317
3865f563-1378-ed11-83d0-dbe72732717b,80,3116.0,2022-12-09 22:47:01.250,2022-12-09 22:47:01.250
4fa048a9-1478-ed11-83d0-dbe72732717b,80,2090.0,2022-12-09 22:56:07.030,2022-12-09 22:56:07.030
3f4d72ab-c3c2-ea11-a9ce-0a593f791696,80,3800.0,2020-07-10 15:45:03.897,2020-07-10 15:45:03.897
78a10601-0050-fc61-694b-08de2939dbf8,80,50710.48,2025-11-21 20:09:21.497,2025-11-21 20:09:21.497
8dca93e2-0f78-ed11-83d0-dbe72732717b,80,2090.0,2022-12-09 22:22:02.867,2022-12-09 22:22:02.867
dd0ed53c-1478-ed11-83d0-dbe72732717b,80,3116.0,2022-12-09 22:53:14.123,2022-12-09 22:53:14.123
7b187373-b1e1-ea11-828c-f8709861f8d2,80,3800.0,2020-08-19 00:22:40.513,2020-08-19 00:22:40.513
a1460801-0050-fc61-fa9f-08de293a354f,80,22883.6,2025-11-21 20:11:51.407,2025-11-21 20:11:51.407
78699623-c1c2-ea11-a9ce-0a593f791696,80,3800.0,2020-07-10 15:24:27.967,2020-07-10 15:24:27.967
8def1e79-1478-ed11-83d0-dbe72732717b,80,3116.0,2022-12-09 22:54:46.527,2022-12-09 22:54:46.527
785b1601-0050-fc61-f4da-08de293d30b3,80,2399.2,2025-11-21 20:33:12.103,2025-11-21 20:33:12.103
2148cecc-92dd-ea11-828c-dab48128a9c3,80,7144.0,2020-08-13 18:33:07.497,2020-08-13 18:33:07.497
3882a2b5-1078-ed11-83d0-dbe72732717b,80,3952.0,2022-12-09 22:27:57.503,2022-12-09 22:27:57.503
0d2f1c01-0050-fc61-dd40-08de293e7d7d,80,3877.0,2025-11-21 20:42:30.467,2025-11-21 20:42:30.467
07bcd721-30ba-eb11-830a-a4b0d298b5f4,80,5776.0,2021-05-21 12:29:59.737,2021-05-21 12:29:59.737
4f82bf38-02c5-ee11-8445-b1caec3f8168,80,0.0,2024-02-06 15:13:59.167,2024-02-06 15:13:59.167
784976b1-ecc2-eb11-830a-b717950c1bc2,80,62016.0,2021-06-01 15:19:10.783,2021-06-01 15:19:10.783
07bc27e5-0e78-ed11-83d0-dbe72732717b,80,3952.0,2022-12-09 22:14:56.110,2022-12-09 22:14:56.110
5c6307c8-1678-ed11-83d0-dbe72732717b,80,2090.0,2022-12-09 23:11:17.123,2022-12-09 23:11:17.123
02b1d1d7-9fd2-ea11-828c-b4e2a79c59ea,80,3800.0,2020-07-30 20:05:59.733,2020-07-30 20:05:59.733
ae712201-0050-fc61-0a3b-08de293ff7c2,80,4779.2,2025-11-21 20:53:05.203,2025-11-21 20:53:05.203
28820c01-0050-fc61-dea0-08de293b19e7,80,4779.2,2025-11-21 20:18:15.017,2025-11-21 20:18:15.017
0d2992dc-0f78-ed11-83d0-dbe72732717b,80,3192.0,2022-12-09 22:21:52.247,2022-12-09 22:21:52.247
78121301-0050-fc61-df67-08de293c7d8e,80,25071.05,2025-11-21 20:28:11.633,2025-11-21 20:28:11.633
21d51301-0050-fc61-6288-08de293ca69d,80,2399.2,2025-11-21 20:29:20.470,2025-11-21 20:29:20.470
35e6bd8b-1278-ed11-83d0-dbe72732717b,80,3192.0,2022-12-09 22:41:02.627,2022-12-09 22:41:02.627
375ff9ac-1178-ed11-83d0-dbe72732717b,80,3914.0,2022-12-09 22:34:44.590,2022-12-09 22:34:44.590
b9fb7344-495a-ea11-a9ce-0a593f791696,80,36024.0,2020-02-28 16:44:53.213,2020-02-28 16:44:53.213
78100901-0050-fc61-2203-08de293a5edf,80,3877.0,2025-11-21 20:13:01.167,2025-11-21 20:13:01.167
c439135b-1478-ed11-83d0-dbe72732717b,80,2090.0,2022-12-09 22:54:00.083,2022-12-09 22:54:00.083
3f3c989c-71c8-ea11-828c-bbacfba5f3d6,80,5472.0,2020-07-17 21:08:50.840,2020-07-17 21:08:50.840
783b1d01-0050-fc61-45ac-08de293ebb92,80,3877.0,2025-11-21 20:44:14.623,2025-11-21 20:44:14.623
db6a1b01-0050-fc61-ca44-08de293e51e3,80,2399.2,2025-11-21 20:41:17.290,2025-11-21 20:41:17.290
daec9135-43d0-ea11-828c-b57555799727,80,7296.0,2020-07-27 20:03:39.007,2020-07-27 20:03:39.007
786e1101-0050-fc61-1d0b-08de293c212a,80,3877.0,2025-11-21 20:25:36.573,2025-11-21 20:25:36.573
b552e711-a8d2-ea11-828c-b4e2a79c59ea,80,3800.0,2020-07-30 21:07:10.477,2020-07-30 21:07:10.477
77fd0d14-44d0-ea11-828c-b57555799727,80,5472.0,2020-07-27 20:15:46.170,2020-07-27 20:15:46.170
dafca656-79d3-ef11-84ee-d7f4306148a9,80,76480.0,2025-01-15 19:52:41.717,2025-01-15 19:52:41.717
5c3a9d3a-d2bb-eb11-830a-a4b0d298b5f4,80,24016.0,2021-05-23 14:22:03.817,2021-05-23 14:22:03.817
8e2d3724-2bc1-ea11-a9ce-0a593f791696,80,3800.0,2020-07-08 14:58:31.197,2020-07-08 14:58:31.197
db03a227-1578-ed11-83d0-dbe72732717b,80,2090.0,2022-12-09 22:59:45.257,2022-12-09 22:59:45.257
2cca0601-0050-fc61-23d2-08de2939e41b,80,27911.0,2025-11-21 20:09:35.167,2025-11-21 20:09:35.167
c26114fe-1678-ed11-83d0-dbe72732717b,80,2090.0,2022-12-09 23:12:51.417,2022-12-09 23:12:51.417
39dc6507-ba9b-eb11-82e4-e9219a40f5c1,80,7296.0,2021-04-12 18:09:30.997,2021-04-12 18:09:30.997
5c412101-0050-fc61-06aa-08de293fb118,80,52489.08,2025-11-21 20:51:06.653,2025-11-21 20:51:06.653
c9e7600d-e08b-ea11-a9ce-0a593f791696,80,12160.0,2020-05-01 19:18:44.157,2020-05-01 19:18:44.157
31531031-14db-ea11-828c-a3b0b95dd4b2,80,5776.0,2020-08-10 14:30:06.850,2020-08-10 14:30:06.850
a17b95a4-2ee3-ea11-828c-f8709861f8d2,80,3800.0,2020-08-20 21:50:23.947,2020-08-20 21:50:23.947
dae9167f-9dd6-ea11-828c-c3297631124c,80,3800.0,2020-08-04 22:02:48.657,2020-08-04 22:02:48.657
43fa2501-0050-fc61-bb9e-08de2adb1fa4,80,0.0,2025-11-23 21:56:15.163,2025-11-23 21:56:15.163
7c15328d-49d3-ea11-828c-b4e2a79c59ea,80,5776.0,2020-07-31 16:25:03.057,2020-07-31 16:25:03.057
34a01f01-0050-fc61-2bde-08de293f4db5,80,4779.2,2025-11-21 20:48:19.863,2025-11-21 20:48:19.863
c2b11901-0050-fc61-2a0c-08de293de89d,80,7146.8,2025-11-21 20:38:20.713,2025-11-21 20:38:20.713
77c70c01-0050-fc61-98c5-08de293b2872,80,3859.2,2025-11-21 20:18:39.307,2025-11-21 20:18:39.307
ae7127f6-12cd-ea11-828c-cd0b241fdad6,80,7296.0,2020-07-23 18:37:02.510,2020-07-23 18:37:02.510
c2510a01-0050-fc61-75d9-08de293aa1e2,80,3877.0,2025-11-21 20:14:53.513,2025-11-21 20:14:53.513
77a61fa6-1578-ed11-83d0-dbe72732717b,80,2850.0,2022-12-09 23:03:17.640,2022-12-09 23:03:17.640
77be4868-d5d1-ea11-828c-b57555799727,80,7296.0,2020-07-29 20:07:13.537,2020-07-29 20:07:13.537
d0181201-0050-fc61-27d6-08de293c44ec,80,2399.2,2025-11-21 20:26:36.583,2025-11-21 20:26:36.583
29e3b500-1078-ed11-83d0-dbe72732717b,80,3116.0,2022-12-09 22:22:52.600,2022-12-09 22:22:52.600
5c45f0fd-1278-ed11-83d0-dbe72732717b,80,2850.0,2022-12-09 22:44:12.953,2022-12-09 22:44:12.953
db297f09-1578-ed11-83d0-dbe72732717b,80,2090.0,2022-12-09 22:58:52.250,2022-12-09 22:58:52.250
a12df459-df8b-ea11-a9ce-0a593f791696,80,13680.0,2020-05-01 19:16:53.127,2020-05-01 19:16:53.127
02ae1201-0050-fc61-624b-08de293c6501,80,16580.2,2025-11-21 20:27:30.383,2025-11-21 20:27:30.383
438b0b24-22cd-ea11-828c-cd0b241fdad6,80,5776.0,2020-07-23 20:27:25.147,2020-07-23 20:27:25.147
21df3ba6-0f78-ed11-83d0-dbe72732717b,80,3724.0,2022-12-09 22:20:14.477,2022-12-09 22:20:14.477
212c1901-0050-fc61-dfb9-08de293dcafb,80,4773.0,2025-11-21 20:37:30.967,2025-11-21 20:37:30.967
c2311601-0050-fc61-e15f-08de293d26e7,80,3458.0,2025-11-21 20:32:55.717,2025-11-21 20:32:55.717
1a6e1a01-0050-fc61-1b02-08de293e14ff,80,2399.2,2025-11-21 20:39:35.150,2025-11-21 20:39:35.150
286dd8af-08e3-ea11-828c-f8709861f8d2,80,3800.0,2020-08-20 17:24:11.167,2020-08-20 17:24:11.167
dad17ea7-bfc2-ea11-a9ce-0a593f791696,80,3800.0,2020-07-10 15:12:09.597,2020-07-10 15:12:09.597
c3f0b3f1-1078-ed11-83d0-dbe72732717b,80,3914.0,2022-12-09 22:29:36.273,2022-12-09 22:29:36.273
2cc0734b-0f78-ed11-83d0-dbe72732717b,80,3116.0,2022-12-09 22:17:48.090,2022-12-09 22:17:48.090
778a0601-0050-fc61-54ee-08de2939d6fa,80,38349.16,2025-11-21 20:09:13.163,2025-11-21 20:09:13.163
77830e01-0050-fc61-750a-08de293b85c9,80,16580.2,2025-11-21 20:21:15.917,2025-11-21 20:21:15.917
778554c6-69de-ea11-828c-dab48128a9c3,80,5776.0,2020-08-14 20:14:59.490,2020-08-14 20:14:59.490
77750b01-0050-fc61-059f-08de293adf08,80,3465.0,2025-11-21 20:16:36.133,2025-11-21 20:16:36.133
24d71101-0050-fc61-a17d-08de293c378c,80,7146.8,2025-11-21 20:26:14.143,2025-11-21 20:26:14.143
4f6d7ee8-1578-ed11-83d0-dbe72732717b,80,3287.0,2022-12-09 23:05:05.837,2022-12-09 23:05:05.837
dad11b01-0050-fc61-a437-08de293e68d0,80,2399.2,2025-11-21 20:41:55.800,2025-11-21 20:41:55.800
4f736ef7-1478-ed11-83d0-dbe72732717b,80,2090.0,2022-12-09 22:58:23.353,2022-12-09 22:58:23.353
c214653f-0f78-ed11-83d0-dbe72732717b,80,3116.0,2022-12-09 22:17:25.710,2022-12-09 22:17:25.710
0cf16b16-1fe6-ea11-828c-cc6f8230eb3e,80,3800.0,2020-08-24 15:35:00.773,2020-08-24 15:35:00.773
aa4f16b8-87dd-ea11-828c-dab48128a9c3,80,5472.0,2020-08-13 17:28:33.957,2020-08-13 17:28:33.957
c2020901-0050-fc61-7d11-08de293a5c3f,80,4750.8,2025-11-21 20:12:56.710,2025-11-21 20:12:56.710
316f99d2-28db-ea11-828c-a3b0b95dd4b2,80,3800.0,2020-08-10 16:47:44.593,2020-08-10 16:47:44.593
2cb8488c-2fd8-ea11-828c-cf34c837d27a,80,5776.0,2020-08-06 22:04:57.497,2020-08-06 22:04:57.497
67d31f01-0050-fc61-f406-08de293f590d,80,2399.2,2025-11-21 20:48:38.887,2025-11-21 20:48:38.887
5be3bd8b-1278-ed11-83d0-dbe72732717b,80,2850.0,2022-12-09 22:41:01.823,2022-12-09 22:41:01.823
4ffd7451-0f78-ed11-83d0-dbe72732717b,80,3952.0,2022-12-09 22:17:52.170,2022-12-09 22:17:52.170
8eea7291-90e0-ea11-828c-fcb9b0fbbc3d,80,7296.0,2020-08-17 13:54:51.440,2020-08-17 13:54:51.440
0ce91394-1578-ed11-83d0-dbe72732717b,80,3914.0,2022-12-09 23:02:45.067,2022-12-09 23:02:45.067
a11f0c01-0050-fc61-347f-08de293b0384,80,3859.2,2025-11-21 20:17:37.363,2025-11-21 20:17:37.363
39911001-0050-fc61-a448-08de293bf2ca,80,3877.0,2025-11-21 20:24:18.767,2025-11-21 20:24:18.767
563e1801-0050-fc61-4122-08de293d9737,80,25669.0,2025-11-21 20:36:04.170,2025-11-21 20:36:04.170
13b9759f-cfc2-ea11-a9ce-0a593f791696,80,3800.0,2020-07-10 17:11:43.340,2020-07-10 17:11:43.340
0ce56df1-1478-ed11-83d0-dbe72732717b,80,2090.0,2022-12-09 22:58:08.207,2022-12-09 22:58:08.207
2cb4569e-21d0-ea11-828c-e85064fafb74,80,6688.0,2020-07-27 15:56:59.100,2020-07-27 15:56:59.100
c2083909-0f78-ed11-83d0-dbe72732717b,80,3021.0,2022-12-09 22:15:51.810,2022-12-09 22:15:51.810
0ce21401-0050-fc61-703f-08de293cdf7f,80,3877.0,2025-11-21 20:30:55.917,2025-11-21 20:30:55.917
773b343d-6bdd-ea11-828c-dab48128a9c3,80,7144.0,2020-08-13 13:47:14.107,2020-08-13 13:47:14.107
a13a20e0-1678-ed11-83d0-dbe72732717b,80,2090.0,2022-12-09 23:11:58.323,2022-12-09 23:11:58.323
65a8eabd-63a9-eb11-82e4-cefeac834b9a,80,7296.0,2021-04-30 03:27:01.613,2021-04-30 03:27:01.613
8ef6e38b-fce2-ea11-828c-f8709861f8d2,80,3800.0,2020-08-20 15:50:19.160,2020-08-20 15:50:19.160
28695e7d-2fd8-ea11-828c-cf34c837d27a,80,5016.0,2020-08-06 22:06:49.347,2020-08-06 22:06:49.347
77701201-0050-fc61-330c-08de293c56d5,80,3465.0,2025-11-21 20:27:06.623,2025-11-21 20:27:06.623
05e60bbf-1178-ed11-83d0-dbe72732717b,80,3724.0,2022-12-09 22:35:14.710,2022-12-09 22:35:14.710
8f032101-0050-fc61-92f6-08de293fa284,80,25669.0,2025-11-21 20:50:42.097,2025-11-21 20:50:42.097
7720c5cd-1278-ed11-83d0-dbe72732717b,80,3192.0,2022-12-09 22:42:52.330,2022-12-09 22:42:52.330
2d96da31-bfc2-ea11-a9ce-0a593f791696,80,3800.0,2020-07-10 15:08:56.463,2020-07-10 15:08:56.463
2dc3a75d-1578-ed11-83d0-dbe72732717b,80,2090.0,2022-12-09 23:01:18.983,2022-12-09 23:01:18.983
24e49ea2-20c5-ea11-a9ce-0a593f791696,80,3800.0,2020-07-13 15:56:03.960,2020-07-13 15:56:03.960
a10b9433-1578-ed11-83d0-dbe72732717b,80,2090.0,2022-12-09 22:59:59.903,2022-12-09 22:59:59.903
76fc0804-13e3-ea11-828c-f8709861f8d2,80,3800.0,2020-08-20 18:34:36.003,2020-08-20 18:34:36.003
daa21701-0050-fc61-c259-08de293d740a,80,46572.48,2025-11-21 20:35:05.137,2025-11-21 20:35:05.137
daa6e2a0-1178-ed11-83d0-dbe72732717b,80,3914.0,2022-12-09 22:34:24.957,2022-12-09 22:34:24.957
3f252001-0050-fc61-7d52-08de293f6c83,80,2399.2,2025-11-21 20:49:11.550,2025-11-21 20:49:11.550
76f04128-1778-ed11-83d0-dbe72732717b,80,0.0,2022-12-09 23:13:59.487,2022-12-09 23:13:59.487
8f361b01-0050-fc61-5bf6-08de293e45b5,80,4916.2,2025-11-21 20:40:56.897,2025-11-21 20:40:56.897
7c701a01-0050-fc61-f6f0-08de293e1565,80,3877.0,2025-11-21 20:39:35.850,2025-11-21 20:39:35.850
76df1601-0050-fc61-d169-08de293d4de1,80,2399.2,2025-11-21 20:34:01.333,2025-11-21 20:34:01.333
5ba31776-1378-ed11-83d0-dbe72732717b,80,3914.0,2022-12-09 22:47:40.497,2022-12-09 22:47:40.497
a0f81e01-0050-fc61-3845-08de293f25bb,80,2399.2,2025-11-21 20:47:12.743,2025-11-21 20:47:12.743
b5222001-0050-fc61-2ab9-08de293f6c14,80,3431.4,2025-11-21 20:49:10.797,2025-11-21 20:49:10.797
3df51b01-0050-fc61-7c81-08de293e6feb,80,2399.2,2025-11-21 20:42:07.727,2025-11-21 20:42:07.727
bdd20d01-0050-fc61-2541-08de293b616d,80,4516.8,2025-11-21 20:20:14.943,2025-11-21 20:20:14.943
7c753afe-02dc-ea11-828c-a3b0b95dd4b2,80,5472.0,2020-08-11 18:52:40.850,2020-08-11 18:52:40.850
ba36e12a-1078-ed11-83d0-dbe72732717b,80,3116.0,2022-12-09 22:24:05.937,2022-12-09 22:24:05.937
76d31c19-1278-ed11-83d0-dbe72732717b,80,3116.0,2022-12-09 22:37:51.670,2022-12-09 22:37:51.670
76cf4061-1078-ed11-83d0-dbe72732717b,80,3116.0,2022-12-09 22:25:35.307,2022-12-09 22:25:35.307
1d199433-1578-ed11-83d0-dbe72732717b,80,2090.0,2022-12-09 23:00:04.577,2022-12-09 23:00:04.577
dd8e0801-0050-fc61-fdca-08de293a4541,80,4916.2,2025-11-21 20:12:18.190,2025-11-21 20:12:18.190
c1ebe3ba-1dc2-ea11-a9ce-0a593f791696,80,3800.0,2020-07-09 20:05:44.900,2020-07-09 20:05:44.900
437d1bf5-1178-ed11-83d0-dbe72732717b,80,3116.0,2022-12-09 22:36:45.643,2022-12-09 22:36:45.643
1d196c82-1178-ed11-83d0-dbe72732717b,80,3116.0,2022-12-09 22:33:37.323,2022-12-09 22:33:37.323
53440e01-0050-fc61-a57f-08de293b7908,80,4494.8,2025-11-21 20:20:54.523,2025-11-21 20:20:54.523
5b9f0901-0050-fc61-ed3e-08de293a7ca5,80,3877.0,2025-11-21 20:13:51.070,2025-11-21 20:13:51.070
5bc2e63f-1378-ed11-83d0-dbe72732717b,80,3724.0,2022-12-09 22:46:06.897,2022-12-09 22:46:06.897
0e670a01-0050-fc61-9311-08de293aa60e,80,25030.6,2025-11-21 20:15:00.543,2025-11-21 20:15:00.543
02a51901-0050-fc61-f3ec-08de293de5eb,80,3877.0,2025-11-21 20:38:16.167,2025-11-21 20:38:16.167
07f8b985-1678-ed11-83d0-dbe72732717b,80,2090.0,2022-12-09 23:09:34.740,2022-12-09 23:09:34.740
38670b01-0050-fc61-38a7-08de293adc04,80,4779.2,2025-11-21 20:16:31.067,2025-11-21 20:16:31.067
7fdc0038-ccc2-ea11-a9ce-0a593f791696,80,3800.0,2020-07-10 16:47:04.247,2020-07-10 16:47:04.247
3f8121b5-0e78-ed11-83d0-dbe72732717b,80,3952.0,2022-12-09 22:13:36.923,2022-12-09 22:13:36.923
76911701-0050-fc61-d5c1-08de293d7085,80,2399.2,2025-11-21 20:34:59.213,2025-11-21 20:34:59.213
21064e9d-1478-ed11-83d0-dbe72732717b,80,2090.0,2022-12-09 22:55:50.657,2022-12-09 22:55:50.657
dd892081-e8dc-ea11-828c-dab48128a9c3,80,7296.0,2020-08-12 22:15:19.413,2020-08-12 22:15:19.413
ae585f7d-68d3-ea11-828c-b4e2a79c59ea,80,3800.0,2020-07-31 20:03:27.630,2020-07-31 20:03:27.630
f1630801-0050-fc61-2e08-08de293a3b90,80,3859.2,2025-11-21 20:12:01.860,2025-11-21 20:12:01.860
79292101-0050-fc61-bb7c-08de293fab22,80,4708.8,2025-11-21 20:50:56.560,2025-11-21 20:50:56.560
f3430d01-0050-fc61-9837-08de293b42d4,80,4779.2,2025-11-21 20:19:23.587,2025-11-21 20:19:23.587
a20f2382-1378-ed11-83d0-dbe72732717b,80,3724.0,2022-12-09 22:47:55.510,2022-12-09 22:47:55.510
af412201-0050-fc61-5153-08de293fed89,80,23423.2,2025-11-21 20:52:47.993,2025-11-21 20:52:47.993
dae59bc7-1078-ed11-83d0-dbe72732717b,80,2090.0,2022-12-09 22:28:25.107,2022-12-09 22:28:25.107
44162eb1-b61e-ef11-8445-9287b6d5635e,80,0.0,2024-05-30 19:07:51.787,2024-05-30 19:07:51.787
ba89bf85-1278-ed11-83d0-dbe72732717b,80,3192.0,2022-12-09 22:40:54.087,2022-12-09 22:40:54.087
0ca01601-0050-fc61-4a24-08de293d3f64,80,41120.48,2025-11-21 20:33:36.817,2025-11-21 20:33:36.817
76551c01-0050-fc61-0e01-08de293e8597,80,40452.0,2025-11-21 20:42:44.053,2025-11-21 20:42:44.053
31859e2c-b8d5-ea11-828c-c3297631124c,80,6688.0,2020-08-03 18:43:00.747,2020-08-03 18:43:00.747
a2e2d717-22c5-ea11-a9ce-0a593f791696,80,3800.0,2020-07-13 16:03:13.807,2020-07-13 16:03:13.807
c1b2182e-86e8-ea11-82b1-ef068b55b9dd,80,3800.0,2020-08-27 16:58:19.687,2020-08-27 16:58:19.687
441c6434-0010-ec11-8315-ac101f6609d5,80,4140.0,2021-09-07 17:23:59.607,2021-09-07 17:23:59.607
36156c82-1178-ed11-83d0-dbe72732717b,80,3952.0,2022-12-09 22:33:35.733,2022-12-09 22:33:35.733
a0d44f70-1178-ed11-83d0-dbe72732717b,80,3952.0,2022-12-09 22:33:10.387,2022-12-09 22:33:10.387
2c8d1701-0050-fc61-e650-08de293d6fbe,80,1589.46,2025-11-21 20:34:57.913,2025-11-21 20:34:57.913
3b74deeb-1278-ed11-83d0-dbe72732717b,80,3914.0,2022-12-09 22:43:49.140,2022-12-09 22:43:49.140
764b7eb9-2bc1-ea11-a9ce-0a593f791696,80,3800.0,2020-07-08 15:05:31.437,2020-07-08 15:05:31.437
da781701-0050-fc61-7456-08de293d6bf1,80,2399.2,2025-11-21 20:34:51.533,2025-11-21 20:34:51.533
35cc4b2d-0f78-ed11-83d0-dbe72732717b,80,2850.0,2022-12-09 22:16:54.703,2022-12-09 22:16:54.703
f01c74ed-8fe0-ea11-828c-fcb9b0fbbc3d,80,5472.0,2020-08-17 13:53:31.987,2020-08-17 13:53:31.987
20ea0801-0050-fc61-cc12-08de293a56dd,80,4916.2,2025-11-21 20:12:47.700,2025-11-21 20:12:47.700
c1831701-0050-fc61-a8ff-08de293d6dfa,80,2399.2,2025-11-21 20:34:54.950,2025-11-21 20:34:54.950
d08e362a-2bc1-ea11-a9ce-0a593f791696,80,3800.0,2020-07-08 15:00:36.693,2020-07-08 15:00:36.693
7d207f09-1578-ed11-83d0-dbe72732717b,80,2090.0,2022-12-09 22:58:49.453,2022-12-09 22:58:49.453
b50b5ec7-1478-ed11-83d0-dbe72732717b,80,2850.0,2022-12-09 22:57:03.293,2022-12-09 22:57:03.293
ba5555a1-e8d8-ea11-828c-cf34c837d27a,80,5776.0,2020-08-07 20:03:03.137,2020-08-07 20:03:03.137
da2d2301-0050-fc61-c60e-08de29402608,80,23423.2,2025-11-21 20:54:22.750,2025-11-21 20:54:22.750
43711301-0050-fc61-17e6-08de293c9192,80,4916.2,2025-11-21 20:28:45.187,2025-11-21 20:28:45.187
ae2cc02a-1478-ed11-83d0-dbe72732717b,80,3116.0,2022-12-09 22:52:37.360,2022-12-09 22:52:37.360
3623fa54-1478-ed11-83d0-dbe72732717b,80,3116.0,2022-12-09 22:53:47.870,2022-12-09 22:53:47.870
da24be21-4283-ea11-a9ce-0a593f791696,80,13680.0,2020-04-20 20:09:21.220,2020-04-20 20:09:21.220
02a0218e-0f78-ed11-83d0-dbe72732717b,80,2850.0,2022-12-09 22:19:37.630,2022-12-09 22:19:37.630
a0c20f1c-1178-ed11-83d0-dbe72732717b,80,2090.0,2022-12-09 22:30:49.197,2022-12-09 22:30:49.197
ae3433dd-e7db-ea11-828c-a3b0b95dd4b2,80,5776.0,2020-08-11 15:39:17.347,2020-08-11 15:39:17.347
c17f1701-0050-fc61-758d-08de293d6d3e,80,2399.2,2025-11-21 20:34:53.717,2025-11-21 20:34:53.717
0c843aa3-efe2-ea11-828c-f8709861f8d2,80,3800.0,2020-08-20 14:16:56.510,2020-08-20 14:16:56.510
c1d21601-0050-fc61-fa21-08de293d4b5f,80,2399.2,2025-11-21 20:33:56.887,2025-11-21 20:33:56.887
7d3217b9-c7e0-ea11-828c-fcb9b0fbbc3d,80,5016.0,2020-08-17 20:32:41.823,2020-08-17 20:32:41.823
7d315cbe-6bd6-ea11-828c-c3297631124c,80,6688.0,2020-08-04 16:06:43.227,2020-08-04 16:06:43.227
25025127-0f78-ed11-83d0-dbe72732717b,80,3838.0,2022-12-09 22:16:43.330,2022-12-09 22:16:43.330
13f60501-0050-fc61-5be4-08de2939b66b,80,19114.0,2025-11-21 20:08:18.470,2025-11-21 20:08:18.470
66144aac-0f78-ed11-83d0-dbe72732717b,80,3914.0,2022-12-09 22:20:25.687,2022-12-09 22:20:25.687
0450bc4f-1678-ed11-83d0-dbe72732717b,80,2090.0,2022-12-09 23:07:57.543,2022-12-09 23:07:57.543
499c8c12-1478-ed11-83d0-dbe72732717b,80,3952.0,2022-12-09 22:52:02.993,2022-12-09 22:52:02.993
a8d14036-ee80-ea11-a9ce-0a593f791696,80,12160.0,2020-04-17 21:05:05.433,2020-04-17 21:05:05.433
ca560901-0050-fc61-2ee3-08de293a6e4f,80,4916.2,2025-11-21 20:13:26.997,2025-11-21 20:13:26.997
4f4b8963-0f78-ed11-83d0-dbe72732717b,80,3192.0,2022-12-09 22:18:22.590,2022-12-09 22:18:22.590
199d0d01-0050-fc61-da1e-08de293b564e,80,4708.8,2025-11-21 20:19:56.237,2025-11-21 20:19:56.237
c1761901-0050-fc61-7d6f-08de293ddb77,80,0.0,2025-11-21 20:37:58.643,2025-11-21 20:37:58.643
4c75f563-1378-ed11-83d0-dbe72732717b,80,2090.0,2022-12-09 22:47:06.943,2022-12-09 22:47:06.943
34981001-0050-fc61-9ddc-08de293bf440,80,7146.8,2025-11-21 20:24:21.257,2025-11-21 20:24:21.257
4f421601-0050-fc61-78dd-08de293d2a21,80,2399.2,2025-11-21 20:33:01.120,2025-11-21 20:33:01.120
b5030f01-0050-fc61-8b5c-08de293b9ef0,80,3877.0,2025-11-21 20:21:58.143,2025-11-21 20:21:58.143
c17d7ee8-1578-ed11-83d0-dbe72732717b,80,2090.0,2022-12-09 23:05:11.790,2022-12-09 23:05:11.790
5b661401-0050-fc61-fb31-08de293cc5d5,80,4708.8,2025-11-21 20:30:12.853,2025-11-21 20:30:12.853
c8981301-0050-fc61-935e-08de293c991a,80,4916.2,2025-11-21 20:28:57.813,2025-11-21 20:28:57.813
2da31d43-bdc2-ea11-a9ce-0a593f791696,80,3800.0,2020-07-10 14:55:21.633,2020-07-10 14:55:21.633
aa0c653f-0f78-ed11-83d0-dbe72732717b,80,3952.0,2022-12-09 22:17:22.893,2022-12-09 22:17:22.893
5b351401-0050-fc61-2692-08de293cba3a,80,3877.0,2025-11-21 20:29:53.357,2025-11-21 20:29:53.357
c15c0901-0050-fc61-dd66-08de293a6f5e,80,4750.8,2025-11-21 20:13:28.810,2025-11-21 20:13:28.810
48fcaa68-c8cd-ea11-828c-cd0b241fdad6,80,7296.0,2020-07-24 16:13:23.187,2020-07-24 16:13:23.187
da177957-0f78-ed11-83d0-dbe72732717b,80,3116.0,2022-12-09 22:18:07.577,2022-12-09 22:18:07.577
758b0f01-0050-fc61-fa00-08de293bb8d3,80,4916.2,2025-11-21 20:22:41.540,2025-11-21 20:22:41.540
c15d269f-21c9-eb11-830a-eba63e91bc91,80,0.0,2021-06-09 12:54:16.987,2021-06-09 12:54:16.987
7d5d0f01-0050-fc61-c8cf-08de293bb032,80,3465.0,2025-11-21 20:22:27.057,2025-11-21 20:22:27.057
5b2623ca-1378-ed11-83d0-dbe72732717b,80,3116.0,2022-12-09 22:49:55.187,2022-12-09 22:49:55.187
75b0f1dc-49e2-ea11-828c-f8709861f8d2,80,3800.0,2020-08-19 18:33:35.597,2020-08-19 18:33:35.597
3f910801-0050-fc61-7228-08de293a45ae,80,4916.2,2025-11-21 20:12:18.823,2025-11-21 20:12:18.823
a0b87c63-8de1-ea11-828c-fcb9b0fbbc3d,80,3800.0,2020-08-18 20:16:07.047,2020-08-18 20:16:07.047
20cb0f01-0050-fc61-82c8-08de293bc85b,80,4494.8,2025-11-21 20:23:07.613,2025-11-21 20:23:07.613
7d5e1101-0050-fc61-0bd3-08de293c1dc6,80,21101.4,2025-11-21 20:25:30.917,2025-11-21 20:25:30.917
0c6a1901-0050-fc61-0feb-08de293dd907,80,16580.2,2025-11-21 20:37:54.553,2025-11-21 20:37:54.553
5e62e6c3-5dc5-eb11-830a-bb0d05ba387d,80,5776.0,2021-06-04 17:53:37.037,2021-06-04 17:53:37.037
2c632cb7-d6c2-ea11-a9ce-0a593f791696,80,3800.0,2020-07-10 18:04:56.953,2020-07-10 18:04:56.953
5b461301-0050-fc61-4b2d-08de293c88f4,80,3877.0,2025-11-21 20:28:30.713,2025-11-21 20:28:30.713
aefddb91-1678-ed11-83d0-dbe72732717b,80,2090.0,2022-12-09 23:09:52.297,2022-12-09 23:09:52.297
3f09a227-1578-ed11-83d0-dbe72732717b,80,2090.0,2022-12-09 22:59:47.053,2022-12-09 22:59:47.053
197e6ef7-1478-ed11-83d0-dbe72732717b,80,2090.0,2022-12-09 22:58:26.527,2022-12-09 22:58:26.527
da1ddf90-6bd2-ea11-828c-b4e2a79c59ea,80,6688.0,2020-07-30 14:01:02.410,2020-07-30 14:01:02.410
66562101-0050-fc61-798b-08de293fb650,80,3442.88,2025-11-21 20:51:15.300,2025-11-21 20:51:15.300
a9bfe63f-1378-ed11-83d0-dbe72732717b,80,2850.0,2022-12-09 22:46:06.093,2022-12-09 22:46:06.093
da0bac42-cbc2-ea11-a9ce-0a593f791696,80,3800.0,2020-07-10 16:40:00.303,2020-07-10 16:40:00.303
3f022605-1dd1-ea11-828c-b57555799727,80,5776.0,2020-07-28 22:03:04.840,2020-07-28 22:03:04.840
753f2201-0050-fc61-2b9b-08de293fed2b,80,6275.6,2025-11-21 20:52:47.310,2025-11-21 20:52:47.310
755fc795-158b-ea11-a9ce-0a593f791696,80,13680.0,2020-04-30 19:11:20.783,2020-04-30 19:11:20.783
e824993f-1578-ed11-83d0-dbe72732717b,80,2090.0,2022-12-09 23:00:21.593,2022-12-09 23:00:21.593
c13906c2-1678-ed11-83d0-dbe72732717b,80,2090.0,2022-12-09 23:11:12.460,2022-12-09 23:11:12.460
5379c0f0-586a-eb11-82b1-d249468406d3,80,5016.0,2021-02-08 21:59:43.110,2021-02-08 21:59:43.110
5b031f01-0050-fc61-b121-08de293f27ea,80,3431.4,2025-11-21 20:47:16.407,2025-11-21 20:47:16.407
20db1701-0050-fc61-87ea-08de293d7f83,80,27911.0,2025-11-21 20:35:24.413,2025-11-21 20:35:24.413
d9eb1b01-0050-fc61-a24e-08de293e6e03,80,25669.0,2025-11-21 20:42:04.493,2025-11-21 20:42:04.493
4f4de0b1-a6d1-ea11-828c-b57555799727,80,5776.0,2020-07-29 14:24:50.600,2020-07-29 14:24:50.600
f2790701-0050-fc61-689c-08de293a0b01,80,4916.2,2025-11-21 20:10:40.390,2025-11-21 20:10:40.390
c14563b6-97dd-ea11-828c-dab48128a9c3,80,5776.0,2020-08-13 19:05:54.700,2020-08-13 19:05:54.700
1976eab4-ba93-ea11-a9ce-0a593f791696,80,12160.0,2020-05-11 19:13:52.737,2020-05-11 19:13:52.737
90c5ee4e-1478-ed11-83d0-dbe72732717b,80,3116.0,2022-12-09 22:53:35.660,2022-12-09 22:53:35.660
4f413664-4ae2-ea11-828c-f8709861f8d2,80,3800.0,2020-08-19 18:33:46.077,2020-08-19 18:33:46.077
90bc1f01-0050-fc61-6fe8-08de293f53aa,80,19114.0,2025-11-21 20:48:29.857,2025-11-21 20:48:29.857
da021b01-0050-fc61-4e8e-08de293e39ca,80,19114.0,2025-11-21 20:40:36.917,2025-11-21 20:40:36.917
f3281701-0050-fc61-88f5-08de293d5c92,80,2399.2,2025-11-21 20:34:25.760,2025-11-21 20:34:25.760
5e7c0201-00e4-a4da-bec7-08de6ffe1e44,80,0.0,2026-02-19 21:35:17.093,2026-02-19 21:35:17.093
75074d74-3e8e-ea11-a9ce-0a593f791696,80,12160.0,2020-05-04 19:46:08.700,2020-05-04 19:46:08.700
0c400701-0050-fc61-8759-08de2939fd5f,80,4750.8,2025-11-21 20:10:17.527,2025-11-21 20:10:17.527
90eb24fc-45e5-ee11-8445-8b5781561de7,80,0.0,2024-03-18 16:39:18.127,2024-03-18 16:39:18.127
a08e44dc-1378-ed11-83d0-dbe72732717b,80,3952.0,2022-12-09 22:50:25.653,2022-12-09 22:50:25.653
5aeedd0e-55de-ea11-828c-dab48128a9c3,80,5776.0,2020-08-14 17:46:32.910,2020-08-14 17:46:32.910
d9d40a01-0050-fc61-13e0-08de293abb91,80,4505.8,2025-11-21 20:15:36.640,2025-11-21 20:15:36.640
74f11301-0050-fc61-bf82-08de293cacae,80,3877.0,2025-11-21 20:29:30.647,2025-11-21 20:29:30.647
d99b0f01-0050-fc61-6533-08de293bbe06,80,4750.8,2025-11-21 20:22:50.313,2025-11-21 20:22:50.313
1430acab-bec2-ea11-a9ce-0a593f791696,80,3800.0,2020-07-10 15:05:22.110,2020-07-10 15:05:22.110
74eb1807-1278-ed11-83d0-dbe72732717b,80,2850.0,2022-12-09 22:37:17.697,2022-12-09 22:37:17.697
d9b61d01-0050-fc61-59e7-08de293ed8bd,80,2399.2,2025-11-21 20:45:03.583,2025-11-21 20:45:03.583
b4dd0c01-0050-fc61-0da2-08de293b2cc1,80,4750.8,2025-11-21 20:18:46.523,2025-11-21 20:18:46.523
75078291-1078-ed11-83d0-dbe72732717b,80,2850.0,2022-12-09 22:26:54.187,2022-12-09 22:26:54.187
3ef30601-0050-fc61-c354-08de2939ec38,80,2399.2,2025-11-21 20:09:48.750,2025-11-21 20:09:48.750
75079161-1278-ed11-83d0-dbe72732717b,80,3116.0,2022-12-09 22:39:48.920,2022-12-09 22:39:48.920
03a1abeb-1078-ed11-83d0-dbe72732717b,80,3192.0,2022-12-09 22:29:22.570,2022-12-09 22:29:22.570
7dd059b5-1478-ed11-83d0-dbe72732717b,80,2090.0,2022-12-09 22:56:27.240,2022-12-09 22:56:27.240
7de11f01-0050-fc61-ec68-08de293f5be3,80,23423.2,2025-11-21 20:48:43.547,2025-11-21 20:48:43.547
196ce974-09e3-ea11-828c-f8709861f8d2,80,3800.0,2020-08-20 17:21:26.683,2020-08-20 17:21:26.683
0c310c01-0050-fc61-dd83-08de293b0763,80,2399.2,2025-11-21 20:17:43.860,2025-11-21 20:17:43.860
d993e800-25e3-ea11-828c-f8709861f8d2,80,3800.0,2020-08-20 20:38:47.867,2020-08-20 20:38:47.867
2c41dc5f-66d7-ea11-828c-cf34c837d27a,80,6688.0,2020-08-05 22:02:42.580,2020-08-05 22:02:42.580
a0770d01-0050-fc61-37d8-08de293b4d56,80,3877.0,2025-11-21 20:19:41.193,2025-11-21 20:19:41.193
0c2ae906-7150-eb11-82b1-85086e9cc17b,80,5472.0,2021-01-06 22:46:47.700,2021-01-06 22:46:47.700
4f0a9161-1278-ed11-83d0-dbe72732717b,80,3914.0,2022-12-09 22:39:49.797,2022-12-09 22:39:49.797
c11c1d01-0050-fc61-8b58-08de293eb475,80,3877.0,2025-11-21 20:44:02.657,2025-11-21 20:44:02.657
d93c1501-0050-fc61-43d1-08de293cf1db,80,4750.8,2025-11-21 20:31:26.687,2025-11-21 20:31:26.687
29f5d43c-1478-ed11-83d0-dbe72732717b,80,3116.0,2022-12-09 22:53:05.840,2022-12-09 22:53:05.840
1442dc87-c2d8-ea11-828c-cf34c837d27a,80,5776.0,2020-08-07 15:32:58.923,2020-08-07 15:32:58.923
443b0c01-0050-fc61-1469-08de293b096f,80,4916.2,2025-11-21 20:17:47.257,2025-11-21 20:17:47.257
5ab7e2a0-1178-ed11-83d0-dbe72732717b,80,3724.0,2022-12-09 22:34:32.073,2022-12-09 22:34:32.073
5ad0d403-ffe3-ea11-828c-f8709861f8d2,80,3800.0,2020-08-21 22:46:45.657,2020-08-21 22:46:45.657
d93c5fa4-7bd6-ea11-828c-c3297631124c,80,5016.0,2020-08-04 18:02:36.960,2020-08-04 18:02:36.960
74d46f10-70d2-ea11-828c-b4e2a79c59ea,80,5472.0,2020-07-30 14:40:40.500,2020-07-30 14:40:40.500
5aaa278c-55d8-ea11-828c-cf34c837d27a,80,7144.0,2020-08-07 02:42:48.330,2020-08-07 02:42:48.330
74a1e7a6-1178-ed11-83d0-dbe72732717b,80,2090.0,2022-12-09 22:34:36.447,2022-12-09 22:34:36.447
c47d4bb2-0f78-ed11-83d0-dbe72732717b,80,3952.0,2022-12-09 22:20:41.757,2022-12-09 22:20:41.757
d93a694b-d4c2-ea11-a9ce-0a593f791696,80,3800.0,2020-07-10 17:46:33.950,2020-07-10 17:46:33.950
444545c4-00cd-ea11-828c-cd0b241fdad6,80,7296.0,2020-07-23 16:24:14.490,2020-07-23 16:24:14.490
0ec9c5d3-1278-ed11-83d0-dbe72732717b,80,3952.0,2022-12-09 22:43:01.593,2022-12-09 22:43:01.593
20b11a01-0050-fc61-6d0f-08de293e24dc,80,4505.8,2025-11-21 20:40:01.803,2025-11-21 20:40:01.803
74861101-0050-fc61-31c1-08de293c2637,80,3859.2,2025-11-21 20:25:45.053,2025-11-21 20:25:45.053
d0890a43-1078-ed11-83d0-dbe72732717b,80,3192.0,2022-12-09 22:24:38.817,2022-12-09 22:24:38.817
d93ba8bb-1078-ed11-83d0-dbe72732717b,80,2850.0,2022-12-09 22:28:04.900,2022-12-09 22:28:04.900
66870b01-0050-fc61-2669-08de293ae253,80,4750.8,2025-11-21 20:16:41.657,2025-11-21 20:16:41.657
504ddc05-a98f-ea11-a9ce-0a593f791696,80,13680.0,2020-05-06 15:03:04.190,2020-05-06 15:03:04.190
7d9c1a01-0050-fc61-22b4-08de293e1efe,80,2399.2,2025-11-21 20:39:51.943,2025-11-21 20:39:51.943
745bf77c-a893-ea11-a9ce-0a593f791696,80,12160.0,2020-05-11 17:00:37.523,2020-05-11 17:00:37.523
aae33064-1178-ed11-83d0-dbe72732717b,80,3724.0,2022-12-09 22:32:49.163,2022-12-09 22:32:49.163
7e391501-0050-fc61-cdb2-08de293cf104,80,3859.2,2025-11-21 20:31:25.337,2025-11-21 20:31:25.337
0c12f21d-bec2-ea11-a9ce-0a593f791696,80,3800.0,2020-07-10 15:01:15.080,2020-07-10 15:01:15.080
35b11501-0050-fc61-9b81-08de293d0b26,80,3877.0,2025-11-21 20:32:09.183,2025-11-21 20:32:09.183
746b4c3a-1778-ed11-83d0-dbe72732717b,80,3952.0,2022-12-09 23:14:31.167,2022-12-09 23:14:31.167
c0e8ee93-b3d5-ea11-828c-c3297631124c,80,5472.0,2020-08-03 18:15:00.403,2020-08-03 18:15:00.403
744bf121-20d1-ea11-828c-b57555799727,80,7144.0,2020-07-28 22:20:56.727,2020-07-28 22:20:56.727
d9139945-1578-ed11-83d0-dbe72732717b,80,2090.0,2022-12-09 23:00:29.043,2022-12-09 23:00:29.043
3855bc4f-1678-ed11-83d0-dbe72732717b,80,2090.0,2022-12-09 23:07:59.360,2022-12-09 23:07:59.360
745b0e01-0050-fc61-5576-08de293b7db0,80,3877.0,2025-11-21 20:21:02.383,2025-11-21 20:21:02.383
ab1be900-4dc4-ee11-8445-ff8608e08738,80,8930.0,2024-02-05 17:36:57.360,2024-02-05 17:36:57.360
3b149161-1278-ed11-83d0-dbe72732717b,80,3952.0,2022-12-09 22:39:53.380,2022-12-09 22:39:53.380
b652bc4f-1678-ed11-83d0-dbe72732717b,80,2090.0,2022-12-09 23:07:58.313,2022-12-09 23:07:58.313
505914a0-1578-ed11-83d0-dbe72732717b,80,2090.0,2022-12-09 23:03:01.240,2022-12-09 23:03:01.240
37e11801-0050-fc61-b0f9-08de293db8c6,80,27911.0,2025-11-21 20:37:00.527,2025-11-21 20:37:00.527
02931301-0050-fc61-4517-08de293c9803,80,2399.2,2025-11-21 20:28:55.973,2025-11-21 20:28:55.973
5ebe054f-1078-ed11-83d0-dbe72732717b,80,3192.0,2022-12-09 22:24:57.747,2022-12-09 22:24:57.747
c0ef0801-0050-fc61-d259-08de293a5819,80,4916.2,2025-11-21 20:12:49.713,2025-11-21 20:12:49.713
0c011e01-0050-fc61-7260-08de293ee96f,80,4916.2,2025-11-21 20:45:31.520,2025-11-21 20:45:31.520
7475860f-1578-ed11-83d0-dbe72732717b,80,2090.0,2022-12-09 22:58:59.527,2022-12-09 22:58:59.527
d8e80a01-0050-fc61-6acf-08de293abf6f,80,4505.8,2025-11-21 20:15:43.167,2025-11-21 20:15:43.167
3ca91701-0050-fc61-3a9e-08de293d7537,80,2399.2,2025-11-21 20:35:07.080,2025-11-21 20:35:07.080
7e152601-0050-fc61-65be-08de2adb313f,80,0.0,2025-11-23 21:56:44.787,2025-11-23 21:56:44.787
7437c76d-3cca-eb11-830a-e63fe982fa52,80,90136.0,2021-06-10 22:37:29.437,2021-06-10 22:37:29.437
038c0901-0050-fc61-2a36-08de293a78c4,80,22883.6,2025-11-21 20:13:44.577,2025-11-21 20:13:44.577
5057c17f-1278-ed11-83d0-dbe72732717b,80,3116.0,2022-12-09 22:40:42.210,2022-12-09 22:40:42.210
4ee46639-0f78-ed11-83d0-dbe72732717b,80,2090.0,2022-12-09 22:17:20.417,2022-12-09 22:17:20.417
5ec51c19-1278-ed11-83d0-dbe72732717b,80,3116.0,2022-12-09 22:37:46.380,2022-12-09 22:37:46.380
3dde1af7-0e78-ed11-83d0-dbe72732717b,80,3914.0,2022-12-09 22:15:24.693,2022-12-09 22:15:24.693
0bf0ea51-1378-ed11-83d0-dbe72732717b,80,2090.0,2022-12-09 22:46:37.530,2022-12-09 22:46:37.530
1aaaa867-1278-ed11-83d0-dbe72732717b,80,3724.0,2022-12-09 22:40:02.743,2022-12-09 22:40:02.743
207f5929-8fd9-ea11-828c-cf34c837d27a,80,7144.0,2020-08-08 16:08:09.080,2020-08-08 16:08:09.080
741c9546-de6e-ef11-84bd-f9a60ce4059c,80,1840.0,2024-09-09 19:25:07.737,2024-09-09 19:25:07.737
5a4a1b01-0050-fc61-4c36-08de293e4a25,80,3877.0,2025-11-21 20:41:04.397,2025-11-21 20:41:04.397
3622993f-1578-ed11-83d0-dbe72732717b,80,2090.0,2022-12-09 23:00:20.683,2022-12-09 23:00:20.683
2df81c01-0050-fc61-2031-08de293eac60,80,4750.8,2025-11-21 20:43:49.130,2025-11-21 20:43:49.130
c0f64dab-c8d5-ea11-828c-c3297631124c,80,5776.0,2020-08-03 20:43:22.100,2020-08-03 20:43:22.100
7e598ce8-0f78-ed11-83d0-dbe72732717b,80,3952.0,2022-12-09 22:22:09.190,2022-12-09 22:22:09.190
73fa07da-1678-ed11-83d0-dbe72732717b,80,2090.0,2022-12-09 23:11:48.433,2022-12-09 23:11:48.433
c11d834f-f7c1-ea11-a9ce-0a593f791696,80,3800.0,2020-07-09 15:18:42.937,2020-07-09 15:18:42.937
f328c055-1678-ed11-83d0-dbe72732717b,80,3116.0,2022-12-09 23:08:07.313,2022-12-09 23:08:07.313
34b9f876-33d0-ea11-828c-b57555799727,80,6460.0,2020-07-27 18:24:17.193,2020-07-27 18:24:17.193
5b7921b5-0e78-ed11-83d0-dbe72732717b,80,3952.0,2022-12-09 22:13:34.290,2022-12-09 22:13:34.290
73f91716-1778-ed11-83d0-dbe72732717b,80,2090.0,2022-12-09 23:13:28.267,2022-12-09 23:13:28.267
b51b9d2d-1578-ed11-83d0-dbe72732717b,80,2090.0,2022-12-09 22:59:49.633,2022-12-09 22:59:49.633
5a4428c4-1378-ed11-83d0-dbe72732717b,80,3914.0,2022-12-09 22:49:43.847,2022-12-09 22:49:43.847
c0e41601-0050-fc61-73cb-08de293d4f1c,80,2399.2,2025-11-21 20:34:03.160,2025-11-21 20:34:03.160
5a2c5f64-1778-ed11-83d0-dbe72732717b,80,3952.0,2022-12-09 23:15:44.427,2022-12-09 23:15:44.427
d8e11601-0050-fc61-ed26-08de293d4e6e,80,2399.2,2025-11-21 20:34:02.027,2025-11-21 20:34:02.027
f14c0b01-0050-fc61-b63f-08de293ad65f,80,21101.4,2025-11-21 20:16:21.603,2025-11-21 20:16:21.603
50560a88-1578-ed11-83d0-dbe72732717b,80,2090.0,2022-12-09 23:02:23.593,2022-12-09 23:02:23.593
0edc21eb-0e78-ed11-83d0-dbe72732717b,80,3724.0,2022-12-09 22:15:08.083,2022-12-09 22:15:08.083
3207c69c-0e78-ed11-83d0-dbe72732717b,80,3914.0,2022-12-09 22:12:57.583,2022-12-09 22:12:57.583
d8c046f0-c7d5-ea11-828c-c3297631124c,80,5776.0,2020-08-03 20:44:50.727,2020-08-03 20:44:50.727
20762201-0050-fc61-b815-08de293ff928,80,23423.2,2025-11-21 20:53:07.477,2025-11-21 20:53:07.477
d8c46eeb-1478-ed11-83d0-dbe72732717b,80,2090.0,2022-12-09 22:57:57.677,2022-12-09 22:57:57.677
2c1a3ffe-2ac1-ea11-a9ce-0a593f791696,80,3800.0,2020-07-08 15:00:07.427,2020-07-08 15:00:07.427
2c1c1f01-0050-fc61-6b85-08de293f2e0e,80,4750.8,2025-11-21 20:47:26.727,2025-11-21 20:47:26.727
d8c5d031-1678-ed11-83d0-dbe72732717b,80,2090.0,2022-12-09 23:07:08.660,2022-12-09 23:07:08.660
3a8b1901-0050-fc61-b188-08de293de06d,80,3877.0,2025-11-21 20:38:06.977,2025-11-21 20:38:06.977
7e90860f-1578-ed11-83d0-dbe72732717b,80,2090.0,2022-12-09 22:59:07.723,2022-12-09 22:59:07.723
2e1a4d80-11d0-ea11-828c-cd0b241fdad6,80,7296.0,2020-07-27 14:02:52.690,2020-07-27 14:02:52.690
fffaa42b-1678-ed11-83d0-dbe72732717b,80,2090.0,2022-12-09 23:06:58.807,2022-12-09 23:06:58.807
078f44be-1578-ed11-83d0-dbe72732717b,80,3724.0,2022-12-09 23:03:58.180,2022-12-09 23:03:58.180
147e1501-0050-fc61-7d4e-08de293d0002,80,2399.2,2025-11-21 20:31:50.450,2025-11-21 20:31:50.450
07900834-9d90-79c7-212e-08ddd10fd60b,80,0.0,2025-08-01 15:32:43.293,2025-08-01 15:32:43.293
53ac1401-0050-fc61-c00a-08de293cd486,80,4916.2,2025-11-21 20:30:37.507,2025-11-21 20:30:37.507
ae080b01-0050-fc61-7b92-08de293ac6c6,80,3465.0,2025-11-21 20:15:55.440,2025-11-21 20:15:55.440
31f10991-586a-eb11-82b1-d249468406d3,80,7296.0,2021-02-08 21:57:09.973,2021-02-08 21:57:09.973
ffc51e01-0050-fc61-d2dd-08de293f19d3,80,2399.2,2025-11-21 20:46:52.747,2025-11-21 20:46:52.747
7398de5e-8cd6-ea11-828c-c3297631124c,80,5776.0,2020-08-04 20:05:43.027,2020-08-04 20:05:43.027
5a1181d8-06c3-eb11-830a-b717950c1bc2,80,7296.0,2021-06-01 18:26:17.817,2021-06-01 18:26:17.817
a046e6e8-c5d8-ea11-828c-cf34c837d27a,80,5472.0,2020-08-07 15:52:45.190,2020-08-07 15:52:45.190
ffcf054f-1078-ed11-83d0-dbe72732717b,80,3724.0,2022-12-09 22:25:04.953,2022-12-09 22:25:04.953
73741b01-0050-fc61-02a1-08de293e53f7,80,3431.4,2025-11-21 20:41:20.797,2025-11-21 20:41:20.797
32066bd6-66d7-ea11-828c-cf34c837d27a,80,6688.0,2020-08-05 22:14:14.470,2020-08-05 22:14:14.470
ffb79429-f4dc-ea11-828c-dab48128a9c3,80,7144.0,2020-08-12 23:36:40.833,2020-08-12 23:36:40.833
73f3b985-1678-ed11-83d0-dbe72732717b,80,3914.0,2022-12-09 23:09:33.347,2022-12-09 23:09:33.347
2c05e337-09e3-ea11-828c-f8709861f8d2,80,3800.0,2020-08-20 17:19:31.260,2020-08-20 17:19:31.260
d8a91901-0050-fc61-f2bb-08de293de6dd,80,4708.8,2025-11-21 20:38:17.793,2025-11-21 20:38:17.793
b4940f01-0050-fc61-33a9-08de293bbaa6,80,25349.8,2025-11-21 20:22:44.633,2025-11-21 20:22:44.633
59ec1801-0050-fc61-c56e-08de293dbbae,80,14446.2,2025-11-21 20:37:05.317,2025-11-21 20:37:05.317
d8ad1701-0050-fc61-211e-08de293d75f7,80,2399.2,2025-11-21 20:35:08.337,2025-11-21 20:35:08.337
431b105e-9ee0-ea11-828c-fcb9b0fbbc3d,80,5472.0,2020-08-17 15:48:04.163,2020-08-17 15:48:04.163
39ba9921-1578-ed11-83d0-dbe72732717b,80,2090.0,2022-12-09 22:59:30.933,2022-12-09 22:59:30.933
73621001-0050-fc61-58c8-08de293be8d7,80,4750.8,2025-11-21 20:24:02.133,2025-11-21 20:24:02.133
431e9919-1ad0-ea11-828c-cd0b241fdad6,80,7296.0,2020-07-27 15:04:38.737,2020-07-27 15:04:38.737
73980fd9-72e2-ea11-828c-f8709861f8d2,80,3800.0,2020-08-19 23:24:04.743,2020-08-19 23:24:04.743
31fc0801-0050-fc61-771c-08de293a5afd,80,7716.8,2025-11-21 20:12:54.593,2025-11-21 20:12:54.593
206a14fe-1678-ed11-83d0-dbe72732717b,80,1976.0,2022-12-09 23:12:54.837,2022-12-09 23:12:54.837
c07e1101-0050-fc61-ab03-08de293c2482,80,4779.2,2025-11-21 20:25:42.173,2025-11-21 20:25:42.173
0bbd1601-0050-fc61-71b2-08de293d46c8,80,2399.2,2025-11-21 20:33:49.207,2025-11-21 20:33:49.207
f185d7af-1278-ed11-83d0-dbe72732717b,80,2850.0,2022-12-09 22:42:00.617,2022-12-09 22:42:00.617
59de0a01-0050-fc61-8931-08de293abd32,80,4779.2,2025-11-21 20:15:39.390,2025-11-21 20:15:39.390
aad70001-0051-167a-c60a-08de69bf92a4,80,9080.48,2026-02-11 22:49:51.333,2026-02-11 22:49:51.333
731cd836-4ae2-ea11-828c-f8709861f8d2,80,3800.0,2020-08-19 18:32:45.557,2020-08-19 18:32:45.557
4ebf1701-0050-fc61-211a-08de293d79d8,80,2399.2,2025-11-21 20:35:14.893,2025-11-21 20:35:14.893
ae081843-2ec1-ea11-a9ce-0a593f791696,80,3800.0,2020-07-08 15:23:32.223,2020-07-08 15:23:32.223
ffbf2001-0050-fc61-1726-08de293f9159,80,3431.4,2025-11-21 20:50:13.310,2025-11-21 20:50:13.310
59ce0c01-0050-fc61-cc63-08de293b29f8,80,22883.6,2025-11-21 20:18:41.873,2025-11-21 20:18:41.873
73050a22-1178-ed11-83d0-dbe72732717b,80,3914.0,2022-12-09 22:30:57.260,2022-12-09 22:30:57.260
d870340f-0f78-ed11-83d0-dbe72732717b,80,2090.0,2022-12-09 22:16:06.187,2022-12-09 22:16:06.187
ff524434-1778-ed11-83d0-dbe72732717b,80,2850.0,2022-12-09 23:14:27.217,2022-12-09 23:14:27.217
321069db-dd8e-ea11-a9ce-0a593f791696,80,13680.0,2020-05-05 14:42:06.663,2020-05-05 14:42:06.663
59cf0d01-0050-fc61-4724-08de293b60be,80,3877.0,2025-11-21 20:20:13.797,2025-11-21 20:20:13.797
ff41f517-3a1f-ef11-8445-d7a1382e2eca,80,0.0,2024-05-31 10:40:47.423,2024-05-31 10:40:47.423
06251301-0050-fc61-05a3-08de293c818e,80,2399.2,2025-11-21 20:28:18.297,2025-11-21 20:28:18.297
925fd228-68dd-ea11-828c-dab48128a9c3,80,70072.0,2020-08-13 13:24:07.810,2020-08-13 13:24:07.810
ff6e1604-1778-ed11-83d0-dbe72732717b,80,2090.0,2022-12-09 23:13:01.030,2022-12-09 23:13:01.030
3c501701-0050-fc61-3ea5-08de293d645b,80,2399.2,2025-11-21 20:34:38.807,2025-11-21 20:34:38.807
d8628ce8-0f78-ed11-83d0-dbe72732717b,80,3952.0,2022-12-09 22:22:12.427,2022-12-09 22:22:12.427
ff2b411d-44de-ea11-828c-dab48128a9c3,80,5472.0,2020-08-14 15:42:11.703,2020-08-14 15:42:11.703
72f6de08-c5c2-ea11-a9ce-0a593f791696,80,3800.0,2020-07-10 15:52:39.337,2020-07-10 15:52:39.337
c06d0f01-0050-fc61-a00b-08de293bb389,80,3877.0,2025-11-21 20:22:32.650,2025-11-21 20:22:32.650
a0270f86-68e1-ea11-828c-fcb9b0fbbc3d,80,3800.0,2020-08-18 15:58:02.837,2020-08-18 15:58:02.837
c06ea746-d2bb-eb11-830a-a4b0d298b5f4,80,24016.0,2021-05-23 14:22:21.067,2021-05-23 14:22:21.067
72f00101-0047-4745-3e38-08de522bbc9e,80,0.0,2026-01-12 22:41:34.640,2026-01-12 22:41:34.640
07891601-0050-fc61-180f-08de293d3a8f,80,2399.2,2025-11-21 20:33:28.693,2025-11-21 20:33:28.693
fef6a3d9-1078-ed11-83d0-dbe72732717b,80,3116.0,2022-12-09 22:28:57.163,2022-12-09 22:28:57.163
ff1b1b01-0050-fc61-8ad6-08de293e3f18,80,3877.0,2025-11-21 20:40:45.820,2025-11-21 20:40:45.820
599e0a01-0050-fc61-d180-08de293ab06e,80,3877.0,2025-11-21 20:15:17.970,2025-11-21 20:15:17.970
d082b02b-c488-ea11-a9ce-0a593f791696,80,13680.0,2020-04-27 20:21:34.640,2020-04-27 20:21:34.640
32108938-cfe3-ea11-828c-f8709861f8d2,80,3800.0,2020-08-21 16:59:36.147,2020-08-21 16:59:36.147
d85d1c01-0050-fc61-7629-08de293e8756,80,2399.2,2025-11-21 20:42:47.003,2025-11-21 20:42:47.003
9298a58a-18e3-ea11-828c-f8709861f8d2,80,3800.0,2020-08-20 19:09:25.467,2020-08-20 19:09:25.467
28218a3b-0f8c-ea11-a9ce-0a593f791696,80,12160.0,2020-05-02 01:12:46.850,2020-05-02 01:12:46.850
671e9d2d-1578-ed11-83d0-dbe72732717b,80,2090.0,2022-12-09 22:59:50.443,2022-12-09 22:59:50.443
b4850f01-0050-fc61-cec5-08de293bb797,80,4779.2,2025-11-21 20:22:39.483,2025-11-21 20:22:39.483
f02c0601-0050-fc61-70e2-08de2939c331,80,50842.28,2025-11-21 20:08:39.947,2025-11-21 20:08:39.947
fee2e6d9-0cd1-ea11-828c-b57555799727,80,7296.0,2020-07-28 20:02:59.873,2020-07-28 20:02:59.873
ff270301-006e-ace0-4813-08de6e5d1147,80,17936.0,2026-02-17 19:46:00.873,2026-02-17 19:46:00.873
19219d2d-1578-ed11-83d0-dbe72732717b,80,2090.0,2022-12-09 22:59:51.557,2022-12-09 22:59:51.557
92b447a3-1478-ed11-83d0-dbe72732717b,80,3116.0,2022-12-09 22:55:59.327,2022-12-09 22:55:59.327
0b93cdee-e6db-ea11-828c-a3b0b95dd4b2,80,7144.0,2020-08-11 15:35:30.103,2020-08-11 15:35:30.103
fec51301-0050-fc61-5245-08de293ca394,80,3877.0,2025-11-21 20:29:15.377,2025-11-21 20:29:15.377
fe9bf70f-24d0-ea11-828c-b57555799727,80,7296.0,2020-07-27 16:19:37.157,2020-07-27 16:19:37.157
092a0d01-0050-fc61-4eec-08de293b3d4c,80,4505.8,2025-11-21 20:19:14.273,2025-11-21 20:19:14.273
a01b6841-dfa6-eb11-82e4-dcb8446b8653,80,5776.0,2021-04-26 22:33:17.167,2021-04-26 22:33:17.167
febb472e-1778-ed11-83d0-dbe72732717b,80,3952.0,2022-12-09 23:14:17.123,2022-12-09 23:14:17.123
205b0520-c990-79c7-3c81-08dde4cb7132,80,0.0,2025-08-26 18:10:57.567,2025-08-26 18:10:57.567
fe857259-10ce-eb11-830a-ec86c785ce06,80,7144.0,2021-06-15 19:32:02.243,2021-06-15 19:32:02.243
0369103c-15cd-ea11-828c-cd0b241fdad6,80,5472.0,2020-07-23 18:54:26.223,2020-07-23 18:54:26.223
0b8eabd3-1078-ed11-83d0-dbe72732717b,80,3192.0,2022-12-09 22:28:45.050,2022-12-09 22:28:45.050
59920f01-0050-fc61-8060-08de293bba1d,80,14446.2,2025-11-21 20:22:43.730,2025-11-21 20:22:43.730
2059bbd1-0ee3-ea11-828c-f8709861f8d2,80,3800.0,2020-08-20 17:59:51.987,2020-08-20 17:59:51.987
b4b59f1b-1578-ed11-83d0-dbe72732717b,80,2090.0,2022-12-09 22:59:26.763,2022-12-09 22:59:26.763
d8528ce8-0f78-ed11-83d0-dbe72732717b,80,3952.0,2022-12-09 22:22:06.680,2022-12-09 22:22:06.680
72af1c01-0050-fc61-466b-08de293e9c44,80,2399.2,2025-11-21 20:43:22.130,2025-11-21 20:43:22.130
a02d0e01-0050-fc61-f330-08de293b73e3,80,7716.8,2025-11-21 20:20:45.893,2025-11-21 20:20:45.893
f27d159a-1578-ed11-83d0-dbe72732717b,80,2090.0,2022-12-09 23:02:52.060,2022-12-09 23:02:52.060
4bcc734f-3886-ea11-a9ce-0a593f791696,80,13680.0,2020-04-24 14:37:39.827,2020-04-24 14:37:39.827
d0818f6f-65d6-ea11-828c-c3297631124c,80,5776.0,2020-08-04 15:16:49.450,2020-08-04 15:16:49.450
0366fa9a-5a92-eb11-82e4-991ba972462b,80,5776.0,2021-03-31 19:52:30.680,2021-03-31 19:52:30.680
b478f06c-a4e7-ea11-828c-a053257f7d3c,80,3800.0,2020-08-26 14:02:43.767,2020-08-26 14:02:43.767
f158f7a9-1678-ed11-83d0-dbe72732717b,80,2090.0,2022-12-09 23:10:33.047,2022-12-09 23:10:33.047
ff782f84-d7e7-ea11-828c-a053257f7d3c,80,3800.0,2020-08-26 20:09:43.317,2020-08-26 20:09:43.317
0b798001-04cd-ea11-828c-cd0b241fdad6,80,5776.0,2020-07-23 16:51:57.273,2020-07-23 16:51:57.273
028730bf-d5c9-ee11-8445-d746eec74329,80,0.0,2024-02-12 18:37:32.470,2024-02-12 18:37:32.470
fdfd4298-cac2-ea11-a9ce-0a593f791696,80,3800.0,2020-07-10 16:31:39.033,2020-07-10 16:31:39.033
fdceb4af-b2e7-ea11-828c-a053257f7d3c,80,3800.0,2020-08-26 15:43:54.830,2020-08-26 15:43:54.830
53dc73d0-0f78-ed11-83d0-dbe72732717b,80,3952.0,2022-12-09 22:21:31.943,2022-12-09 22:21:31.943
9ffaa3d9-1078-ed11-83d0-dbe72732717b,80,3952.0,2022-12-09 22:28:58.397,2022-12-09 22:28:58.397
fdff7451-0f78-ed11-83d0-dbe72732717b,80,2850.0,2022-12-09 22:17:53.037,2022-12-09 22:17:53.037
595e1801-0050-fc61-ffd0-08de293d9e86,80,2399.2,2025-11-21 20:36:16.417,2025-11-21 20:36:16.417
c0331001-0050-fc61-cbcb-08de293bdf25,80,4750.8,2025-11-21 20:23:45.817,2025-11-21 20:23:45.817
fdb2a2e1-33d0-ea11-828c-b57555799727,80,7296.0,2020-07-27 18:07:19.003,2020-07-27 18:07:19.003
d80c2201-0050-fc61-015d-08de293fde2b,80,2399.2,2025-11-21 20:52:22.177,2025-11-21 20:52:22.177
fdb7a75d-1578-ed11-83d0-dbe72732717b,80,2090.0,2022-12-09 23:01:14.930,2022-12-09 23:01:14.930
fdcac7c7-1278-ed11-83d0-dbe72732717b,80,2850.0,2022-12-09 22:42:45.533,2022-12-09 22:42:45.533
595a1101-0050-fc61-4303-08de293c1cd1,80,4779.2,2025-11-21 20:25:29.303,2025-11-21 20:25:29.303
0b73ae31-e6d1-ea11-828c-b57555799727,80,5776.0,2020-07-29 22:02:42.103,2020-07-29 22:02:42.103
d7f722ac-1378-ed11-83d0-dbe72732717b,80,3534.0,2022-12-09 22:49:08.597,2022-12-09 22:49:08.597
7257da1e-9ae0-ea11-828c-fcb9b0fbbc3d,80,7296.0,2020-08-17 15:08:07.957,2020-08-17 15:08:07.957
fdb01801-0050-fc61-df00-08de293daeee,80,2399.2,2025-11-21 20:36:43.953,2025-11-21 20:36:43.953
fd910b01-0050-fc61-fa09-08de293ae477,80,3431.4,2025-11-21 20:16:45.230,2025-11-21 20:16:45.230
4ad6dba4-69de-ea11-828c-dab48128a9c3,80,5472.0,2020-08-14 20:30:46.227,2020-08-14 20:30:46.227
93088b26-11e3-ea11-828c-f8709861f8d2,80,3800.0,2020-08-20 18:18:04.847,2020-08-20 18:18:04.847
fd952840-1178-ed11-83d0-dbe72732717b,80,2850.0,2022-12-09 22:31:44.287,2022-12-09 22:31:44.287
930cce77-6add-ea11-828c-dab48128a9c3,80,7296.0,2020-08-13 13:47:01.297,2020-08-13 13:47:01.297
3ed91701-0050-fc61-b1b2-08de293d7f03,80,2399.2,2025-11-21 20:35:23.553,2025-11-21 20:35:23.553
191b7f09-1578-ed11-83d0-dbe72732717b,80,2090.0,2022-12-09 22:58:47.877,2022-12-09 22:58:47.877
0b6bbb0c-1078-ed11-83d0-dbe72732717b,80,3952.0,2022-12-09 22:23:15.787,2022-12-09 22:23:15.787
0b6c3211-7594-ea11-a9ce-0a593f791696,80,13680.0,2020-05-12 17:26:26.907,2020-05-12 17:26:26.907
fe31a334-d2bb-eb11-830a-a4b0d298b5f4,80,24016.0,2021-05-23 14:21:49.883,2021-05-23 14:21:49.883
0b68340f-0f78-ed11-83d0-dbe72732717b,80,2090.0,2022-12-09 22:16:03.087,2022-12-09 22:16:03.087
20424bbf-6a8a-ea11-a9ce-0a593f791696,80,12160.0,2020-04-29 22:44:16.453,2020-04-29 22:44:16.453
fd5a0801-0050-fc61-c6ce-08de293a3995,80,7146.8,2025-11-21 20:11:58.550,2025-11-21 20:11:58.550
0b676ef7-1478-ed11-83d0-dbe72732717b,80,2090.0,2022-12-09 22:58:19.767,2022-12-09 22:58:19.767
9ff107bc-1678-ed11-83d0-dbe72732717b,80,2090.0,2022-12-09 23:11:06.717,2022-12-09 23:11:06.717
c02592dc-0f78-ed11-83d0-dbe72732717b,80,3952.0,2022-12-09 22:21:51.120,2022-12-09 22:21:51.120
fd6e6f00-1478-ed11-83d0-dbe72732717b,80,2090.0,2022-12-09 22:51:26.640,2022-12-09 22:51:26.640
9ff12506-fae2-ea11-828c-f8709861f8d2,80,3800.0,2020-08-20 15:31:24.997,2020-08-20 15:31:24.997
190b1501-0050-fc61-5540-08de293ce6ef,80,4708.8,2025-11-21 20:31:08.410,2025-11-21 20:31:08.410
7210093c-1a90-79c7-48ed-08ddf60aa60c,80,6135.6,2025-09-17 17:03:36.890,2025-09-17 17:03:36.890
d7c00364-bcc2-ea11-a9ce-0a593f791696,80,3800.0,2020-07-10 14:54:53.023,2020-07-10 14:54:53.023
931f3fd6-1378-ed11-83d0-dbe72732717b,80,3914.0,2022-12-09 22:50:19.280,2022-12-09 22:50:19.280
4ded26b2-1378-ed11-83d0-dbe72732717b,80,3116.0,2022-12-09 22:49:20.427,2022-12-09 22:49:20.427
4e9161e5-1478-ed11-83d0-dbe72732717b,80,2090.0,2022-12-09 22:57:51.367,2022-12-09 22:57:51.367
fd742955-1078-ed11-83d0-dbe72732717b,80,2850.0,2022-12-09 22:25:08.907,2022-12-09 22:25:08.907
727f1f01-0050-fc61-b1d9-08de293f46f7,80,23423.2,2025-11-21 20:48:08.487,2025-11-21 20:48:08.487
077e2955-1078-ed11-83d0-dbe72732717b,80,3724.0,2022-12-09 22:25:11.630,2022-12-09 22:25:11.630
720c7957-0f78-ed11-83d0-dbe72732717b,80,3192.0,2022-12-09 22:18:03.007,2022-12-09 22:18:03.007
5943c762-15d8-ea11-828c-cf34c837d27a,80,13680.0,2020-08-06 18:53:53.377,2020-08-06 18:53:53.377
933ebe21-00e3-ea11-828c-f8709861f8d2,80,3800.0,2020-08-20 16:14:58.777,2020-08-20 16:14:58.777
41580d01-0050-fc61-c7b7-08de293b475f,80,23423.2,2025-11-21 20:19:31.210,2025-11-21 20:19:31.210
42e6e5b5-cfe3-ea11-828c-f8709861f8d2,80,3800.0,2020-08-21 17:07:06.283,2020-08-21 17:07:06.283
0b614a49-7fde-ea11-828c-dab48128a9c3,80,5472.0,2020-08-14 22:44:14.270,2020-08-14 22:44:14.270
009fc86d-1678-ed11-83d0-dbe72732717b,80,3914.0,2022-12-09 23:08:48.007,2022-12-09 23:08:48.007
f0060901-0050-fc61-67a9-08de293a5d11,80,4916.2,2025-11-21 20:12:58.080,2025-11-21 20:12:58.080
0b5cc17f-1278-ed11-83d0-dbe72732717b,80,3914.0,2022-12-09 22:40:43.990,2022-12-09 22:40:43.990
bfea6e9e-2fc1-ea11-a9ce-0a593f791696,80,3800.0,2020-07-08 15:36:32.350,2020-07-08 15:36:32.350
3eda0af8-1678-ed11-83d0-dbe72732717b,80,2090.0,2022-12-09 23:12:46.500,2022-12-09 23:12:46.500
c0046685-1078-ed11-83d0-dbe72732717b,80,2850.0,2022-12-09 22:26:29.033,2022-12-09 22:26:29.033
d7d3b74f-d6dc-ea11-828c-dab48128a9c3,80,7144.0,2020-08-12 20:13:24.483,2020-08-12 20:13:24.483
fd192101-0050-fc61-547d-08de293fa7ec,80,7146.8,2025-11-21 20:50:51.163,2025-11-21 20:50:51.163
2bc026fd-0e78-ed11-83d0-dbe72732717b,80,3914.0,2022-12-09 22:15:38.567,2022-12-09 22:15:38.567
4e790728-1178-ed11-83d0-dbe72732717b,80,3952.0,2022-12-09 22:31:10.953,2022-12-09 22:31:10.953
bfe258d9-1478-ed11-83d0-dbe72732717b,80,2090.0,2022-12-09 22:57:33.383,2022-12-09 22:57:33.383
71ea6df1-1478-ed11-83d0-dbe72732717b,80,2090.0,2022-12-09 22:58:09.777,2022-12-09 22:58:09.777
349b505a-fbe2-ea11-828c-f8709861f8d2,80,3800.0,2020-08-20 15:42:20.387,2020-08-20 15:42:20.387
1dac9984-b7d5-ea11-828c-c3297631124c,80,5776.0,2020-08-03 18:32:12.103,2020-08-03 18:32:12.103
fd111f01-0050-fc61-064d-08de293f2b10,80,4779.2,2025-11-21 20:47:21.680,2025-11-21 20:47:21.680
cb745ad3-1478-ed11-83d0-dbe72732717b,80,2090.0,2022-12-09 22:57:22.837,2022-12-09 22:57:22.837
0b531801-0050-fc61-6d62-08de293d9c0b,80,14446.2,2025-11-21 20:36:12.247,2025-11-21 20:36:12.247
b443dc3f-01d1-ea11-828c-b57555799727,80,5776.0,2020-07-28 18:43:34.627,2020-07-28 18:43:34.627
d7ae3273-3bd7-ea11-828c-cf34c837d27a,80,5016.0,2020-08-05 16:55:31.137,2020-08-05 16:55:31.137
cb5a0d01-0050-fc61-a9b4-08de293b47dc,80,4494.8,2025-11-21 20:19:32.023,2025-11-21 20:19:32.023
3a2cfa54-1478-ed11-83d0-dbe72732717b,80,3116.0,2022-12-09 22:53:50.907,2022-12-09 22:53:50.907
3249bfc1-1278-ed11-83d0-dbe72732717b,80,3420.0,2022-12-09 22:42:33.333,2022-12-09 22:42:33.333
71d41001-0050-fc61-407e-08de293c00ea,80,4779.2,2025-11-21 20:24:42.500,2025-11-21 20:24:42.500
aa640a01-0050-fc61-a6bd-08de293aa5ab,80,4916.2,2025-11-21 20:14:59.887,2025-11-21 20:14:59.887
9fd70f01-0050-fc61-493d-08de293bcafa,80,2399.2,2025-11-21 20:23:12.087,2025-11-21 20:23:12.087
d7ae0701-0050-fc61-b376-08de293a161d,80,3859.2,2025-11-21 20:10:59.047,2025-11-21 20:10:59.047
07791001-0050-fc61-7059-08de293bee04,80,22883.6,2025-11-21 20:24:10.813,2025-11-21 20:24:10.813
42fb0b01-0050-fc61-10a0-08de293afa44,80,4494.8,2025-11-21 20:17:21.827,2025-11-21 20:17:21.827
32521701-0050-fc61-0221-08de293d64c2,80,2399.2,2025-11-21 20:34:39.483,2025-11-21 20:34:39.483
fcd31901-0050-fc61-501e-08de293df062,80,0.0,2025-11-21 20:38:33.713,2025-11-21 20:38:33.713
18fc1501-0050-fc61-80d2-08de293d1b3e,80,2399.2,2025-11-21 20:32:36.160,2025-11-21 20:32:36.160
71cfcf5e-d2bb-eb11-830a-a4b0d298b5f4,80,24016.0,2021-05-23 14:23:01.180,2021-05-23 14:23:01.180
202f0a01-0050-fc61-8a25-08de293a9ae4,80,3877.0,2025-11-21 20:14:41.827,2025-11-21 20:14:41.827
71bc0601-0050-fc61-85e8-08de2939e194,80,25669.0,2025-11-21 20:09:30.890,2025-11-21 20:09:30.890
b432dba3-1278-ed11-83d0-dbe72732717b,80,3116.0,2022-12-09 22:41:43.273,2022-12-09 22:41:43.273
fc930701-0050-fc61-8258-08de293a10ef,80,4916.2,2025-11-21 20:10:50.347,2025-11-21 20:10:50.347
2037b14a-2ac1-ea11-a9ce-0a593f791696,80,3800.0,2020-07-08 14:51:21.020,2020-07-08 14:51:21.020
71fd0501-0050-fc61-0a2a-08de2939b8c0,80,19114.0,2025-11-21 20:08:22.420,2025-11-21 20:08:22.420
004e1701-0050-fc61-7785-08de293d63ee,80,1994.35,2025-11-21 20:34:38.090,2025-11-21 20:34:38.090
fc9b9f1b-1578-ed11-83d0-dbe72732717b,80,2090.0,2022-12-09 22:59:18.287,2022-12-09 22:59:18.287
fe36e29a-1178-ed11-83d0-dbe72732717b,80,3952.0,2022-12-09 22:34:23.070,2022-12-09 22:34:23.070
71afae52-d2bb-eb11-830a-a4b0d298b5f4,80,24016.0,2021-05-23 14:22:47.137,2021-05-23 14:22:47.137
b2e82201-0050-fc61-f21f-08de294014c0,80,52220.0,2025-11-21 20:53:53.780,2025-11-21 20:53:53.780
fc813f80-7dd2-ea11-828c-b4e2a79c59ea,80,7296.0,2020-07-30 16:02:30.830,2020-07-30 16:02:30.830
71a50c01-0050-fc61-091b-08de293b214f,80,7716.8,2025-11-21 20:18:27.330,2025-11-21 20:18:27.330
93c8b4a9-36de-ea11-828c-dab48128a9c3,80,5472.0,2020-08-14 14:16:04.133,2020-08-14 14:16:04.133
b2a71201-0050-fc61-c915-08de293c63cd,80,4916.2,2025-11-21 20:27:28.350,2025-11-21 20:27:28.350
fc661601-0050-fc61-6293-08de293d3359,80,2399.2,2025-11-21 20:33:16.567,2025-11-21 20:33:16.567
fc87d444-24e3-ea11-828c-f8709861f8d2,80,3800.0,2020-08-20 20:45:42.527,2020-08-20 20:45:42.527
d78b1301-0050-fc61-f4c9-08de293c96a2,80,4916.2,2025-11-21 20:28:53.727,2025-11-21 20:28:53.727
4d5dee2a-d580-ea11-a9ce-0a593f791696,80,13680.0,2020-04-17 18:05:04.023,2020-04-17 18:05:04.023
2bb6ef75-1578-ed11-83d0-dbe72732717b,80,3724.0,2022-12-09 23:01:59.457,2022-12-09 23:01:59.457
a0e852ca-49e2-ea11-828c-f8709861f8d2,80,3800.0,2020-08-19 18:29:23.143,2020-08-19 18:29:23.143
d3d9da5b-a4d1-ea11-828c-b57555799727,80,5016.0,2020-07-29 14:13:45.850,2020-07-29 14:13:45.850
717d2001-0050-fc61-b5e1-08de293f8336,80,2399.2,2025-11-21 20:49:49.560,2025-11-21 20:49:49.560
2c207b82-1acd-ea11-828c-cd0b241fdad6,80,7296.0,2020-07-23 19:31:11.023,2020-07-23 19:31:11.023
71ff7b3c-eac4-ea11-a9ce-0a593f791696,80,3800.0,2020-07-13 09:30:36.817,2020-07-13 09:30:36.817
0ca51701-0050-fc61-3dd3-08de293d746c,80,25030.6,2025-11-21 20:35:05.810,2025-11-21 20:35:05.810
281278ee-1578-ed11-83d0-dbe72732717b,80,2090.0,2022-12-09 23:05:21.467,2022-12-09 23:05:21.467
7179539e-7bd6-ea11-828c-c3297631124c,80,5016.0,2020-08-04 18:03:25.153,2020-08-04 18:03:25.153
f32df730-f7c1-ea11-a9ce-0a593f791696,80,3800.0,2020-07-09 15:23:33.007,2020-07-09 15:23:33.007
7180860f-1578-ed11-83d0-dbe72732717b,80,2090.0,2022-12-09 22:59:02.817,2022-12-09 22:59:02.817
fc563a76-d38b-ea11-a9ce-0a593f791696,80,13680.0,2020-05-01 18:00:45.110,2020-05-01 18:00:45.110
aab4971f-f2e2-ea11-828c-f8709861f8d2,80,3800.0,2020-08-20 14:35:07.323,2020-08-20 14:35:07.323
b4b8d0b5-1278-ed11-83d0-dbe72732717b,80,2090.0,2022-12-09 22:42:15.313,2022-12-09 22:42:15.313
bfe76df1-1478-ed11-83d0-dbe72732717b,80,2090.0,2022-12-09 22:58:08.990,2022-12-09 22:58:08.990
fc58378a-e9c2-ea11-a9ce-0a593f791696,80,3800.0,2020-07-10 20:16:28.220,2020-07-10 20:16:28.220
7cfdb10c-b68b-ea11-a9ce-0a593f791696,80,13680.0,2020-05-01 14:19:43.220,2020-05-01 14:19:43.220
03471401-0050-fc61-a385-08de293cbdfe,80,3877.0,2025-11-21 20:29:59.707,2025-11-21 20:29:59.707
4e65dcdc-49de-ea11-828c-dab48128a9c3,80,5776.0,2020-08-14 16:25:29.120,2020-08-14 16:25:29.120
71600301-009a-cf5a-35ec-08deaf95a61b,80,3459.6,2026-05-11 19:46:37.620,2026-05-11 19:46:37.620
7160e2b0-d980-ea11-a9ce-0a593f791696,80,13680.0,2020-04-17 18:36:32.327,2020-04-17 18:36:32.327
fc180582-0f78-ed11-83d0-dbe72732717b,80,3724.0,2022-12-09 22:19:18.623,2022-12-09 22:19:18.623
bfa71401-0050-fc61-f507-08de293cd3b5,80,27911.0,2025-11-21 20:30:36.123,2025-11-21 20:30:36.123
fc141701-0050-fc61-591c-08de293d58dc,80,2399.2,2025-11-21 20:34:19.510,2025-11-21 20:34:19.510
b3f8d675-0f78-ed11-83d0-dbe72732717b,80,3192.0,2022-12-09 22:18:57.117,2022-12-09 22:18:57.117
fc0bba1e-2cc1-ea11-a9ce-0a593f791696,80,3800.0,2020-07-08 15:08:43.480,2020-07-08 15:08:43.480
fc301ac9-dcbd-eb11-830a-d742523585ac,80,0.0,2021-05-26 04:43:31.697,2021-05-26 04:43:31.697
d73d1b01-0050-fc61-eff8-08de293e4759,80,4750.8,2025-11-21 20:40:59.670,2025-11-21 20:40:59.670
42cc6eeb-1478-ed11-83d0-dbe72732717b,80,2090.0,2022-12-09 22:57:59.980,2022-12-09 22:57:59.980
fbf572ca-0f78-ed11-83d0-dbe72732717b,80,3914.0,2022-12-09 22:21:20.103,2022-12-09 22:21:20.103
71617e82-1778-ed11-83d0-dbe72732717b,80,2090.0,2022-12-09 23:16:38.120,2022-12-09 23:16:38.120
48ec9f2d-0ee3-ea11-828c-f8709861f8d2,80,3800.0,2020-08-20 17:55:46.297,2020-08-20 17:55:46.297
fbf9005c-f090-79c7-efc8-08dddc171bd9,80,0.0,2025-08-15 16:20:19.237,2025-08-15 16:20:19.237
0b291d1f-1278-ed11-83d0-dbe72732717b,80,2850.0,2022-12-09 22:38:05.447,2022-12-09 22:38:05.447
2801a227-1578-ed11-83d0-dbe72732717b,80,2090.0,2022-12-09 22:59:44.367,2022-12-09 22:59:44.367
d73bcabe-57d0-ea11-828c-b57555799727,80,7296.0,2020-07-27 22:24:10.713,2020-07-27 22:24:10.713
fc2aa115-1578-ed11-83d0-dbe72732717b,80,2090.0,2022-12-09 22:59:16.653,2022-12-09 22:59:16.653
fc391e4b-edd8-ea11-828c-cf34c837d27a,80,5016.0,2020-08-07 20:51:26.823,2020-08-07 20:51:26.823
fba85fdf-1478-ed11-83d0-dbe72732717b,80,2090.0,2022-12-09 22:57:43.330,2022-12-09 22:57:43.330
bf82d28b-1678-ed11-83d0-dbe72732717b,80,3116.0,2022-12-09 23:09:40.127,2022-12-09 23:09:40.127
fba92501-0050-fc61-2780-08de2adae732,80,0.0,2025-11-23 21:54:40.457,2025-11-23 21:54:40.457
70d40901-006a-cdf8-3c89-08de6b72cf6e,80,7718.4,2026-02-14 02:44:20.440,2026-02-14 02:44:20.440
70bce8f8-42d0-ea11-828c-b57555799727,80,6308.0,2020-07-27 20:09:43.613,2020-07-27 20:09:43.613
b3ec1e79-1478-ed11-83d0-dbe72732717b,80,2090.0,2022-12-09 22:54:45.737,2022-12-09 22:54:45.737
fbb8552c-6fd6-ea11-828c-c3297631124c,80,6688.0,2020-08-04 16:37:33.117,2020-08-04 16:37:33.117
383ba334-d2bb-eb11-830a-a4b0d298b5f4,80,24016.0,2021-05-23 14:21:54.677,2021-05-23 14:21:54.677
fb865403-33d0-ea11-828c-b57555799727,80,7296.0,2020-07-27 18:04:31.920,2020-07-27 18:04:31.920
fb79ef90-f3db-ea11-828c-a3b0b95dd4b2,80,5472.0,2020-08-11 17:03:07.193,2020-08-11 17:03:07.193
383c8aca-1578-ed11-83d0-dbe72732717b,80,3914.0,2022-12-09 23:04:13.527,2022-12-09 23:04:13.527
94481a01-0050-fc61-6a5b-08de293e0c9c,80,4750.8,2025-11-21 20:39:21.037,2025-11-21 20:39:21.037
fb851701-0050-fc61-6ddd-08de293d6e5b,80,2399.2,2025-11-21 20:34:55.567,2025-11-21 20:34:55.567
fb5345bc-55d0-ea11-828c-b57555799727,80,5776.0,2020-07-27 22:10:51.317,2020-07-27 22:10:51.317
fb6d1ac1-0e78-ed11-83d0-dbe72732717b,80,3952.0,2022-12-09 22:13:51.647,2022-12-09 22:13:51.647
01080e01-0050-fc61-40f4-08de293b6cc7,80,21101.4,2025-11-21 20:20:33.967,2025-11-21 20:20:33.967
15401701-0050-fc61-4d67-08de293d6120,80,2399.2,2025-11-21 20:34:33.377,2025-11-21 20:34:33.377
71701e01-0050-fc61-ae5d-08de293f0314,80,2399.2,2025-11-21 20:46:14.607,2025-11-21 20:46:14.607
327d0a01-0050-fc61-b635-08de293aa9de,80,19114.0,2025-11-21 20:15:06.950,2025-11-21 20:15:06.950
0b108ca0-bddc-ea11-828c-dab48128a9c3,80,5472.0,2020-08-12 17:06:57.560,2020-08-12 17:06:57.560
4af20801-0050-fc61-66c9-08de293a587d,80,7146.8,2025-11-21 20:12:50.380,2025-11-21 20:12:50.380
fb500e01-0050-fc61-9944-08de293b7b6d,80,25030.6,2025-11-21 20:20:58.510,2025-11-21 20:20:58.510
3af71401-0050-fc61-ecb3-08de293ce35c,80,3877.0,2025-11-21 20:31:02.397,2025-11-21 20:31:02.397
58c11201-0050-fc61-9a73-08de293c69f5,80,4779.2,2025-11-21 20:27:38.747,2025-11-21 20:27:38.747
d72a1701-0050-fc61-1859-08de293d5cf1,80,2399.2,2025-11-21 20:34:26.360,2025-11-21 20:34:26.360
70940901-006a-cdf8-25f1-08de6b445e5b,80,14293.6,2026-02-13 21:14:04.537,2026-02-13 21:14:04.537
71099a80-b5e7-ea11-828c-a053257f7d3c,80,3800.0,2020-08-26 16:14:30.007,2020-08-26 16:14:30.007
d1efa589-f6c1-ea11-a9ce-0a593f791696,80,3800.0,2020-07-09 15:18:44.327,2020-07-09 15:18:44.327
b32231a8-6dd2-ea11-828c-b4e2a79c59ea,80,7296.0,2020-07-30 14:14:44.497,2020-07-30 14:14:44.497
d0612201-0050-fc61-45c7-08de293ff3c6,80,7716.8,2025-11-21 20:52:58.427,2025-11-21 20:52:58.427
d7371001-0050-fc61-a0b0-08de293bdff0,80,4750.8,2025-11-21 20:23:47.153,2025-11-21 20:23:47.153
fb730728-1178-ed11-83d0-dbe72732717b,80,3952.0,2022-12-09 22:31:08.943,2022-12-09 22:31:08.943
fbc60e01-0050-fc61-fb7a-08de293b92ef,80,3877.0,2025-11-21 20:21:38.000,2025-11-21 20:21:38.000
589c8322-5a8a-ea11-a9ce-0a593f791696,80,13680.0,2020-04-29 20:46:08.143,2020-04-29 20:46:08.143
2b795acd-1478-ed11-83d0-dbe72732717b,80,2090.0,2022-12-09 22:57:08.883,2022-12-09 22:57:08.883
589cc458-d2bb-eb11-830a-a4b0d298b5f4,80,24016.0,2021-05-23 14:22:52.510,2021-05-23 14:22:52.510
4a700f01-0050-fc61-7f14-08de293bb3e9,80,2399.2,2025-11-21 20:22:33.283,2025-11-21 20:22:33.283
20055ec7-1478-ed11-83d0-dbe72732717b,80,2090.0,2022-12-09 22:57:01.083,2022-12-09 22:57:01.083
4bad2201-0050-fc61-48fa-08de29400888,80,21101.4,2025-11-21 20:53:33.280,2025-11-21 20:53:33.280
fb31993f-1578-ed11-83d0-dbe72732717b,80,3116.0,2022-12-09 23:00:25.753,2022-12-09 23:00:25.753
3ea9c86d-1678-ed11-83d0-dbe72732717b,80,3952.0,2022-12-09 23:08:52.047,2022-12-09 23:08:52.047
bfbfeeb7-4ae2-ea11-828c-f8709861f8d2,80,3800.0,2020-08-19 18:36:03.993,2020-08-19 18:36:03.993
aaaf2e9a-0f78-ed11-83d0-dbe72732717b,80,3952.0,2022-12-09 22:20:01.627,2022-12-09 22:20:01.627
5894ed52-4fdc-ea11-828c-a3b0b95dd4b2,80,7144.0,2020-08-12 03:58:33.923,2020-08-12 03:58:33.923
3766a872-1dd1-ea11-828c-b57555799727,80,5776.0,2020-07-28 22:09:19.773,2020-07-28 22:09:19.773
bf48e009-1178-ed11-83d0-dbe72732717b,80,2850.0,2022-12-09 22:30:17.620,2022-12-09 22:30:17.620
fb399794-2ac1-ea11-a9ce-0a593f791696,80,3800.0,2020-07-08 15:02:45.020,2020-07-08 15:02:45.020
70611201-0050-fc61-65de-08de293c53da,80,3877.0,2025-11-21 20:27:01.617,2025-11-21 20:27:01.617
7047b17f-29d8-ea11-828c-cf34c837d27a,80,7144.0,2020-08-06 21:14:14.770,2020-08-06 21:14:14.770
4af41601-0050-fc61-32ca-08de293d521a,80,2399.2,2025-11-21 20:34:08.177,2025-11-21 20:34:08.177
9f9059b9-24d7-ea11-828c-cf34c837d27a,80,5776.0,2020-08-05 14:07:47.027,2020-08-05 14:07:47.027
fb0d1d01-0050-fc61-89d4-08de293eb142,80,4916.2,2025-11-21 20:43:57.330,2025-11-21 20:43:57.330
d6f420a2-1ce3-ea11-828c-f8709861f8d2,80,3800.0,2020-08-20 19:43:22.740,2020-08-20 19:43:22.740
4e5b1901-0050-fc61-3da7-08de293dd61f,80,4779.2,2025-11-21 20:37:49.740,2025-11-21 20:37:49.740
27f47a58-c7d5-ea11-828c-c3297631124c,80,3800.0,2020-08-03 20:29:07.200,2020-08-03 20:29:07.200
7042a334-d2bb-eb11-830a-a4b0d298b5f4,80,24016.0,2021-05-23 14:21:57.967,2021-05-23 14:21:57.967
bf7a1d01-0050-fc61-5b1c-08de293eca5b,80,3877.0,2025-11-21 20:44:39.407,2025-11-21 20:44:39.407
fafc1201-0050-fc61-5e3d-08de293c77ac,80,3877.0,2025-11-21 20:28:01.713,2025-11-21 20:28:01.713
fb141601-0050-fc61-cd29-08de293d205d,80,4779.2,2025-11-21 20:32:44.777,2025-11-21 20:32:44.777
2b6c1701-0050-fc61-dc74-08de293d6997,80,2399.2,2025-11-21 20:34:47.577,2025-11-21 20:34:47.577
2b6b1601-0050-fc61-9c6b-08de293d343e,80,4916.2,2025-11-21 20:33:18.110,2025-11-21 20:33:18.110
fada2da0-0f78-ed11-83d0-dbe72732717b,80,3116.0,2022-12-09 22:20:05.427,2022-12-09 22:20:05.427
b41f1801-0050-fc61-9392-08de293d90d5,80,25669.0,2025-11-21 20:35:53.423,2025-11-21 20:35:53.423
7015e91b-1378-ed11-83d0-dbe72732717b,80,2850.0,2022-12-09 22:45:02.747,2022-12-09 22:45:02.747
faea1101-0050-fc61-d6fd-08de293c3bd0,80,4516.8,2025-11-21 20:26:21.290,2025-11-21 20:26:21.290
4e4c1501-0050-fc61-c594-08de293cf54c,80,3877.0,2025-11-21 20:31:32.483,2025-11-21 20:31:32.483
b3e7821f-b0dc-ea11-828c-dab48128a9c3,80,5776.0,2020-08-12 15:32:55.437,2020-08-12 15:32:55.437
3d4a9c44-01dc-ea11-828c-a3b0b95dd4b2,80,5776.0,2020-08-11 18:46:43.350,2020-08-11 18:46:43.350
157b8f49-dce3-ea11-828c-f8709861f8d2,80,3800.0,2020-08-21 18:31:05.843,2020-08-21 18:31:05.843
48ee863f-e789-ec11-8350-f9e42d383a1a,80,5776.0,2022-02-09 20:32:23.320,2022-02-09 20:32:23.320
bf441f01-0050-fc61-bff4-08de293f37db,80,4708.8,2025-11-21 20:47:43.163,2025-11-21 20:47:43.163
fad99bc7-1078-ed11-83d0-dbe72732717b,80,3914.0,2022-12-09 22:28:21.657,2022-12-09 22:28:21.657
faf11d01-0050-fc61-3daa-08de293ee629,80,7716.8,2025-11-21 20:45:26.077,2025-11-21 20:45:26.077
396f0801-0050-fc61-ba18-08de293a3f55,80,3877.0,2025-11-21 20:12:08.177,2025-11-21 20:12:08.177
70038597-1078-ed11-83d0-dbe72732717b,80,3914.0,2022-12-09 22:26:59.373,2022-12-09 22:26:59.373
9f852f5e-1178-ed11-83d0-dbe72732717b,80,3192.0,2022-12-09 22:32:36.720,2022-12-09 22:32:36.720
700035b6-90d5-ea11-828c-b4e2a79c59ea,80,5776.0,2020-08-03 13:55:24.097,2020-08-03 13:55:24.097
6ffb1601-0050-fc61-0e7a-08de293d53c2,80,2399.2,2025-11-21 20:34:10.940,2025-11-21 20:34:10.940
fac60601-0050-fc61-39d3-08de2939e371,80,51192.0,2025-11-21 20:09:34.023,2025-11-21 20:09:34.023
58a9b986-c3c2-ea11-a9ce-0a593f791696,80,3800.0,2020-07-10 15:42:53.367,2020-07-10 15:42:53.367
70861a9f-8ee8-ea11-82b1-ef068b55b9dd,80,3800.0,2020-08-27 18:03:40.170,2020-08-27 18:03:40.170
0773ae31-e6d1-ea11-828c-b57555799727,80,5776.0,2020-07-29 22:10:12.257,2020-07-29 22:10:12.257
adcf15e0-c6c2-ea11-a9ce-0a593f791696,80,3800.0,2020-07-10 16:06:50.313,2020-07-10 16:06:50.313
d7785ad3-1478-ed11-83d0-dbe72732717b,80,2090.0,2022-12-09 22:57:24.213,2022-12-09 22:57:24.213
fabb4e1e-b1e7-ea11-828c-a053257f7d3c,80,3800.0,2020-08-26 15:37:38.197,2020-08-26 15:37:38.197
fac9a494-1778-ed11-83d0-dbe72732717b,80,0.0,2022-12-09 23:17:05.853,2022-12-09 23:17:05.853
950ab35c-f7c1-ea11-a9ce-0a593f791696,80,3800.0,2020-07-09 15:18:43.530,2020-07-09 15:18:43.530
bf1cf0a6-1e0f-eb11-828e-85d3c8e3831d,80,5472.0,2020-10-15 19:43:12.823,2020-10-15 19:43:12.823
6fd0ee4e-1478-ed11-83d0-dbe72732717b,80,3116.0,2022-12-09 22:53:39.030,2022-12-09 22:53:39.030
9f7751af-1478-ed11-83d0-dbe72732717b,80,2090.0,2022-12-09 22:56:23.313,2022-12-09 22:56:23.313
544cd174-39d8-ea11-828c-cf34c837d27a,80,7144.0,2020-08-06 23:07:16.367,2020-08-06 23:07:16.367
6fd70501-0050-fc61-4785-08de2939abfd,80,21101.4,2025-11-21 20:08:01.067,2025-11-21 20:08:01.067
585a9a39-1578-ed11-83d0-dbe72732717b,80,2090.0,2022-12-09 23:00:11.357,2022-12-09 23:00:11.357
58551301-0050-fc61-4012-08de293c8c48,80,3877.0,2025-11-21 20:28:36.310,2025-11-21 20:28:36.310
6fc41c01-0050-fc61-d49e-08de293ea0a3,80,2399.2,2025-11-21 20:43:29.427,2025-11-21 20:43:29.427
585c5900-cdd2-ea11-828c-b4e2a79c59ea,80,5016.0,2020-07-31 01:34:52.627,2020-07-31 01:34:52.627
cbd89620-d0bd-eb11-830a-d742523585ac,80,0.0,2021-05-26 03:13:37.687,2021-05-26 03:13:37.687
58556d33-5fe6-ea11-828c-cc6f8230eb3e,80,3800.0,2020-08-24 23:15:02.613,2020-08-24 23:15:02.613
952ed120-f4cc-ea11-828c-cd0b241fdad6,80,7296.0,2020-07-23 14:57:53.167,2020-07-23 14:57:53.167
fa771b68-ddbd-eb11-830a-d742523585ac,80,0.0,2021-05-26 04:47:58.427,2021-05-26 04:47:58.427
41871a01-0050-fc61-d892-08de293e1a54,80,2399.2,2025-11-21 20:39:44.130,2025-11-21 20:39:44.130
6fa7801b-0454-ef11-84bd-e74d6bfa3a14,80,0.0,2024-08-06 14:57:01.247,2024-08-06 14:57:01.247
584e0901-0050-fc61-d546-08de293a6c9b,80,10748.2,2025-11-21 20:13:24.160,2025-11-21 20:13:24.160
fa6ba2b5-1078-ed11-83d0-dbe72732717b,80,2850.0,2022-12-09 22:27:50.057,2022-12-09 22:27:50.057
6f8c34fa-a0d6-ea11-828c-c3297631124c,80,6688.0,2020-08-04 22:30:04.450,2020-08-04 22:30:04.450
d6a22001-0050-fc61-a240-08de293f8a9f,80,14446.2,2025-11-21 20:50:02.020,2025-11-21 20:50:02.020
d6641701-0050-fc61-0beb-08de293d682a,80,2399.2,2025-11-21 20:34:45.187,2025-11-21 20:34:45.187
fa741701-0050-fc61-ef9b-08de293d6b47,80,2399.2,2025-11-21 20:34:50.403,2025-11-21 20:34:50.403
bf081501-0050-fc61-b9f7-08de293ce68d,80,3877.0,2025-11-21 20:31:07.747,2025-11-21 20:31:07.747
0abd1979-4195-ea11-a9ce-0a593f791696,80,12160.0,2020-05-13 17:52:45.710,2020-05-13 17:52:45.710
9f7d0b01-0050-fc61-d57c-08de293ae0b2,80,14446.2,2025-11-21 20:16:38.933,2025-11-21 20:16:38.933
fa496590-3dd0-eb11-830a-c1c5c06c5978,80,0.0,2021-06-18 14:01:52.783,2021-06-18 14:01:52.783
fa121701-0050-fc61-cbee-08de293d5881,80,2399.2,2025-11-21 20:34:18.917,2025-11-21 20:34:18.917
b3c9bae5-78d3-ea11-828c-b4e2a79c59ea,80,7144.0,2020-07-31 22:00:35.567,2020-07-31 22:00:35.567
bef32201-0050-fc61-c955-08de29401707,80,2399.2,2025-11-21 20:53:57.570,2025-11-21 20:53:57.570
fa0ac091-1278-ed11-83d0-dbe72732717b,80,2090.0,2022-12-09 22:41:12.480,2022-12-09 22:41:12.480
6f6e2101-0050-fc61-89c9-08de293fbb57,80,6275.6,2025-11-21 20:51:23.747,2025-11-21 20:51:23.747
6f6e3643-1278-ed11-83d0-dbe72732717b,80,3116.0,2022-12-09 22:38:59.407,2022-12-09 22:38:59.407
d65e2301-0050-fc61-0d67-08de2940313c,80,21101.4,2025-11-21 20:54:41.617,2025-11-21 20:54:41.617
6f5af12d-57d3-ea11-828c-b4e2a79c59ea,80,5776.0,2020-07-31 17:59:36.523,2020-07-31 17:59:36.523
f9e31101-0050-fc61-a082-08de293c3a81,80,4505.8,2025-11-21 20:26:19.117,2025-11-21 20:26:19.117
f9f11b01-0050-fc61-6897-08de293e6f48,80,21101.4,2025-11-21 20:42:06.627,2025-11-21 20:42:06.627
cbde0501-0050-fc61-7a06-08de2939aede,80,23423.2,2025-11-21 20:08:05.857,2025-11-21 20:08:05.857
158c71fd-1478-ed11-83d0-dbe72732717b,80,2090.0,2022-12-09 22:58:28.567,2022-12-09 22:58:28.567
a4f233d0-1378-ed11-83d0-dbe72732717b,80,3116.0,2022-12-09 22:50:06.143,2022-12-09 22:50:06.143
f9d7ad06-1078-ed11-83d0-dbe72732717b,80,3192.0,2022-12-09 22:23:04.190,2022-12-09 22:23:04.190
fa0010ad-86dd-ea11-828c-dab48128a9c3,80,5776.0,2020-08-13 17:16:12.007,2020-08-13 17:16:12.007
ad999418-1478-ed11-83d0-dbe72732717b,80,3116.0,2022-12-09 22:52:12.660,2022-12-09 22:52:12.660
6f3edbb1-bec2-ea11-a9ce-0a593f791696,80,3800.0,2020-07-10 15:05:12.283,2020-07-10 15:05:12.283
beeb1394-1578-ed11-83d0-dbe72732717b,80,3952.0,2022-12-09 23:02:45.877,2022-12-09 23:02:45.877
0ab0d651-c55f-ea11-a9ce-0a593f791696,80,40128.0,2020-03-06 16:16:19.000,2020-03-06 16:16:19.000
beda2101-0050-fc61-d62d-08de293fd24c,80,27911.0,2025-11-21 20:52:02.300,2025-11-21 20:52:02.300
d063deeb-1278-ed11-83d0-dbe72732717b,80,3914.0,2022-12-09 22:43:42.500,2022-12-09 22:43:42.500
f98a5156-edd7-ea11-828c-cf34c837d27a,80,7144.0,2020-08-06 14:12:00.437,2020-08-06 14:12:00.437
f98f1601-0050-fc61-83e6-08de293d3beb,80,2399.2,2025-11-21 20:33:31.010,2025-11-21 20:33:31.010
6f2bd4a9-1278-ed11-83d0-dbe72732717b,80,3952.0,2022-12-09 22:41:54.127,2022-12-09 22:41:54.127
0320b847-d2d0-ee11-8445-b301c4e59e1c,80,0.0,2024-02-21 16:00:38.237,2024-02-21 16:00:38.237
d61a0a60-0c90-79c7-e32d-08dd84195030,80,6022.4,2025-04-25 16:55:21.280,2025-04-25 16:55:21.280
d6191301-0050-fc61-5a00-08de293c7f48,80,4750.8,2025-11-21 20:28:14.547,2025-11-21 20:28:14.547
d6294321-0f78-ed11-83d0-dbe72732717b,80,2090.0,2022-12-09 22:16:37.930,2022-12-09 22:16:37.930
4e4aaa6c-e6d1-ea11-828c-b57555799727,80,5776.0,2020-07-29 22:12:41.377,2020-07-29 22:12:41.377
580b0801-0050-fc61-d754-08de293a28bb,80,4916.2,2025-11-21 20:11:30.293,2025-11-21 20:11:30.293
b3b32f0c-49e6-ea11-828c-cc6f8230eb3e,80,3800.0,2020-08-24 20:35:47.743,2020-08-24 20:35:47.743
6f1a71be-7f7f-ec11-8350-d3131e7fd828,80,5776.0,2022-01-27 14:45:29.140,2022-01-27 14:45:29.140
d5ff0d01-0050-fc61-84b4-08de293b6ad5,80,4750.8,2025-11-21 20:20:30.687,2025-11-21 20:20:30.687
d609e70f-1378-ed11-83d0-dbe72732717b,80,3116.0,2022-12-09 22:44:48.220,2022-12-09 22:44:48.220
6efa1af1-0e78-ed11-83d0-dbe72732717b,80,2090.0,2022-12-09 22:15:10.097,2022-12-09 22:15:10.097
beb22e9a-0f78-ed11-83d0-dbe72732717b,80,2850.0,2022-12-09 22:20:03.000,2022-12-09 22:20:03.000
95b43d9a-0ae3-ea11-828c-f8709861f8d2,80,3800.0,2020-08-20 17:31:41.297,2020-08-20 17:31:41.297
d5f955c1-1478-ed11-83d0-dbe72732717b,80,2090.0,2022-12-09 22:56:49.480,2022-12-09 22:56:49.480
f96cd069-1578-ed11-83d0-dbe72732717b,80,2090.0,2022-12-09 23:01:37.037,2022-12-09 23:01:37.037
f9756b1d-12d0-ea11-828c-cd0b241fdad6,80,5776.0,2020-07-27 14:07:32.067,2020-07-27 14:07:32.067
2633135b-1478-ed11-83d0-dbe72732717b,80,3116.0,2022-12-09 22:53:57.997,2022-12-09 22:53:57.997
f9d1f091-71dd-ea11-828c-dab48128a9c3,80,5776.0,2020-08-13 14:37:44.470,2020-08-13 14:37:44.470
6ed8497d-6d91-ea11-a9ce-0a593f791696,80,12160.0,2020-05-08 20:53:06.403,2020-05-08 20:53:06.403
6ed01a01-0050-fc61-d033-08de293e2c96,80,19114.0,2025-11-21 20:40:14.793,2025-11-21 20:40:14.793
ae539a39-1578-ed11-83d0-dbe72732717b,80,2090.0,2022-12-09 23:00:09.197,2022-12-09 23:00:09.197
031945d2-efe3-ea11-828c-f8709861f8d2,80,3800.0,2020-08-21 21:05:42.957,2020-08-21 21:05:42.957
3569deeb-1278-ed11-83d0-dbe72732717b,80,3116.0,2022-12-09 22:43:44.447,2022-12-09 22:43:44.447
6ee94b85-1478-ed11-83d0-dbe72732717b,80,2090.0,2022-12-09 22:55:09.850,2022-12-09 22:55:09.850
ada41301-0050-fc61-754a-08de293c9bc6,80,3877.0,2025-11-21 20:29:02.273,2025-11-21 20:29:02.273
201d7911-0c7a-ec11-8350-826b1a779cfe,80,102040.64,2022-01-20 16:16:24.837,2022-01-20 16:16:24.837
bbef1b01-0050-fc61-4a04-08de293e6ed8,80,4538.6,2025-11-21 20:42:05.917,2025-11-21 20:42:05.917
f91609e9-1178-ed11-83d0-dbe72732717b,80,3192.0,2022-12-09 22:36:33.130,2022-12-09 22:36:33.130
188f1f8d-9d1e-ef11-8445-9287b6d5635e,80,0.0,2024-05-30 16:00:24.930,2024-05-30 16:00:24.930
4a1d23ca-1378-ed11-83d0-dbe72732717b,80,3116.0,2022-12-09 22:49:52.223,2022-12-09 22:49:52.223
b3e41001-0050-fc61-4b0f-08de293c0436,80,4708.8,2025-11-21 20:24:48.003,2025-11-21 20:24:48.003
f92e91d9-cfe3-ea11-828c-f8709861f8d2,80,3800.0,2020-08-21 17:03:03.720,2020-08-21 17:03:03.720
6ea21601-0050-fc61-f617-08de293d3fce,80,2399.2,2025-11-21 20:33:37.470,2025-11-21 20:33:37.470
1fb9d462-21b4-eb11-82e4-e1821c3ae6b0,80,28120.0,2021-05-13 19:28:28.730,2021-05-13 19:28:28.730
d3be0601-0050-fc61-14e9-08de2939e1ee,80,4916.2,2025-11-21 20:09:31.560,2025-11-21 20:09:31.560
ad8f1301-0050-fc61-bcb2-08de293c975d,80,4750.8,2025-11-21 20:28:54.927,2025-11-21 20:28:54.927
f9001101-0050-fc61-75e1-08de293c0984,80,20580.8,2025-11-21 20:24:56.913,2025-11-21 20:24:56.913
f9130801-0050-fc61-50b7-08de293a2a99,80,4916.2,2025-11-21 20:11:33.403,2025-11-21 20:11:33.403
f275ffe1-44db-ea11-828c-a3b0b95dd4b2,80,5016.0,2020-08-10 20:10:11.123,2020-08-10 20:10:11.123
d3901b01-0050-fc61-9180-08de293e59cc,80,3431.4,2025-11-21 20:41:30.577,2025-11-21 20:41:30.577
6eb302a8-5cd0-ea11-828c-b57555799727,80,5472.0,2020-07-27 23:05:29.160,2020-07-27 23:05:29.160
b42330dc-bfc2-ea11-a9ce-0a593f791696,80,3800.0,2020-07-10 15:13:48.253,2020-07-10 15:13:48.253
d5ed3ba6-0f78-ed11-83d0-dbe72732717b,80,3192.0,2022-12-09 22:20:20.147,2022-12-09 22:20:20.147
f8ec0e01-0050-fc61-65fa-08de293b9acf,80,7146.8,2025-11-21 20:21:51.167,2025-11-21 20:21:51.167
47820f01-0050-fc61-6882-08de293bb6e8,80,3575.0,2025-11-21 20:22:38.327,2025-11-21 20:22:38.327
6e750d01-0050-fc61-1e47-08de293b4ce6,80,3877.0,2025-11-21 20:19:40.470,2025-11-21 20:19:40.470
47801501-0050-fc61-2cd3-08de293d009e,80,3877.0,2025-11-21 20:31:51.507,2025-11-21 20:31:51.507
f889267c-1378-ed11-83d0-dbe72732717b,80,2090.0,2022-12-09 22:47:50.347,2022-12-09 22:47:50.347
9625a115-1578-ed11-83d0-dbe72732717b,80,2090.0,2022-12-09 22:59:14.910,2022-12-09 22:59:14.910
9f3a2201-0050-fc61-9482-08de293fec30,80,4505.8,2025-11-21 20:52:45.697,2025-11-21 20:52:45.697
d01ea818-7fde-ea11-828c-dab48128a9c3,80,5472.0,2020-08-14 23:00:46.603,2020-08-14 23:00:46.603
b37f45f7-1dd1-ea11-828c-b57555799727,80,7296.0,2020-07-28 22:16:33.090,2020-07-28 22:16:33.090
684b3d4a-bec2-ea11-a9ce-0a593f791696,80,3800.0,2020-07-10 15:02:27.207,2020-07-10 15:02:27.207
d5c776fb-ebce-ea11-828c-cd0b241fdad6,80,7296.0,2020-07-26 03:05:50.103,2020-07-26 03:05:50.103
f8779179-35cd-ea11-828c-cd0b241fdad6,80,7296.0,2020-07-23 22:44:42.187,2020-07-23 22:44:42.187
d5c9e89d-1678-ed11-83d0-dbe72732717b,80,2090.0,2022-12-09 23:10:10.817,2022-12-09 23:10:10.817
27dc0a01-0050-fc61-c4f4-08de293abcce,80,4750.8,2025-11-21 20:15:38.737,2025-11-21 20:15:38.737
ad7fa77b-c6d1-ea11-828c-b57555799727,80,5472.0,2020-07-29 18:16:44.950,2020-07-29 18:16:44.950
bc1fbd09-cec2-ea11-a9ce-0a593f791696,80,3800.0,2020-07-10 16:58:54.717,2020-07-10 16:58:54.717
963ed4fd-1078-ed11-83d0-dbe72732717b,80,3116.0,2022-12-09 22:29:53.287,2022-12-09 22:29:53.287
15c0bb9a-66d6-ea11-828c-c3297631124c,80,7144.0,2020-08-04 15:26:33.580,2020-08-04 15:26:33.580
f8632001-0050-fc61-aee5-08de293f7d96,80,4916.2,2025-11-21 20:49:40.127,2025-11-21 20:49:40.127
b3786ef7-1478-ed11-83d0-dbe72732717b,80,2090.0,2022-12-09 22:58:24.947,2022-12-09 22:58:24.947
6e452001-0050-fc61-acbd-08de293f760f,80,3465.0,2025-11-21 20:49:27.500,2025-11-21 20:49:27.500
f82cf5c2-b1d2-ea11-828c-b4e2a79c59ea,80,5472.0,2020-07-30 22:18:28.553,2020-07-30 22:18:28.553
9f447c03-1578-ed11-83d0-dbe72732717b,80,2090.0,2022-12-09 22:58:43.960,2022-12-09 22:58:43.960
f8143fd6-1378-ed11-83d0-dbe72732717b,80,2090.0,2022-12-09 22:50:15.320,2022-12-09 22:50:15.320
f81e1301-0050-fc61-2f35-08de293c8073,80,3877.0,2025-11-21 20:28:16.447,2025-11-21 20:28:16.447
f7dcbd8b-1278-ed11-83d0-dbe72732717b,80,2603.0,2022-12-09 22:40:59.437,2022-12-09 22:40:59.437
6e325cd0-e980-ea11-a9ce-0a593f791696,80,12160.0,2020-04-17 20:31:19.520,2020-04-17 20:31:19.520
d5de425c-4be2-ea11-828c-f8709861f8d2,80,3800.0,2020-08-19 18:40:30.803,2020-08-19 18:40:30.803
bbfab985-1678-ed11-83d0-dbe72732717b,80,2090.0,2022-12-09 23:09:35.510,2022-12-09 23:09:35.510
547e0e01-0050-fc61-190d-08de293b84be,80,21101.4,2025-11-21 20:21:14.140,2025-11-21 20:21:14.140
be941901-0050-fc61-4036-08de293de248,80,51332.24,2025-11-21 20:38:10.067,2025-11-21 20:38:10.067
d5c30701-0050-fc61-1780-08de293a1b04,80,4505.8,2025-11-21 20:11:07.253,2025-11-21 20:11:07.253
f7fe1801-0050-fc61-4c9b-08de293dc152,80,46522.6,2025-11-21 20:37:14.790,2025-11-21 20:37:14.790
f8620d01-0050-fc61-50b3-08de293b494f,80,4494.8,2025-11-21 20:19:34.420,2025-11-21 20:19:34.420
f8b3cd19-3adb-ea11-828c-a3b0b95dd4b2,80,5776.0,2020-08-10 18:55:01.580,2020-08-10 18:55:01.580
9f112201-0050-fc61-32a9-08de293fdf67,80,4750.8,2025-11-21 20:52:24.243,2025-11-21 20:52:24.243
be7d860f-1578-ed11-83d0-dbe72732717b,80,2090.0,2022-12-09 22:59:01.880,2022-12-09 22:59:01.880
f7bf1601-0050-fc61-a4b0-08de293d476e,80,2399.2,2025-11-21 20:33:50.267,2025-11-21 20:33:50.267
be971701-0050-fc61-e447-08de293d7210,80,25669.0,2025-11-21 20:35:01.787,2025-11-21 20:35:01.787
0a62be6d-1278-ed11-83d0-dbe72732717b,80,2090.0,2022-12-09 22:40:14.217,2022-12-09 22:40:14.217
6e0b13d7-6b95-ea11-a9ce-0a593f791696,80,12160.0,2020-05-13 22:54:11.643,2020-05-13 22:54:11.643
d5ae0601-0050-fc61-3236-08de2939df0d,80,7146.8,2025-11-21 20:09:26.653,2025-11-21 20:09:26.653
f7b237c5-2ae3-ea11-828c-f8709861f8d2,80,3800.0,2020-08-20 21:21:45.990,2020-08-20 21:21:45.990
b24359ac-4e99-eb11-82e4-b01fb7352ce0,80,7296.0,2021-04-09 16:17:52.283,2021-04-09 16:17:52.283
578ed28b-1678-ed11-83d0-dbe72732717b,80,0.0,2022-12-09 23:09:44.610,2022-12-09 23:09:44.610
a0efab90-33c5-ea11-a9ce-0a593f791696,80,3800.0,2020-07-13 18:10:06.387,2020-07-13 18:10:06.387
d5b11c01-0050-fc61-fd0c-08de293e9ce2,80,2399.2,2025-11-21 20:43:23.187,2025-11-21 20:43:23.187
15df1639-50de-ea11-828c-dab48128a9c3,80,5472.0,2020-08-14 17:12:00.470,2020-08-14 17:12:00.470
f7b79c95-a388-ea11-a9ce-0a593f791696,80,12160.0,2020-04-27 16:29:43.463,2020-04-27 16:29:43.463
b3756db8-0f78-ed11-83d0-dbe72732717b,80,3952.0,2022-12-09 22:20:46.593,2022-12-09 22:20:46.593
3e7a126d-1478-ed11-83d0-dbe72732717b,80,3116.0,2022-12-09 22:54:26.543,2022-12-09 22:54:26.543
b3981801-0050-fc61-e4e4-08de293da9da,80,3877.0,2025-11-21 20:36:35.390,2025-11-21 20:36:35.390
5783ae47-a4e7-ea11-828c-a053257f7d3c,80,3800.0,2020-08-26 14:04:32.177,2020-08-26 14:04:32.177
96b5e63f-1378-ed11-83d0-dbe72732717b,80,3192.0,2022-12-09 22:46:02.593,2022-12-09 22:46:02.593
d585860f-1578-ed11-83d0-dbe72732717b,80,2090.0,2022-12-09 22:59:04.440,2022-12-09 22:59:04.440
d5ab5fdf-1478-ed11-83d0-dbe72732717b,80,2090.0,2022-12-09 22:57:44.170,2022-12-09 22:57:44.170
aa9c2b88-1378-ed11-83d0-dbe72732717b,80,3116.0,2022-12-09 22:48:05.667,2022-12-09 22:48:05.667
d5df2bef-f5c2-ea11-a9ce-0a593f791696,80,3800.0,2020-07-10 21:48:52.927,2020-07-10 21:48:52.927
39ce5ccf-f9d7-ea11-828c-cf34c837d27a,80,7144.0,2020-08-06 15:31:45.587,2020-08-06 15:31:45.587
be7707c8-1678-ed11-83d0-dbe72732717b,80,2090.0,2022-12-09 23:11:24.773,2022-12-09 23:11:24.773
d00d6685-1078-ed11-83d0-dbe72732717b,80,3724.0,2022-12-09 22:26:32.377,2022-12-09 22:26:32.377
f7b01a7d-d5c9-ee11-8445-d746eec74329,80,0.0,2024-02-12 18:35:39.480,2024-02-12 18:35:39.480
3830418a-35d7-ea11-828c-cf34c837d27a,80,5016.0,2020-08-05 16:19:26.960,2020-08-05 16:19:26.960
9f0a56c1-1478-ed11-83d0-dbe72732717b,80,2090.0,2022-12-09 22:56:54.967,2022-12-09 22:56:54.967
0a503ee9-080f-eb11-828e-85d3c8e3831d,80,7144.0,2020-10-15 17:07:40.827,2020-10-15 17:07:40.827
2b0acda1-26e3-ea11-828c-f8709861f8d2,80,3800.0,2020-08-20 20:50:36.323,2020-08-20 20:50:36.323
186d7d9d-1078-ed11-83d0-dbe72732717b,80,2090.0,2022-12-09 22:27:16.807,2022-12-09 22:27:16.807
5761112f-cdc2-ea11-a9ce-0a593f791696,80,3800.0,2020-07-10 16:52:08.367,2020-07-10 16:52:08.367
1f943e22-1778-ed11-83d0-dbe72732717b,80,0.0,2022-12-09 23:13:53.907,2022-12-09 23:13:53.907
5484bf85-1278-ed11-83d0-dbe72732717b,80,3724.0,2022-12-09 22:40:52.277,2022-12-09 22:40:52.277
d54d1901-0050-fc61-546e-08de293dd39e,80,4538.6,2025-11-21 20:37:45.447,2025-11-21 20:37:45.447
f749ef4b-1378-ed11-83d0-dbe72732717b,80,3116.0,2022-12-09 22:46:29.187,2022-12-09 22:46:29.187
38330c01-0050-fc61-b201-08de293b07ce,80,3877.0,2025-11-21 20:17:44.540,2025-11-21 20:17:44.540
0a49f383-cfc2-ea11-a9ce-0a593f791696,80,3800.0,2020-07-10 17:11:46.340,2020-07-10 17:11:46.340
6d927ba3-1078-ed11-83d0-dbe72732717b,80,2090.0,2022-12-09 22:27:18.757,2022-12-09 22:27:18.757
a9c693e2-0f78-ed11-83d0-dbe72732717b,80,3724.0,2022-12-09 22:22:01.477,2022-12-09 22:22:01.477
0a558006-1478-ed11-83d0-dbe72732717b,80,3192.0,2022-12-09 22:51:42.953,2022-12-09 22:51:42.953
57528166-638d-ea11-a9ce-0a593f791696,80,12160.0,2020-05-03 17:38:41.117,2020-05-03 17:38:41.117
972e9d2d-1578-ed11-83d0-dbe72732717b,80,2090.0,2022-12-09 22:59:56.687,2022-12-09 22:59:56.687
574e0417-30cc-ea11-828c-cd0b241fdad6,80,7296.0,2020-07-22 15:31:08.317,2020-07-22 15:31:08.317
96ff0c01-0050-fc61-158c-08de293b33b8,80,3859.2,2025-11-21 20:18:58.230,2025-11-21 20:18:58.230
f2fa4d9d-1478-ed11-83d0-dbe72732717b,80,2090.0,2022-12-09 22:55:46.450,2022-12-09 22:55:46.450
6d8e2f7f-1478-ed11-83d0-dbe72732717b,80,3116.0,2022-12-09 22:55:03.793,2022-12-09 22:55:03.793
3add8406-c6e3-ea11-828c-f8709861f8d2,80,3800.0,2020-08-21 15:51:43.747,2020-08-21 15:51:43.747
3834e12a-1078-ed11-83d0-dbe72732717b,80,2090.0,2022-12-09 22:24:05.187,2022-12-09 22:24:05.187
4e210c4e-6bde-ea11-828c-dab48128a9c3,80,5472.0,2020-08-14 20:22:50.213,2020-08-14 20:22:50.213
6da21e01-0050-fc61-b241-08de293f1015,80,3465.0,2025-11-21 20:46:36.490,2025-11-21 20:46:36.490
b3701601-0050-fc61-20a4-08de293d3579,80,2399.2,2025-11-21 20:33:20.137,2025-11-21 20:33:20.137
97291901-0050-fc61-6293-08de293dca9b,80,25669.0,2025-11-21 20:37:30.343,2025-11-21 20:37:30.343
ad34993f-1578-ed11-83d0-dbe72732717b,80,2090.0,2022-12-09 23:00:26.570,2022-12-09 23:00:26.570
f716874d-b6d1-ea11-828c-b57555799727,80,5016.0,2020-07-29 16:18:08.637,2020-07-29 16:18:08.637
f70d1601-0050-fc61-cfa7-08de293d1ed2,80,4750.8,2025-11-21 20:32:42.200,2025-11-21 20:32:42.200
b24d2001-0050-fc61-4e5d-08de293f77ba,80,3877.0,2025-11-21 20:49:30.300,2025-11-21 20:49:30.300
d5068c6e-d9d0-ea11-828c-b57555799727,80,7296.0,2020-07-28 13:59:41.197,2020-07-28 13:59:41.197
6d7b0b01-0050-fc61-d2d5-08de293ae01e,80,25030.6,2025-11-21 20:16:37.970,2025-11-21 20:16:37.970
d4f868df-ffd7-ea11-828c-cf34c837d27a,80,5776.0,2020-08-06 16:16:41.770,2020-08-06 16:16:41.770
47b80901-0050-fc61-d932-08de293a815e,80,3877.0,2025-11-21 20:13:59.010,2025-11-21 20:13:59.010
2661860e-45e6-ea11-828c-cc6f8230eb3e,80,3800.0,2020-08-24 20:09:19.520,2020-08-24 20:09:19.520
6d65c17f-1278-ed11-83d0-dbe72732717b,80,2850.0,2022-12-09 22:40:46.943,2022-12-09 22:40:46.943
6d8a8fbc-fcd0-ea11-828c-b57555799727,80,7296.0,2020-07-28 18:06:32.227,2020-07-28 18:06:32.227
d5221901-0050-fc61-e889-08de293dc922,80,25669.0,2025-11-21 20:37:27.920,2025-11-21 20:37:27.920
f702d775-0f78-ed11-83d0-dbe72732717b,80,3192.0,2022-12-09 22:19:01.123,2022-12-09 22:19:01.123
f6cc09b6-1678-ed11-83d0-dbe72732717b,80,3116.0,2022-12-09 23:10:50.400,2022-12-09 23:10:50.400
57c14d14-518e-ea11-a9ce-0a593f791696,80,12160.0,2020-05-04 21:52:45.980,2020-05-04 21:52:45.980
aa920201-0001-dedc-a3b4-08de637394c4,80,0.0,2026-02-03 22:35:07.430,2026-02-03 22:35:07.430
f6e41901-0050-fc61-3b86-08de293df3d6,80,47020.48,2025-11-21 20:38:39.560,2025-11-21 20:38:39.560
9ef97204-4cd7-ea11-828c-cf34c837d27a,80,5472.0,2020-08-05 18:57:11.820,2020-08-05 18:57:11.820
5732d4a9-1278-ed11-83d0-dbe72732717b,80,3914.0,2022-12-09 22:41:56.417,2022-12-09 22:41:56.417
6de61801-0050-fc61-dc0f-08de293dba5a,80,4916.2,2025-11-21 20:37:03.283,2025-11-21 20:37:03.283
4cb21701-0050-fc61-9b6b-08de293d76bd,80,2399.2,2025-11-21 20:35:09.637,2025-11-21 20:35:09.637
6d59ffdd-82d3-ea11-828c-b4e2a79c59ea,80,7144.0,2020-07-31 23:17:02.637,2020-07-31 23:17:02.637
6d8c34fa-a0d6-ea11-828c-c3297631124c,80,5548.0,2020-08-04 22:26:50.023,2020-08-04 22:26:50.023
f7772101-0050-fc61-ece9-08de293fbd47,80,2399.2,2025-11-21 20:51:27.023,2025-11-21 20:51:27.023
f8c05cac-cbdc-ea11-828c-dab48128a9c3,80,5472.0,2020-08-12 18:50:22.747,2020-08-12 18:50:22.747
fc503915-0f78-ed11-83d0-dbe72732717b,80,3192.0,2022-12-09 22:16:15.393,2022-12-09 22:16:15.393
f6582e0d-edd0-ea11-828c-b57555799727,80,5776.0,2020-07-28 16:15:23.763,2020-07-28 16:15:23.763
f65d0b01-0050-fc61-814f-08de293ada22,80,3859.2,2025-11-21 20:16:27.907,2025-11-21 20:16:27.907
d4d7a5f3-c5d5-ea11-828c-c3297631124c,80,6688.0,2020-08-03 20:22:46.483,2020-08-03 20:22:46.483
1f84815d-0f78-ed11-83d0-dbe72732717b,80,3724.0,2022-12-09 22:18:17.277,2022-12-09 22:18:17.277
be541901-0050-fc61-eea1-08de293dd4e8,80,3859.2,2025-11-21 20:37:47.627,2025-11-21 20:37:47.627
1e31a85b-b29b-eb11-82e4-e9219a40f5c1,80,7296.0,2021-04-12 17:15:12.793,2021-04-12 17:15:12.793
f64f0601-0050-fc61-7253-08de2939ca6c,80,4916.2,2025-11-21 20:08:52.117,2025-11-21 20:08:52.117
ab1f0282-1578-ed11-83d0-dbe72732717b,80,2090.0,2022-12-09 23:02:16.803,2022-12-09 23:02:16.803
f6415f46-1778-ed11-83d0-dbe72732717b,80,2090.0,2022-12-09 23:14:50.097,2022-12-09 23:14:50.097
f6431c01-0050-fc61-40a6-08de293e81c9,80,19140.2,2025-11-21 20:42:37.700,2025-11-21 20:42:37.700
d4db0d01-0050-fc61-7496-08de293b62ea,80,2399.2,2025-11-21 20:20:17.430,2025-11-21 20:20:17.430
0a185b76-1178-ed11-83d0-dbe72732717b,80,3724.0,2022-12-09 22:33:12.653,2022-12-09 22:33:12.653
f633142b-1278-ed11-83d0-dbe72732717b,80,3724.0,2022-12-09 22:38:25.413,2022-12-09 22:38:25.413
f643c6f8-f895-ea11-a9ce-0a593f791696,80,12160.0,2020-05-14 15:47:11.047,2020-05-14 15:47:11.047
6d011f79-1478-ed11-83d0-dbe72732717b,80,2090.0,2022-12-09 22:54:52.403,2022-12-09 22:54:52.403
d4c81c01-0050-fc61-dcae-08de293ea169,80,2399.2,2025-11-21 20:43:30.730,2025-11-21 20:43:30.730
f60c808b-1078-ed11-83d0-dbe72732717b,80,3724.0,2022-12-09 22:26:44.210,2022-12-09 22:26:44.210
6d01e6f7-1278-ed11-83d0-dbe72732717b,80,3914.0,2022-12-09 22:44:07.387,2022-12-09 22:44:07.387
161c5b76-1178-ed11-83d0-dbe72732717b,80,3192.0,2022-12-09 22:33:14.060,2022-12-09 22:33:14.060
56f0ed45-1378-ed11-83d0-dbe72732717b,80,3952.0,2022-12-09 22:46:10.757,2022-12-09 22:46:10.757
f5f61f01-0050-fc61-891b-08de293f611f,80,3877.0,2025-11-21 20:48:52.357,2025-11-21 20:48:52.357
184cbddb-2ad0-ea11-828c-b57555799727,80,7296.0,2020-07-27 17:08:19.123,2020-07-27 17:08:19.123
3552f74a-4e4e-ee11-8444-82222e4508aa,80,0.0,2023-09-08 13:48:56.417,2023-09-08 13:48:56.417
f5ce6eeb-1478-ed11-83d0-dbe72732717b,80,2090.0,2022-12-09 22:58:00.760,2022-12-09 22:58:00.760
6ce12da0-0f78-ed11-83d0-dbe72732717b,80,3952.0,2022-12-09 22:20:07.607,2022-12-09 22:20:07.607
f5cfad06-1078-ed11-83d0-dbe72732717b,80,3116.0,2022-12-09 22:23:01.513,2022-12-09 22:23:01.513
f6268001-1678-ed11-83d0-dbe72732717b,80,3116.0,2022-12-09 23:05:52.373,2022-12-09 23:05:52.373
f67321b5-0e78-ed11-83d0-dbe72732717b,80,3724.0,2022-12-09 22:13:32.543,2022-12-09 22:13:32.543
97860601-0050-fc61-0e16-08de2939d600,80,20580.8,2025-11-21 20:09:11.517,2025-11-21 20:09:11.517
f5ab062a-f5cc-ea11-828c-cd0b241fdad6,80,7296.0,2020-07-23 15:21:29.440,2020-07-23 15:21:29.440
d48361e5-1478-ed11-83d0-dbe72732717b,80,2090.0,2022-12-09 22:57:47.283,2022-12-09 22:57:47.283
6cc80a01-0050-fc61-3e7d-08de293ab8c3,80,20580.8,2025-11-21 20:15:31.920,2025-11-21 20:15:31.920
4264ef3c-1078-ed11-83d0-dbe72732717b,80,3116.0,2022-12-09 22:24:28.117,2022-12-09 22:24:28.117
f58f0e01-0050-fc61-f7f5-08de293b8820,80,4779.2,2025-11-21 20:21:19.867,2025-11-21 20:21:19.867
56c82201-0050-fc61-7096-08de29400e25,80,3877.0,2025-11-21 20:53:42.647,2025-11-21 20:53:42.647
9ee80b01-0050-fc61-faea-08de293af5f2,80,6275.6,2025-11-21 20:17:14.567,2025-11-21 20:17:14.567
f584f669-1378-ed11-83d0-dbe72732717b,80,3116.0,2022-12-09 22:47:10.773,2022-12-09 22:47:10.773
f58b18ba-21d0-ea11-828c-b8d3df7da6ad,80,5472.0,2020-07-27 16:11:42.323,2020-07-27 16:11:42.323
16267f3a-7dc8-ea11-828c-bbacfba5f3d6,80,7296.0,2020-07-17 22:35:12.517,2020-07-17 22:35:12.517
f59ecc65-32e3-ea11-828c-f8709861f8d2,80,3800.0,2020-08-20 22:14:34.110,2020-08-20 22:14:34.110
f5594f86-b2d5-ea11-828c-c3297631124c,80,5472.0,2020-08-03 18:05:44.813,2020-08-03 18:05:44.813
f5572201-0050-fc61-2432-08de293ff1d5,80,2399.2,2025-11-21 20:52:55.193,2025-11-21 20:52:55.193
f56c0901-0050-fc61-2f6b-08de293a72d6,80,4916.2,2025-11-21 20:13:34.603,2025-11-21 20:13:34.603
d46c0a01-0050-fc61-3f01-08de293aa71e,80,4494.8,2025-11-21 20:15:02.340,2025-11-21 20:15:02.340
be621701-0050-fc61-8375-08de293d67d0,80,2399.2,2025-11-21 20:34:44.603,2025-11-21 20:34:44.603
f537a8bb-1078-ed11-83d0-dbe72732717b,80,3116.0,2022-12-09 22:28:03.597,2022-12-09 22:28:03.597
3da50901-0050-fc61-13ee-08de293a7db3,80,3877.0,2025-11-21 20:13:52.867,2025-11-21 20:13:52.867
f5821d01-0050-fc61-02e1-08de293ecd20,80,4916.2,2025-11-21 20:44:44.090,2025-11-21 20:44:44.090
6ca7a867-1278-ed11-83d0-dbe72732717b,80,3724.0,2022-12-09 22:40:01.820,2022-12-09 22:40:01.820
09fc0e01-0050-fc61-663d-08de293b9d6d,80,3877.0,2025-11-21 20:21:55.547,2025-11-21 20:21:55.547
d44b1c01-0050-fc61-60fb-08de293e8384,80,25669.0,2025-11-21 20:42:40.583,2025-11-21 20:42:40.583
00952e49-1278-ed11-83d0-dbe72732717b,80,3724.0,2022-12-09 22:39:12.700,2022-12-09 22:39:12.700
be2a4740-1778-ed11-83d0-dbe72732717b,80,2090.0,2022-12-09 23:14:41.520,2022-12-09 23:14:41.520
d4561501-0050-fc61-cfad-08de293cf740,80,2399.2,2025-11-21 20:31:35.793,2025-11-21 20:31:35.793
be170b01-0050-fc61-405c-08de293aca2c,80,3877.0,2025-11-21 20:16:01.153,2025-11-21 20:16:01.153
f4c61b68-48de-ea11-828c-dab48128a9c3,80,5776.0,2020-08-14 16:18:43.970,2020-08-14 16:18:43.970
f5080801-0050-fc61-fa3f-08de293a285c,80,4505.8,2025-11-21 20:11:29.660,2025-11-21 20:11:29.660
f4b152a9-5d7d-ec11-8350-d3131e7fd828,80,3952.0,2022-01-24 21:40:08.863,2022-01-24 21:40:08.863
569e0601-0050-fc61-22bf-08de2939daf3,80,25669.0,2025-11-21 20:09:19.837,2025-11-21 20:09:19.837
6c88eb52-1ccd-ea11-828c-cd0b241fdad6,80,7296.0,2020-07-23 19:44:58.230,2020-07-23 19:44:58.230
f4841534-1cc2-eb11-830a-b717950c1bc2,80,0.0,2021-05-31 14:27:35.473,2021-05-31 14:27:35.473
97e604d4-1678-ed11-83d0-dbe72732717b,80,2983.0,2022-12-09 23:11:44.313,2022-12-09 23:11:44.313
d4571701-0050-fc61-b91b-08de293d65e6,80,27253.6,2025-11-21 20:34:41.437,2025-11-21 20:34:41.437
56997186-70e3-ea11-828c-f8709861f8d2,80,3800.0,2020-08-21 05:42:40.200,2020-08-21 05:42:40.200
f4ab0f01-0050-fc61-720b-08de293bc157,80,3877.0,2025-11-21 20:22:55.823,2025-11-21 20:22:55.823
f51e1ae6-1678-ed11-83d0-dbe72732717b,80,0.0,2022-12-09 23:12:07.937,2022-12-09 23:12:07.937
425d1e94-1378-ed11-83d0-dbe72732717b,80,3116.0,2022-12-09 22:48:27.110,2022-12-09 22:48:27.110
347d5c6a-1778-ed11-83d0-dbe72732717b,80,3192.0,2022-12-09 23:15:57.377,2022-12-09 23:15:57.377
4dd71201-0050-fc61-a282-08de293c6ebb,80,3877.0,2025-11-21 20:27:46.710,2025-11-21 20:27:46.710
a7a3dde8-55e2-ea11-828c-f8709861f8d2,80,3800.0,2020-08-19 19:56:14.337,2020-08-19 19:56:14.337
be116245-0f78-ed11-83d0-dbe72732717b,80,3192.0,2022-12-09 22:17:40.970,2022-12-09 22:17:40.970
6c899c54-b9d8-ea11-828c-cf34c837d27a,80,5776.0,2020-08-07 14:26:41.083,2020-08-07 14:26:41.083
56977506-508a-ea11-a9ce-0a593f791696,80,15200.0,2020-04-29 19:49:20.823,2020-04-29 19:49:20.823
47df1501-0050-fc61-0b13-08de293d14eb,80,2399.2,2025-11-21 20:32:25.530,2025-11-21 20:32:25.530
2ab90701-0050-fc61-fe80-08de293a18b4,80,4538.6,2025-11-21 20:11:03.377,2025-11-21 20:11:03.377
4a6a0a01-0050-fc61-947c-08de293aa6b6,80,4505.8,2025-11-21 20:15:01.653,2025-11-21 20:15:01.653
56930446-7fd2-ea11-828c-b4e2a79c59ea,80,7144.0,2020-07-30 16:23:35.813,2020-07-30 16:23:35.813
f51ec633-dfe6-ea11-828c-cc6f8230eb3e,80,3800.0,2020-08-25 14:33:23.643,2020-08-25 14:33:23.643
6c2404e2-bed1-ea11-828c-b57555799727,80,6688.0,2020-07-29 17:25:20.720,2020-07-29 17:25:20.720
f43b1801-0050-fc61-ecc4-08de293d96c6,80,25669.0,2025-11-21 20:36:03.397,2025-11-21 20:36:03.397
5683159a-1578-ed11-83d0-dbe72732717b,80,2090.0,2022-12-09 23:02:53.780,2022-12-09 23:02:53.780
4d891301-0050-fc61-4d63-08de293c9632,80,4516.8,2025-11-21 20:28:52.980,2025-11-21 20:28:52.980
98191701-0050-fc61-0d0d-08de293d59ad,80,2399.2,2025-11-21 20:34:20.873,2025-11-21 20:34:20.873
9ec8d031-1678-ed11-83d0-dbe72732717b,80,3116.0,2022-12-09 23:07:09.490,2022-12-09 23:07:09.490
f4140701-0050-fc61-3e87-08de2939f3ca,80,3877.0,2025-11-21 20:10:01.460,2025-11-21 20:10:01.460
9825986e-9394-ea11-a9ce-0a593f791696,80,12160.0,2020-05-12 21:14:45.977,2020-05-12 21:14:45.977
6c28fa54-1478-ed11-83d0-dbe72732717b,80,3952.0,2022-12-09 22:53:49.653,2022-12-09 22:53:49.653
f3e1a9e0-57d3-ea11-828c-b4e2a79c59ea,80,6688.0,2020-07-31 18:07:11.083,2020-07-31 18:07:11.083
9ea01dc4-8de1-ea11-828c-fcb9b0fbbc3d,80,3800.0,2020-08-18 20:07:01.577,2020-08-18 20:07:01.577
5678860f-1578-ed11-83d0-dbe72732717b,80,2090.0,2022-12-09 22:59:00.303,2022-12-09 22:59:00.303
f412a34b-4e8b-eb11-82e4-8b0ab3f259e8,80,7296.0,2021-03-22 20:44:58.637,2021-03-22 20:44:58.637
f44e8ce8-0f78-ed11-83d0-dbe72732717b,80,3192.0,2022-12-09 22:22:05.233,2022-12-09 22:22:05.233
be9dc86d-1678-ed11-83d0-dbe72732717b,80,0.0,2022-12-09 23:08:47.113,2022-12-09 23:08:47.113
f3331301-0050-fc61-107a-08de293c8538,80,2399.2,2025-11-21 20:28:24.427,2025-11-21 20:28:24.427
f158fe11-6bd0-ea11-828c-b57555799727,80,7144.0,2020-07-28 00:48:10.170,2020-07-28 00:48:10.170
d3f51c01-0050-fc61-165f-08de293eabfb,80,3431.4,2025-11-21 20:43:48.467,2025-11-21 20:43:48.467
d7867b9f-b6d8-ea11-828c-cf34c837d27a,80,5472.0,2020-08-07 14:05:17.330,2020-08-07 14:05:17.330
f2d60af8-1678-ed11-83d0-dbe72732717b,80,2090.0,2022-12-09 23:12:45.133,2022-12-09 23:12:45.133
d4108291-1078-ed11-83d0-dbe72732717b,80,3724.0,2022-12-09 22:26:57.463,2022-12-09 22:26:57.463
5fa17832-b7e0-ea11-828c-fcb9b0fbbc3d,80,5472.0,2020-08-17 18:34:59.880,2020-08-17 18:34:59.880
d42d2203-0f78-ed11-83d0-dbe72732717b,80,2090.0,2022-12-09 22:15:42.957,2022-12-09 22:15:42.957
07a9bb27-64c8-ea11-828c-bbacfba5f3d6,80,3800.0,2020-07-17 19:35:28.170,2020-07-17 19:35:28.170
07741898-55d7-ea11-828c-cf34c837d27a,80,5016.0,2020-08-05 20:07:32.040,2020-08-05 20:07:32.040
4dceb7d1-8d89-ea11-a9ce-0a593f791696,80,13680.0,2020-04-28 20:22:38.260,2020-04-28 20:22:38.260
d4f27412-e0dc-ea11-828c-dab48128a9c3,80,5472.0,2020-08-12 21:29:11.520,2020-08-12 21:29:11.520
f44ea2c1-1078-ed11-83d0-dbe72732717b,80,3914.0,2022-12-09 22:28:18.003,2022-12-09 22:28:18.003
26960a01-0050-fc61-432c-08de293aaee1,80,4916.2,2025-11-21 20:15:15.333,2025-11-21 20:15:15.333
e43ea334-d2bb-eb11-830a-a4b0d298b5f4,79,23858.0,2021-05-23 14:21:56.357,2021-05-23 14:21:56.357
856e7cf1-467b-ed11-83d0-dbe117b3817e,79,36436.3,2022-12-14 00:33:37.773,2022-12-14 00:33:37.773
e180b330-bdf4-ed11-8445-b5d49e094b1d,79,0.0,2023-05-17 14:16:11.750,2023-05-17 14:16:11.750
50ef8e73-e0d2-eb11-830a-9b92ee7b3382,79,4503.0,2021-06-21 22:36:16.397,2021-06-21 22:36:16.397
2e498006-1478-ed11-83d0-dbe72732717b,79,3677.45,2022-12-09 22:51:38.570,2022-12-09 22:51:38.570
7d7d9af4-cbf7-ec11-83ad-c35b536a62f6,79,4661.0,2022-06-29 16:54:55.180,2022-06-29 16:54:55.180
f2c204ac-f090-79c7-f491-08ddcea6159c,79,2765.0,2025-07-29 13:45:57.857,2025-07-29 13:45:57.857
76d8cf5e-d2bb-eb11-830a-a4b0d298b5f4,79,23858.0,2021-05-23 14:23:05.710,2021-05-23 14:23:05.710
da5c2247-8e21-ee11-8445-9c381db65806,79,0.0,2023-07-13 15:08:39.157,2023-07-13 15:08:39.157
d2340b01-0050-fc61-6e2c-08de293ad0ec,79,4854.75,2025-11-21 20:16:12.440,2025-11-21 20:16:12.440
d6750c01-0050-fc61-6dcc-08de293b1704,79,16372.95,2025-11-21 20:18:10.100,2025-11-21 20:18:10.100
6d806e63-475b-ef11-84bd-f76575e16336,79,4870.6,2024-08-15 20:51:05.083,2024-08-15 20:51:05.083
ec7d06a8-5c90-79c7-ebff-08ddff963fb0,78,0.0,2025-09-29 20:28:00.857,2025-09-29 20:28:00.857
353b917b-8d3d-ec11-8350-eb6a6c43d4df,78,0.0,2021-11-04 16:41:13.263,2021-11-04 16:41:13.263
13cb6499-7d5c-ec11-8350-fd1908bc5a53,78,0.0,2021-12-14 01:31:55.563,2021-12-14 01:31:55.563
8e2603ef-1178-ed11-83d0-dbe72732717b,78,3038.1,2022-12-09 22:36:42.743,2022-12-09 22:36:42.743
e5a10901-0050-fc61-d404-08de293a7d11,78,9320.06,2025-11-21 20:13:51.780,2025-11-21 20:13:51.780
05622001-0050-fc61-50cb-08de293f7d37,78,3780.08,2025-11-21 20:49:39.517,2025-11-21 20:49:39.517
88c25b95-eb03-ee11-8445-b3d9b29f3eac,78,0.0,2023-06-05 21:55:38.107,2023-06-05 21:55:38.107
8353bb0c-1078-ed11-83d0-dbe72732717b,78,3630.9,2022-12-09 22:23:07.760,2022-12-09 22:23:07.760
af716f00-1478-ed11-83d0-dbe72732717b,78,2037.76,2022-12-09 22:51:27.597,2022-12-09 22:51:27.597
0f4d3de2-bdc2-ea11-a9ce-0a593f791696,78,3700.0,2020-07-10 14:59:37.863,2020-07-10 14:59:37.863
5d99e588-c0ce-eb11-830a-ec86c785ce06,78,0.0,2021-06-16 16:33:35.260,2021-06-16 16:33:35.260
a8d00501-0050-fc61-970a-08de2939a8cf,78,0.0,2025-11-21 20:07:56.133,2025-11-21 20:07:56.133
3efd0601-0050-fc61-7a78-08de2939ee81,78,4659.72,2025-11-21 20:09:52.590,2025-11-21 20:09:52.590
b4caa0ac-55d7-ea11-828c-cf34c837d27a,78,4884.0,2020-08-05 20:01:42.923,2020-08-05 20:01:42.923
038fdc74-1940-ee11-8444-9168a3f93c29,78,0.0,2023-08-21 11:55:54.077,2023-08-21 11:55:54.077
a00687b8-1420-ee11-8445-c3fa346bda63,78,0.0,2023-07-11 18:02:51.047,2023-07-11 18:02:51.047
fcb48ad6-1578-ed11-83d0-dbe72732717b,78,2037.76,2022-12-09 23:04:36.333,2022-12-09 23:04:36.333
fcb1101e-4812-eb11-828e-85d3c8e3831d,78,5328.0,2020-10-19 20:17:35.410,2020-10-19 20:17:35.410
fae62da0-0f78-ed11-83d0-dbe72732717b,78,3853.2,2022-12-09 22:20:10.693,2022-12-09 22:20:10.693
4e45edd2-a61b-f011-8506-f620b75292ac,78,5959.2,2025-04-17 16:14:46.307,2025-04-17 16:14:46.307
efc2a6ff-d4b9-ed11-842b-c82d014b750b,77,5401.55,2023-03-03 15:07:00.093,2023-03-03 15:07:00.093
3355682d-98d0-eb11-830a-c1c5c06c5978,77,0.0,2021-06-19 00:50:48.507,2021-06-19 00:50:48.507
990a98ca-45cd-eb11-830a-d15739d7672a,77,0.0,2021-06-14 19:24:03.463,2021-06-14 19:24:03.463
b1938860-1f80-ef11-84c9-fc366142df0b,77,0.0,2024-10-01 18:04:20.030,2024-10-01 18:04:20.030
98033b1f-eebf-ec11-8398-f3810c65084b,77,0.0,2022-04-19 14:39:53.637,2022-04-19 14:39:53.637
020d0601-006a-cdf8-dd17-08de6b09de5c,77,0.0,2026-02-13 14:13:19.543,2026-02-13 14:13:19.543
badf3619-c2e4-eb11-8315-c6b2117169af,77,0.0,2021-07-14 16:41:53.727,2021-07-14 16:41:53.727
06199e2b-1bd8-eb11-830a-e24e239857dd,77,0.0,2021-06-28 14:15:19.190,2021-06-28 14:15:19.190
3125c42e-e53e-ef11-84a5-d9094bf8c1c8,77,2695.0,2024-07-10 17:53:07.970,2024-07-10 17:53:07.970
00e8ab3f-51ef-ed11-8445-97dfc8556c8c,77,0.0,2023-05-10 16:41:32.810,2023-05-10 16:41:32.810
b81f8b64-1418-ed11-83ad-c3844712c2f1,77,0.0,2022-08-09 18:53:07.497,2022-08-09 18:53:07.497
e10dda19-39c3-ed11-842b-c6890f19f82e,77,0.0,2023-03-15 13:56:19.390,2023-03-15 13:56:19.390
4d8b395d-3922-ec11-8344-c92b692bb295,77,0.0,2021-09-30 21:58:12.263,2021-09-30 21:58:12.263
44c59026-9f3e-ed11-83d0-96db979305e9,77,0.0,2022-09-27 20:01:50.890,2022-09-27 20:01:50.890
c36d83d7-b95c-ee11-8444-854bb18c0918,77,0.0,2023-09-26 22:13:26.330,2023-09-26 22:13:26.330
0d418095-8309-f011-84f4-ff0475a88a10,77,5257.56,2025-03-25 14:17:54.403,2025-03-25 14:17:54.403
5b7144d3-d71b-ec11-8344-bb4c63545859,77,0.0,2021-09-22 19:05:14.430,2021-09-22 19:05:14.430
71d777c7-4dda-ee11-8444-d25ce09ad7e0,77,0.0,2024-03-04 17:38:02.403,2024-03-04 17:38:02.403
58c4bb26-1438-ec11-8344-86f8c8c06049,77,0.0,2021-10-28 17:26:51.717,2021-10-28 17:26:51.717
d7520f6d-bcdd-eb11-8315-c35465b0131a,77,0.0,2021-07-05 18:13:34.437,2021-07-05 18:13:34.437
6fb24939-d290-ec11-8375-db934db4a381,77,0.0,2022-02-18 15:49:24.567,2022-02-18 15:49:24.567
f58079ef-31ef-eb11-8315-d6d741cbae3f,77,0.0,2021-07-27 23:25:36.563,2021-07-27 23:25:36.563
6bab79f0-7a5c-ec11-8350-fd1908bc5a53,76,22480.8,2021-12-14 01:12:52.183,2021-12-14 01:12:52.183
6ba93fdf-765c-ec11-8350-fd1908bc5a53,76,7068.0,2021-12-14 00:43:43.837,2021-12-14 00:43:43.837
9e5d60d5-879b-ee11-8445-cc0b759db311,76,3553.0,2023-12-15 20:23:48.550,2023-12-15 20:23:48.550
9e6be444-7b5c-ec11-8350-fd1908bc5a53,76,2888.0,2021-12-14 01:15:08.583,2021-12-14 01:15:08.583
bda50bb5-8b9b-ee11-8445-cc0b759db311,76,2242.0,2023-12-15 20:51:33.963,2023-12-15 20:51:33.963
cf842ad3-8b9b-ee11-8445-cc0b759db311,76,2242.0,2023-12-15 20:52:20.483,2023-12-15 20:52:20.483
9e40989c-7c5c-ec11-8350-fd1908bc5a53,76,1976.0,2021-12-14 01:24:47.543,2021-12-14 01:24:47.543
6b8f21cd-8b9b-ee11-8445-cc0b759db311,76,2242.0,2023-12-15 20:52:06.253,2023-12-15 20:52:06.253
9e4748f8-899b-ee11-8445-cc0b759db311,76,4465.0,2023-12-15 20:39:02.960,2023-12-15 20:39:02.960
efad66f3-8c9b-ee11-8445-cc0b759db311,76,13509.0,2023-12-15 21:00:25.693,2023-12-15 21:00:25.693
072fc06b-7c5c-ec11-8350-fd1908bc5a53,76,1976.0,2021-12-14 01:23:28.480,2021-12-14 01:23:28.480
3a580b91-8b9b-ee11-8445-cc0b759db311,76,2242.0,2023-12-15 20:50:28.037,2023-12-15 20:50:28.037
efaf16bc-899b-ee11-8445-cc0b759db311,76,3866.5,2023-12-15 20:37:23.707,2023-12-15 20:37:23.707
9e1b704b-8c9b-ee11-8445-cc0b759db311,76,2242.0,2023-12-15 20:55:45.687,2023-12-15 20:55:45.687
072cc1b1-7d5c-ec11-8350-fd1908bc5a53,76,1976.0,2021-12-14 01:32:33.047,2021-12-14 01:32:33.047
37d12201-0050-fc61-f958-08de29400fec,76,4513.28,2025-11-21 20:53:45.667,2025-11-21 20:53:45.667
9e0d7581-795c-ec11-8350-fd1908bc5a53,76,6308.0,2021-12-14 01:02:31.167,2021-12-14 01:02:31.167
efa47ee1-7b5c-ec11-8350-fd1908bc5a53,76,1976.0,2021-12-14 01:19:33.637,2021-12-14 01:19:33.637
48ca1996-8d9b-ee11-8445-cc0b759db311,76,3553.0,2023-12-15 21:04:59.520,2023-12-15 21:04:59.520
cf64210d-8b9b-ee11-8445-cc0b759db311,76,4503.0,2023-12-15 20:46:47.680,2023-12-15 20:46:47.680
6b7248c9-7b5c-ec11-8350-fd1908bc5a53,76,1976.0,2021-12-14 01:18:49.127,2021-12-14 01:18:49.127
9e7d1e55-8b9b-ee11-8445-cc0b759db311,76,7353.0,2023-12-15 20:48:46.603,2023-12-15 20:48:46.603
9ded6133-775c-ec11-8350-fd1908bc5a53,76,3534.0,2021-12-14 00:46:03.400,2021-12-14 00:46:03.400
6b6f7d17-8d9b-ee11-8445-cc0b759db311,76,8189.0,2023-12-15 21:01:26.160,2023-12-15 21:01:26.160
4b6d9453-889b-ee11-8445-cc0b759db311,76,8189.0,2023-12-15 20:27:20.713,2023-12-15 20:27:20.713
9dd877d8-7a5c-ec11-8350-fd1908bc5a53,76,1976.0,2021-12-14 01:12:09.510,2021-12-14 01:12:09.510
9ddcb98d-775c-ec11-8350-fd1908bc5a53,76,2888.0,2021-12-14 00:48:31.463,2021-12-14 00:48:31.463
9dd74521-7d5c-ec11-8350-fd1908bc5a53,76,6308.0,2021-12-14 01:28:33.550,2021-12-14 01:28:33.550
9dd7343f-879b-ee11-8445-cc0b759db311,76,3553.0,2023-12-15 20:19:35.503,2023-12-15 20:19:35.503
072738e5-765c-ec11-8350-fd1908bc5a53,76,3534.0,2021-12-14 00:43:52.483,2021-12-14 00:43:52.483
f0efac6f-775c-ec11-8350-fd1908bc5a53,76,3059.0,2021-12-14 00:47:42.887,2021-12-14 00:47:42.887
9dc1748d-879b-ee11-8445-cc0b759db311,76,3572.0,2023-12-15 20:21:48.433,2023-12-15 20:21:48.433
1f384c33-795c-ec11-8350-fd1908bc5a53,76,3800.0,2021-12-14 01:00:25.303,2021-12-14 01:00:25.303
9da60b14-8e9b-ee11-8445-cc0b759db311,76,4503.0,2023-12-15 21:08:29.257,2023-12-15 21:08:29.257
ef50c3d7-889b-ee11-8445-cc0b759db311,76,4503.0,2023-12-15 20:30:56.127,2023-12-15 20:30:56.127
cf585210-8a9b-ee11-8445-cc0b759db311,76,3553.0,2023-12-15 20:39:48.123,2023-12-15 20:39:48.123
9d87aa7c-8a9b-ee11-8445-cc0b759db311,76,3553.0,2023-12-15 20:42:42.647,2023-12-15 20:42:42.647
cf624ae5-8b9b-ee11-8445-cc0b759db311,76,2242.0,2023-12-15 20:52:50.710,2023-12-15 20:52:50.710
cf60f3fa-8a9b-ee11-8445-cc0b759db311,76,3553.0,2023-12-15 20:46:14.733,2023-12-15 20:46:14.733
ef4e62db-879b-ee11-8445-cc0b759db311,76,3572.0,2023-12-15 20:23:57.337,2023-12-15 20:23:57.337
9d68698a-7a5c-ec11-8350-fd1908bc5a53,76,20665.92,2021-12-14 01:09:58.807,2021-12-14 01:09:58.807
9d5f16a3-8b9b-ee11-8445-cc0b759db311,76,2242.0,2023-12-15 20:51:02.343,2023-12-15 20:51:02.343
4227301b-879b-ee11-8445-cc0b759db311,76,4180.0,2023-12-15 20:18:30.867,2023-12-15 20:18:30.867
cf4d4beb-8b9b-ee11-8445-cc0b759db311,76,4180.0,2023-12-15 20:53:03.497,2023-12-15 20:53:03.497
cfe07321-8c9b-ee11-8445-cc0b759db311,76,2242.0,2023-12-15 20:54:29.267,2023-12-15 20:54:29.267
17e590c6-785c-ec11-8350-fd1908bc5a53,76,3534.0,2021-12-14 00:57:23.017,2021-12-14 00:57:23.017
9d5e210d-8b9b-ee11-8445-cc0b759db311,76,20368.0,2023-12-15 20:46:45.623,2023-12-15 20:46:45.623
557708b0-a290-79c7-94eb-08dd94a46c5e,76,0.0,2025-05-16 18:11:14.507,2025-05-16 18:11:14.507
6b4b403f-795c-ec11-8350-fd1908bc5a53,76,3534.0,2021-12-14 01:00:39.237,2021-12-14 01:00:39.237
ef380812-785c-ec11-8350-fd1908bc5a53,76,1976.0,2021-12-14 00:52:22.157,2021-12-14 00:52:22.157
a8a766f3-8c9b-ee11-8445-cc0b759db311,76,8189.0,2023-12-15 21:00:23.117,2023-12-15 21:00:23.117
277c876f-8c9b-ee11-8445-cc0b759db311,76,14592.0,2023-12-15 20:56:40.627,2023-12-15 20:56:40.627
17d9f3ae-7c5c-ec11-8350-fd1908bc5a53,76,14481.8,2021-12-14 01:25:20.837,2021-12-14 01:25:20.837
17d9c666-765c-ec11-8350-fd1908bc5a53,76,12368.24,2021-12-14 00:40:22.670,2021-12-14 00:40:22.670
9d524c1c-8a9b-ee11-8445-cc0b759db311,76,4465.0,2023-12-15 20:40:00.660,2023-12-15 20:40:00.660
424e70de-7a5c-ec11-8350-fd1908bc5a53,76,3800.0,2021-12-14 01:12:18.663,2021-12-14 01:12:18.663
277aa0bd-795c-ec11-8350-fd1908bc5a53,76,2660.0,2021-12-14 01:04:14.590,2021-12-14 01:04:14.590
6b2d2090-785c-ec11-8350-fd1908bc5a53,76,20665.92,2021-12-14 00:55:47.723,2021-12-14 00:55:47.723
6bcc249d-869b-ee11-8445-cc0b759db311,76,23408.0,2023-12-15 20:15:06.790,2023-12-15 20:15:06.790
4d31d89a-8a9b-ee11-8445-cc0b759db311,76,3553.0,2023-12-15 20:43:33.353,2023-12-15 20:43:33.353
6b327e5d-8c9b-ee11-8445-cc0b759db311,76,3553.0,2023-12-15 20:56:10.037,2023-12-15 20:56:10.037
ad71210d-8b9b-ee11-8445-cc0b759db311,76,3572.0,2023-12-15 20:46:52.813,2023-12-15 20:46:52.813
3dbbf1e9-889b-ee11-8445-cc0b759db311,76,4503.0,2023-12-15 20:31:31.197,2023-12-15 20:31:31.197
024e167f-869b-ee11-8445-cc0b759db311,76,4180.0,2023-12-15 20:14:14.173,2023-12-15 20:14:14.173
6b21137e-8d9b-ee11-8445-cc0b759db311,76,13623.0,2023-12-15 21:04:21.270,2023-12-15 21:04:21.270
09bcb395-889b-ee11-8445-cc0b759db311,76,4465.0,2023-12-15 20:29:10.133,2023-12-15 20:29:10.133
bd5c3639-879b-ee11-8445-cc0b759db311,76,4503.0,2023-12-15 20:19:21.593,2023-12-15 20:19:21.593
6b1e656f-879b-ee11-8445-cc0b759db311,76,3192.0,2023-12-15 20:20:57.397,2023-12-15 20:20:57.397
276c09bb-8b9b-ee11-8445-cc0b759db311,76,2242.0,2023-12-15 20:51:42.667,2023-12-15 20:51:42.667
9d29c1b1-7d5c-ec11-8350-fd1908bc5a53,76,1976.0,2021-12-14 01:32:32.297,2021-12-14 01:32:32.297
a89a7ee1-7b5c-ec11-8350-fd1908bc5a53,76,1976.0,2021-12-14 01:19:30.247,2021-12-14 01:19:30.247
cef0b6a7-889b-ee11-8445-cc0b759db311,76,13623.0,2023-12-15 20:29:38.263,2023-12-15 20:29:38.263
9d15d632-7b5c-ec11-8350-fd1908bc5a53,76,2888.0,2021-12-14 01:14:42.667,2021-12-14 01:14:42.667
488f1692-899b-ee11-8445-cc0b759db311,76,2242.0,2023-12-15 20:36:12.507,2023-12-15 20:36:12.507
9d161fdf-869b-ee11-8445-cc0b759db311,76,3192.0,2023-12-15 20:16:52.587,2023-12-15 20:16:52.587
9d12424b-795c-ec11-8350-fd1908bc5a53,76,3724.0,2021-12-14 01:01:03.887,2021-12-14 01:01:03.887
9d1cba47-7c5c-ec11-8350-fd1908bc5a53,76,22701.2,2021-12-14 01:22:29.250,2021-12-14 01:22:29.250
aa71b965-7c5c-ec11-8350-fd1908bc5a53,76,1976.0,2021-12-14 01:23:18.277,2021-12-14 01:23:18.277
4219c560-765c-ec11-8350-fd1908bc5a53,76,2508.0,2021-12-14 00:40:05.823,2021-12-14 00:40:05.823
6b1c1cf7-869b-ee11-8445-cc0b759db311,76,13623.0,2023-12-15 20:17:35.203,2023-12-15 20:17:35.203
9d0bb28f-889b-ee11-8445-cc0b759db311,76,4503.0,2023-12-15 20:28:54.067,2023-12-15 20:28:54.067
ef251085-8b9b-ee11-8445-cc0b759db311,76,3192.0,2023-12-15 20:50:07.180,2023-12-15 20:50:07.180
9ccff0ed-795c-ec11-8350-fd1908bc5a53,76,2660.0,2021-12-14 01:05:34.717,2021-12-14 01:05:34.717
ced95a5d-795c-ec11-8350-fd1908bc5a53,76,2660.0,2021-12-14 01:01:35.537,2021-12-14 01:01:35.537
b1e04dbd-879b-ee11-8445-cc0b759db311,76,2242.0,2023-12-15 20:23:05.637,2023-12-15 20:23:05.637
1f09c8b3-889b-ee11-8445-cc0b759db311,76,4503.0,2023-12-15 20:30:00.780,2023-12-15 20:30:00.780
9cba3945-795c-ec11-8350-fd1908bc5a53,76,2660.0,2021-12-14 01:00:48.033,2021-12-14 01:00:48.033
ced1e8d0-8a9b-ee11-8445-cc0b759db311,76,3553.0,2023-12-15 20:45:06.557,2023-12-15 20:45:06.557
9c83b6cb-889b-ee11-8445-cc0b759db311,76,4465.0,2023-12-15 20:30:37.703,2023-12-15 20:30:37.703
9cfb6628-8a9b-ee11-8445-cc0b759db311,76,3192.0,2023-12-15 20:40:19.270,2023-12-15 20:40:19.270
6b028457-775c-ec11-8350-fd1908bc5a53,76,3724.0,2021-12-14 00:47:00.867,2021-12-14 00:47:00.867
1f0660ba-785c-ec11-8350-fd1908bc5a53,76,3040.0,2021-12-14 00:57:01.143,2021-12-14 00:57:01.143
cecb6c41-889b-ee11-8445-cc0b759db311,76,24776.0,2023-12-15 20:26:48.323,2023-12-15 20:26:48.323
cec4f7f4-8a9b-ee11-8445-cc0b759db311,76,3553.0,2023-12-15 20:46:09.757,2023-12-15 20:46:09.757
1f122515-879b-ee11-8445-cc0b759db311,76,2242.0,2023-12-15 20:18:25.893,2023-12-15 20:18:25.893
070e17fd-869b-ee11-8445-cc0b759db311,76,3192.0,2023-12-15 20:17:39.920,2023-12-15 20:17:39.920
ceca5e0f-8c9b-ee11-8445-cc0b759db311,76,2242.0,2023-12-15 20:54:02.950,2023-12-15 20:54:02.950
ef0a7064-8a9b-ee11-8445-cc0b759db311,76,4465.0,2023-12-15 20:42:08.813,2023-12-15 20:42:08.813
ef25e962-7b5c-ec11-8350-fd1908bc5a53,76,35069.44,2021-12-14 01:16:04.907,2021-12-14 01:16:04.907
6af3ac6f-775c-ec11-8350-fd1908bc5a53,76,3800.0,2021-12-14 00:47:44.023,2021-12-14 00:47:44.023
9c6c6d52-8a9b-ee11-8445-cc0b759db311,76,3553.0,2023-12-15 20:41:32.550,2023-12-15 20:41:32.550
487e1d49-8b9b-ee11-8445-cc0b759db311,76,2242.0,2023-12-15 20:48:26.233,2023-12-15 20:48:26.233
cea121cd-8b9b-ee11-8445-cc0b759db311,76,2242.0,2023-12-15 20:52:13.773,2023-12-15 20:52:13.773
34025945-879b-ee11-8445-cc0b759db311,76,4465.0,2023-12-15 20:19:39.683,2023-12-15 20:19:39.683
9c52a72f-7c5c-ec11-8350-fd1908bc5a53,76,1976.0,2021-12-14 01:21:47.843,2021-12-14 01:21:47.843
179352fd-8b9b-ee11-8445-cc0b759db311,76,2242.0,2023-12-15 20:53:31.547,2023-12-15 20:53:31.547
eefd73d2-7a5c-ec11-8350-fd1908bc5a53,76,3724.0,2021-12-14 01:11:55.983,2021-12-14 01:11:55.983
09b01820-8e9b-ee11-8445-cc0b759db311,76,3192.0,2023-12-15 21:08:45.607,2023-12-15 21:08:45.607
9c4b167f-869b-ee11-8445-cc0b759db311,76,2897.5,2023-12-15 20:14:13.460,2023-12-15 20:14:13.460
17880674-899b-ee11-8445-cc0b759db311,76,2242.0,2023-12-15 20:35:22.760,2023-12-15 20:35:22.760
6aec0968-899b-ee11-8445-cc0b759db311,76,3553.0,2023-12-15 20:35:00.703,2023-12-15 20:35:00.703
27416639-775c-ec11-8350-fd1908bc5a53,76,3724.0,2021-12-14 00:46:11.627,2021-12-14 00:46:11.627
bd3b167f-869b-ee11-8445-cc0b759db311,76,19684.0,2023-12-15 20:14:08.373,2023-12-15 20:14:08.373
ce8f876f-8c9b-ee11-8445-cc0b759db311,76,2242.0,2023-12-15 20:56:47.313,2023-12-15 20:56:47.313
6ac36c41-889b-ee11-8445-cc0b759db311,76,9025.0,2023-12-15 20:26:44.913,2023-12-15 20:26:44.913
eee9ac6f-775c-ec11-8350-fd1908bc5a53,76,1976.0,2021-12-14 00:47:41.093,2021-12-14 00:47:41.093
9c1149df-8b9b-ee11-8445-cc0b759db311,76,2242.0,2023-12-15 20:52:41.603,2023-12-15 20:52:41.603
9c0d6eba-7a5c-ec11-8350-fd1908bc5a53,76,2888.0,2021-12-14 01:11:20.207,2021-12-14 01:11:20.207
9c086eba-7a5c-ec11-8350-fd1908bc5a53,76,20665.92,2021-12-14 01:11:17.673,2021-12-14 01:11:17.673
9c0e24c1-765c-ec11-8350-fd1908bc5a53,76,2888.0,2021-12-14 00:42:50.840,2021-12-14 00:42:50.840
5550248a-785c-ec11-8350-fd1908bc5a53,76,6308.0,2021-12-14 00:55:36.957,2021-12-14 00:55:36.957
9d30dc50-7b5c-ec11-8350-fd1908bc5a53,76,3800.0,2021-12-14 01:15:32.543,2021-12-14 01:15:32.543
ce82118b-8b9b-ee11-8445-cc0b759db311,76,2242.0,2023-12-15 20:50:24.043,2023-12-15 20:50:24.043
ef2dad99-795c-ec11-8350-fd1908bc5a53,76,2660.0,2021-12-14 01:03:13.533,2021-12-14 01:03:13.533
9be57321-8c9b-ee11-8445-cc0b759db311,76,2242.0,2023-12-15 20:54:30.710,2023-12-15 20:54:30.710
2733f792-7b5c-ec11-8350-fd1908bc5a53,76,1976.0,2021-12-14 01:17:24.560,2021-12-14 01:17:24.560
d3957ee1-7b5c-ec11-8350-fd1908bc5a53,76,1976.0,2021-12-14 01:19:28.727,2021-12-14 01:19:28.727
d332b393-775c-ec11-8350-fd1908bc5a53,76,3800.0,2021-12-14 00:48:43.977,2021-12-14 00:48:43.977
3469e444-7b5c-ec11-8350-fd1908bc5a53,76,2888.0,2021-12-14 01:15:07.907,2021-12-14 01:15:07.907
cec1cbe1-795c-ec11-8350-fd1908bc5a53,76,7068.0,2021-12-14 01:05:11.143,2021-12-14 01:05:11.143
6a83209c-8d9b-ee11-8445-cc0b759db311,76,8189.0,2023-12-15 21:05:10.873,2023-12-15 21:05:10.873
a867779f-8c9b-ee11-8445-cc0b759db311,76,2242.0,2023-12-15 20:57:59.687,2023-12-15 20:57:59.687
9bb219af-869b-ee11-8445-cc0b759db311,76,4180.0,2023-12-15 20:15:29.063,2023-12-15 20:15:29.063
bd1c4042-785c-ec11-8350-fd1908bc5a53,76,3800.0,2021-12-14 00:53:34.307,2021-12-14 00:53:34.307
9b9c1ea9-765c-ec11-8350-fd1908bc5a53,76,3534.0,2021-12-14 00:42:08.920,2021-12-14 00:42:08.920
ce6bb0fc-7a5c-ec11-8350-fd1908bc5a53,76,1976.0,2021-12-14 01:13:05.177,2021-12-14 01:13:05.177
553b3932-8e9b-ee11-8445-cc0b759db311,76,0.0,2023-12-15 21:09:20.143,2023-12-15 21:09:20.143
6a760262-899b-ee11-8445-cc0b759db311,76,2242.0,2023-12-15 20:34:53.800,2023-12-15 20:34:53.800
6a965e57-879b-ee11-8445-cc0b759db311,76,4503.0,2023-12-15 20:20:13.600,2023-12-15 20:20:13.600
6a6416a3-8b9b-ee11-8445-cc0b759db311,76,2242.0,2023-12-15 20:51:03.853,2023-12-15 20:51:03.853
272808c1-8b9b-ee11-8445-cc0b759db311,76,3353.5,2023-12-15 20:51:49.077,2023-12-15 20:51:49.077
6a6abd87-775c-ec11-8350-fd1908bc5a53,76,2888.0,2021-12-14 00:48:22.790,2021-12-14 00:48:22.790
9b6193f3-7b5c-ec11-8350-fd1908bc5a53,76,1976.0,2021-12-14 01:20:05.217,2021-12-14 01:20:05.217
9b79876f-8c9b-ee11-8445-cc0b759db311,76,3553.0,2023-12-15 20:56:39.847,2023-12-15 20:56:39.847
17564ef2-899b-ee11-8445-cc0b759db311,76,7353.0,2023-12-15 20:38:53.973,2023-12-15 20:38:53.973
a85d7433-8c9b-ee11-8445-cc0b759db311,76,38608.0,2023-12-15 20:55:04.760,2023-12-15 20:55:04.760
eeab88e7-7b5c-ec11-8350-fd1908bc5a53,76,1976.0,2021-12-14 01:19:47.180,2021-12-14 01:19:47.180
9b410c06-785c-ec11-8350-fd1908bc5a53,76,38670.32,2021-12-14 00:51:58.247,2021-12-14 00:51:58.247
552ef792-7b5c-ec11-8350-fd1908bc5a53,76,1976.0,2021-12-14 01:17:22.843,2021-12-14 01:17:22.843
33db3de6-899b-ee11-8445-cc0b759db311,76,3572.0,2023-12-15 20:38:32.417,2023-12-15 20:38:32.417
9b3b0d54-8d9b-ee11-8445-cc0b759db311,76,22610.0,2023-12-15 21:03:09.720,2023-12-15 21:03:09.720
b1d3b8b7-7d5c-ec11-8350-fd1908bc5a53,76,1976.0,2021-12-14 01:32:45.063,2021-12-14 01:32:45.063
bd1f352c-8e9b-ee11-8445-cc0b759db311,76,23864.0,2023-12-15 21:09:10.327,2023-12-15 21:09:10.327
33d13945-795c-ec11-8350-fd1908bc5a53,76,1976.0,2021-12-14 01:00:57.127,2021-12-14 01:00:57.127
6a4b989c-7c5c-ec11-8350-fd1908bc5a53,76,1976.0,2021-12-14 01:24:51.780,2021-12-14 01:24:51.780
eea00d38-899b-ee11-8445-cc0b759db311,76,2242.0,2023-12-15 20:33:40.153,2023-12-15 20:33:40.153
9b3b0229-3fa0-ee11-8445-f66110f561f0,76,0.0,2023-12-21 20:26:08.713,2023-12-21 20:26:08.713
9b1f4763-7d5c-ec11-8350-fd1908bc5a53,76,1976.0,2021-12-14 01:30:20.277,2021-12-14 01:30:20.277
9b607287-879b-ee11-8445-cc0b759db311,76,3553.0,2023-12-15 20:21:40.050,2023-12-15 20:21:40.050
ce622015-795c-ec11-8350-fd1908bc5a53,76,3534.0,2021-12-14 00:59:29.750,2021-12-14 00:59:29.750
6a3b0f1e-785c-ec11-8350-fd1908bc5a53,76,18372.24,2021-12-14 00:52:33.283,2021-12-14 00:52:33.283
9b224042-785c-ec11-8350-fd1908bc5a53,76,7068.0,2021-12-14 00:53:36.197,2021-12-14 00:53:36.197
271b17fd-869b-ee11-8445-cc0b759db311,76,13623.0,2023-12-15 20:17:43.840,2023-12-15 20:17:43.840
33c6f0ed-795c-ec11-8350-fd1908bc5a53,76,2660.0,2021-12-14 01:05:31.473,2021-12-14 01:05:31.473
9b0e2b26-8e9b-ee11-8445-cc0b759db311,76,4503.0,2023-12-15 21:08:59.850,2023-12-15 21:08:59.850
48532e51-7d5c-ec11-8350-fd1908bc5a53,76,1976.0,2021-12-14 01:29:54.307,2021-12-14 01:29:54.307
a8531ef6-8d9b-ee11-8445-cc0b759db311,76,26942.0,2023-12-15 21:07:39.160,2023-12-15 21:07:39.160
172d38e5-765c-ec11-8350-fd1908bc5a53,76,3040.0,2021-12-14 00:43:54.267,2021-12-14 00:43:54.267
9b10ba47-7c5c-ec11-8350-fd1908bc5a53,76,43411.2,2021-12-14 01:22:25.287,2021-12-14 01:22:25.287
a852167f-869b-ee11-8445-cc0b759db311,76,4503.0,2023-12-15 20:14:15.657,2023-12-15 20:14:15.657
552b0f2a-785c-ec11-8350-fd1908bc5a53,76,3800.0,2021-12-14 00:53:02.157,2021-12-14 00:53:02.157
ee6f4442-7a5c-ec11-8350-fd1908bc5a53,76,3724.0,2021-12-14 01:07:56.157,2021-12-14 01:07:56.157
099921cd-8b9b-ee11-8445-cc0b759db311,76,2242.0,2023-12-15 20:52:11.110,2023-12-15 20:52:11.110
b1d34172-785c-ec11-8350-fd1908bc5a53,76,3040.0,2021-12-14 00:55:02.267,2021-12-14 00:55:02.267
55241b18-7a5c-ec11-8350-fd1908bc5a53,76,3382.0,2021-12-14 01:06:42.550,2021-12-14 01:06:42.550
5526b154-765c-ec11-8350-fd1908bc5a53,76,44262.4,2021-12-14 00:39:45.183,2021-12-14 00:39:45.183
ee513ef7-8b9b-ee11-8445-cc0b759db311,76,2242.0,2023-12-15 20:53:16.467,2023-12-15 20:53:16.467
271344f1-8b9b-ee11-8445-cc0b759db311,76,2242.0,2023-12-15 20:53:15.677,2023-12-15 20:53:15.677
9adb68e7-8c9b-ee11-8445-cc0b759db311,76,18050.0,2023-12-15 21:00:05.313,2023-12-15 21:00:05.313
ce793dbd-7b5c-ec11-8350-fd1908bc5a53,76,1976.0,2021-12-14 01:18:31.927,2021-12-14 01:18:31.927
6a39b583-889b-ee11-8445-cc0b759db311,76,4180.0,2023-12-15 20:28:34.867,2023-12-15 20:28:34.867
bd146728-8a9b-ee11-8445-cc0b759db311,76,3192.0,2023-12-15 20:40:27.363,2023-12-15 20:40:27.363
ee6c42da-899b-ee11-8445-cc0b759db311,76,18050.0,2023-12-15 20:38:10.433,2023-12-15 20:38:10.433
ee933236-785c-ec11-8350-fd1908bc5a53,76,20465.28,2021-12-14 00:53:21.237,2021-12-14 00:53:21.237
ee1b136d-869b-ee11-8445-cc0b759db311,76,42788.0,2023-12-15 20:13:45.600,2023-12-15 20:13:45.600
48446163-879b-ee11-8445-cc0b759db311,76,4503.0,2023-12-15 20:20:33.127,2023-12-15 20:20:33.127
6a112001-0050-fc61-0450-08de293f66bb,76,0.0,2025-11-21 20:49:01.783,2025-11-21 20:49:01.783
ee291aab-7b5c-ec11-8350-fd1908bc5a53,76,1976.0,2021-12-14 01:18:03.770,2021-12-14 01:18:03.770
270994a5-7d5c-ec11-8350-fd1908bc5a53,76,2660.0,2021-12-14 01:32:12.353,2021-12-14 01:32:12.353
ee1a955f-889b-ee11-8445-cc0b759db311,76,8189.0,2023-12-15 20:27:40.447,2023-12-15 20:27:40.447
ee970bb5-8b9b-ee11-8445-cc0b759db311,76,2242.0,2023-12-15 20:51:29.080,2023-12-15 20:51:29.080
9aaf904d-889b-ee11-8445-cc0b759db311,76,3572.0,2023-12-15 20:27:06.357,2023-12-15 20:27:06.357
9ab70250-899b-ee11-8445-cc0b759db311,76,3192.0,2023-12-15 20:34:25.577,2023-12-15 20:34:25.577
9ad23cd9-8b9b-ee11-8445-cc0b759db311,76,2242.0,2023-12-15 20:52:33.610,2023-12-15 20:52:33.610
4848b741-7c5c-ec11-8350-fd1908bc5a53,76,24814.76,2021-12-14 01:22:18.163,2021-12-14 01:22:18.163
9a8a075c-899b-ee11-8445-cc0b759db311,76,4465.0,2023-12-15 20:34:41.223,2023-12-15 20:34:41.223
09a979f0-7a5c-ec11-8350-fd1908bc5a53,76,3534.0,2021-12-14 01:12:51.413,2021-12-14 01:12:51.413
bd2b8fff-7b5c-ec11-8350-fd1908bc5a53,76,1976.0,2021-12-14 01:20:25.213,2021-12-14 01:20:25.213
f2661048-8d9b-ee11-8445-cc0b759db311,76,2242.0,2023-12-15 21:02:41.980,2023-12-15 21:02:41.980
69f4d8a8-7c5c-ec11-8350-fd1908bc5a53,76,1976.0,2021-12-14 01:25:10.340,2021-12-14 01:25:10.340
16fa0bc6-8d9b-ee11-8445-cc0b759db311,76,3192.0,2023-12-15 21:06:14.937,2023-12-15 21:06:14.937
69ed200c-7a5c-ec11-8350-fd1908bc5a53,76,3534.0,2021-12-14 01:06:28.167,2021-12-14 01:06:28.167
edd870a8-7a5c-ec11-8350-fd1908bc5a53,76,2888.0,2021-12-14 01:10:44.543,2021-12-14 01:10:44.543
a8331daf-765c-ec11-8350-fd1908bc5a53,76,1976.0,2021-12-14 00:42:24.120,2021-12-14 00:42:24.120
edb8c0b9-889b-ee11-8445-cc0b759db311,76,3553.0,2023-12-15 20:30:11.483,2023-12-15 20:30:11.483
edc0904d-889b-ee11-8445-cc0b759db311,76,4465.0,2023-12-15 20:27:12.430,2023-12-15 20:27:12.430
9a507f11-7c5c-ec11-8350-fd1908bc5a53,76,1976.0,2021-12-14 01:20:57.510,2021-12-14 01:20:57.510
ed8f5c51-879b-ee11-8445-cc0b759db311,76,2242.0,2023-12-15 20:20:07.610,2023-12-15 20:20:07.610
eda148eb-765c-ec11-8350-fd1908bc5a53,76,3800.0,2021-12-14 00:44:01.150,2021-12-14 00:44:01.150
271d8323-8d9b-ee11-8445-cc0b759db311,76,2242.0,2023-12-15 21:01:40.793,2023-12-15 21:01:40.793
9a366409-8c9b-ee11-8445-cc0b759db311,76,11305.0,2023-12-15 20:53:50.737,2023-12-15 20:53:50.737
b1cf8bf9-7b5c-ec11-8350-fd1908bc5a53,76,1976.0,2021-12-14 01:20:12.910,2021-12-14 01:20:12.910
26f7106c-8d9b-ee11-8445-cc0b759db311,76,13623.0,2023-12-15 21:03:43.927,2023-12-15 21:03:43.927
bcef46fe-899b-ee11-8445-cc0b759db311,76,15637.0,2023-12-15 20:39:14.957,2023-12-15 20:39:14.957
5517e68a-765c-ec11-8350-fd1908bc5a53,76,3800.0,2021-12-14 00:41:25.030,2021-12-14 00:41:25.030
edae7d11-889b-ee11-8445-cc0b759db311,76,19684.0,2023-12-15 20:25:30.093,2023-12-15 20:25:30.093
eddc7558-8a9b-ee11-8445-cc0b759db311,76,3553.0,2023-12-15 20:41:49.300,2023-12-15 20:41:49.300
3942140e-8e9b-ee11-8445-cc0b759db311,76,13623.0,2023-12-15 21:08:16.087,2023-12-15 21:08:16.087
54f7d8a8-7c5c-ec11-8350-fd1908bc5a53,76,2660.0,2021-12-14 01:25:11.463,2021-12-14 01:25:11.463
3396520a-8a9b-ee11-8445-cc0b759db311,76,4009.0,2023-12-15 20:39:31.597,2023-12-15 20:39:31.597
9a147670-8a9b-ee11-8445-cc0b759db311,76,3192.0,2023-12-15 20:42:20.587,2023-12-15 20:42:20.587
1ec819cd-869b-ee11-8445-cc0b759db311,76,3572.0,2023-12-15 20:16:21.383,2023-12-15 20:16:21.383
ed71209c-8d9b-ee11-8445-cc0b759db311,76,18449.0,2023-12-15 21:05:03.530,2023-12-15 21:05:03.530
ed6c1dd9-869b-ee11-8445-cc0b759db311,76,4341.5,2023-12-15 20:16:44.190,2023-12-15 20:16:44.190
ce105945-879b-ee11-8445-cc0b759db311,76,13623.0,2023-12-15 20:19:44.387,2023-12-15 20:19:44.387
3c04424b-795c-ec11-8350-fd1908bc5a53,76,3800.0,2021-12-14 01:00:57.913,2021-12-14 01:00:57.913
16de8c05-7c5c-ec11-8350-fd1908bc5a53,76,1976.0,2021-12-14 01:20:32.773,2021-12-14 01:20:32.773
9a18d9c3-775c-ec11-8350-fd1908bc5a53,76,3059.0,2021-12-14 00:50:03.927,2021-12-14 00:50:03.927
ce2fcf72-765c-ec11-8350-fd1908bc5a53,76,33354.88,2021-12-14 00:40:38.857,2021-12-14 00:40:38.857
ed727f8d-795c-ec11-8350-fd1908bc5a53,76,2888.0,2021-12-14 01:02:56.920,2021-12-14 01:02:56.920
16da6127-775c-ec11-8350-fd1908bc5a53,76,12368.24,2021-12-14 00:45:39.160,2021-12-14 00:45:39.160
9a79d52c-7b5c-ec11-8350-fd1908bc5a53,76,2888.0,2021-12-14 01:14:32.387,2021-12-14 01:14:32.387
99fe6f64-8a9b-ee11-8445-cc0b759db311,76,4503.0,2023-12-15 20:42:04.130,2023-12-15 20:42:04.130
69de7321-8c9b-ee11-8445-cc0b759db311,76,2242.0,2023-12-15 20:54:28.597,2023-12-15 20:54:28.597
2a6309bb-8b9b-ee11-8445-cc0b759db311,76,2242.0,2023-12-15 20:51:39.640,2023-12-15 20:51:39.640
9a052e57-7d5c-ec11-8350-fd1908bc5a53,76,1976.0,2021-12-14 01:30:01.267,2021-12-14 01:30:01.267
aa3d62db-879b-ee11-8445-cc0b759db311,76,3553.0,2023-12-15 20:23:51.733,2023-12-15 20:23:51.733
a8350c06-785c-ec11-8350-fd1908bc5a53,76,18372.24,2021-12-14 00:51:53.580,2021-12-14 00:51:53.580
ce0b333c-785c-ec11-8350-fd1908bc5a53,76,3534.0,2021-12-14 00:53:28.673,2021-12-14 00:53:28.673
bcdea223-7c5c-ec11-8350-fd1908bc5a53,76,3534.0,2021-12-14 01:21:24.027,2021-12-14 01:21:24.027
3389a0bd-795c-ec11-8350-fd1908bc5a53,76,1976.0,2021-12-14 01:04:19.470,2021-12-14 01:04:19.470
26ead8a8-7c5c-ec11-8350-fd1908bc5a53,76,6184.12,2021-12-14 01:25:06.367,2021-12-14 01:25:06.367
99e31801-0050-fc61-2c91-08de293db9a7,76,20826.52,2025-11-21 20:37:01.957,2025-11-21 20:37:01.957
3c0a68ae-7a5c-ec11-8350-fd1908bc5a53,76,20465.28,2021-12-14 01:10:56.327,2021-12-14 01:10:56.327
99bf6499-7d5c-ec11-8350-fd1908bc5a53,76,0.0,2021-12-14 01:31:49.307,2021-12-14 01:31:49.307
bce5ebff-795c-ec11-8350-fd1908bc5a53,76,3724.0,2021-12-14 01:06:08.440,2021-12-14 01:06:08.440
54e66f05-8d9b-ee11-8445-cc0b759db311,76,2242.0,2023-12-15 21:00:50.553,2023-12-15 21:00:50.553
99c00786-899b-ee11-8445-cc0b759db311,76,4465.0,2023-12-15 20:35:56.057,2023-12-15 20:35:56.057
ed496639-775c-ec11-8350-fd1908bc5a53,76,3059.0,2021-12-14 00:46:14.567,2021-12-14 00:46:14.567
ed0f5eb7-8c9b-ee11-8445-cc0b759db311,76,22610.0,2023-12-15 20:58:38.513,2023-12-15 20:58:38.513
33ac41b7-7b5c-ec11-8350-fd1908bc5a53,76,1976.0,2021-12-14 01:18:20.613,2021-12-14 01:18:20.613
ed184763-7d5c-ec11-8350-fd1908bc5a53,76,20665.92,2021-12-14 01:30:18.013,2021-12-14 01:30:18.013
26dc6875-879b-ee11-8445-cc0b759db311,76,4503.0,2023-12-15 20:21:08.227,2023-12-15 20:21:08.227
69c7201e-7a5c-ec11-8350-fd1908bc5a53,76,3040.0,2021-12-14 01:06:56.867,2021-12-14 01:06:56.867
ed0bcad5-795c-ec11-8350-fd1908bc5a53,76,2660.0,2021-12-14 01:04:55.027,2021-12-14 01:04:55.027
ed3154c9-879b-ee11-8445-cc0b759db311,76,4180.0,2023-12-15 20:23:30.567,2023-12-15 20:23:30.567
33880a9d-8b9b-ee11-8445-cc0b759db311,76,2242.0,2023-12-15 20:50:53.200,2023-12-15 20:50:53.200
a80854f3-879b-ee11-8445-cc0b759db311,76,4465.0,2023-12-15 20:24:37.647,2023-12-15 20:24:37.647
998a0a9d-8b9b-ee11-8445-cc0b759db311,76,2242.0,2023-12-15 20:50:53.890,2023-12-15 20:50:53.890
008bb553-7c5c-ec11-8350-fd1908bc5a53,76,1976.0,2021-12-14 01:22:49.877,2021-12-14 01:22:49.877
99941009-879b-ee11-8445-cc0b759db311,76,3572.0,2023-12-15 20:18:03.293,2023-12-15 20:18:03.293
ecd790c6-785c-ec11-8350-fd1908bc5a53,76,20665.92,2021-12-14 00:57:18.447,2021-12-14 00:57:18.447
33721048-8d9b-ee11-8445-cc0b759db311,76,7353.0,2023-12-15 21:02:47.777,2023-12-15 21:02:47.777
4a08656f-879b-ee11-8445-cc0b759db311,76,4180.0,2023-12-15 20:20:49.997,2023-12-15 20:20:49.997
d3cf1961-8b9b-ee11-8445-cc0b759db311,76,4503.0,2023-12-15 20:49:12.693,2023-12-15 20:49:12.693
996a7d17-8d9b-ee11-8445-cc0b759db311,76,17860.0,2023-12-15 21:01:24.343,2023-12-15 21:01:24.343
cdd6f3ae-7c5c-ec11-8350-fd1908bc5a53,76,16595.36,2021-12-14 01:25:19.967,2021-12-14 01:25:19.967
ecd3af7b-775c-ec11-8350-fd1908bc5a53,76,3534.0,2021-12-14 00:48:03.380,2021-12-14 00:48:03.380
a813e3c4-8a9b-ee11-8445-cc0b759db311,76,3572.0,2023-12-15 20:44:48.527,2023-12-15 20:44:48.527
995c5203-8c9b-ee11-8445-cc0b759db311,76,3572.0,2023-12-15 20:53:39.243,2023-12-15 20:53:39.243
cddf7b5d-775c-ec11-8350-fd1908bc5a53,76,2660.0,2021-12-14 00:47:09.290,2021-12-14 00:47:09.290
551c69a5-879b-ee11-8445-cc0b759db311,76,9025.0,2023-12-15 20:22:22.333,2023-12-15 20:22:22.333
b2dc90c6-785c-ec11-8350-fd1908bc5a53,76,3059.0,2021-12-14 00:57:20.393,2021-12-14 00:57:20.393
d1f81d5b-8b9b-ee11-8445-cc0b759db311,76,2242.0,2023-12-15 20:48:58.927,2023-12-15 20:48:58.927
f30f137e-8d9b-ee11-8445-cc0b759db311,76,26942.0,2023-12-15 21:04:14.757,2023-12-15 21:04:14.757
f39852fd-8b9b-ee11-8445-cc0b759db311,76,48868.0,2023-12-15 20:53:33.550,2023-12-15 20:53:33.550
0980e444-7b5c-ec11-8350-fd1908bc5a53,76,2888.0,2021-12-14 01:15:15.183,2021-12-14 01:15:15.183
9945aea1-889b-ee11-8445-cc0b759db311,76,15637.0,2023-12-15 20:29:29.777,2023-12-15 20:29:29.777
9946327e-785c-ec11-8350-fd1908bc5a53,76,7068.0,2021-12-14 00:55:16.057,2021-12-14 00:55:16.057
26c815a4-899b-ee11-8445-cc0b759db311,76,3553.0,2023-12-15 20:36:39.890,2023-12-15 20:36:39.890
480c96f6-e496-ea11-a9ce-0a593f791696,76,11520.0,2020-05-15 19:51:21.580,2020-05-15 19:51:21.580
993eb583-889b-ee11-8445-cc0b759db311,76,22610.0,2023-12-15 20:28:36.867,2023-12-15 20:28:36.867
3366698a-7a5c-ec11-8350-fd1908bc5a53,76,3724.0,2021-12-14 01:09:58.123,2021-12-14 01:09:58.123
69822ad3-8b9b-ee11-8445-cc0b759db311,76,2242.0,2023-12-15 20:52:19.717,2023-12-15 20:52:19.717
06c65be7-879b-ee11-8445-cc0b759db311,76,4465.0,2023-12-15 20:24:19.673,2023-12-15 20:24:19.673
cdc5b8c9-7d5c-ec11-8350-fd1908bc5a53,76,1976.0,2021-12-14 01:33:12.987,2021-12-14 01:33:12.987
eca362cf-7b5c-ec11-8350-fd1908bc5a53,76,2888.0,2021-12-14 01:19:00.567,2021-12-14 01:19:00.567
991c7581-795c-ec11-8350-fd1908bc5a53,76,3534.0,2021-12-14 01:02:35.853,2021-12-14 01:02:35.853
16957009-775c-ec11-8350-fd1908bc5a53,76,3800.0,2021-12-14 00:44:56.643,2021-12-14 00:44:56.643
1e823dbd-7b5c-ec11-8350-fd1908bc5a53,76,1976.0,2021-12-14 01:18:34.537,2021-12-14 01:18:34.537
a7ebb23b-7c5c-ec11-8350-fd1908bc5a53,76,1976.0,2021-12-14 01:22:09.063,2021-12-14 01:22:09.063
697bc2db-795c-ec11-8350-fd1908bc5a53,76,14481.8,2021-12-14 01:05:09.997,2021-12-14 01:05:09.997
b19633f1-7c5c-ec11-8350-fd1908bc5a53,76,3040.0,2021-12-14 01:27:07.327,2021-12-14 01:27:07.327
ecbb71b4-7a5c-ec11-8350-fd1908bc5a53,76,2888.0,2021-12-14 01:11:04.190,2021-12-14 01:11:04.190
f0d68bf9-7b5c-ec11-8350-fd1908bc5a53,76,1976.0,2021-12-14 01:20:14.890,2021-12-14 01:20:14.890
98f4e14a-7b5c-ec11-8350-fd1908bc5a53,76,18552.36,2021-12-14 01:15:21.480,2021-12-14 01:15:21.480
1e787b2d-8c9b-ee11-8445-cc0b759db311,76,2242.0,2023-12-15 20:54:50.557,2023-12-15 20:54:50.557
1689df1a-7b5c-ec11-8350-fd1908bc5a53,76,3800.0,2021-12-14 01:13:57.047,2021-12-14 01:13:57.047
3352f1e3-889b-ee11-8445-cc0b759db311,76,21888.0,2023-12-15 20:31:18.583,2023-12-15 20:31:18.583
2a537f11-7c5c-ec11-8350-fd1908bc5a53,76,1976.0,2021-12-14 01:20:58.227,2021-12-14 01:20:58.227
47ff1d5b-8b9b-ee11-8445-cc0b759db311,76,24776.0,2023-12-15 20:49:01.167,2023-12-15 20:49:01.167
a7e8e95c-7b5c-ec11-8350-fd1908bc5a53,76,2888.0,2021-12-14 01:15:52.027,2021-12-14 01:15:52.027
98e08bf9-7b5c-ec11-8350-fd1908bc5a53,76,1976.0,2021-12-14 01:20:17.803,2021-12-14 01:20:17.803
1e792ad3-8b9b-ee11-8445-cc0b759db311,76,2242.0,2023-12-15 20:52:16.883,2023-12-15 20:52:16.883
3349c75a-765c-ec11-8350-fd1908bc5a53,76,53114.88,2021-12-14 00:39:58.117,2021-12-14 00:39:58.117
4d1f137e-8d9b-ee11-8445-cc0b759db311,76,2242.0,2023-12-15 21:04:20.567,2023-12-15 21:04:20.567
ec7d2ad3-8b9b-ee11-8445-cc0b759db311,76,2242.0,2023-12-15 20:52:18.327,2023-12-15 20:52:18.327
cd761284-8d9b-ee11-8445-cc0b759db311,76,2242.0,2023-12-15 21:04:26.297,2023-12-15 21:04:26.297
98a64f75-7d5c-ec11-8350-fd1908bc5a53,76,12368.24,2021-12-14 01:30:53.203,2021-12-14 01:30:53.203
4aee172b-8b9b-ee11-8445-cc0b759db311,76,3553.0,2023-12-15 20:47:33.330,2023-12-15 20:47:33.330
a7e177d8-7a5c-ec11-8350-fd1908bc5a53,76,3724.0,2021-12-14 01:12:12.527,2021-12-14 01:12:12.527
cdccaf7b-775c-ec11-8350-fd1908bc5a53,76,3059.0,2021-12-14 00:48:00.967,2021-12-14 00:48:00.967
ec8b7660-7a5c-ec11-8350-fd1908bc5a53,76,3040.0,2021-12-14 01:08:50.737,2021-12-14 01:08:50.737
bc8619e1-3ea0-ee11-8445-f66110f561f0,76,0.0,2023-12-21 20:24:04.763,2023-12-21 20:24:04.763
1e6cea0d-899b-ee11-8445-cc0b759db311,76,4465.0,2023-12-15 20:32:34.353,2023-12-15 20:32:34.353
ec686045-8c9b-ee11-8445-cc0b759db311,76,7353.0,2023-12-15 20:55:34.690,2023-12-15 20:55:34.690
98927034-8a9b-ee11-8445-cc0b759db311,76,2242.0,2023-12-15 20:40:44.540,2023-12-15 20:40:44.540
bc8548c9-7b5c-ec11-8350-fd1908bc5a53,76,1976.0,2021-12-14 01:18:54.940,2021-12-14 01:18:54.940
988fd0cf-775c-ec11-8350-fd1908bc5a53,76,6308.0,2021-12-14 00:50:31.063,2021-12-14 00:50:31.063
b18b50f1-765c-ec11-8350-fd1908bc5a53,76,20465.28,2021-12-14 00:44:12.127,2021-12-14 00:44:12.127
cd633403-7d5c-ec11-8350-fd1908bc5a53,76,1976.0,2021-12-14 01:27:42.437,2021-12-14 01:27:42.437
41caa469-775c-ec11-8350-fd1908bc5a53,76,12368.24,2021-12-14 00:47:34.043,2021-12-14 00:47:34.043
ec54c75a-765c-ec11-8350-fd1908bc5a53,76,18372.24,2021-12-14 00:40:01.467,2021-12-14 00:40:01.467
a7b612af-8b9b-ee11-8445-cc0b759db311,76,2242.0,2023-12-15 20:51:21.520,2023-12-15 20:51:21.520
16695404-8a9b-ee11-8445-cc0b759db311,76,3553.0,2023-12-15 20:39:28.673,2023-12-15 20:39:28.673
a7de1c30-785c-ec11-8350-fd1908bc5a53,76,2660.0,2021-12-14 00:53:05.547,2021-12-14 00:53:05.547
cd4d403f-795c-ec11-8350-fd1908bc5a53,76,3059.0,2021-12-14 01:00:40.013,2021-12-14 01:00:40.013
986a1ee5-869b-ee11-8445-cc0b759db311,76,4503.0,2023-12-15 20:17:03.747,2023-12-15 20:17:03.747
988af307-899b-ee11-8445-cc0b759db311,76,20368.0,2023-12-15 20:32:24.400,2023-12-15 20:32:24.400
1e6011a9-8b9b-ee11-8445-cc0b759db311,76,2242.0,2023-12-15 20:51:08.937,2023-12-15 20:51:08.937
cd45870b-7c5c-ec11-8350-fd1908bc5a53,76,1976.0,2021-12-14 01:20:40.313,2021-12-14 01:20:40.313
f0d6f4dc-8a9b-ee11-8445-cc0b759db311,76,2242.0,2023-12-15 20:45:25.213,2023-12-15 20:45:25.213
98535404-8a9b-ee11-8445-cc0b759db311,76,7353.0,2023-12-15 20:39:20.923,2023-12-15 20:39:20.923
332f8fff-7b5c-ec11-8350-fd1908bc5a53,76,1976.0,2021-12-14 01:20:26.277,2021-12-14 01:20:26.277
ad3bad99-795c-ec11-8350-fd1908bc5a53,76,1976.0,2021-12-14 01:03:17.577,2021-12-14 01:03:17.577
379d48eb-765c-ec11-8350-fd1908bc5a53,76,12368.24,2021-12-14 00:43:59.797,2021-12-14 00:43:59.797
1663c3d7-889b-ee11-8445-cc0b759db311,76,4180.0,2023-12-15 20:31:02.407,2023-12-15 20:31:02.407
a7dfd656-7b5c-ec11-8350-fd1908bc5a53,76,2888.0,2021-12-14 01:15:37.817,2021-12-14 01:15:37.817
269958e1-879b-ee11-8445-cc0b759db311,76,2242.0,2023-12-15 20:24:08.547,2023-12-15 20:24:08.547
984daea1-889b-ee11-8445-cc0b759db311,76,3572.0,2023-12-15 20:29:32.963,2023-12-15 20:29:32.963
6915d8a0-8a9b-ee11-8445-cc0b759db311,76,4180.0,2023-12-15 20:43:47.383,2023-12-15 20:43:47.383
332b7069-795c-ec11-8350-fd1908bc5a53,76,2660.0,2021-12-14 01:01:48.920,2021-12-14 01:01:48.920
9838b741-7c5c-ec11-8350-fd1908bc5a53,76,1976.0,2021-12-14 01:22:12.313,2021-12-14 01:22:12.313
cd411d3d-8b9b-ee11-8445-cc0b759db311,76,35112.0,2023-12-15 20:48:05.253,2023-12-15 20:48:05.253
54c119af-869b-ee11-8445-cc0b759db311,76,38266.0,2023-12-15 20:15:34.260,2023-12-15 20:15:34.260
379250f1-765c-ec11-8350-fd1908bc5a53,76,16434.24,2021-12-14 00:44:14.510,2021-12-14 00:44:14.510
699c761d-889b-ee11-8445-cc0b759db311,76,19684.0,2023-12-15 20:25:46.423,2023-12-15 20:25:46.423
98376615-775c-ec11-8350-fd1908bc5a53,76,3800.0,2021-12-14 00:45:13.583,2021-12-14 00:45:13.583
1e560056-899b-ee11-8445-cc0b759db311,76,3553.0,2023-12-15 20:34:30.407,2023-12-15 20:34:30.407
69197c81-8c9b-ee11-8445-cc0b759db311,76,8189.0,2023-12-15 20:57:09.050,2023-12-15 20:57:09.050
d32451c3-879b-ee11-8445-cc0b759db311,76,24776.0,2023-12-15 20:23:12.370,2023-12-15 20:23:12.370
1e4e3439-7d5c-ec11-8350-fd1908bc5a53,76,1976.0,2021-12-14 01:29:06.110,2021-12-14 01:29:06.110
41bafafb-889b-ee11-8445-cc0b759db311,76,23940.0,2023-12-15 20:31:58.797,2023-12-15 20:31:58.797
331dc594-8a9b-ee11-8445-cc0b759db311,76,3553.0,2023-12-15 20:43:22.120,2023-12-15 20:43:22.120
98286dab-8c9b-ee11-8445-cc0b759db311,76,2242.0,2023-12-15 20:58:23.890,2023-12-15 20:58:23.890
9813595d-879b-ee11-8445-cc0b759db311,76,4465.0,2023-12-15 20:20:20.007,2023-12-15 20:20:20.007
a7af7ee1-7b5c-ec11-8350-fd1908bc5a53,76,1976.0,2021-12-14 01:19:37.263,2021-12-14 01:19:37.263
97ff7327-8c9b-ee11-8445-cc0b759db311,76,15637.0,2023-12-15 20:54:37.893,2023-12-15 20:54:37.893
16436a03-775c-ec11-8350-fd1908bc5a53,76,3800.0,2021-12-14 00:44:44.187,2021-12-14 00:44:44.187
9803f1f3-795c-ec11-8350-fd1908bc5a53,76,3800.0,2021-12-14 01:05:45.660,2021-12-14 01:05:45.660
98308323-8d9b-ee11-8445-cc0b759db311,76,3192.0,2023-12-15 21:01:47.833,2023-12-15 21:01:47.833
268d2ad3-8b9b-ee11-8445-cc0b759db311,76,2242.0,2023-12-15 20:52:23.127,2023-12-15 20:52:23.127
268848c9-7b5c-ec11-8350-fd1908bc5a53,76,1976.0,2021-12-14 01:18:55.790,2021-12-14 01:18:55.790
cd1eebdb-775c-ec11-8350-fd1908bc5a53,76,3800.0,2021-12-14 00:50:42.460,2021-12-14 00:50:42.460
a7b0fe35-8d9b-ee11-8445-cc0b759db311,76,7353.0,2023-12-15 21:02:15.903,2023-12-15 21:02:15.903
47cd8bf9-7b5c-ec11-8350-fd1908bc5a53,76,1976.0,2021-12-14 01:20:12.240,2021-12-14 01:20:12.240
cd08129f-7b5c-ec11-8350-fd1908bc5a53,76,3534.0,2021-12-14 01:17:41.113,2021-12-14 01:17:41.113
cd1a137e-8d9b-ee11-8445-cc0b759db311,76,2242.0,2023-12-15 21:04:18.890,2023-12-15 21:04:18.890
68e87b5d-775c-ec11-8350-fd1908bc5a53,76,16595.36,2021-12-14 00:47:12.973,2021-12-14 00:47:12.973
ebe81f97-869b-ee11-8445-cc0b759db311,76,13623.0,2023-12-15 20:14:51.553,2023-12-15 20:14:51.553
69096684-7a5c-ec11-8350-fd1908bc5a53,76,3724.0,2021-12-14 01:09:45.877,2021-12-14 01:09:45.877
331aba47-7c5c-ec11-8350-fd1908bc5a53,76,22701.2,2021-12-14 01:22:28.460,2021-12-14 01:22:28.460
ebe28c05-7c5c-ec11-8350-fd1908bc5a53,76,1976.0,2021-12-14 01:20:34.247,2021-12-14 01:20:34.247
27480c06-785c-ec11-8350-fd1908bc5a53,76,3724.0,2021-12-14 00:52:00.663,2021-12-14 00:52:00.663
162acf72-765c-ec11-8350-fd1908bc5a53,76,24814.76,2021-12-14 00:40:37.267,2021-12-14 00:40:37.267
162b700b-8d9b-ee11-8445-cc0b759db311,76,2242.0,2023-12-15 21:00:59.193,2023-12-15 21:00:59.193
a805a775-775c-ec11-8350-fd1908bc5a53,76,4142.0,2021-12-14 00:47:50.893,2021-12-14 00:47:50.893
97a841b7-7b5c-ec11-8350-fd1908bc5a53,76,1976.0,2021-12-14 01:18:19.390,2021-12-14 01:18:19.390
97a8520a-8a9b-ee11-8445-cc0b759db311,76,24776.0,2023-12-15 20:39:37.760,2023-12-15 20:39:37.760
97b162cf-7b5c-ec11-8350-fd1908bc5a53,76,1976.0,2021-12-14 01:19:04.627,2021-12-14 01:19:04.627
97bc904d-889b-ee11-8445-cc0b759db311,76,18449.0,2023-12-15 20:27:11.000,2023-12-15 20:27:11.000
ec061f09-795c-ec11-8350-fd1908bc5a53,76,18372.24,2021-12-14 00:59:14.167,2021-12-14 00:59:14.167
3314137e-8d9b-ee11-8445-cc0b759db311,76,0.0,2023-12-15 21:04:16.350,2023-12-15 21:04:16.350
1624ed1f-899b-ee11-8445-cc0b759db311,76,3553.0,2023-12-15 20:32:57.287,2023-12-15 20:32:57.287
cdd519cd-869b-ee11-8445-cc0b759db311,76,11181.5,2023-12-15 20:16:25.920,2023-12-15 20:16:25.920
26754166-785c-ec11-8350-fd1908bc5a53,76,14481.8,2021-12-14 00:54:39.877,2021-12-14 00:54:39.877
97a5eb13-899b-ee11-8445-cc0b759db311,76,3553.0,2023-12-15 20:32:36.667,2023-12-15 20:32:36.667
d1e86133-775c-ec11-8350-fd1908bc5a53,76,3040.0,2021-12-14 00:46:02.053,2021-12-14 00:46:02.053
978d34fd-7c5c-ec11-8350-fd1908bc5a53,76,8228.9,2021-12-14 01:27:29.130,2021-12-14 01:27:29.130
97971692-899b-ee11-8445-cc0b759db311,76,26068.0,2023-12-15 20:36:15.490,2023-12-15 20:36:15.490
0967681b-775c-ec11-8350-fd1908bc5a53,76,2660.0,2021-12-14 00:45:22.430,2021-12-14 00:45:22.430
97709453-889b-ee11-8445-cc0b759db311,76,19684.0,2023-12-15 20:27:21.967,2023-12-15 20:27:21.967
47c4178b-869b-ee11-8445-cc0b759db311,76,51946.0,2023-12-15 20:14:33.080,2023-12-15 20:14:33.080
1e3a4beb-8b9b-ee11-8445-cc0b759db311,76,20368.0,2023-12-15 20:52:56.157,2023-12-15 20:52:56.157
4db179f0-7a5c-ec11-8350-fd1908bc5a53,76,3724.0,2021-12-14 01:12:53.940,2021-12-14 01:12:53.940
0112d632-7b5c-ec11-8350-fd1908bc5a53,76,2888.0,2021-12-14 01:14:41.520,2021-12-14 01:14:41.520
68bca469-775c-ec11-8350-fd1908bc5a53,76,3800.0,2021-12-14 00:47:29.710,2021-12-14 00:47:29.710
976cf168-7b5c-ec11-8350-fd1908bc5a53,76,22701.2,2021-12-14 01:16:07.840,2021-12-14 01:16:07.840
bc25724c-8a9b-ee11-8445-cc0b759db311,76,26942.0,2023-12-15 20:41:25.557,2023-12-15 20:41:25.557
ccfe1779-8b9b-ee11-8445-cc0b759db311,76,2242.0,2023-12-15 20:49:53.900,2023-12-15 20:49:53.900
ccff7e1d-8d9b-ee11-8445-cc0b759db311,76,3192.0,2023-12-15 21:01:29.760,2023-12-15 21:01:29.760
a796d188-8a9b-ee11-8445-cc0b759db311,76,4465.0,2023-12-15 20:43:10.190,2023-12-15 20:43:10.190
cd006dc9-8c9b-ee11-8445-cc0b759db311,76,3572.0,2023-12-15 20:59:10.133,2023-12-15 20:59:10.133
160b5945-879b-ee11-8445-cc0b759db311,76,3572.0,2023-12-15 20:19:42.417,2023-12-15 20:19:42.417
9755c3d7-889b-ee11-8445-cc0b759db311,76,4465.0,2023-12-15 20:30:57.647,2023-12-15 20:30:57.647
ebcd77d8-7a5c-ec11-8350-fd1908bc5a53,76,3800.0,2021-12-14 01:12:06.497,2021-12-14 01:12:06.497
26673748-785c-ec11-8350-fd1908bc5a53,76,7828.0,2021-12-14 00:53:50.900,2021-12-14 00:53:50.900
ccd014c7-8b9b-ee11-8445-cc0b759db311,76,26068.0,2023-12-15 20:51:56.233,2023-12-15 20:51:56.233
ebd7e95c-7b5c-ec11-8350-fd1908bc5a53,76,2888.0,2021-12-14 01:15:46.327,2021-12-14 01:15:46.327
68a056b4-785c-ec11-8350-fd1908bc5a53,76,3059.0,2021-12-14 00:56:49.533,2021-12-14 00:56:49.533
16066728-8a9b-ee11-8445-cc0b759db311,76,4503.0,2023-12-15 20:40:22.607,2023-12-15 20:40:22.607
689f21cd-8b9b-ee11-8445-cc0b759db311,76,2242.0,2023-12-15 20:52:13.097,2023-12-15 20:52:13.097
cc9e6b46-8a9b-ee11-8445-cc0b759db311,76,11960.5,2023-12-15 20:41:09.817,2023-12-15 20:41:09.817
9cfe7651-8c9b-ee11-8445-cc0b759db311,76,24776.0,2023-12-15 20:55:50.687,2023-12-15 20:55:50.687
54a2b902-7b5c-ec11-8350-fd1908bc5a53,76,1976.0,2021-12-14 01:13:15.003,2021-12-14 01:13:15.003
974e167f-8b9b-ee11-8445-cc0b759db311,76,3372.5,2023-12-15 20:50:00.130,2023-12-15 20:50:00.130
15fd0130-8d9b-ee11-8445-cc0b759db311,76,3553.0,2023-12-15 21:02:07.083,2023-12-15 21:02:07.083
41b0129e-899b-ee11-8445-cc0b759db311,76,20368.0,2023-12-15 20:36:28.120,2023-12-15 20:36:28.120
15f62b4b-7d5c-ec11-8350-fd1908bc5a53,76,3800.0,2021-12-14 01:29:45.127,2021-12-14 01:29:45.127
068f3333-879b-ee11-8445-cc0b759db311,76,4465.0,2023-12-15 20:19:15.297,2023-12-15 20:19:15.297
54c445a8-785c-ec11-8350-fd1908bc5a53,76,3800.0,2021-12-14 00:56:32.257,2021-12-14 00:56:32.257
bcd5189c-785c-ec11-8350-fd1908bc5a53,76,1976.0,2021-12-14 00:56:12.863,2021-12-14 00:56:12.863
15f50600-785c-ec11-8350-fd1908bc5a53,76,3724.0,2021-12-14 00:51:51.227,2021-12-14 00:51:51.227
17beb177-889b-ee11-8445-cc0b759db311,76,4465.0,2023-12-15 20:28:19.317,2023-12-15 20:28:19.317
6891761d-889b-ee11-8445-cc0b759db311,76,3192.0,2023-12-15 20:25:42.143,2023-12-15 20:25:42.143
564d3809-7d5c-ec11-8350-fd1908bc5a53,76,7068.0,2021-12-14 01:27:52.187,2021-12-14 01:27:52.187
ebddc666-765c-ec11-8350-fd1908bc5a53,76,44262.4,2021-12-14 00:40:24.077,2021-12-14 00:40:24.077
419b98cc-785c-ec11-8350-fd1908bc5a53,76,7068.0,2021-12-14 00:57:29.457,2021-12-14 00:57:29.457
3525d9c3-775c-ec11-8350-fd1908bc5a53,76,14481.8,2021-12-14 00:50:08.353,2021-12-14 00:50:08.353
96e190c6-785c-ec11-8350-fd1908bc5a53,76,3800.0,2021-12-14 00:57:21.810,2021-12-14 00:57:21.810
eb670262-899b-ee11-8445-cc0b759db311,76,13623.0,2023-12-15 20:34:48.670,2023-12-15 20:34:48.670
688563c0-785c-ec11-8350-fd1908bc5a53,76,3059.0,2021-12-14 00:57:09.007,2021-12-14 00:57:09.007
6872715a-7a5c-ec11-8350-fd1908bc5a53,76,3800.0,2021-12-14 01:08:34.223,2021-12-14 01:08:34.223
bc11d17e-765c-ec11-8350-fd1908bc5a53,76,18372.24,2021-12-14 00:41:00.440,2021-12-14 00:41:00.440
cc6e5203-8c9b-ee11-8445-cc0b759db311,76,24776.0,2023-12-15 20:53:45.477,2023-12-15 20:53:45.477
cc77bd87-775c-ec11-8350-fd1908bc5a53,76,7068.0,2021-12-14 00:48:27.563,2021-12-14 00:48:27.563
49620b91-8b9b-ee11-8445-cc0b759db311,76,13623.0,2023-12-15 20:50:31.730,2023-12-15 20:50:31.730
ad1bc560-765c-ec11-8350-fd1908bc5a53,76,6308.0,2021-12-14 00:40:06.537,2021-12-14 00:40:06.537
264f1103-879b-ee11-8445-cc0b759db311,76,13623.0,2023-12-15 20:17:53.837,2023-12-15 20:17:53.837
3bfa094a-899b-ee11-8445-cc0b759db311,76,19684.0,2023-12-15 20:34:08.217,2023-12-15 20:34:08.217
96980b14-8e9b-ee11-8445-cc0b759db311,76,2242.0,2023-12-15 21:08:24.310,2023-12-15 21:08:24.310
eb8f4a6c-785c-ec11-8350-fd1908bc5a53,76,1976.0,2021-12-14 00:54:46.487,2021-12-14 00:54:46.487
967c58b1-879b-ee11-8445-cc0b759db311,76,2897.5,2023-12-15 20:22:44.643,2023-12-15 20:22:44.643
547c63c0-785c-ec11-8350-fd1908bc5a53,76,18552.36,2021-12-14 00:57:06.503,2021-12-14 00:57:06.503
685ef3fa-8a9b-ee11-8445-cc0b759db311,76,4503.0,2023-12-15 20:46:13.910,2023-12-15 20:46:13.910
479433f1-7c5c-ec11-8350-fd1908bc5a53,76,1976.0,2021-12-14 01:27:06.580,2021-12-14 01:27:06.580
1e0db45f-7c5c-ec11-8350-fd1908bc5a53,76,18552.36,2021-12-14 01:23:09.883,2021-12-14 01:23:09.883
bbffbabf-889b-ee11-8445-cc0b759db311,76,8189.0,2023-12-15 20:30:23.970,2023-12-15 20:30:23.970
eb4b7433-8c9b-ee11-8445-cc0b759db311,76,3553.0,2023-12-15 20:54:57.570,2023-12-15 20:54:57.570
1e0a1037-8b9b-ee11-8445-cc0b759db311,76,4503.0,2023-12-15 20:47:56.503,2023-12-15 20:47:56.503
965f742e-8a9b-ee11-8445-cc0b759db311,76,7353.0,2023-12-15 20:40:29.440,2023-12-15 20:40:29.440
96642a2d-879b-ee11-8445-cc0b759db311,76,3553.0,2023-12-15 20:19:02.850,2023-12-15 20:19:02.850
685755b7-879b-ee11-8445-cc0b759db311,76,3553.0,2023-12-15 20:22:59.437,2023-12-15 20:22:59.437
685b0297-8b9b-ee11-8445-cc0b759db311,76,3572.0,2023-12-15 20:50:38.573,2023-12-15 20:50:38.573
96941267-8b9b-ee11-8445-cc0b759db311,76,2242.0,2023-12-15 20:49:19.117,2023-12-15 20:49:19.117
cc850a9d-8b9b-ee11-8445-cc0b759db311,76,2242.0,2023-12-15 20:50:52.450,2023-12-15 20:50:52.450
eb29a99f-795c-ec11-8350-fd1908bc5a53,76,7068.0,2021-12-14 01:03:27.357,2021-12-14 01:03:27.357
963f2513-8b9b-ee11-8445-cc0b759db311,76,4503.0,2023-12-15 20:46:57.077,2023-12-15 20:46:57.077
bc1d0b08-8e9b-ee11-8445-cc0b759db311,76,7353.0,2023-12-15 21:08:03.817,2023-12-15 21:08:03.817
685bb8c5-889b-ee11-8445-cc0b759db311,76,19684.0,2023-12-15 20:30:32.217,2023-12-15 20:30:32.217
96643748-785c-ec11-8350-fd1908bc5a53,76,3800.0,2021-12-14 00:53:50.237,2021-12-14 00:53:50.237
6856f57a-7b5c-ec11-8350-fd1908bc5a53,76,20665.92,2021-12-14 01:16:40.687,2021-12-14 01:16:40.687
b1604166-785c-ec11-8350-fd1908bc5a53,76,1976.0,2021-12-14 00:54:33.477,2021-12-14 00:54:33.477
cc657899-879b-ee11-8445-cc0b759db311,76,4503.0,2023-12-15 20:22:05.873,2023-12-15 20:22:05.873
eb430c06-785c-ec11-8350-fd1908bc5a53,76,3534.0,2021-12-14 00:51:59.073,2021-12-14 00:51:59.073
06807b2d-8c9b-ee11-8445-cc0b759db311,76,3192.0,2023-12-15 20:54:53.230,2023-12-15 20:54:53.230
41910bf7-785c-ec11-8350-fd1908bc5a53,76,3724.0,2021-12-14 00:58:37.743,2021-12-14 00:58:37.743
684d0b91-8b9b-ee11-8445-cc0b759db311,76,2242.0,2023-12-15 20:50:24.733,2023-12-15 20:50:24.733
96352513-8b9b-ee11-8445-cc0b759db311,76,2242.0,2023-12-15 20:46:53.543,2023-12-15 20:46:53.543
eb168457-775c-ec11-8350-fd1908bc5a53,76,3040.0,2021-12-14 00:47:08.567,2021-12-14 00:47:08.567
15b5d438-7b5c-ec11-8350-fd1908bc5a53,76,3800.0,2021-12-14 01:14:47.963,2021-12-14 01:14:47.963
067e4166-785c-ec11-8350-fd1908bc5a53,76,3534.0,2021-12-14 00:54:42.963,2021-12-14 00:54:42.963
eb0e0a4a-899b-ee11-8445-cc0b759db311,76,3192.0,2023-12-15 20:34:15.167,2023-12-15 20:34:15.167
477eb6cb-889b-ee11-8445-cc0b759db311,76,4465.0,2023-12-15 20:30:35.937,2023-12-15 20:30:35.937
a75405e5-785c-ec11-8350-fd1908bc5a53,76,2660.0,2021-12-14 00:58:08.200,2021-12-14 00:58:08.200
a92f51c3-879b-ee11-8445-cc0b759db311,76,3553.0,2023-12-15 20:23:16.163,2023-12-15 20:23:16.163
683fcf72-765c-ec11-8350-fd1908bc5a53,76,12368.24,2021-12-14 00:40:44.793,2021-12-14 00:40:44.793
a7610056-899b-ee11-8445-cc0b759db311,76,7353.0,2023-12-15 20:34:34.250,2023-12-15 20:34:34.250
477bc5bd-775c-ec11-8350-fd1908bc5a53,76,14481.8,2021-12-14 00:49:55.823,2021-12-14 00:49:55.823
6841d6a6-8a9b-ee11-8445-cc0b759db311,76,4503.0,2023-12-15 20:43:52.943,2023-12-15 20:43:52.943
32c7b47d-889b-ee11-8445-cc0b759db311,76,7353.0,2023-12-15 20:28:26.017,2023-12-15 20:28:26.017
cc42089d-765c-ec11-8350-fd1908bc5a53,76,3040.0,2021-12-14 00:41:51.370,2021-12-14 00:41:51.370
54651f12-7a5c-ec11-8350-fd1908bc5a53,76,2660.0,2021-12-14 01:06:41.110,2021-12-14 01:06:41.110
9608955f-889b-ee11-8445-cc0b759db311,76,3553.0,2023-12-15 20:27:32.850,2023-12-15 20:27:32.850
000fe3c4-8a9b-ee11-8445-cc0b759db311,76,4180.0,2023-12-15 20:44:47.027,2023-12-15 20:44:47.027
26337bc6-7a5c-ec11-8350-fd1908bc5a53,76,2888.0,2021-12-14 01:11:37.947,2021-12-14 01:11:37.947
95ea55fd-765c-ec11-8350-fd1908bc5a53,76,3800.0,2021-12-14 00:44:36.880,2021-12-14 00:44:36.880
26336409-8c9b-ee11-8445-cc0b759db311,76,23940.0,2023-12-15 20:53:49.623,2023-12-15 20:53:49.623
95d4a64e-765c-ec11-8350-fd1908bc5a53,76,24814.76,2021-12-14 00:39:39.633,2021-12-14 00:39:39.633
a74b3630-7a5c-ec11-8350-fd1908bc5a53,76,2660.0,2021-12-14 01:07:29.467,2021-12-14 01:07:29.467
b13d11c7-7c5c-ec11-8350-fd1908bc5a53,76,1976.0,2021-12-14 01:25:54.117,2021-12-14 01:25:54.117
95fb60ab-879b-ee11-8445-cc0b759db311,76,7353.0,2023-12-15 20:22:33.317,2023-12-15 20:22:33.317
381ab28f-889b-ee11-8445-cc0b759db311,76,3572.0,2023-12-15 20:28:58.773,2023-12-15 20:28:58.773
263308c1-8b9b-ee11-8445-cc0b759db311,76,2242.0,2023-12-15 20:51:52.860,2023-12-15 20:51:52.860
958e9e71-889b-ee11-8445-cc0b759db311,76,4465.0,2023-12-15 20:28:08.273,2023-12-15 20:28:08.273
9592dc26-7b5c-ec11-8350-fd1908bc5a53,76,3724.0,2021-12-14 01:14:16.530,2021-12-14 01:14:16.530
cc16e3c4-8a9b-ee11-8445-cc0b759db311,76,3572.0,2023-12-15 20:44:49.717,2023-12-15 20:44:49.717
545d19a9-869b-ee11-8445-cc0b759db311,76,24776.0,2023-12-15 20:15:25.523,2023-12-15 20:15:25.523
0673dfbe-8a9b-ee11-8445-cc0b759db311,76,3553.0,2023-12-15 20:44:34.077,2023-12-15 20:44:34.077
ead9fc1c-3fa0-ee11-8445-f66110f561f0,76,0.0,2023-12-21 20:25:47.787,2023-12-21 20:25:47.787
2a41167f-8b9b-ee11-8445-cc0b759db311,76,2242.0,2023-12-15 20:49:55.670,2023-12-15 20:49:55.670
477bbd87-775c-ec11-8350-fd1908bc5a53,76,16595.36,2021-12-14 00:48:28.660,2021-12-14 00:48:28.660
2a34dc50-7b5c-ec11-8350-fd1908bc5a53,76,1976.0,2021-12-14 01:15:33.623,2021-12-14 01:15:33.623
957b0a9d-8b9b-ee11-8445-cc0b759db311,76,2242.0,2023-12-15 20:50:49.297,2023-12-15 20:50:49.297
f2fe3c2d-7d5c-ec11-8350-fd1908bc5a53,76,1976.0,2021-12-14 01:28:47.020,2021-12-14 01:28:47.020
ad483630-7a5c-ec11-8350-fd1908bc5a53,76,6308.0,2021-12-14 01:07:28.353,2021-12-14 01:07:28.353
eaab12af-8b9b-ee11-8445-cc0b759db311,76,2242.0,2023-12-15 20:51:17.770,2023-12-15 20:51:17.770
261f71ff-8c9b-ee11-8445-cc0b759db311,76,3192.0,2023-12-15 21:00:41.127,2023-12-15 21:00:41.127
682054c9-879b-ee11-8445-cc0b759db311,76,4180.0,2023-12-15 20:23:25.197,2023-12-15 20:23:25.197
094911c7-7c5c-ec11-8350-fd1908bc5a53,76,22701.2,2021-12-14 01:25:58.377,2021-12-14 01:25:58.377
cbd9200c-7a5c-ec11-8350-fd1908bc5a53,76,3724.0,2021-12-14 01:06:21.567,2021-12-14 01:06:21.567
eab170e1-8c9b-ee11-8445-cc0b759db311,76,2242.0,2023-12-15 20:59:50.287,2023-12-15 20:59:50.287
1587c5bd-775c-ec11-8350-fd1908bc5a53,76,18372.24,2021-12-14 00:49:59.450,2021-12-14 00:49:59.450
32a1df1a-7b5c-ec11-8350-fd1908bc5a53,76,1976.0,2021-12-14 01:14:05.300,2021-12-14 01:14:05.300
68240df4-775c-ec11-8350-fd1908bc5a53,76,20465.28,2021-12-14 00:51:30.457,2021-12-14 00:51:30.457
9564870b-7c5c-ec11-8350-fd1908bc5a53,76,1976.0,2021-12-14 01:20:49.173,2021-12-14 01:20:49.173
ead03de6-899b-ee11-8445-cc0b759db311,76,4180.0,2023-12-15 20:38:28.853,2023-12-15 20:38:28.853
4764b689-889b-ee11-8445-cc0b759db311,76,15637.0,2023-12-15 20:28:52.893,2023-12-15 20:28:52.893
47650b91-8b9b-ee11-8445-cc0b759db311,76,2242.0,2023-12-15 20:50:32.817,2023-12-15 20:50:32.817
a73f6493-7d5c-ec11-8350-fd1908bc5a53,76,0.0,2021-12-14 01:31:46.373,2021-12-14 01:31:46.373
eaa39359-889b-ee11-8445-cc0b759db311,76,3553.0,2023-12-15 20:27:24.517,2023-12-15 20:27:24.517
eccae8d0-8a9b-ee11-8445-cc0b759db311,76,8189.0,2023-12-15 20:45:04.037,2023-12-15 20:45:04.037
32983fdf-765c-ec11-8350-fd1908bc5a53,76,20465.28,2021-12-14 00:43:38.547,2021-12-14 00:43:38.547
47607a4b-775c-ec11-8350-fd1908bc5a53,76,3800.0,2021-12-14 00:46:48.410,2021-12-14 00:46:48.410
3ac46a22-8a9b-ee11-8445-cc0b759db311,76,3553.0,2023-12-15 20:40:18.520,2023-12-15 20:40:18.520
9502425a-785c-ec11-8350-fd1908bc5a53,76,3724.0,2021-12-14 00:54:15.663,2021-12-14 00:54:15.663
47635203-8c9b-ee11-8445-cc0b759db311,76,45676.0,2023-12-15 20:53:41.417,2023-12-15 20:53:41.417
95021e5b-8b9b-ee11-8445-cc0b759db311,76,2242.0,2023-12-15 20:49:02.300,2023-12-15 20:49:02.300
cbd222a2-8d9b-ee11-8445-cc0b759db311,76,4180.0,2023-12-15 21:05:20.460,2023-12-15 21:05:20.460
94f33654-7a5c-ec11-8350-fd1908bc5a53,76,3059.0,2021-12-14 01:08:25.940,2021-12-14 01:08:25.940
68037751-8c9b-ee11-8445-cc0b759db311,76,5215.5,2023-12-15 20:55:52.057,2023-12-15 20:55:52.057
94f8735e-8a9b-ee11-8445-cc0b759db311,76,37164.0,2023-12-15 20:41:53.000,2023-12-15 20:41:53.000
956f0a9d-8b9b-ee11-8445-cc0b759db311,76,2242.0,2023-12-15 20:50:45.667,2023-12-15 20:50:45.667
bbd8b47d-889b-ee11-8445-cc0b759db311,76,4465.0,2023-12-15 20:28:32.047,2023-12-15 20:28:32.047
68242b84-785c-ec11-8350-fd1908bc5a53,76,3724.0,2021-12-14 00:55:25.640,2021-12-14 00:55:25.640
a72a38e5-765c-ec11-8350-fd1908bc5a53,76,12368.24,2021-12-14 00:43:53.573,2021-12-14 00:43:53.573
68031fcc-8d9b-ee11-8445-cc0b759db311,76,3553.0,2023-12-15 21:06:23.543,2023-12-15 21:06:23.543
bbc5d438-7b5c-ec11-8350-fd1908bc5a53,76,2888.0,2021-12-14 01:14:53.627,2021-12-14 01:14:53.627
efdaf0ed-795c-ec11-8350-fd1908bc5a53,76,14481.8,2021-12-14 01:05:38.157,2021-12-14 01:05:38.157
475409bb-8b9b-ee11-8445-cc0b759db311,76,2242.0,2023-12-15 20:51:34.757,2023-12-15 20:51:34.757
25ff7af6-7a5c-ec11-8350-fd1908bc5a53,76,14481.8,2021-12-14 01:13:02.917,2021-12-14 01:13:02.917
94d5a469-775c-ec11-8350-fd1908bc5a53,76,3059.0,2021-12-14 00:47:37.537,2021-12-14 00:47:37.537
cbcd5e0f-8c9b-ee11-8445-cc0b759db311,76,24776.0,2023-12-15 20:54:04.017,2023-12-15 20:54:04.017
25ff0eeb-785c-ec11-8350-fd1908bc5a53,76,3724.0,2021-12-14 00:58:23.477,2021-12-14 00:58:23.477
54366c39-8c9b-ee11-8445-cc0b759db311,76,21280.0,2023-12-15 20:55:07.250,2023-12-15 20:55:07.250
bbbe5e0f-8c9b-ee11-8445-cc0b759db311,76,2242.0,2023-12-15 20:53:58.610,2023-12-15 20:53:58.610
155909bb-8b9b-ee11-8445-cc0b759db311,76,2242.0,2023-12-15 20:51:36.360,2023-12-15 20:51:36.360
37654ae5-8b9b-ee11-8445-cc0b759db311,76,4180.0,2023-12-15 20:52:51.473,2023-12-15 20:52:51.473
94bd3c33-7d5c-ec11-8350-fd1908bc5a53,76,0.0,2021-12-14 01:28:59.380,2021-12-14 01:28:59.380
9e3e167f-8b9b-ee11-8445-cc0b759db311,76,2242.0,2023-12-15 20:49:55.020,2023-12-15 20:49:55.020
3d496b78-7a5c-ec11-8350-fd1908bc5a53,76,3724.0,2021-12-14 01:09:24.490,2021-12-14 01:09:24.490
bbbfb4c3-795c-ec11-8350-fd1908bc5a53,76,3800.0,2021-12-14 01:04:20.170,2021-12-14 01:04:20.170
1550d7c9-775c-ec11-8350-fd1908bc5a53,76,3800.0,2021-12-14 00:50:16.907,2021-12-14 00:50:16.907
94aba4b1-795c-ec11-8350-fd1908bc5a53,76,22701.2,2021-12-14 01:03:58.913,2021-12-14 01:03:58.913
bbbffafb-889b-ee11-8445-cc0b759db311,76,3553.0,2023-12-15 20:32:01.277,2023-12-15 20:32:01.277
32882ad3-8b9b-ee11-8445-cc0b759db311,76,2242.0,2023-12-15 20:52:21.613,2023-12-15 20:52:21.613
cc027496-7a5c-ec11-8350-fd1908bc5a53,76,35736.72,2021-12-14 01:10:14.490,2021-12-14 01:10:14.490
bbab0d38-899b-ee11-8445-cc0b759db311,76,3553.0,2023-12-15 20:33:43.697,2023-12-15 20:33:43.697
4819d17e-765c-ec11-8350-fd1908bc5a53,76,20866.56,2021-12-14 00:41:03.940,2021-12-14 00:41:03.940
bbac48eb-765c-ec11-8350-fd1908bc5a53,76,12368.24,2021-12-14 00:44:04.473,2021-12-14 00:44:04.473
947f799c-7a5c-ec11-8350-fd1908bc5a53,76,3724.0,2021-12-14 01:10:30.747,2021-12-14 01:10:30.747
94615404-8a9b-ee11-8445-cc0b759db311,76,3192.0,2023-12-15 20:39:25.913,2023-12-15 20:39:25.913
3527c06b-7c5c-ec11-8350-fd1908bc5a53,76,1976.0,2021-12-14 01:23:25.900,2021-12-14 01:23:25.900
4173f168-7b5c-ec11-8350-fd1908bc5a53,76,2888.0,2021-12-14 01:16:09.913,2021-12-14 01:16:09.913
d39610aa-899b-ee11-8445-cc0b759db311,76,3553.0,2023-12-15 20:36:49.517,2023-12-15 20:36:49.517
a724b535-7c5c-ec11-8350-fd1908bc5a53,76,20465.28,2021-12-14 01:21:55.357,2021-12-14 01:21:55.357
94557f11-7c5c-ec11-8350-fd1908bc5a53,76,1976.0,2021-12-14 01:20:58.930,2021-12-14 01:20:58.930
18370d73-869b-ee11-8445-cc0b759db311,76,28956.0,2023-12-15 20:13:52.743,2023-12-15 20:13:52.743
bcd8ca8e-8a9b-ee11-8445-cc0b759db311,76,3553.0,2023-12-15 20:43:13.007,2023-12-15 20:43:13.007
6800cad5-795c-ec11-8350-fd1908bc5a53,76,3724.0,2021-12-14 01:04:51.057,2021-12-14 01:04:51.057
67df55f7-765c-ec11-8350-fd1908bc5a53,76,3534.0,2021-12-14 00:44:20.363,2021-12-14 00:44:20.363
688d716f-795c-ec11-8350-fd1908bc5a53,76,2660.0,2021-12-14 01:02:08.310,2021-12-14 01:02:08.310
b2d714c7-8b9b-ee11-8445-cc0b759db311,76,2242.0,2023-12-15 20:51:58.957,2023-12-15 20:51:58.957
47481ea3-869b-ee11-8445-cc0b759db311,76,22610.0,2023-12-15 20:15:16.490,2023-12-15 20:15:16.490
154b089d-765c-ec11-8350-fd1908bc5a53,76,1976.0,2021-12-14 00:41:54.697,2021-12-14 00:41:54.697
f10ab408-7b5c-ec11-8350-fd1908bc5a53,76,2888.0,2021-12-14 01:13:29.473,2021-12-14 01:13:29.473
f393075c-899b-ee11-8445-cc0b759db311,76,2242.0,2023-12-15 20:34:44.597,2023-12-15 20:34:44.597
0653f9f5-889b-ee11-8445-cc0b759db311,76,24776.0,2023-12-15 20:31:54.997,2023-12-15 20:31:54.997
152e6615-775c-ec11-8350-fd1908bc5a53,76,3800.0,2021-12-14 00:45:10.747,2021-12-14 00:45:10.747
94373630-7a5c-ec11-8350-fd1908bc5a53,76,14481.8,2021-12-14 01:07:22.363,2021-12-14 01:07:22.363
1529e962-7b5c-ec11-8350-fd1908bc5a53,76,1976.0,2021-12-14 01:16:05.960,2021-12-14 01:16:05.960
b1097bdb-7b5c-ec11-8350-fd1908bc5a53,76,1976.0,2021-12-14 01:19:23.687,2021-12-14 01:19:23.687
941a1aab-7b5c-ec11-8350-fd1908bc5a53,76,1976.0,2021-12-14 01:17:58.507,2021-12-14 01:17:58.507
cba1d7b2-8a9b-ee11-8445-cc0b759db311,76,2242.0,2023-12-15 20:44:21.143,2023-12-15 20:44:21.143
375c210d-8b9b-ee11-8445-cc0b759db311,76,4465.0,2023-12-15 20:46:44.903,2023-12-15 20:46:44.903
375b60d5-879b-ee11-8445-cc0b759db311,76,4503.0,2023-12-15 20:23:47.877,2023-12-15 20:23:47.877
94148cab-7d5c-ec11-8350-fd1908bc5a53,76,3800.0,2021-12-14 01:32:22.017,2021-12-14 01:32:22.017
bb5e6045-8c9b-ee11-8445-cc0b759db311,76,2242.0,2023-12-15 20:55:31.143,2023-12-15 20:55:31.143
93fc3654-7a5c-ec11-8350-fd1908bc5a53,76,7068.0,2021-12-14 01:08:28.850,2021-12-14 01:08:28.850
940b6dc9-8c9b-ee11-8445-cc0b759db311,76,43016.0,2023-12-15 20:59:14.077,2023-12-15 20:59:14.077
15239717-7c5c-ec11-8350-fd1908bc5a53,76,1976.0,2021-12-14 01:20:59.687,2021-12-14 01:20:59.687
67be6499-7d5c-ec11-8350-fd1908bc5a53,76,0.0,2021-12-14 01:31:48.687,2021-12-14 01:31:48.687
09379717-7c5c-ec11-8350-fd1908bc5a53,76,39140.0,2021-12-14 01:21:05.957,2021-12-14 01:21:05.957
67c85e0f-8c9b-ee11-8445-cc0b759db311,76,2242.0,2023-12-15 20:54:02.287,2023-12-15 20:54:02.287
ea55a72f-7c5c-ec11-8350-fd1908bc5a53,76,24814.76,2021-12-14 01:21:48.920,2021-12-14 01:21:48.920
4ba80b14-8e9b-ee11-8445-cc0b759db311,76,4180.0,2023-12-15 21:08:29.857,2023-12-15 21:08:29.857
325f05fd-785c-ec11-8350-fd1908bc5a53,76,18552.36,2021-12-14 00:58:50.107,2021-12-14 00:58:50.107
ea226d0f-775c-ec11-8350-fd1908bc5a53,76,3534.0,2021-12-14 00:45:00.123,2021-12-14 00:45:00.123
25c9a64e-765c-ec11-8350-fd1908bc5a53,76,36437.44,2021-12-14 00:39:36.247,2021-12-14 00:39:36.247
ea2f1144-899b-ee11-8445-cc0b759db311,76,3553.0,2023-12-15 20:33:57.810,2023-12-15 20:33:57.810
25c30786-899b-ee11-8445-cc0b759db311,76,3572.0,2023-12-15 20:35:56.723,2023-12-15 20:35:56.723
67ae19af-869b-ee11-8445-cc0b759db311,76,21888.0,2023-12-15 20:15:27.740,2023-12-15 20:15:27.740
4b54870b-7c5c-ec11-8350-fd1908bc5a53,76,1976.0,2021-12-14 01:20:44.447,2021-12-14 01:20:44.447
ea208cab-7d5c-ec11-8350-fd1908bc5a53,76,20665.92,2021-12-14 01:32:26.587,2021-12-14 01:32:26.587
ea5811a9-8b9b-ee11-8445-cc0b759db311,76,2242.0,2023-12-15 20:51:06.767,2023-12-15 20:51:06.767
15144763-7d5c-ec11-8350-fd1908bc5a53,76,1976.0,2021-12-14 01:30:16.230,2021-12-14 01:30:16.230
6799c36c-765c-ec11-8350-fd1908bc5a53,76,33034.16,2021-12-14 00:40:26.803,2021-12-14 00:40:26.803
3bed2827-879b-ee11-8445-cc0b759db311,76,2897.5,2023-12-15 20:18:49.797,2023-12-15 20:18:49.797
0208137e-8d9b-ee11-8445-cc0b759db311,76,20368.0,2023-12-15 21:04:11.583,2023-12-15 21:04:11.583
150c7dff-879b-ee11-8445-cc0b759db311,76,19684.0,2023-12-15 20:24:56.400,2023-12-15 20:24:56.400
f22520e7-3ea0-ee11-8445-f66110f561f0,76,0.0,2023-12-21 20:24:21.373,2023-12-21 20:24:21.373
25b49796-7c5c-ec11-8350-fd1908bc5a53,76,1976.0,2021-12-14 01:24:42.090,2021-12-14 01:24:42.090
6780118b-8b9b-ee11-8445-cc0b759db311,76,38760.0,2023-12-15 20:50:23.393,2023-12-15 20:50:23.393
063f1d72-8d9b-ee11-8445-cc0b759db311,76,4503.0,2023-12-15 21:03:59.150,2023-12-15 21:03:59.150
47284763-7d5c-ec11-8350-fd1908bc5a53,76,12368.24,2021-12-14 01:30:23.013,2021-12-14 01:30:23.013
54053d2d-7d5c-ec11-8350-fd1908bc5a53,76,36437.44,2021-12-14 01:28:48.973,2021-12-14 01:28:48.973
93700cc1-7c5c-ec11-8350-fd1908bc5a53,76,20665.92,2021-12-14 01:25:44.470,2021-12-14 01:25:44.470
9375dfbe-8a9b-ee11-8445-cc0b759db311,76,3553.0,2023-12-15 20:44:35.113,2023-12-15 20:44:35.113
937c6d52-8a9b-ee11-8445-cc0b759db311,76,3553.0,2023-12-15 20:41:38.263,2023-12-15 20:41:38.263
a70e7496-7a5c-ec11-8350-fd1908bc5a53,76,2888.0,2021-12-14 01:10:18.643,2021-12-14 01:10:18.643
063e140e-8e9b-ee11-8445-cc0b759db311,76,4797.5,2023-12-15 21:08:14.527,2023-12-15 21:08:14.527
bb296d45-be95-ec11-8375-a8b7d793be26,76,39156.48,2022-02-24 22:11:27.103,2022-02-24 22:11:27.103
5407b408-7b5c-ec11-8350-fd1908bc5a53,76,3059.0,2021-12-14 01:13:28.277,2021-12-14 01:13:28.277
935619a9-869b-ee11-8445-cc0b759db311,76,5215.5,2023-12-15 20:15:23.267,2023-12-15 20:15:23.267
bb1d137e-8d9b-ee11-8445-cc0b759db311,76,24776.0,2023-12-15 21:04:19.950,2023-12-15 21:04:19.950
2a1524c1-765c-ec11-8350-fd1908bc5a53,76,18552.36,2021-12-14 00:42:53.657,2021-12-14 00:42:53.657
3a2669a5-879b-ee11-8445-cc0b759db311,76,19684.0,2023-12-15 20:22:25.427,2023-12-15 20:22:25.427
54256d0f-775c-ec11-8350-fd1908bc5a53,76,7068.0,2021-12-14 00:45:00.947,2021-12-14 00:45:00.947
4d0549df-8b9b-ee11-8445-cc0b759db311,76,2242.0,2023-12-15 20:52:37.180,2023-12-15 20:52:37.180
bb407e5d-8c9b-ee11-8445-cc0b759db311,76,2242.0,2023-12-15 20:56:15.020,2023-12-15 20:56:15.020
931ab535-7c5c-ec11-8350-fd1908bc5a53,76,1976.0,2021-12-14 01:21:52.077,2021-12-14 01:21:52.077
9389b181-775c-ec11-8350-fd1908bc5a53,76,2660.0,2021-12-14 00:48:18.243,2021-12-14 00:48:18.243
49500f1e-785c-ec11-8350-fd1908bc5a53,76,3724.0,2021-12-14 00:52:40.207,2021-12-14 00:52:40.207
aceca223-7c5c-ec11-8350-fd1908bc5a53,76,1976.0,2021-12-14 01:21:29.203,2021-12-14 01:21:29.203
14e413f1-785c-ec11-8350-fd1908bc5a53,76,3724.0,2021-12-14 00:58:35.357,2021-12-14 00:58:35.357
931254f3-879b-ee11-8445-cc0b759db311,76,4180.0,2023-12-15 20:24:40.790,2023-12-15 20:24:40.790
3750403f-795c-ec11-8350-fd1908bc5a53,76,2888.0,2021-12-14 01:00:40.797,2021-12-14 01:00:40.797
14df90c6-785c-ec11-8350-fd1908bc5a53,76,3800.0,2021-12-14 00:57:21.060,2021-12-14 00:57:21.060
53f36f64-8a9b-ee11-8445-cc0b759db311,76,15637.0,2023-12-15 20:42:00.467,2023-12-15 20:42:00.467
e9b3cc14-7b5c-ec11-8350-fd1908bc5a53,76,2888.0,2021-12-14 01:13:54.977,2021-12-14 01:13:54.977
e9a59796-7c5c-ec11-8350-fd1908bc5a53,76,22480.8,2021-12-14 01:24:36.287,2021-12-14 01:24:36.287
3227c1b1-7d5c-ec11-8350-fd1908bc5a53,76,1976.0,2021-12-14 01:32:31.337,2021-12-14 01:32:31.337
e9ba41b7-7b5c-ec11-8350-fd1908bc5a53,76,7828.0,2021-12-14 01:18:26.107,2021-12-14 01:18:26.107
cb54719f-879b-ee11-8445-cc0b759db311,76,3192.0,2023-12-15 20:22:16.823,2023-12-15 20:22:16.823
93071798-899b-ee11-8445-cc0b759db311,76,2242.0,2023-12-15 20:36:18.190,2023-12-15 20:36:18.190
3beb6133-775c-ec11-8350-fd1908bc5a53,76,2660.0,2021-12-14 00:46:02.703,2021-12-14 00:46:02.703
cb82f0f9-795c-ec11-8350-fd1908bc5a53,76,3534.0,2021-12-14 01:05:52.937,2021-12-14 01:05:52.937
47205d1b-8c9b-ee11-8445-cc0b759db311,76,4503.0,2023-12-15 20:54:24.177,2023-12-15 20:54:24.177
0634c1b1-7d5c-ec11-8350-fd1908bc5a53,76,1976.0,2021-12-14 01:32:36.623,2021-12-14 01:32:36.623
930e9e1d-7c5c-ec11-8350-fd1908bc5a53,76,1976.0,2021-12-14 01:21:15.823,2021-12-14 01:21:15.823
f2ed5b63-795c-ec11-8350-fd1908bc5a53,76,3534.0,2021-12-14 01:01:41.727,2021-12-14 01:01:41.727
f372b181-775c-ec11-8350-fd1908bc5a53,76,1976.0,2021-12-14 00:48:10.017,2021-12-14 00:48:10.017
a69efeb2-1178-ed11-83d0-dbe72732717b,76,1985.52,2022-12-09 22:34:56.813,2022-12-09 22:34:56.813
92e432b6-61ae-ee11-8445-952d5572c14c,76,0.0,2024-01-08 20:08:42.913,2024-01-08 20:08:42.913
92d757a8-b678-ec11-8350-fef18b0f35d4,76,0.0,2022-01-18 23:30:48.673,2022-01-18 23:30:48.673
92f36127-775c-ec11-8350-fd1908bc5a53,76,3800.0,2021-12-14 00:45:46.983,2021-12-14 00:45:46.983
14cfdcca-8a9b-ee11-8445-cc0b759db311,76,3572.0,2023-12-15 20:44:54.367,2023-12-15 20:44:54.367
6732b159-7c5c-ec11-8350-fd1908bc5a53,76,1976.0,2021-12-14 01:22:51.517,2021-12-14 01:22:51.517
92d24dbd-879b-ee11-8445-cc0b759db311,76,11476.0,2023-12-15 20:23:01.057,2023-12-15 20:23:01.057
672f7fc0-7a5c-ec11-8350-fd1908bc5a53,76,1976.0,2021-12-14 01:11:33.037,2021-12-14 01:11:33.037
14d0f7e7-795c-ec11-8350-fd1908bc5a53,76,3040.0,2021-12-14 01:05:27.983,2021-12-14 01:05:27.983
b1100df4-775c-ec11-8350-fd1908bc5a53,76,3059.0,2021-12-14 00:51:23.620,2021-12-14 00:51:23.620
25869e71-889b-ee11-8445-cc0b759db311,76,8189.0,2023-12-15 20:28:05.580,2023-12-15 20:28:05.580
e96511a9-8b9b-ee11-8445-cc0b759db311,76,2242.0,2023-12-15 20:51:10.917,2023-12-15 20:51:10.917
02017751-8c9b-ee11-8445-cc0b759db311,76,3572.0,2023-12-15 20:55:51.387,2023-12-15 20:55:51.387
92cd637b-879b-ee11-8445-cc0b759db311,76,4180.0,2023-12-15 20:21:16.537,2023-12-15 20:21:16.537
a6923a48-7a5c-ec11-8350-fd1908bc5a53,76,7068.0,2021-12-14 01:08:02.483,2021-12-14 01:08:02.483
3748870b-7c5c-ec11-8350-fd1908bc5a53,76,1976.0,2021-12-14 01:20:40.957,2021-12-14 01:20:40.957
53e70968-899b-ee11-8445-cc0b759db311,76,20368.0,2023-12-15 20:34:58.797,2023-12-15 20:34:58.797
cb51327e-785c-ec11-8350-fd1908bc5a53,76,1976.0,2021-12-14 00:55:19.370,2021-12-14 00:55:19.370
e95193f3-7b5c-ec11-8350-fd1908bc5a53,76,1976.0,2021-12-14 01:20:00.497,2021-12-14 01:20:00.497
1d87362d-795c-ec11-8350-fd1908bc5a53,76,3724.0,2021-12-14 01:00:14.867,2021-12-14 01:00:14.867
92be16b5-869b-ee11-8445-cc0b759db311,76,4009.0,2023-12-15 20:15:43.680,2023-12-15 20:15:43.680
ea5b3ef7-8b9b-ee11-8445-cc0b759db311,76,41116.0,2023-12-15 20:53:20.290,2023-12-15 20:53:20.290
e93d1925-8b9b-ee11-8445-cc0b759db311,76,3553.0,2023-12-15 20:47:31.867,2023-12-15 20:47:31.867
e946c75a-765c-ec11-8350-fd1908bc5a53,76,53101.2,2021-12-14 00:39:57.277,2021-12-14 00:39:57.277
14adeb13-899b-ee11-8445-cc0b759db311,76,8189.0,2023-12-15 20:32:39.057,2023-12-15 20:32:39.057
6715ba47-7c5c-ec11-8350-fd1908bc5a53,76,14481.8,2021-12-14 01:22:27.023,2021-12-14 01:22:27.023
cb2e7069-795c-ec11-8350-fd1908bc5a53,76,3800.0,2021-12-14 01:01:50.120,2021-12-14 01:01:50.120
927b7b2d-8c9b-ee11-8445-cc0b759db311,76,47880.0,2023-12-15 20:54:51.663,2023-12-15 20:54:51.663
14abe3b8-8a9b-ee11-8445-cc0b759db311,76,2242.0,2023-12-15 20:44:27.647,2023-12-15 20:44:27.647
32128cab-7d5c-ec11-8350-fd1908bc5a53,76,3800.0,2021-12-14 01:32:21.327,2021-12-14 01:32:21.327
cb524260-785c-ec11-8350-fd1908bc5a53,76,18372.24,2021-12-14 00:54:31.763,2021-12-14 00:54:31.763
14aa148c-899b-ee11-8445-cc0b759db311,76,24776.0,2023-12-15 20:35:57.373,2023-12-15 20:35:57.373
cbab5681-7d5c-ec11-8350-fd1908bc5a53,76,6308.0,2021-12-14 01:31:09.283,2021-12-14 01:31:09.283
671f91ed-7b5c-ec11-8350-fd1908bc5a53,76,1976.0,2021-12-14 01:19:50.097,2021-12-14 01:19:50.097
a68bdf1a-7b5c-ec11-8350-fd1908bc5a53,76,2888.0,2021-12-14 01:13:57.720,2021-12-14 01:13:57.720
e96f2e21-879b-ee11-8445-cc0b759db311,76,4503.0,2023-12-15 20:18:41.427,2023-12-15 20:18:41.427
e9820cc1-7c5c-ec11-8350-fd1908bc5a53,76,3724.0,2021-12-14 01:25:50.817,2021-12-14 01:25:50.817
09207493-879b-ee11-8445-cc0b759db311,76,4503.0,2023-12-15 20:21:57.660,2023-12-15 20:21:57.660
cb22d9c3-775c-ec11-8350-fd1908bc5a53,76,3040.0,2021-12-14 00:50:07.693,2021-12-14 00:50:07.693
e9150dc2-899b-ee11-8445-cc0b759db311,76,3192.0,2023-12-15 20:37:35.307,2023-12-15 20:37:35.307
925019a9-869b-ee11-8445-cc0b759db311,76,4503.0,2023-12-15 20:15:21.480,2023-12-15 20:15:21.480
149b5951-795c-ec11-8350-fd1908bc5a53,76,3040.0,2021-12-14 01:01:16.717,2021-12-14 01:01:16.717
67049e1d-7c5c-ec11-8350-fd1908bc5a53,76,1976.0,2021-12-14 01:21:11.693,2021-12-14 01:21:11.693
9243167f-8b9b-ee11-8445-cc0b759db311,76,2242.0,2023-12-15 20:49:56.423,2023-12-15 20:49:56.423
aa04b45f-7c5c-ec11-8350-fd1908bc5a53,76,3800.0,2021-12-14 01:23:07.013,2021-12-14 01:23:07.013
bad813f1-785c-ec11-8350-fd1908bc5a53,76,1976.0,2021-12-14 00:58:31.617,2021-12-14 00:58:31.617
9234cf72-765c-ec11-8350-fd1908bc5a53,76,3059.0,2021-12-14 00:40:40.420,2021-12-14 00:40:40.420
923c51c3-879b-ee11-8445-cc0b759db311,76,3572.0,2023-12-15 20:23:20.480,2023-12-15 20:23:20.480
e9093d2d-7d5c-ec11-8350-fd1908bc5a53,76,1976.0,2021-12-14 01:28:51.517,2021-12-14 01:28:51.517
e9022e57-7d5c-ec11-8350-fd1908bc5a53,76,1976.0,2021-12-14 01:30:00.097,2021-12-14 01:30:00.097
b0fde58a-765c-ec11-8350-fd1908bc5a53,76,36437.44,2021-12-14 00:41:16.497,2021-12-14 00:41:16.497
a677e444-7b5c-ec11-8350-fd1908bc5a53,76,2888.0,2021-12-14 01:15:12.223,2021-12-14 01:15:12.223
06231aab-7b5c-ec11-8350-fd1908bc5a53,76,1976.0,2021-12-14 01:18:01.257,2021-12-14 01:18:01.257
92188cab-7d5c-ec11-8350-fd1908bc5a53,76,36087.08,2021-12-14 01:32:23.427,2021-12-14 01:32:23.427
66d67a35-889b-ee11-8445-cc0b759db311,76,20368.0,2023-12-15 20:26:27.787,2023-12-15 20:26:27.787
31f2735e-8a9b-ee11-8445-cc0b759db311,76,4180.0,2023-12-15 20:41:50.623,2023-12-15 20:41:50.623
e8f27321-8c9b-ee11-8445-cc0b759db311,76,2242.0,2023-12-15 20:54:35.367,2023-12-15 20:54:35.367
66d2c3dd-889b-ee11-8445-cc0b759db311,76,2242.0,2023-12-15 20:31:04.917,2023-12-15 20:31:04.917
9203e68a-765c-ec11-8350-fd1908bc5a53,76,22480.8,2021-12-14 00:41:18.527,2021-12-14 00:41:18.527
acdb8c05-7c5c-ec11-8350-fd1908bc5a53,76,1976.0,2021-12-14 01:20:31.987,2021-12-14 01:20:31.987
bb83f168-7b5c-ec11-8350-fd1908bc5a53,76,1976.0,2021-12-14 01:16:14.860,2021-12-14 01:16:14.860
e8f80087-7b5c-ec11-8350-fd1908bc5a53,76,7068.0,2021-12-14 01:16:58.230,2021-12-14 01:16:58.230
91ff9d1d-7c5c-ec11-8350-fd1908bc5a53,76,1976.0,2021-12-14 01:21:10.253,2021-12-14 01:21:10.253
673b6409-8c9b-ee11-8445-cc0b759db311,76,3553.0,2023-12-15 20:53:52.277,2023-12-15 20:53:52.277
1d928163-8c9b-ee11-8445-cc0b759db311,76,3686.0,2023-12-15 20:56:17.853,2023-12-15 20:56:17.853
a71b656f-879b-ee11-8445-cc0b759db311,76,4503.0,2023-12-15 20:20:56.370,2023-12-15 20:20:56.370
092a54c9-879b-ee11-8445-cc0b759db311,76,4180.0,2023-12-15 20:23:28.173,2023-12-15 20:23:28.173
255f3639-879b-ee11-8445-cc0b759db311,76,4503.0,2023-12-15 20:19:22.267,2023-12-15 20:19:22.267
1474b965-7c5c-ec11-8350-fd1908bc5a53,76,1976.0,2021-12-14 01:23:18.957,2021-12-14 01:23:18.957
1d7f716f-795c-ec11-8350-fd1908bc5a53,76,20465.28,2021-12-14 01:02:02.923,2021-12-14 01:02:02.923
4be89c29-7c5c-ec11-8350-fd1908bc5a53,76,3534.0,2021-12-14 01:21:34.957,2021-12-14 01:21:34.957
f2f10760-8d9b-ee11-8445-cc0b759db311,76,4503.0,2023-12-15 21:03:23.493,2023-12-15 21:03:23.493
f3863dbd-7b5c-ec11-8350-fd1908bc5a53,76,1976.0,2021-12-14 01:18:36.100,2021-12-14 01:18:36.100
cad81c30-785c-ec11-8350-fd1908bc5a53,76,3800.0,2021-12-14 00:53:03.497,2021-12-14 00:53:03.497
e8b3249d-869b-ee11-8445-cc0b759db311,76,26942.0,2023-12-15 20:14:57.223,2023-12-15 20:14:57.223
46d3637b-879b-ee11-8445-cc0b759db311,76,4180.0,2023-12-15 20:21:19.147,2023-12-15 20:21:19.147
66b20786-899b-ee11-8445-cc0b759db311,76,3192.0,2023-12-15 20:35:50.777,2023-12-15 20:35:50.777
e8bf249d-869b-ee11-8445-cc0b759db311,76,3553.0,2023-12-15 20:15:01.637,2023-12-15 20:15:01.637
a63f20e4-8d9b-ee11-8445-cc0b759db311,76,3192.0,2023-12-15 21:07:02.680,2023-12-15 21:07:02.680
146c2a2d-879b-ee11-8445-cc0b759db311,76,4465.0,2023-12-15 20:19:05.137,2023-12-15 20:19:05.137
91ba58ed-879b-ee11-8445-cc0b759db311,76,2242.0,2023-12-15 20:24:28.760,2023-12-15 20:24:28.760
91bc6a22-8a9b-ee11-8445-cc0b759db311,76,3572.0,2023-12-15 20:40:15.753,2023-12-15 20:40:15.753
caf5c7b3-889b-ee11-8445-cc0b759db311,76,20368.0,2023-12-15 20:29:54.343,2023-12-15 20:29:54.343
66a02319-8b9b-ee11-8445-cc0b759db311,76,3553.0,2023-12-15 20:47:06.183,2023-12-15 20:47:06.183
e89d8023-889b-ee11-8445-cc0b759db311,76,4503.0,2023-12-15 20:25:53.697,2023-12-15 20:25:53.697
31d4cbe1-795c-ec11-8350-fd1908bc5a53,76,18552.36,2021-12-14 01:05:17.167,2021-12-14 01:05:17.167
918b3333-879b-ee11-8445-cc0b759db311,76,4503.0,2023-12-15 20:19:14.107,2023-12-15 20:19:14.107
91941273-8b9b-ee11-8445-cc0b759db311,76,2242.0,2023-12-15 20:49:38.177,2023-12-15 20:49:38.177
91881273-8b9b-ee11-8445-cc0b759db311,76,2242.0,2023-12-15 20:49:34.453,2023-12-15 20:49:34.453
3d35c594-8a9b-ee11-8445-cc0b759db311,76,3553.0,2023-12-15 20:43:30.020,2023-12-15 20:43:30.020
25504a5d-7d5c-ec11-8350-fd1908bc5a53,76,20665.92,2021-12-14 01:30:14.843,2021-12-14 01:30:14.843
46d4183e-899b-ee11-8445-cc0b759db311,76,4180.0,2023-12-15 20:33:50.707,2023-12-15 20:33:50.707
31dcbca5-775c-ec11-8350-fd1908bc5a53,76,18552.36,2021-12-14 00:49:16.087,2021-12-14 00:49:16.087
a64f0297-8b9b-ee11-8445-cc0b759db311,76,2242.0,2023-12-15 20:50:34.897,2023-12-15 20:50:34.897
e89f1267-8b9b-ee11-8445-cc0b759db311,76,2242.0,2023-12-15 20:49:22.927,2023-12-15 20:49:22.927
e8d37b93-795c-ec11-8350-fd1908bc5a53,76,1976.0,2021-12-14 01:03:01.033,2021-12-14 01:03:01.033
915b7433-8c9b-ee11-8445-cc0b759db311,76,45828.0,2023-12-15 20:55:04.067,2023-12-15 20:55:04.067
cab51ea8-8d9b-ee11-8445-cc0b759db311,76,2954.5,2023-12-15 21:05:22.737,2023-12-15 21:05:22.737
cac0178b-869b-ee11-8445-cc0b759db311,76,4503.0,2023-12-15 20:14:31.877,2023-12-15 20:14:31.877
31d36d87-795c-ec11-8350-fd1908bc5a53,76,3724.0,2021-12-14 01:02:38.880,2021-12-14 01:02:38.880
91461103-879b-ee11-8445-cc0b759db311,76,21888.0,2023-12-15 20:17:50.850,2023-12-15 20:17:50.850
56390d73-869b-ee11-8445-cc0b759db311,76,45144.0,2023-12-15 20:13:53.453,2023-12-15 20:13:53.453
4d4d93f3-7b5c-ec11-8350-fd1908bc5a53,76,1976.0,2021-12-14 01:19:59.120,2021-12-14 01:19:59.120
14457566-7a5c-ec11-8350-fd1908bc5a53,76,3800.0,2021-12-14 01:09:00.073,2021-12-14 01:09:00.073
667ecf82-8a9b-ee11-8445-cc0b759db311,76,2242.0,2023-12-15 20:42:59.980,2023-12-15 20:42:59.980
91441ef6-8d9b-ee11-8445-cc0b759db311,76,2242.0,2023-12-15 21:07:33.110,2023-12-15 21:07:33.110
667fd52c-7b5c-ec11-8350-fd1908bc5a53,76,22701.2,2021-12-14 01:14:34.307,2021-12-14 01:14:34.307
d1b47f75-8c9b-ee11-8445-cc0b759db311,76,3553.0,2023-12-15 20:56:52.080,2023-12-15 20:56:52.080
e876fe8c-7b5c-ec11-8350-fd1908bc5a53,76,1976.0,2021-12-14 01:17:11.767,2021-12-14 01:17:11.767
f2130401-0019-5c9c-76f6-08de72f86e0d,76,11296.16,2026-02-23 16:27:50.603,2026-02-23 16:27:50.603
53830a9d-8b9b-ee11-8445-cc0b759db311,76,2242.0,2023-12-15 20:50:51.753,2023-12-15 20:50:51.753
0607e68a-765c-ec11-8350-fd1908bc5a53,76,20665.92,2021-12-14 00:41:19.740,2021-12-14 00:41:19.740
66704b6f-7d5c-ec11-8350-fd1908bc5a53,76,1976.0,2021-12-14 01:30:44.797,2021-12-14 01:30:44.797
14392af8-f593-ec11-8375-a8b7d793be26,76,39156.48,2022-02-22 15:47:51.587,2022-02-22 15:47:51.587
253606c2-1678-ed11-83d0-dbe72732717b,76,1985.52,2022-12-09 23:11:11.060,2022-12-09 23:11:11.060
41261c07-8b9b-ee11-8445-cc0b759db311,76,3553.0,2023-12-15 20:46:34.643,2023-12-15 20:46:34.643
143891ed-7b5c-ec11-8350-fd1908bc5a53,76,1976.0,2021-12-14 01:19:57.660,2021-12-14 01:19:57.660
9126dc50-7b5c-ec11-8350-fd1908bc5a53,76,1976.0,2021-12-14 01:15:29.343,2021-12-14 01:15:29.343
e84a0201-00e4-a4da-0b71-08de6ff14fa0,76,52884.0,2026-02-19 20:01:36.110,2026-02-19 20:01:36.110
910578cc-7a5c-ec11-8350-fd1908bc5a53,76,3800.0,2021-12-14 01:11:44.387,2021-12-14 01:11:44.387
ca8f17b1-7b5c-ec11-8350-fd1908bc5a53,76,1976.0,2021-12-14 01:18:14.927,2021-12-14 01:18:14.927
ca97f0f9-795c-ec11-8350-fd1908bc5a53,76,3724.0,2021-12-14 01:05:59.690,2021-12-14 01:05:59.690
90fa43f1-8b9b-ee11-8445-cc0b759db311,76,15637.0,2023-12-15 20:53:06.570,2023-12-15 20:53:06.570
ca7d08fa-775c-ec11-8350-fd1908bc5a53,76,6308.0,2021-12-14 00:51:39.317,2021-12-14 00:51:39.317
31cbbca5-775c-ec11-8350-fd1908bc5a53,76,24814.76,2021-12-14 00:49:11.037,2021-12-14 00:49:11.037
667bfe8c-7b5c-ec11-8350-fd1908bc5a53,76,1976.0,2021-12-14 01:17:13.237,2021-12-14 01:17:13.237
b0dbdc3e-7b5c-ec11-8350-fd1908bc5a53,76,3534.0,2021-12-14 01:14:56.767,2021-12-14 01:14:56.767
b0d74dbd-879b-ee11-8445-cc0b759db311,76,15637.0,2023-12-15 20:23:02.767,2023-12-15 20:23:02.767
1d417f11-7c5c-ec11-8350-fd1908bc5a53,76,1976.0,2021-12-14 01:20:52.650,2021-12-14 01:20:52.650
46b21820-8e9b-ee11-8445-cc0b759db311,76,2242.0,2023-12-15 21:08:46.377,2023-12-15 21:08:46.377
01f1babf-889b-ee11-8445-cc0b759db311,76,4465.0,2023-12-15 20:30:19.070,2023-12-15 20:30:19.070
46aacc14-7b5c-ec11-8350-fd1908bc5a53,76,2888.0,2021-12-14 01:13:51.653,2021-12-14 01:13:51.653
66531f12-7a5c-ec11-8350-fd1908bc5a53,76,3040.0,2021-12-14 01:06:35.113,2021-12-14 01:06:35.113
6657d6a6-8a9b-ee11-8445-cc0b759db311,76,53048.0,2023-12-15 20:44:01.200,2023-12-15 20:44:01.200
14124bb5-c9cf-eb11-830a-c1c5c06c5978,76,0.0,2021-06-18 00:11:59.487,2021-06-18 00:11:59.487
31b89359-889b-ee11-8445-cc0b759db311,76,4180.0,2023-12-15 20:27:32.033,2023-12-15 20:27:32.033
251f0601-0050-fc61-be09-08de2939c038,76,28900.12,2025-11-21 20:08:34.950,2025-11-21 20:08:34.950
e806c8b3-889b-ee11-8445-cc0b759db311,76,4180.0,2023-12-15 20:30:00.047,2023-12-15 20:30:00.047
e8181798-899b-ee11-8445-cc0b759db311,76,4465.0,2023-12-15 20:36:24.370,2023-12-15 20:36:24.370
4b5b6b75-795c-ec11-8350-fd1908bc5a53,76,6308.0,2021-12-14 01:02:08.987,2021-12-14 01:02:08.987
e8268fff-7b5c-ec11-8350-fd1908bc5a53,76,1976.0,2021-12-14 01:20:23.897,2021-12-14 01:20:23.897
f2737b2d-8c9b-ee11-8445-cc0b759db311,76,26942.0,2023-12-15 20:54:48.983,2023-12-15 20:54:48.983
a627cf72-765c-ec11-8350-fd1908bc5a53,76,31938.24,2021-12-14 00:40:36.603,2021-12-14 00:40:36.603
e7dab23b-7c5c-ec11-8350-fd1908bc5a53,76,24814.76,2021-12-14 01:22:02.637,2021-12-14 01:22:02.637
0905745e-8a9b-ee11-8445-cc0b759db311,76,3553.0,2023-12-15 20:41:57.267,2023-12-15 20:41:57.267
b0cf60ed-8c9b-ee11-8445-cc0b759db311,76,7353.0,2023-12-15 21:00:12.627,2023-12-15 21:00:12.627
13fde290-765c-ec11-8350-fd1908bc5a53,76,24814.76,2021-12-14 00:41:33.823,2021-12-14 00:41:33.823
661de962-7b5c-ec11-8350-fd1908bc5a53,76,1976.0,2021-12-14 01:16:01.837,2021-12-14 01:16:01.837
e7d38c05-7c5c-ec11-8350-fd1908bc5a53,76,1976.0,2021-12-14 01:20:29.527,2021-12-14 01:20:29.527
660b0187-7b5c-ec11-8350-fd1908bc5a53,76,1976.0,2021-12-14 01:17:05.023,2021-12-14 01:17:05.023
90386c39-8c9b-ee11-8445-cc0b759db311,76,22610.0,2023-12-15 20:55:08.000,2023-12-15 20:55:08.000
ca3a3630-7a5c-ec11-8350-fd1908bc5a53,76,6308.0,2021-12-14 01:07:23.393,2021-12-14 01:07:23.393
1d329717-7c5c-ec11-8350-fd1908bc5a53,76,1976.0,2021-12-14 01:21:04.547,2021-12-14 01:21:04.547
904b20e4-8d9b-ee11-8445-cc0b759db311,76,8189.0,2023-12-15 21:07:07.307,2023-12-15 21:07:07.307
ca42d89a-8a9b-ee11-8445-cc0b759db311,76,2242.0,2023-12-15 20:43:39.197,2023-12-15 20:43:39.197
319b8163-8c9b-ee11-8445-cc0b759db311,76,18449.0,2023-12-15 20:56:21.550,2023-12-15 20:56:21.550
903279a2-7a5c-ec11-8350-fd1908bc5a53,76,16434.24,2021-12-14 01:10:39.090,2021-12-14 01:10:39.090
ca37dc50-7b5c-ec11-8350-fd1908bc5a53,76,2888.0,2021-12-14 01:15:34.987,2021-12-14 01:15:34.987
f0c77e7b-795c-ec11-8350-fd1908bc5a53,76,2888.0,2021-12-14 01:02:27.147,2021-12-14 01:02:27.147
900ad17e-765c-ec11-8350-fd1908bc5a53,76,2888.0,2021-12-14 00:40:57.287,2021-12-14 00:40:57.287
13ecd656-7b5c-ec11-8350-fd1908bc5a53,76,2888.0,2021-12-14 01:15:42.193,2021-12-14 01:15:42.193
a97948c9-7b5c-ec11-8350-fd1908bc5a53,76,1976.0,2021-12-14 01:18:51.253,2021-12-14 01:18:51.253
13e496d2-785c-ec11-8350-fd1908bc5a53,76,3724.0,2021-12-14 00:57:39.660,2021-12-14 00:57:39.660
ba5ab965-7c5c-ec11-8350-fd1908bc5a53,76,2888.0,2021-12-14 01:23:10.593,2021-12-14 01:23:10.593
acc91dc7-869b-ee11-8445-cc0b759db311,76,2242.0,2023-12-15 20:16:09.840,2023-12-15 20:16:09.840
e78048c9-7b5c-ec11-8350-fd1908bc5a53,76,1976.0,2021-12-14 01:18:53.390,2021-12-14 01:18:53.390
a9fae290-765c-ec11-8350-fd1908bc5a53,76,16595.36,2021-12-14 00:41:33.107,2021-12-14 00:41:33.107
d1a54a6c-785c-ec11-8350-fd1908bc5a53,76,1976.0,2021-12-14 00:54:53.353,2021-12-14 00:54:53.353
8fe355f9-879b-ee11-8445-cc0b759db311,76,21888.0,2023-12-15 20:24:43.397,2023-12-15 20:24:43.397
05f41d5b-8b9b-ee11-8445-cc0b759db311,76,4180.0,2023-12-15 20:48:57.483,2023-12-15 20:48:57.483
55c51ea8-8d9b-ee11-8445-cc0b759db311,76,2242.0,2023-12-15 21:05:27.830,2023-12-15 21:05:27.830
efdf1f97-869b-ee11-8445-cc0b759db311,76,26942.0,2023-12-15 20:14:48.527,2023-12-15 20:14:48.527
f1fe8357-775c-ec11-8350-fd1908bc5a53,76,3040.0,2021-12-14 00:46:59.290,2021-12-14 00:46:59.290
39208fff-7b5c-ec11-8350-fd1908bc5a53,76,16434.24,2021-12-14 01:20:21.770,2021-12-14 01:20:21.770
e7380d54-8d9b-ee11-8445-cc0b759db311,76,15637.0,2023-12-15 21:03:08.717,2023-12-15 21:03:08.717
31799b76-8a9b-ee11-8445-cc0b759db311,76,3553.0,2023-12-15 20:42:36.257,2023-12-15 20:42:36.257
4171f3fa-8a9b-ee11-8445-cc0b759db311,76,20672.0,2023-12-15 20:46:21.437,2023-12-15 20:46:21.437
ca218323-8d9b-ee11-8445-cc0b759db311,76,7353.0,2023-12-15 21:01:42.533,2023-12-15 21:01:42.533
e73af2ba-7c5c-ec11-8350-fd1908bc5a53,76,3040.0,2021-12-14 01:25:35.340,2021-12-14 01:25:35.340
24e66127-775c-ec11-8350-fd1908bc5a53,76,12368.24,2021-12-14 00:45:42.823,2021-12-14 00:45:42.823
8f5f16bb-869b-ee11-8445-cc0b759db311,76,4465.0,2023-12-15 20:15:54.167,2023-12-15 20:15:54.167
13cb8069-8c9b-ee11-8445-cc0b759db311,76,3211.0,2023-12-15 20:56:32.080,2023-12-15 20:56:32.080
e713473c-7a5c-ec11-8350-fd1908bc5a53,76,6308.0,2021-12-14 01:07:50.270,2021-12-14 01:07:50.270
ba3fb899-775c-ec11-8350-fd1908bc5a53,76,6308.0,2021-12-14 00:48:53.337,2021-12-14 00:48:53.337
cbb9b8c9-7d5c-ec11-8350-fd1908bc5a53,76,3534.0,2021-12-14 01:33:08.407,2021-12-14 01:33:08.407
8f19cad5-795c-ec11-8350-fd1908bc5a53,76,2888.0,2021-12-14 01:04:59.527,2021-12-14 01:04:59.527
8f03ad6f-775c-ec11-8350-fd1908bc5a53,76,3800.0,2021-12-14 00:47:49.147,2021-12-14 00:47:49.147
e70f955f-889b-ee11-8445-cc0b759db311,76,2242.0,2023-12-15 20:27:35.680,2023-12-15 20:27:35.680
8efd0087-7b5c-ec11-8350-fd1908bc5a53,76,46420.04,2021-12-14 01:17:00.143,2021-12-14 01:17:00.143
bdbaf801-899b-ee11-8445-cc0b759db311,76,4180.0,2023-12-15 20:32:05.720,2023-12-15 20:32:05.720
1d120c79-869b-ee11-8445-cc0b759db311,76,49932.0,2023-12-15 20:14:05.620,2023-12-15 20:14:05.620
cbbceb13-899b-ee11-8445-cc0b759db311,76,8189.0,2023-12-15 20:32:44.820,2023-12-15 20:32:44.820
4c414beb-8b9b-ee11-8445-cc0b759db311,76,26942.0,2023-12-15 20:52:58.570,2023-12-15 20:52:58.570
4d026dc9-8c9b-ee11-8445-cc0b759db311,76,2242.0,2023-12-15 20:59:10.807,2023-12-15 20:59:10.807
d1c14172-785c-ec11-8350-fd1908bc5a53,76,3800.0,2021-12-14 00:54:56.867,2021-12-14 00:54:56.867
8f2ab535-7c5c-ec11-8350-fd1908bc5a53,76,36437.44,2021-12-14 01:21:57.710,2021-12-14 01:21:57.710
91f1bfad-889b-ee11-8445-cc0b759db311,76,4180.0,2023-12-15 20:29:44.540,2023-12-15 20:29:44.540
65e6b98d-775c-ec11-8350-fd1908bc5a53,76,14481.8,2021-12-14 00:48:34.583,2021-12-14 00:48:34.583
29f47b5d-775c-ec11-8350-fd1908bc5a53,76,3800.0,2021-12-14 00:47:16.747,2021-12-14 00:47:16.747
8edd108a-8d9b-ee11-8445-cc0b759db311,76,4503.0,2023-12-15 21:04:34.883,2023-12-15 21:04:34.883
ba4b01e8-775c-ec11-8350-fd1908bc5a53,76,3800.0,2021-12-14 00:51:06.270,2021-12-14 00:51:06.270
315f93f3-7b5c-ec11-8350-fd1908bc5a53,76,1976.0,2021-12-14 01:20:04.507,2021-12-14 01:20:04.507
31641dd9-869b-ee11-8445-cc0b759db311,76,2242.0,2023-12-15 20:16:40.960,2023-12-15 20:16:40.960
a5f81779-8b9b-ee11-8445-cc0b759db311,76,2242.0,2023-12-15 20:49:52.057,2023-12-15 20:49:52.057
e6de14c7-8b9b-ee11-8445-cc0b759db311,76,2242.0,2023-12-15 20:52:01.610,2023-12-15 20:52:01.610
658ac5bd-775c-ec11-8350-fd1908bc5a53,76,18552.36,2021-12-14 00:50:00.520,2021-12-14 00:50:00.520
d189ecd6-8a9b-ee11-8445-cc0b759db311,76,3553.0,2023-12-15 20:45:12.183,2023-12-15 20:45:12.183
e6ea55f9-879b-ee11-8445-cc0b759db311,76,3192.0,2023-12-15 20:24:45.773,2023-12-15 20:24:45.773
4ac5189c-785c-ec11-8350-fd1908bc5a53,76,3800.0,2021-12-14 00:56:07.263,2021-12-14 00:56:07.263
8e6b210d-8b9b-ee11-8445-cc0b759db311,76,3553.0,2023-12-15 20:46:50.380,2023-12-15 20:46:50.380
8e6e09bb-8b9b-ee11-8445-cc0b759db311,76,2242.0,2023-12-15 20:51:43.337,2023-12-15 20:51:43.337
a935074e-8d9b-ee11-8445-cc0b759db311,76,2242.0,2023-12-15 21:02:51.040,2023-12-15 21:02:51.040
8e550297-8b9b-ee11-8445-cc0b759db311,76,7353.0,2023-12-15 20:50:36.670,2023-12-15 20:50:36.670
e6fd2415-879b-ee11-8445-cc0b759db311,76,4503.0,2023-12-15 20:18:19.027,2023-12-15 20:18:19.027
315216a3-8b9b-ee11-8445-cc0b759db311,76,2242.0,2023-12-15 20:50:57.867,2023-12-15 20:50:57.867
138c0bb5-8b9b-ee11-8445-cc0b759db311,76,2242.0,2023-12-15 20:51:25.393,2023-12-15 20:51:25.393
a5d15adb-8c9b-ee11-8445-cc0b759db311,76,0.0,2023-12-15 20:59:44.423,2023-12-15 20:59:44.423
e6c8b177-889b-ee11-8445-cc0b759db311,76,4503.0,2023-12-15 20:28:22.947,2023-12-15 20:28:22.947
371b7ae3-593d-ef11-84bc-d460b42757f1,76,3572.0,2024-07-08 18:49:33.750,2024-07-08 18:49:33.750
e6c0d278-765c-ec11-8350-fd1908bc5a53,76,12368.24,2021-12-14 00:40:47.013,2021-12-14 00:40:47.013
c9fc2d57-7d5c-ec11-8350-fd1908bc5a53,76,1976.0,2021-12-14 01:29:57.583,2021-12-14 01:29:57.583
d31217fd-869b-ee11-8445-cc0b759db311,76,3572.0,2023-12-15 20:17:41.277,2023-12-15 20:17:41.277
655c4ef2-899b-ee11-8445-cc0b759db311,76,3553.0,2023-12-15 20:38:56.177,2023-12-15 20:38:56.177
8e00116c-8d9b-ee11-8445-cc0b759db311,76,4465.0,2023-12-15 21:03:47.940,2023-12-15 21:03:47.940
137c48c9-7b5c-ec11-8350-fd1908bc5a53,76,1976.0,2021-12-14 01:18:51.913,2021-12-14 01:18:51.913
8dfe3654-7a5c-ec11-8350-fd1908bc5a53,76,2660.0,2021-12-14 01:08:29.507,2021-12-14 01:08:29.507
a9733dbd-7b5c-ec11-8350-fd1908bc5a53,76,1976.0,2021-12-14 01:18:29.747,2021-12-14 01:18:29.747
654d16a3-8b9b-ee11-8445-cc0b759db311,76,2242.0,2023-12-15 20:50:56.470,2023-12-15 20:50:56.470
a5c3ea84-765c-ec11-8350-fd1908bc5a53,76,7068.0,2021-12-14 00:41:09.507,2021-12-14 00:41:09.507
ba131fcc-8d9b-ee11-8445-cc0b759db311,76,4180.0,2023-12-15 21:06:29.477,2023-12-15 21:06:29.477
a5b7d438-7b5c-ec11-8350-fd1908bc5a53,76,3040.0,2021-12-14 01:14:48.747,2021-12-14 01:14:48.747
ac90b44d-7c5c-ec11-8350-fd1908bc5a53,76,1976.0,2021-12-14 01:22:30.557,2021-12-14 01:22:30.557
3138822f-889b-ee11-8445-cc0b759db311,76,21888.0,2023-12-15 20:26:15.767,2023-12-15 20:26:15.767
8de64dbd-879b-ee11-8445-cc0b759db311,76,3572.0,2023-12-15 20:23:08.003,2023-12-15 20:23:08.003
8ddf343f-879b-ee11-8445-cc0b759db311,76,18449.0,2023-12-15 20:19:37.877,2023-12-15 20:19:37.877
e696b6cb-889b-ee11-8445-cc0b759db311,76,3192.0,2023-12-15 20:30:43.740,2023-12-15 20:30:43.740
13703639-879b-ee11-8445-cc0b759db311,76,4503.0,2023-12-15 20:19:28.153,2023-12-15 20:19:28.153
c9a1f1ef-889b-ee11-8445-cc0b759db311,76,15637.0,2023-12-15 20:31:38.410,2023-12-15 20:31:38.410
136e7f0b-889b-ee11-8445-cc0b759db311,76,3553.0,2023-12-15 20:25:11.897,2023-12-15 20:25:11.897
31381885-869b-ee11-8445-cc0b759db311,76,4503.0,2023-12-15 20:14:17.750,2023-12-15 20:14:17.750
24bc178b-869b-ee11-8445-cc0b759db311,76,4503.0,2023-12-15 20:14:30.337,2023-12-15 20:14:30.337
6537281b-795c-ec11-8350-fd1908bc5a53,76,18372.24,2021-12-14 00:59:39.763,2021-12-14 00:59:39.763
c9b80fa2-785c-ec11-8350-fd1908bc5a53,76,3800.0,2021-12-14 00:56:20.007,2021-12-14 00:56:20.007
e6971009-879b-ee11-8445-cc0b759db311,76,49932.0,2023-12-15 20:18:04.397,2023-12-15 20:18:04.397
312e08c1-8b9b-ee11-8445-cc0b759db311,76,2242.0,2023-12-15 20:51:51.393,2023-12-15 20:51:51.393
8dbc41e0-899b-ee11-8445-cc0b759db311,76,4465.0,2023-12-15 20:38:22.697,2023-12-15 20:38:22.697
b0a198cc-785c-ec11-8350-fd1908bc5a53,76,3040.0,2021-12-14 00:57:31.537,2021-12-14 00:57:31.537
49461d3d-8b9b-ee11-8445-cc0b759db311,76,7353.0,2023-12-15 20:48:06.697,2023-12-15 20:48:06.697
b9e4c3dd-889b-ee11-8445-cc0b759db311,76,4465.0,2023-12-15 20:31:11.250,2023-12-15 20:31:11.250
29d4b47d-889b-ee11-8445-cc0b759db311,76,7353.0,2023-12-15 20:28:30.417,2023-12-15 20:28:30.417
652a7390-7a5c-ec11-8350-fd1908bc5a53,76,3534.0,2021-12-14 01:10:11.763,2021-12-14 01:10:11.763
05cbdc20-7b5c-ec11-8350-fd1908bc5a53,76,2888.0,2021-12-14 01:14:12.307,2021-12-14 01:14:12.307
31297bc6-7a5c-ec11-8350-fd1908bc5a53,76,3724.0,2021-12-14 01:11:34.160,2021-12-14 01:11:34.160
c9e464cf-8c9b-ee11-8445-cc0b759db311,76,7353.0,2023-12-15 20:59:26.183,2023-12-15 20:59:26.183
8daf9359-889b-ee11-8445-cc0b759db311,76,15637.0,2023-12-15 20:27:28.940,2023-12-15 20:27:28.940
b9e11591-869b-ee11-8445-cc0b759db311,76,19684.0,2023-12-15 20:14:43.200,2023-12-15 20:14:43.200
e6757f0b-889b-ee11-8445-cc0b759db311,76,3192.0,2023-12-15 20:25:14.710,2023-12-15 20:25:14.710
acaf70e1-8c9b-ee11-8445-cc0b759db311,76,20368.0,2023-12-15 20:59:49.557,2023-12-15 20:59:49.557
b0a63145-7d5c-ec11-8350-fd1908bc5a53,76,1976.0,2021-12-14 01:29:30.527,2021-12-14 01:29:30.527
b099cc14-7b5c-ec11-8350-fd1908bc5a53,76,2888.0,2021-12-14 01:13:45.860,2021-12-14 01:13:45.860
e674cf82-8a9b-ee11-8445-cc0b759db311,76,2242.0,2023-12-15 20:42:56.437,2023-12-15 20:42:56.437
8db7a776-4cd4-ef11-84ee-d7f4306148a9,76,67316.0,2025-01-16 21:02:14.890,2025-01-16 21:02:14.890
542c1c07-8b9b-ee11-8445-cc0b759db311,76,3553.0,2023-12-15 20:46:36.470,2023-12-15 20:46:36.470
8dfd13f1-869b-ee11-8445-cc0b759db311,76,21888.0,2023-12-15 20:17:20.687,2023-12-15 20:17:20.687
6546d89a-8a9b-ee11-8445-cc0b759db311,76,2242.0,2023-12-15 20:43:40.393,2023-12-15 20:43:40.393
e6674166-785c-ec11-8350-fd1908bc5a53,76,7068.0,2021-12-14 00:54:35.427,2021-12-14 00:54:35.427
8d637899-879b-ee11-8445-cc0b759db311,76,15637.0,2023-12-15 20:22:05.153,2023-12-15 20:22:05.153
c97fa0bd-795c-ec11-8350-fd1908bc5a53,76,24573.84,2021-12-14 01:04:16.430,2021-12-14 01:04:16.430
34fbe14a-7b5c-ec11-8350-fd1908bc5a53,76,3800.0,2021-12-14 01:15:23.487,2021-12-14 01:15:23.487
3bca5a5d-795c-ec11-8350-fd1908bc5a53,76,1976.0,2021-12-14 01:01:28.923,2021-12-14 01:01:28.923
38fb1d5b-8b9b-ee11-8445-cc0b759db311,76,2242.0,2023-12-15 20:48:59.653,2023-12-15 20:48:59.653
8d5b870b-7c5c-ec11-8350-fd1908bc5a53,76,1976.0,2021-12-14 01:20:46.577,2021-12-14 01:20:46.577
371224c1-765c-ec11-8350-fd1908bc5a53,76,1976.0,2021-12-14 00:42:52.600,2021-12-14 00:42:52.600
46837f0b-889b-ee11-8445-cc0b759db311,76,2242.0,2023-12-15 20:25:19.693,2023-12-15 20:25:19.693
c9760a9d-8b9b-ee11-8445-cc0b759db311,76,2242.0,2023-12-15 20:50:47.823,2023-12-15 20:50:47.823
e6452e51-7d5c-ec11-8350-fd1908bc5a53,76,1976.0,2021-12-14 01:29:48.963,2021-12-14 01:29:48.963
e62b301b-879b-ee11-8445-cc0b759db311,76,3572.0,2023-12-15 20:18:32.507,2023-12-15 20:18:32.507
13301085-8b9b-ee11-8445-cc0b759db311,76,2242.0,2023-12-15 20:50:10.987,2023-12-15 20:50:10.987
52ec1002-8e9b-ee11-8445-cc0b759db311,76,3572.0,2023-12-15 21:07:56.117,2023-12-15 21:07:56.117
e63e4beb-8b9b-ee11-8445-cc0b759db311,76,2242.0,2023-12-15 20:52:57.793,2023-12-15 20:52:57.793
8d6ef563-1378-ed11-83d0-dbe72732717b,76,3718.32,2022-12-09 22:47:04.783,2022-12-09 22:47:04.783
52e61591-869b-ee11-8445-cc0b759db311,76,36860.0,2023-12-15 20:14:44.940,2023-12-15 20:14:44.940
8d426f45-775c-ec11-8350-fd1908bc5a53,76,3800.0,2021-12-14 00:46:31.507,2021-12-14 00:46:31.507
8d12425a-785c-ec11-8350-fd1908bc5a53,76,3724.0,2021-12-14 00:54:20.567,2021-12-14 00:54:20.567
e60249df-8b9b-ee11-8445-cc0b759db311,76,2242.0,2023-12-15 20:52:36.393,2023-12-15 20:52:36.393
64d74254-785c-ec11-8350-fd1908bc5a53,76,3059.0,2021-12-14 00:54:10.410,2021-12-14 00:54:10.410
d181b0fc-7a5c-ec11-8350-fd1908bc5a53,76,2888.0,2021-12-14 01:13:12.537,2021-12-14 01:13:12.537
b0950bb5-8b9b-ee11-8445-cc0b759db311,76,18449.0,2023-12-15 20:51:28.233,2023-12-15 20:51:28.233
e601745e-8a9b-ee11-8445-cc0b759db311,76,3553.0,2023-12-15 20:41:56.150,2023-12-15 20:41:56.150
8cfe1601-8b9b-ee11-8445-cc0b759db311,76,4180.0,2023-12-15 20:46:24.240,2023-12-15 20:46:24.240
8d3508c1-8b9b-ee11-8445-cc0b759db311,76,2242.0,2023-12-15 20:51:53.563,2023-12-15 20:51:53.563
1cd98c05-7c5c-ec11-8350-fd1908bc5a53,76,1976.0,2021-12-14 01:20:31.317,2021-12-14 01:20:31.317
b9bd6c41-889b-ee11-8445-cc0b759db311,76,3553.0,2023-12-15 20:26:43.037,2023-12-15 20:26:43.037
8cf3200c-7a5c-ec11-8350-fd1908bc5a53,76,2660.0,2021-12-14 01:06:30.120,2021-12-14 01:06:30.120
1319a99f-795c-ec11-8350-fd1908bc5a53,76,1976.0,2021-12-14 01:03:21.430,2021-12-14 01:03:21.430
248c16b4-8d9b-ee11-8445-cc0b759db311,76,7353.0,2023-12-15 21:05:45.820,2023-12-15 21:05:45.820
131978cc-7a5c-ec11-8350-fd1908bc5a53,76,2888.0,2021-12-14 01:11:50.807,2021-12-14 01:11:50.807
40eb90c6-785c-ec11-8350-fd1908bc5a53,76,3534.0,2021-12-14 00:57:24.883,2021-12-14 00:57:24.883
a598b44d-7c5c-ec11-8350-fd1908bc5a53,76,22480.8,2021-12-14 01:22:33.230,2021-12-14 01:22:33.230
ac81715a-7a5c-ec11-8350-fd1908bc5a53,76,2660.0,2021-12-14 01:08:40.403,2021-12-14 01:08:40.403
13146684-7a5c-ec11-8350-fd1908bc5a53,76,2888.0,2021-12-14 01:09:49.187,2021-12-14 01:09:49.187
08e23de6-899b-ee11-8445-cc0b759db311,76,4180.0,2023-12-15 20:38:34.617,2023-12-15 20:38:34.617
d2f8e14a-7b5c-ec11-8350-fd1908bc5a53,76,2888.0,2021-12-14 01:15:22.803,2021-12-14 01:15:22.803
8cd37558-8a9b-ee11-8445-cc0b759db311,76,2242.0,2023-12-15 20:41:45.977,2023-12-15 20:41:45.977
46597f8d-795c-ec11-8350-fd1908bc5a53,76,3059.0,2021-12-14 01:02:49.100,2021-12-14 01:02:49.100
8cd25adb-8c9b-ee11-8445-cc0b759db311,76,4465.0,2023-12-15 20:59:44.990,2023-12-15 20:59:44.990
a589362d-795c-ec11-8350-fd1908bc5a53,76,2660.0,2021-12-14 01:00:15.560,2021-12-14 01:00:15.560
8cd0d278-765c-ec11-8350-fd1908bc5a53,76,24814.76,2021-12-14 00:40:51.637,2021-12-14 00:40:51.637
24760a6e-899b-ee11-8445-cc0b759db311,76,4180.0,2023-12-15 20:35:15.067,2023-12-15 20:35:15.067
b09879f0-7a5c-ec11-8350-fd1908bc5a53,76,3724.0,2021-12-14 01:12:45.037,2021-12-14 01:12:45.037
64aa4f75-7d5c-ec11-8350-fd1908bc5a53,76,1900.0,2021-12-14 01:30:54.720,2021-12-14 01:30:54.720
001ba775-775c-ec11-8350-fd1908bc5a53,76,7068.0,2021-12-14 00:47:57.957,2021-12-14 00:47:57.957
8cca15a4-899b-ee11-8445-cc0b759db311,76,3553.0,2023-12-15 20:36:40.647,2023-12-15 20:36:40.647
8c8f2ad3-8b9b-ee11-8445-cc0b759db311,76,2242.0,2023-12-15 20:52:23.793,2023-12-15 20:52:23.793
40d3042f-3fa0-ee11-8445-f66110f561f0,76,0.0,2023-12-21 20:26:18.687,2023-12-21 20:26:18.687
c963698a-7a5c-ec11-8350-fd1908bc5a53,76,3040.0,2021-12-14 01:09:57.447,2021-12-14 01:09:57.447
247d3dbd-7b5c-ec11-8350-fd1908bc5a53,76,1976.0,2021-12-14 01:18:32.967,2021-12-14 01:18:32.967
1cca050c-785c-ec11-8350-fd1908bc5a53,76,2888.0,2021-12-14 00:52:11.310,2021-12-14 00:52:11.310
40d8ee4e-1478-ed11-83d0-dbe72732717b,76,2960.2,2022-12-09 22:53:42.857,2022-12-09 22:53:42.857
e5d3e8d0-8a9b-ee11-8445-cc0b759db311,76,4503.0,2023-12-15 20:45:07.220,2023-12-15 20:45:07.220
e5a38163-8c9b-ee11-8445-cc0b759db311,76,13623.0,2023-12-15 20:56:24.420,2023-12-15 20:56:24.420
c9586b78-7a5c-ec11-8350-fd1908bc5a53,76,2888.0,2021-12-14 01:09:29.617,2021-12-14 01:09:29.617
a575f168-7b5c-ec11-8350-fd1908bc5a53,76,2888.0,2021-12-14 01:16:10.607,2021-12-14 01:16:10.607
c95ffb96-765c-ec11-8350-fd1908bc5a53,76,3800.0,2021-12-14 00:41:45.423,2021-12-14 00:41:45.423
8c621ee5-869b-ee11-8445-cc0b759db311,76,4503.0,2023-12-15 20:17:01.013,2023-12-15 20:17:01.013
52d47f17-889b-ee11-8445-cc0b759db311,76,15637.0,2023-12-15 20:25:33.023,2023-12-15 20:25:33.023
8ebff7f4-8a9b-ee11-8445-cc0b759db311,76,3553.0,2023-12-15 20:46:07.917,2023-12-15 20:46:07.917
12f77651-8c9b-ee11-8445-cc0b759db311,76,22610.0,2023-12-15 20:55:47.707,2023-12-15 20:55:47.707
e5b523a3-765c-ec11-8350-fd1908bc5a53,76,24573.84,2021-12-14 00:42:01.713,2021-12-14 00:42:01.713
1cb7b177-889b-ee11-8445-cc0b759db311,76,22610.0,2023-12-15 20:28:16.787,2023-12-15 20:28:16.787
64777f0b-889b-ee11-8445-cc0b759db311,76,21888.0,2023-12-15 20:25:15.383,2023-12-15 20:25:15.383
d396a4b1-795c-ec11-8350-fd1908bc5a53,76,2660.0,2021-12-14 01:03:52.203,2021-12-14 01:03:52.203
40d90b5a-8d9b-ee11-8445-cc0b759db311,76,13623.0,2023-12-15 21:03:14.793,2023-12-15 21:03:14.793
8ce29d08-2bdb-ea11-828c-a3b0b95dd4b2,76,4752.0,2020-08-10 17:10:30.853,2020-08-10 17:10:30.853
e59caa7c-8a9b-ee11-8445-cc0b759db311,76,3553.0,2023-12-15 20:42:50.123,2023-12-15 20:42:50.123
40ff0130-8d9b-ee11-8445-cc0b759db311,76,4503.0,2023-12-15 21:02:07.813,2023-12-15 21:02:07.813
d2f9b6a7-889b-ee11-8445-cc0b759db311,76,3553.0,2023-12-15 20:29:41.647,2023-12-15 20:29:41.647
e5e10ecd-7c5c-ec11-8350-fd1908bc5a53,76,1976.0,2021-12-14 01:26:07.010,2021-12-14 01:26:07.010
05a512af-8b9b-ee11-8445-cc0b759db311,76,2242.0,2023-12-15 20:51:15.083,2023-12-15 20:51:15.083
8c221a7e-7c5c-ec11-8350-fd1908bc5a53,76,6308.0,2021-12-14 01:23:54.570,2021-12-14 01:23:54.570
12df6133-775c-ec11-8350-fd1908bc5a53,76,3800.0,2021-12-14 00:45:58.853,2021-12-14 00:45:58.853
646ce42b-899b-ee11-8445-cc0b759db311,76,4465.0,2023-12-15 20:33:16.760,2023-12-15 20:33:16.760
463e160f-879b-ee11-8445-cc0b759db311,76,4503.0,2023-12-15 20:18:13.540,2023-12-15 20:18:13.540
8c191fdf-869b-ee11-8445-cc0b759db311,76,3553.0,2023-12-15 20:16:53.520,2023-12-15 20:16:53.520
b9742015-795c-ec11-8350-fd1908bc5a53,76,22480.8,2021-12-14 00:59:35.083,2021-12-14 00:59:35.083
6460363f-7d5c-ec11-8350-fd1908bc5a53,76,1976.0,2021-12-14 01:29:17.600,2021-12-14 01:29:17.600
463bd89a-8a9b-ee11-8445-cc0b759db311,76,3553.0,2023-12-15 20:43:36.623,2023-12-15 20:43:36.623
a91d1037-8b9b-ee11-8445-cc0b759db311,76,22610.0,2023-12-15 20:48:03.003,2023-12-15 20:48:03.003
12ce71b4-7a5c-ec11-8350-fd1908bc5a53,76,3420.0,2021-12-14 01:11:10.977,2021-12-14 01:11:10.977
12cdd278-765c-ec11-8350-fd1908bc5a53,76,24814.76,2021-12-14 00:40:50.407,2021-12-14 00:40:50.407
463f7bc6-7a5c-ec11-8350-fd1908bc5a53,76,2888.0,2021-12-14 01:11:41.677,2021-12-14 01:11:41.677
08d34254-785c-ec11-8350-fd1908bc5a53,76,2888.0,2021-12-14 00:54:08.987,2021-12-14 00:54:08.987
a55f5203-8c9b-ee11-8445-cc0b759db311,76,4180.0,2023-12-15 20:53:40.317,2023-12-15 20:53:40.317
8bfebfad-889b-ee11-8445-cc0b759db311,76,8189.0,2023-12-15 20:29:48.873,2023-12-15 20:29:48.873
643e700b-8d9b-ee11-8445-cc0b759db311,76,2242.0,2023-12-15 21:01:08.660,2023-12-15 21:01:08.660
12c0148c-899b-ee11-8445-cc0b759db311,76,3192.0,2023-12-15 20:36:05.740,2023-12-15 20:36:05.740
8c0a74d2-7a5c-ec11-8350-fd1908bc5a53,76,2888.0,2021-12-14 01:12:00.347,2021-12-14 01:12:00.347
ac6b118b-8b9b-ee11-8445-cc0b759db311,76,2242.0,2023-12-15 20:50:16.497,2023-12-15 20:50:16.497
c910b28f-889b-ee11-8445-cc0b759db311,76,13623.0,2023-12-15 20:28:55.947,2023-12-15 20:28:55.947
645c3021-795c-ec11-8350-fd1908bc5a53,76,2660.0,2021-12-14 00:59:55.693,2021-12-14 00:59:55.693
b0710262-899b-ee11-8445-cc0b759db311,76,3572.0,2023-12-15 20:34:52.337,2023-12-15 20:34:52.337
e56b01df-785c-ec11-8350-fd1908bc5a53,76,18372.24,2021-12-14 00:57:56.377,2021-12-14 00:57:56.377
e5986df9-8c9b-ee11-8445-cc0b759db311,76,22610.0,2023-12-15 21:00:35.353,2023-12-15 21:00:35.353
3bb1c36c-765c-ec11-8350-fd1908bc5a53,76,20465.28,2021-12-14 00:40:34.123,2021-12-14 00:40:34.123
e5240d73-869b-ee11-8445-cc0b759db311,76,26942.0,2023-12-15 20:13:47.097,2023-12-15 20:13:47.097
a54311c7-7c5c-ec11-8350-fd1908bc5a53,76,2888.0,2021-12-14 01:25:56.427,2021-12-14 01:25:56.427
01d0a64e-765c-ec11-8350-fd1908bc5a53,76,37104.72,2021-12-14 00:39:38.200,2021-12-14 00:39:38.200
8bbe178b-869b-ee11-8445-cc0b759db311,76,48564.0,2023-12-15 20:14:31.107,2023-12-15 20:14:31.107
30b04239-795c-ec11-8350-fd1908bc5a53,76,18372.24,2021-12-14 01:00:30.720,2021-12-14 01:00:30.720
01cfb8c9-7d5c-ec11-8350-fd1908bc5a53,76,3800.0,2021-12-14 01:33:17.253,2021-12-14 01:33:17.253
8b855c51-879b-ee11-8445-cc0b759db311,76,8189.0,2023-12-15 20:20:03.777,2023-12-15 20:20:03.777
52860cb6-899b-ee11-8445-cc0b759db311,76,15637.0,2023-12-15 20:37:11.887,2023-12-15 20:37:11.887
12a76b46-8a9b-ee11-8445-cc0b759db311,76,3553.0,2023-12-15 20:41:12.677,2023-12-15 20:41:12.677
8b6b6469-879b-ee11-8445-cc0b759db311,76,4503.0,2023-12-15 20:20:43.657,2023-12-15 20:20:43.657
8b6e210d-8b9b-ee11-8445-cc0b759db311,76,3553.0,2023-12-15 20:46:51.633,2023-12-15 20:46:51.633
e4fa73d2-7a5c-ec11-8350-fd1908bc5a53,76,3800.0,2021-12-14 01:11:54.847,2021-12-14 01:11:54.847
30ad1820-8e9b-ee11-8445-cc0b759db311,76,20368.0,2023-12-15 21:08:44.483,2023-12-15 21:08:44.483
8b62ea0d-899b-ee11-8445-cc0b759db311,76,3572.0,2023-12-15 20:32:30.737,2023-12-15 20:32:30.737
30bb3c33-7d5c-ec11-8350-fd1908bc5a53,76,0.0,2021-12-14 01:28:58.283,2021-12-14 01:28:58.283
12a498cc-785c-ec11-8350-fd1908bc5a53,76,7068.0,2021-12-14 00:57:32.213,2021-12-14 00:57:32.213
ac6b7f0b-4aae-ee11-8445-c6b0c8c65e56,76,8140.0,2024-01-08 17:19:18.097,2024-01-08 17:19:18.097
c8d98069-8c9b-ee11-8445-cc0b759db311,76,3553.0,2023-12-15 20:56:37.077,2023-12-15 20:56:37.077
129d7ee1-7b5c-ec11-8350-fd1908bc5a53,76,1976.0,2021-12-14 01:19:30.900,2021-12-14 01:19:30.900
8c4d0056-899b-ee11-8445-cc0b759db311,76,3553.0,2023-12-15 20:34:27.233,2023-12-15 20:34:27.233
a527d8db-7d5c-ec11-8350-fd1908bc5a53,76,1976.0,2021-12-14 01:33:40.833,2021-12-14 01:33:40.833
b962210d-8b9b-ee11-8445-cc0b759db311,76,3553.0,2023-12-15 20:46:47.010,2023-12-15 20:46:47.010
b27e0674-899b-ee11-8445-cc0b759db311,76,2242.0,2023-12-15 20:35:19.377,2023-12-15 20:35:19.377
b92a9717-7c5c-ec11-8350-fd1908bc5a53,76,1976.0,2021-12-14 01:21:02.380,2021-12-14 01:21:02.380
8b3afa71-7c5c-ec11-8350-fd1908bc5a53,76,6308.0,2021-12-14 01:23:36.110,2021-12-14 01:23:36.110
8b0d2e57-7d5c-ec11-8350-fd1908bc5a53,76,6308.0,2021-12-14 01:30:04.853,2021-12-14 01:30:04.853
6470bd87-775c-ec11-8350-fd1908bc5a53,76,2888.0,2021-12-14 00:48:25.233,2021-12-14 00:48:25.233
f255d7c9-775c-ec11-8350-fd1908bc5a53,76,3534.0,2021-12-14 00:50:18.987,2021-12-14 00:50:18.987
128d63c0-785c-ec11-8350-fd1908bc5a53,76,2888.0,2021-12-14 00:57:11.203,2021-12-14 00:57:11.203
a50aa775-775c-ec11-8350-fd1908bc5a53,76,3040.0,2021-12-14 00:47:52.343,2021-12-14 00:47:52.343
a50d74d2-7a5c-ec11-8350-fd1908bc5a53,76,22701.2,2021-12-14 01:12:01.440,2021-12-14 01:12:01.440
c8c1b47d-889b-ee11-8445-cc0b759db311,76,4503.0,2023-12-15 20:28:24.123,2023-12-15 20:28:24.123
36fc7651-8c9b-ee11-8445-cc0b759db311,76,3572.0,2023-12-15 20:55:49.940,2023-12-15 20:55:49.940
527d3d2a-7a5c-ec11-8350-fd1908bc5a53,76,2888.0,2021-12-14 01:07:17.670,2021-12-14 01:07:17.670
c8bf1996-8d9b-ee11-8445-cc0b759db311,76,2242.0,2023-12-15 21:04:55.727,2023-12-15 21:04:55.727
8ad896d2-785c-ec11-8350-fd1908bc5a53,76,14481.8,2021-12-14 00:57:36.080,2021-12-14 00:57:36.080
a505ba47-7c5c-ec11-8350-fd1908bc5a53,76,1976.0,2021-12-14 01:22:20.933,2021-12-14 01:22:20.933
aa985951-795c-ec11-8350-fd1908bc5a53,76,2888.0,2021-12-14 01:01:15.853,2021-12-14 01:01:15.853
30a26b46-8a9b-ee11-8445-cc0b759db311,76,3553.0,2023-12-15 20:41:10.983,2023-12-15 20:41:10.983
52802ad3-8b9b-ee11-8445-cc0b759db311,76,2242.0,2023-12-15 20:52:19.007,2023-12-15 20:52:19.007
8ab91bb5-765c-ec11-8350-fd1908bc5a53,76,3059.0,2021-12-14 00:42:32.530,2021-12-14 00:42:32.530
63caaf7b-775c-ec11-8350-fd1908bc5a53,76,3534.0,2021-12-14 00:48:00.280,2021-12-14 00:48:00.280
128373c3-8c9b-ee11-8445-cc0b759db311,76,40356.0,2023-12-15 20:59:07.603,2023-12-15 20:59:07.603
63ca8229-889b-ee11-8445-cc0b759db311,76,4465.0,2023-12-15 20:26:11.540,2023-12-15 20:26:11.540
05871009-879b-ee11-8445-cc0b759db311,76,4180.0,2023-12-15 20:17:58.707,2023-12-15 20:17:58.707
29a9f1ef-889b-ee11-8445-cc0b759db311,76,19684.0,2023-12-15 20:31:41.147,2023-12-15 20:31:41.147
308b9e71-889b-ee11-8445-cc0b759db311,76,4465.0,2023-12-15 20:28:07.087,2023-12-15 20:28:07.087
08c00b03-795c-ec11-8350-fd1908bc5a53,76,3534.0,2021-12-14 00:59:06.107,2021-12-14 00:59:06.107
8a901d49-8b9b-ee11-8445-cc0b759db311,76,2242.0,2023-12-15 20:48:32.307,2023-12-15 20:48:32.307
38e7f4dc-8a9b-ee11-8445-cc0b759db311,76,3572.0,2023-12-15 20:45:31.870,2023-12-15 20:45:31.870
ca077f1d-8d9b-ee11-8445-cc0b759db311,76,2242.0,2023-12-15 21:01:33.270,2023-12-15 21:01:33.270
126e118b-8b9b-ee11-8445-cc0b759db311,76,2242.0,2023-12-15 20:50:17.277,2023-12-15 20:50:17.277
a52691ed-7b5c-ec11-8350-fd1908bc5a53,76,1976.0,2021-12-14 01:19:52.363,2021-12-14 01:19:52.363
c8b164d5-7b5c-ec11-8350-fd1908bc5a53,76,3059.0,2021-12-14 01:19:18.150,2021-12-14 01:19:18.150
4c5db965-7c5c-ec11-8350-fd1908bc5a53,76,24814.76,2021-12-14 01:23:11.280,2021-12-14 01:23:11.280
63a558ed-879b-ee11-8445-cc0b759db311,76,4465.0,2023-12-15 20:24:21.633,2023-12-15 20:24:21.633
8a747d17-8d9b-ee11-8445-cc0b759db311,76,2242.0,2023-12-15 21:01:27.983,2023-12-15 21:01:27.983
b919333c-785c-ec11-8350-fd1908bc5a53,76,18552.36,2021-12-14 00:53:32.577,2021-12-14 00:53:32.577
b91b8fff-7b5c-ec11-8350-fd1908bc5a53,76,1976.0,2021-12-14 01:20:20.160,2021-12-14 01:20:20.160
3277471b-7d5c-ec11-8350-fd1908bc5a53,76,18552.36,2021-12-14 01:28:20.690,2021-12-14 01:28:20.690
526e3dd9-765c-ec11-8350-fd1908bc5a53,76,3040.0,2021-12-14 00:43:35.277,2021-12-14 00:43:35.277
ad7c330f-7d5c-ec11-8350-fd1908bc5a53,76,24814.76,2021-12-14 01:27:55.747,2021-12-14 01:27:55.747
8a5fb965-7c5c-ec11-8350-fd1908bc5a53,76,3724.0,2021-12-14 01:23:11.967,2021-12-14 01:23:11.967
1268be9f-775c-ec11-8350-fd1908bc5a53,76,3724.0,2021-12-14 00:49:01.227,2021-12-14 00:49:01.227
8a51d6a6-8a9b-ee11-8445-cc0b759db311,76,3553.0,2023-12-15 20:43:58.957,2023-12-15 20:43:58.957
3bbff801-899b-ee11-8445-cc0b759db311,76,4180.0,2023-12-15 20:32:07.447,2023-12-15 20:32:07.447
6399f874-7b5c-ec11-8350-fd1908bc5a53,76,3800.0,2021-12-14 01:16:31.743,2021-12-14 01:16:31.743
8a56537b-7d5c-ec11-8350-fd1908bc5a53,76,1976.0,2021-12-14 01:30:59.310,2021-12-14 01:30:59.310
45f50718-785c-ec11-8350-fd1908bc5a53,76,7068.0,2021-12-14 00:52:26.080,2021-12-14 00:52:26.080
125ff57a-7b5c-ec11-8350-fd1908bc5a53,76,45324.12,2021-12-14 01:16:44.587,2021-12-14 01:16:44.587
b8e890c6-785c-ec11-8350-fd1908bc5a53,76,3059.0,2021-12-14 00:57:24.063,2021-12-14 00:57:24.063
12673dd9-765c-ec11-8350-fd1908bc5a53,76,3800.0,2021-12-14 00:43:33.100,2021-12-14 00:43:33.100
45f00eeb-785c-ec11-8350-fd1908bc5a53,76,7068.0,2021-12-14 00:58:17.583,2021-12-14 00:58:17.583
8a440dd9-7c5c-ec11-8350-fd1908bc5a53,76,0.0,2021-12-14 01:26:33.217,2021-12-14 01:26:33.217
8a4001e8-775c-ec11-8350-fd1908bc5a53,76,18372.24,2021-12-14 00:51:01.993,2021-12-14 00:51:01.993
a4f49c29-7c5c-ec11-8350-fd1908bc5a53,76,1976.0,2021-12-14 01:21:39.607,2021-12-14 01:21:39.607
639de3b8-8a9b-ee11-8445-cc0b759db311,76,2242.0,2023-12-15 20:44:22.247,2023-12-15 20:44:22.247
8a409717-7c5c-ec11-8350-fd1908bc5a53,76,2888.0,2021-12-14 01:21:08.777,2021-12-14 01:21:08.777
306f2243-8b9b-ee11-8445-cc0b759db311,76,8189.0,2023-12-15 20:48:19.237,2023-12-15 20:48:19.237
350a473c-7a5c-ec11-8350-fd1908bc5a53,76,6308.0,2021-12-14 01:07:46.477,2021-12-14 01:07:46.477
525fb689-889b-ee11-8445-cc0b759db311,76,3192.0,2023-12-15 20:28:51.127,2023-12-15 20:28:51.127
1c5411a9-8b9b-ee11-8445-cc0b759db311,76,2242.0,2023-12-15 20:51:05.273,2023-12-15 20:51:05.273
639036eb-7c5c-ec11-8350-fd1908bc5a53,76,14481.8,2021-12-14 01:26:54.837,2021-12-14 01:26:54.837
e49dcc14-7b5c-ec11-8350-fd1908bc5a53,76,3534.0,2021-12-14 01:13:47.187,2021-12-14 01:13:47.187
3e29fe16-3fa0-ee11-8445-f66110f561f0,76,0.0,2023-12-21 20:25:42.323,2023-12-21 20:25:42.323
ba2b1925-8b9b-ee11-8445-cc0b759db311,76,2242.0,2023-12-15 20:47:24.620,2023-12-15 20:47:24.620
3078742e-8a9b-ee11-8445-cc0b759db311,76,50920.0,2023-12-15 20:40:39.353,2023-12-15 20:40:39.353
3d2fed1f-899b-ee11-8445-cc0b759db311,76,2242.0,2023-12-15 20:33:01.290,2023-12-15 20:33:01.290
63740a9d-8b9b-ee11-8445-cc0b759db311,76,2242.0,2023-12-15 20:50:47.103,2023-12-15 20:50:47.103
63752e21-879b-ee11-8445-cc0b759db311,76,3572.0,2023-12-15 20:18:43.133,2023-12-15 20:18:43.133
346eea0d-899b-ee11-8445-cc0b759db311,76,3192.0,2023-12-15 20:32:35.077,2023-12-15 20:32:35.077
63800a9d-8b9b-ee11-8445-cc0b759db311,76,2242.0,2023-12-15 20:50:50.680,2023-12-15 20:50:50.680
e48401df-785c-ec11-8350-fd1908bc5a53,76,18372.24,2021-12-14 00:58:04.687,2021-12-14 00:58:04.687
8a072e57-7d5c-ec11-8350-fd1908bc5a53,76,1976.0,2021-12-14 01:30:01.953,2021-12-14 01:30:01.953
8a0a7751-8c9b-ee11-8445-cc0b759db311,76,8189.0,2023-12-15 20:55:54.563,2023-12-15 20:55:54.563
b23069a5-879b-ee11-8445-cc0b759db311,76,3553.0,2023-12-15 20:22:28.770,2023-12-15 20:22:28.770
1c48160f-879b-ee11-8445-cc0b759db311,76,4465.0,2023-12-15 20:18:16.897,2023-12-15 20:18:16.897
567742da-899b-ee11-8445-cc0b759db311,76,19684.0,2023-12-15 20:38:14.277,2023-12-15 20:38:14.277
b3267390-7a5c-ec11-8350-fd1908bc5a53,76,2888.0,2021-12-14 01:10:10.380,2021-12-14 01:10:10.380
a8cf343f-879b-ee11-8445-cc0b759db311,76,23940.0,2023-12-15 20:19:33.200,2023-12-15 20:19:33.200
c8a98023-889b-ee11-8445-cc0b759db311,76,4503.0,2023-12-15 20:25:57.473,2023-12-15 20:25:57.473
f371eab4-7c5c-ec11-8350-fd1908bc5a53,76,1976.0,2021-12-14 01:25:26.647,2021-12-14 01:25:26.647
304d7f11-7c5c-ec11-8350-fd1908bc5a53,76,1976.0,2021-12-14 01:20:56.347,2021-12-14 01:20:56.347
a4e798ff-d605-f011-84f5-f46f85476544,76,0.0,2025-03-20 22:04:05.483,2025-03-20 22:04:05.483
12318829-8d9b-ee11-8445-cc0b759db311,76,2242.0,2023-12-15 21:01:52.753,2023-12-15 21:01:52.753
89c6b177-889b-ee11-8445-cc0b759db311,76,3553.0,2023-12-15 20:28:22.267,2023-12-15 20:28:22.267
122d595d-879b-ee11-8445-cc0b759db311,76,4503.0,2023-12-15 20:20:29.187,2023-12-15 20:20:29.187
3d14a99f-795c-ec11-8350-fd1908bc5a53,76,3724.0,2021-12-14 01:03:19.750,2021-12-14 01:03:19.750
635593f3-7b5c-ec11-8350-fd1908bc5a53,76,1976.0,2021-12-14 01:20:01.677,2021-12-14 01:20:01.677
524d074e-8d9b-ee11-8445-cc0b759db311,76,4503.0,2023-12-15 21:03:00.697,2023-12-15 21:03:00.697
634c62db-879b-ee11-8445-cc0b759db311,76,4465.0,2023-12-15 20:23:56.563,2023-12-15 20:23:56.563
c867ff3b-8d9b-ee11-8445-cc0b759db311,76,2242.0,2023-12-15 21:02:25.397,2023-12-15 21:02:25.397
89a34869-7d5c-ec11-8350-fd1908bc5a53,76,1976.0,2021-12-14 01:30:28.110,2021-12-14 01:30:28.110
d12191ed-7b5c-ec11-8350-fd1908bc5a53,76,1976.0,2021-12-14 01:19:50.763,2021-12-14 01:19:50.763
3d19d632-7b5c-ec11-8350-fd1908bc5a53,76,2888.0,2021-12-14 01:14:43.763,2021-12-14 01:14:43.763
524a1885-869b-ee11-8445-cc0b759db311,76,2897.5,2023-12-15 20:14:24.013,2023-12-15 20:14:24.013
c85cf57a-7b5c-ec11-8350-fd1908bc5a53,76,33721.2,2021-12-14 01:16:43.260,2021-12-14 01:16:43.260
4089b6cb-889b-ee11-8445-cc0b759db311,76,4465.0,2023-12-15 20:30:39.503,2023-12-15 20:30:39.503
89a862cf-7b5c-ec11-8350-fd1908bc5a53,76,1976.0,2021-12-14 01:19:01.893,2021-12-14 01:19:01.893
b0411ea3-869b-ee11-8445-cc0b759db311,76,34048.0,2023-12-15 20:15:14.150,2023-12-15 20:15:14.150
1c41fa71-7c5c-ec11-8350-fd1908bc5a53,76,24814.76,2021-12-14 01:23:38.447,2021-12-14 01:23:38.447
6343870b-7c5c-ec11-8350-fd1908bc5a53,76,1976.0,2021-12-14 01:20:39.660,2021-12-14 01:20:39.660
a4efe14a-7b5c-ec11-8350-fd1908bc5a53,76,2888.0,2021-12-14 01:15:19.827,2021-12-14 01:15:19.827
d11e1cf7-869b-ee11-8445-cc0b759db311,76,3553.0,2023-12-15 20:17:35.923,2023-12-15 20:17:35.923
89563403-7d5c-ec11-8350-fd1908bc5a53,76,16595.36,2021-12-14 01:27:37.933,2021-12-14 01:27:37.933
1212955f-889b-ee11-8445-cc0b759db311,76,9025.0,2023-12-15 20:27:37.630,2023-12-15 20:27:37.630
a4ab6a22-8a9b-ee11-8445-cc0b759db311,76,8189.0,2023-12-15 20:40:09.257,2023-12-15 20:40:09.257
c84df2ba-7c5c-ec11-8350-fd1908bc5a53,76,2888.0,2021-12-14 01:25:42.343,2021-12-14 01:25:42.343
056493f3-7b5c-ec11-8350-fd1908bc5a53,76,1976.0,2021-12-14 01:20:05.990,2021-12-14 01:20:05.990
632fc594-8a9b-ee11-8445-cc0b759db311,76,4503.0,2023-12-15 20:43:27.990,2023-12-15 20:43:27.990
63317069-795c-ec11-8350-fd1908bc5a53,76,18372.24,2021-12-14 01:01:51.233,2021-12-14 01:01:51.233
1c322b84-785c-ec11-8350-fd1908bc5a53,76,3724.0,2021-12-14 00:55:30.630,2021-12-14 00:55:30.630
23db5adb-8c9b-ee11-8445-cc0b759db311,76,2242.0,2023-12-15 20:59:48.170,2023-12-15 20:59:48.170
12027427-8c9b-ee11-8445-cc0b759db311,76,4180.0,2023-12-15 20:54:38.710,2023-12-15 20:54:38.710
55b8dc20-7b5c-ec11-8350-fd1908bc5a53,76,3040.0,2021-12-14 01:14:05.967,2021-12-14 01:14:05.967
e4652301-0050-fc61-cd5c-08de2940332a,76,5961.84,2025-11-21 20:54:44.777,2025-11-21 20:54:44.777
12006eba-7a5c-ec11-8350-fd1908bc5a53,76,2888.0,2021-12-14 01:11:14.983,2021-12-14 01:11:14.983
3018656f-879b-ee11-8445-cc0b759db311,76,3572.0,2023-12-15 20:20:55.193,2023-12-15 20:20:55.193
88e264cf-8c9b-ee11-8445-cc0b759db311,76,8189.0,2023-12-15 20:59:25.040,2023-12-15 20:59:25.040
11fcbfad-889b-ee11-8445-cc0b759db311,76,3553.0,2023-12-15 20:29:48.127,2023-12-15 20:29:48.127
4aaf146d-8b9b-ee11-8445-cc0b759db311,76,2242.0,2023-12-15 20:49:28.693,2023-12-15 20:49:28.693
45c31820-8e9b-ee11-8445-cc0b759db311,76,3353.5,2023-12-15 21:08:52.427,2023-12-15 21:08:52.427
88dd1f97-869b-ee11-8445-cc0b759db311,76,3572.0,2023-12-15 20:14:47.757,2023-12-15 20:14:47.757
11f01c30-785c-ec11-8350-fd1908bc5a53,76,3800.0,2021-12-14 00:53:11.017,2021-12-14 00:53:11.017
b8b80786-899b-ee11-8445-cc0b759db311,76,8189.0,2023-12-15 20:35:53.043,2023-12-15 20:35:53.043
89087064-8a9b-ee11-8445-cc0b759db311,76,4465.0,2023-12-15 20:42:08.077,2023-12-15 20:42:08.077
11ebe95c-7b5c-ec11-8350-fd1908bc5a53,76,13250.6,2021-12-14 01:15:52.700,2021-12-14 01:15:52.700
522b6d0f-775c-ec11-8350-fd1908bc5a53,76,7068.0,2021-12-14 00:45:02.737,2021-12-14 00:45:02.737
632bdc50-7b5c-ec11-8350-fd1908bc5a53,76,2888.0,2021-12-14 01:15:30.840,2021-12-14 01:15:30.840
88a19359-889b-ee11-8445-cc0b759db311,76,8939.5,2023-12-15 20:27:23.780,2023-12-15 20:27:23.780
b0210b08-8e9b-ee11-8445-cc0b759db311,76,2242.0,2023-12-15 21:08:05.187,2023-12-15 21:08:05.187
c8291c07-8b9b-ee11-8445-cc0b759db311,76,3553.0,2023-12-15 20:46:35.723,2023-12-15 20:46:35.723
a900ff6e-7b5c-ec11-8350-fd1908bc5a53,76,2888.0,2021-12-14 01:16:24.823,2021-12-14 01:16:24.823
4a3b301b-879b-ee11-8445-cc0b759db311,76,21888.0,2023-12-15 20:18:38.040,2023-12-15 20:18:38.040
b2756321-775c-ec11-8350-fd1908bc5a53,76,3040.0,2021-12-14 00:45:35.317,2021-12-14 00:45:35.317
23b58229-889b-ee11-8445-cc0b759db311,76,15637.0,2023-12-15 20:26:04.280,2023-12-15 20:26:04.280
30041037-8b9b-ee11-8445-cc0b759db311,76,4503.0,2023-12-15 20:47:54.427,2023-12-15 20:47:54.427
11e9bcab-775c-ec11-8350-fd1908bc5a53,76,3040.0,2021-12-14 00:49:27.427,2021-12-14 00:49:27.427
889e0bb5-8b9b-ee11-8445-cc0b759db311,76,2242.0,2023-12-15 20:51:31.303,2023-12-15 20:51:31.303
1c1d1aab-7b5c-ec11-8350-fd1908bc5a53,76,24814.76,2021-12-14 01:17:59.447,2021-12-14 01:17:59.447
23b14324-7a5c-ec11-8350-fd1908bc5a53,76,3724.0,2021-12-14 01:07:08.257,2021-12-14 01:07:08.257
52298fff-7b5c-ec11-8350-fd1908bc5a53,76,1976.0,2021-12-14 01:20:24.543,2021-12-14 01:20:24.543
d2f01002-8e9b-ee11-8445-cc0b759db311,76,8189.0,2023-12-15 21:07:57.720,2023-12-15 21:07:57.720
05540b91-8b9b-ee11-8445-cc0b759db311,76,2242.0,2023-12-15 20:50:26.827,2023-12-15 20:50:26.827
23b1148c-899b-ee11-8445-cc0b759db311,76,4037.5,2023-12-15 20:35:59.593,2023-12-15 20:35:59.593
8890f0f9-795c-ec11-8350-fd1908bc5a53,76,6308.0,2021-12-14 01:05:56.980,2021-12-14 01:05:56.980
23b43fdf-765c-ec11-8350-fd1908bc5a53,76,3059.0,2021-12-14 00:43:46.993,2021-12-14 00:43:46.993
632deee1-775c-ec11-8350-fd1908bc5a53,76,3724.0,2021-12-14 00:50:52.297,2021-12-14 00:50:52.297
0019704b-8c9b-ee11-8445-cc0b759db311,76,24776.0,2023-12-15 20:55:44.543,2023-12-15 20:55:44.543
c820595d-879b-ee11-8445-cc0b759db311,76,3572.0,2023-12-15 20:20:24.467,2023-12-15 20:20:24.467
887f9e71-889b-ee11-8445-cc0b759db311,76,15637.0,2023-12-15 20:28:03.147,2023-12-15 20:28:03.147
b87863c0-785c-ec11-8350-fd1908bc5a53,76,2888.0,2021-12-14 00:57:05.387,2021-12-14 00:57:05.387
886211a9-8b9b-ee11-8445-cc0b759db311,76,2242.0,2023-12-15 20:51:09.643,2023-12-15 20:51:09.643
886a42da-899b-ee11-8445-cc0b759db311,76,19684.0,2023-12-15 20:38:09.690,2023-12-15 20:38:09.690
08a07ee1-7b5c-ec11-8350-fd1908bc5a53,76,1976.0,2021-12-14 01:19:32.043,2021-12-14 01:19:32.043
1c0a424b-795c-ec11-8350-fd1908bc5a53,76,1976.0,2021-12-14 01:01:00.440,2021-12-14 01:01:00.440
88843dbd-7b5c-ec11-8350-fd1908bc5a53,76,1976.0,2021-12-14 01:18:35.267,2021-12-14 01:18:35.267
b0002e57-7d5c-ec11-8350-fd1908bc5a53,76,1976.0,2021-12-14 01:29:59.187,2021-12-14 01:29:59.187
f1da15a4-899b-ee11-8445-cc0b759db311,76,4465.0,2023-12-15 20:36:46.743,2023-12-15 20:36:46.743
8847a72f-7c5c-ec11-8350-fd1908bc5a53,76,1976.0,2021-12-14 01:21:43.067,2021-12-14 01:21:43.067
1c08116c-8d9b-ee11-8445-cc0b759db311,76,39824.0,2023-12-15 21:03:50.563,2023-12-15 21:03:50.563
62e87c51-775c-ec11-8350-fd1908bc5a53,76,3800.0,2021-12-14 00:46:50.143,2021-12-14 00:46:50.143
b8762ad3-8b9b-ee11-8445-cc0b759db311,76,2242.0,2023-12-15 20:52:16.130,2023-12-15 20:52:16.130
11c73cd9-8b9b-ee11-8445-cc0b759db311,76,2242.0,2023-12-15 20:52:29.677,2023-12-15 20:52:29.677
62fb1df0-8d9b-ee11-8445-cc0b759db311,76,12435.5,2023-12-15 21:07:27.990,2023-12-15 21:07:27.990
c8971cea-8d9b-ee11-8445-cc0b759db311,76,40888.0,2023-12-15 21:07:22.700,2023-12-15 21:07:22.700
e37e3333-879b-ee11-8445-cc0b759db311,76,13623.0,2023-12-15 20:19:10.257,2023-12-15 20:19:10.257
e3900bb5-8b9b-ee11-8445-cc0b759db311,76,2242.0,2023-12-15 20:51:26.823,2023-12-15 20:51:26.823
f1dfca8e-8a9b-ee11-8445-cc0b759db311,76,3553.0,2023-12-15 20:43:15.780,2023-12-15 20:43:15.780
458c0cb6-899b-ee11-8445-cc0b759db311,76,3553.0,2023-12-15 20:37:14.370,2023-12-15 20:37:14.370
38ca6875-879b-ee11-8445-cc0b759db311,76,4503.0,2023-12-15 20:21:01.747,2023-12-15 20:21:01.747
3d0f129f-7b5c-ec11-8350-fd1908bc5a53,76,12368.24,2021-12-14 01:17:43.620,2021-12-14 01:17:43.620
88230942-8d9b-ee11-8445-cc0b759db311,76,3553.0,2023-12-15 21:02:39.787,2023-12-15 21:02:39.787
e35d09bb-8b9b-ee11-8445-cc0b759db311,76,2242.0,2023-12-15 20:51:37.827,2023-12-15 20:51:37.827
88131131-8b9b-ee11-8445-cc0b759db311,76,3553.0,2023-12-15 20:47:47.750,2023-12-15 20:47:47.750
880fc2cf-795c-ec11-8350-fd1908bc5a53,76,7068.0,2021-12-14 01:04:45.720,2021-12-14 01:04:45.720
3800e68a-765c-ec11-8350-fd1908bc5a53,76,32713.44,2021-12-14 00:41:17.353,2021-12-14 00:41:17.353
3d0d656f-879b-ee11-8445-cc0b759db311,76,10070.0,2023-12-15 20:20:51.357,2023-12-15 20:20:51.357
a479b181-775c-ec11-8350-fd1908bc5a53,76,20465.28,2021-12-14 00:48:12.613,2021-12-14 00:48:12.613
c7ed1c30-785c-ec11-8350-fd1908bc5a53,76,14481.8,2021-12-14 00:53:10.323,2021-12-14 00:53:10.323
62d77b93-795c-ec11-8350-fd1908bc5a53,76,3040.0,2021-12-14 01:03:02.770,2021-12-14 01:03:02.770
d2eb0701-0050-fc61-cc66-08de293a22d8,76,20900.0,2025-11-21 20:11:20.390,2025-11-21 20:11:20.390
4bd955fd-765c-ec11-8350-fd1908bc5a53,76,12368.24,2021-12-14 00:44:31.013,2021-12-14 00:44:31.013
62c86840-8a9b-ee11-8445-cc0b759db311,76,15637.0,2023-12-15 20:41:07.973,2023-12-15 20:41:07.973
05441103-879b-ee11-8445-cc0b759db311,76,3553.0,2023-12-15 20:17:50.067,2023-12-15 20:17:50.067
888a48c9-7b5c-ec11-8350-fd1908bc5a53,76,1976.0,2021-12-14 01:18:56.577,2021-12-14 01:18:56.577
c80f0187-7b5c-ec11-8350-fd1908bc5a53,76,1976.0,2021-12-14 01:17:06.653,2021-12-14 01:17:06.653
239b0b14-8e9b-ee11-8445-cc0b759db311,76,2242.0,2023-12-15 21:08:25.033,2023-12-15 21:08:25.033
6306129f-7b5c-ec11-8350-fd1908bc5a53,76,1976.0,2021-12-14 01:17:40.367,2021-12-14 01:17:40.367
054b248a-785c-ec11-8350-fd1908bc5a53,76,3800.0,2021-12-14 00:55:35.190,2021-12-14 00:55:35.190
880cf1f3-795c-ec11-8350-fd1908bc5a53,76,2660.0,2021-12-14 01:05:48.593,2021-12-14 01:05:48.593
01b69359-889b-ee11-8445-cc0b759db311,76,20368.0,2023-12-15 20:27:31.333,2023-12-15 20:27:31.333
87efb4c9-795c-ec11-8350-fd1908bc5a53,76,2888.0,2021-12-14 01:04:39.043,2021-12-14 01:04:39.043
afe17f17-889b-ee11-8445-cc0b759db311,76,4465.0,2023-12-15 20:25:37.747,2023-12-15 20:25:37.747
87e055fd-765c-ec11-8350-fd1908bc5a53,76,18372.24,2021-12-14 00:44:33.477,2021-12-14 00:44:33.477
4aaf12af-8b9b-ee11-8445-cc0b759db311,76,2242.0,2023-12-15 20:51:19.110,2023-12-15 20:51:19.110
62bc3c33-7d5c-ec11-8350-fd1908bc5a53,76,0.0,2021-12-14 01:28:58.850,2021-12-14 01:28:58.850
52021ef0-8d9b-ee11-8445-cc0b759db311,76,20368.0,2023-12-15 21:07:31.107,2023-12-15 21:07:31.107
87bb748d-879b-ee11-8445-cc0b759db311,76,4503.0,2023-12-15 20:21:46.417,2023-12-15 20:21:46.417
c81a22c1-869b-ee11-8445-cc0b759db311,76,4180.0,2023-12-15 20:15:59.797,2023-12-15 20:15:59.797
879856b4-785c-ec11-8350-fd1908bc5a53,76,14481.8,2021-12-14 00:56:46.873,2021-12-14 00:56:46.873
2fe11c30-785c-ec11-8350-fd1908bc5a53,76,6308.0,2021-12-14 00:53:06.250,2021-12-14 00:53:06.250
01b5146d-8b9b-ee11-8445-cc0b759db311,76,3192.0,2023-12-15 20:49:30.870,2023-12-15 20:49:30.870
1199beb7-775c-ec11-8350-fd1908bc5a53,76,3724.0,2021-12-14 00:49:44.013,2021-12-14 00:49:44.013
520d7bdb-7b5c-ec11-8350-fd1908bc5a53,76,1976.0,2021-12-14 01:19:24.777,2021-12-14 01:19:24.777
8793bdb1-775c-ec11-8350-fd1908bc5a53,76,3800.0,2021-12-14 00:49:39.850,2021-12-14 00:49:39.850
62aa0b14-8e9b-ee11-8445-cc0b759db311,76,18449.0,2023-12-15 21:08:30.523,2023-12-15 21:08:30.523
51fa0eeb-785c-ec11-8350-fd1908bc5a53,76,3800.0,2021-12-14 00:58:20.857,2021-12-14 00:58:20.857
4b9aecd6-8a9b-ee11-8445-cc0b759db311,76,3553.0,2023-12-15 20:45:18.217,2023-12-15 20:45:18.217
52011801-0050-fc61-5cc3-08de293d8a4d,76,20826.52,2025-11-21 20:35:42.467,2025-11-21 20:35:42.467
87935c51-879b-ee11-8445-cc0b759db311,76,9025.0,2023-12-15 20:20:08.703,2023-12-15 20:20:08.703
a45a719f-879b-ee11-8445-cc0b759db311,76,9025.0,2023-12-15 20:22:18.913,2023-12-15 20:22:18.913
d144d6a6-8a9b-ee11-8445-cc0b759db311,76,3553.0,2023-12-15 20:43:54.203,2023-12-15 20:43:54.203
afe6bcab-775c-ec11-8350-fd1908bc5a53,76,1976.0,2021-12-14 00:49:26.747,2021-12-14 00:49:26.747
b0111578-7c5c-ec11-8350-fd1908bc5a53,76,34051.8,2021-12-14 01:23:51.367,2021-12-14 01:23:51.367
e2f1106c-8d9b-ee11-8445-cc0b759db311,76,2242.0,2023-12-15 21:03:41.607,2023-12-15 21:03:41.607
e2f43978-785c-ec11-8350-fd1908bc5a53,76,7068.0,2021-12-14 00:55:08.277,2021-12-14 00:55:08.277
874eb689-889b-ee11-8445-cc0b759db311,76,3572.0,2023-12-15 20:28:45.553,2023-12-15 20:28:45.553
8752657e-7a5c-ec11-8350-fd1908bc5a53,76,24814.76,2021-12-14 01:09:41.143,2021-12-14 01:09:41.143
3ba634d9-3d97-ec11-8375-d3a7891ad4ec,76,0.0,2022-02-26 19:54:32.290,2022-02-26 19:54:32.290
87437f11-7c5c-ec11-8350-fd1908bc5a53,76,1976.0,2021-12-14 01:20:53.360,2021-12-14 01:20:53.360
62c8343f-879b-ee11-8445-cc0b759db311,76,3192.0,2023-12-15 20:19:30.373,2023-12-15 20:19:30.373
d2f35b63-795c-ec11-8350-fd1908bc5a53,76,3724.0,2021-12-14 01:01:43.693,2021-12-14 01:01:43.693
e3371c07-8b9b-ee11-8445-cc0b759db311,76,3553.0,2023-12-15 20:46:40.497,2023-12-15 20:46:40.497
f35793f3-7b5c-ec11-8350-fd1908bc5a53,76,1976.0,2021-12-14 01:20:02.363,2021-12-14 01:20:02.363
87247493-879b-ee11-8445-cc0b759db311,76,20368.0,2023-12-15 20:21:59.687,2023-12-15 20:21:59.687
2fc36499-7d5c-ec11-8350-fd1908bc5a53,76,0.0,2021-12-14 01:31:51.070,2021-12-14 01:31:51.070
62657657-8c9b-ee11-8445-cc0b759db311,76,18449.0,2023-12-15 20:56:03.557,2023-12-15 20:56:03.557
87130f2a-785c-ec11-8350-fd1908bc5a53,76,22480.8,2021-12-14 00:52:54.497,2021-12-14 00:52:54.497
8705d8a0-8a9b-ee11-8445-cc0b759db311,76,4465.0,2023-12-15 20:43:41.817,2023-12-15 20:43:41.817
e2995e57-879b-ee11-8445-cc0b759db311,76,3553.0,2023-12-15 20:20:14.787,2023-12-15 20:20:14.787
e2a01ea9-765c-ec11-8350-fd1908bc5a53,76,3800.0,2021-12-14 00:42:10.307,2021-12-14 00:42:10.307
e2a4beb7-775c-ec11-8350-fd1908bc5a53,76,3059.0,2021-12-14 00:49:47.863,2021-12-14 00:49:47.863
00d66875-879b-ee11-8445-cc0b759db311,76,4465.0,2023-12-15 20:21:05.917,2023-12-15 20:21:05.917
117008fa-775c-ec11-8350-fd1908bc5a53,76,2660.0,2021-12-14 00:51:33.900,2021-12-14 00:51:33.900
36bc5e0f-8c9b-ee11-8445-cc0b759db311,76,3553.0,2023-12-15 20:53:57.927,2023-12-15 20:53:57.927
86ff3978-785c-ec11-8350-fd1908bc5a53,76,3724.0,2021-12-14 00:55:11.870,2021-12-14 00:55:11.870
405a05fd-785c-ec11-8350-fd1908bc5a53,76,1976.0,2021-12-14 00:58:48.280,2021-12-14 00:58:48.280
86d48bf9-7b5c-ec11-8350-fd1908bc5a53,76,1976.0,2021-12-14 01:20:14.237,2021-12-14 01:20:14.237
c7bff7e7-795c-ec11-8350-fd1908bc5a53,76,3211.0,2021-12-14 01:05:22.153,2021-12-14 01:05:22.153
e2702a2d-879b-ee11-8445-cc0b759db311,76,13623.0,2023-12-15 20:19:06.643,2023-12-15 20:19:06.643
2377da26-11db-ee11-8444-a85396bf4454,76,0.0,2024-03-05 16:56:27.310,2024-03-05 16:56:27.310
86c8e8d0-8a9b-ee11-8445-cc0b759db311,76,9025.0,2023-12-15 20:45:03.293,2023-12-15 20:45:03.293
a4197581-795c-ec11-8350-fd1908bc5a53,76,3059.0,2021-12-14 01:02:34.920,2021-12-14 01:02:34.920
624716a3-8b9b-ee11-8445-cc0b759db311,76,2242.0,2023-12-15 20:50:54.677,2023-12-15 20:50:54.677
237f876f-8c9b-ee11-8445-cc0b759db311,76,22610.0,2023-12-15 20:56:41.747,2023-12-15 20:56:41.747
00d53cd9-8b9b-ee11-8445-cc0b759db311,76,3553.0,2023-12-15 20:52:34.413,2023-12-15 20:52:34.413
c79aaa7c-8a9b-ee11-8445-cc0b759db311,76,42560.0,2023-12-15 20:42:49.397,2023-12-15 20:42:49.397
87349717-7c5c-ec11-8350-fd1908bc5a53,76,1976.0,2021-12-14 01:21:05.253,2021-12-14 01:21:05.253
4cd8189c-785c-ec11-8350-fd1908bc5a53,76,3059.0,2021-12-14 00:56:13.567,2021-12-14 00:56:13.567
455205e5-785c-ec11-8350-fd1908bc5a53,76,3724.0,2021-12-14 00:58:07.480,2021-12-14 00:58:07.480
86b3c36c-765c-ec11-8350-fd1908bc5a53,76,18372.24,2021-12-14 00:40:34.880,2021-12-14 00:40:34.880
36bcb8c9-7d5c-ec11-8350-fd1908bc5a53,76,3800.0,2021-12-14 01:33:09.097,2021-12-14 01:33:09.097
23730cc1-7c5c-ec11-8350-fd1908bc5a53,76,44262.4,2021-12-14 01:25:45.110,2021-12-14 01:25:45.110
115705e5-785c-ec11-8350-fd1908bc5a53,76,7068.0,2021-12-14 00:58:08.860,2021-12-14 00:58:08.860
86d43de6-899b-ee11-8445-cc0b759db311,76,3192.0,2023-12-15 20:38:29.950,2023-12-15 20:38:29.950
b82a0b08-8e9b-ee11-8445-cc0b759db311,76,4503.0,2023-12-15 21:08:09.197,2023-12-15 21:08:09.197
236a779f-8c9b-ee11-8445-cc0b759db311,76,3553.0,2023-12-15 20:58:00.403,2023-12-15 20:58:00.403
b84a1f12-7a5c-ec11-8350-fd1908bc5a53,76,3059.0,2021-12-14 01:06:32.267,2021-12-14 01:06:32.267
e26a9453-889b-ee11-8445-cc0b759db311,76,3572.0,2023-12-15 20:27:20.040,2023-12-15 20:27:20.040
86954f75-7d5c-ec11-8350-fd1908bc5a53,76,24814.76,2021-12-14 01:30:47.077,2021-12-14 01:30:47.077
114f504b-879b-ee11-8445-cc0b759db311,76,4503.0,2023-12-15 20:19:55.517,2023-12-15 20:19:55.517
51c0807b-8c9b-ee11-8445-cc0b759db311,76,2242.0,2023-12-15 20:57:01.720,2023-12-15 20:57:01.720
86905e57-879b-ee11-8445-cc0b759db311,76,4503.0,2023-12-15 20:20:11.510,2023-12-15 20:20:11.510
404f6a03-775c-ec11-8350-fd1908bc5a53,76,20465.28,2021-12-14 00:44:47.940,2021-12-14 00:44:47.940
b81bd17e-765c-ec11-8350-fd1908bc5a53,76,20465.28,2021-12-14 00:41:04.827,2021-12-14 00:41:04.827
4050167f-869b-ee11-8445-cc0b759db311,76,4180.0,2023-12-15 20:14:14.923,2023-12-15 20:14:14.923
e2607657-8c9b-ee11-8445-cc0b759db311,76,13623.0,2023-12-15 20:56:01.457,2023-12-15 20:56:01.457
51c52a27-795c-ec11-8350-fd1908bc5a53,76,18552.36,2021-12-14 01:00:05.173,2021-12-14 01:00:05.173
2f8ef874-7b5c-ec11-8350-fd1908bc5a53,76,24814.76,2021-12-14 01:16:27.453,2021-12-14 01:16:27.453
51b870e1-8c9b-ee11-8445-cc0b759db311,76,24776.0,2023-12-15 20:59:52.650,2023-12-15 20:59:52.650
8686715a-7a5c-ec11-8350-fd1908bc5a53,76,3059.0,2021-12-14 01:08:41.883,2021-12-14 01:08:41.883
235f0b91-8b9b-ee11-8445-cc0b759db311,76,2242.0,2023-12-15 20:50:30.387,2023-12-15 20:50:30.387
a4157427-8c9b-ee11-8445-cc0b759db311,76,7353.0,2023-12-15 20:54:46.503,2023-12-15 20:54:46.503
2f987009-775c-ec11-8350-fd1908bc5a53,76,7068.0,2021-12-14 00:44:57.637,2021-12-14 00:44:57.637
b82771ff-8c9b-ee11-8445-cc0b759db311,76,24776.0,2023-12-15 21:00:44.303,2023-12-15 21:00:44.303
1bd28bf9-7b5c-ec11-8350-fd1908bc5a53,76,1976.0,2021-12-14 01:20:13.567,2021-12-14 01:20:13.567
867c362d-795c-ec11-8350-fd1908bc5a53,76,3059.0,2021-12-14 01:00:11.360,2021-12-14 01:00:11.360
867db57e-75e6-eb11-8315-a7b253237166,76,0.0,2021-07-16 20:41:41.853,2021-07-16 20:41:41.853
622069a5-879b-ee11-8445-cc0b759db311,76,26942.0,2023-12-15 20:22:23.793,2023-12-15 20:22:23.793
34dcebff-795c-ec11-8350-fd1908bc5a53,76,20465.28,2021-12-14 01:06:05.743,2021-12-14 01:06:05.743
45371aeb-869b-ee11-8445-cc0b759db311,76,3553.0,2023-12-15 20:17:17.220,2023-12-15 20:17:17.220
c75c93f3-7b5c-ec11-8350-fd1908bc5a53,76,1976.0,2021-12-14 01:20:03.837,2021-12-14 01:20:03.837
e216955f-889b-ee11-8445-cc0b759db311,76,8189.0,2023-12-15 20:27:39.140,2023-12-15 20:27:39.140
11301aeb-869b-ee11-8445-cc0b759db311,76,4503.0,2023-12-15 20:17:14.810,2023-12-15 20:17:14.810
2f81eab4-7c5c-ec11-8350-fd1908bc5a53,76,1976.0,2021-12-14 01:25:32.247,2021-12-14 01:25:32.247
867b2ad3-8b9b-ee11-8445-cc0b759db311,76,2242.0,2023-12-15 20:52:17.637,2023-12-15 20:52:17.637
051e136d-869b-ee11-8445-cc0b759db311,76,57760.0,2023-12-15 20:13:46.400,2023-12-15 20:13:46.400
4b250f2a-785c-ec11-8350-fd1908bc5a53,76,18552.36,2021-12-14 00:53:00.220,2021-12-14 00:53:00.220
62201085-8b9b-ee11-8445-cc0b759db311,76,2242.0,2023-12-15 20:50:05.227,2023-12-15 20:50:05.227
45371085-8b9b-ee11-8445-cc0b759db311,76,2242.0,2023-12-15 20:50:13.633,2023-12-15 20:50:13.633
e2241cf7-869b-ee11-8445-cc0b759db311,76,4180.0,2023-12-15 20:17:37.827,2023-12-15 20:17:37.827
6280b553-7c5c-ec11-8350-fd1908bc5a53,76,1976.0,2021-12-14 01:22:46.097,2021-12-14 01:22:46.097
2f790a9d-8b9b-ee11-8445-cc0b759db311,76,2242.0,2023-12-15 20:50:48.587,2023-12-15 20:50:48.587
3e136eba-7a5c-ec11-8350-fd1908bc5a53,76,3040.0,2021-12-14 01:11:22.033,2021-12-14 01:11:22.033
49de0ecd-7c5c-ec11-8350-fd1908bc5a53,76,1976.0,2021-12-14 01:26:05.270,2021-12-14 01:26:05.270
2f782243-8b9b-ee11-8445-cc0b759db311,76,3553.0,2023-12-15 20:48:22.347,2023-12-15 20:48:22.347
b816c2cf-795c-ec11-8350-fd1908bc5a53,76,3724.0,2021-12-14 01:04:47.970,2021-12-14 01:04:47.970
236a6d52-8a9b-ee11-8445-cc0b759db311,76,3553.0,2023-12-15 20:41:31.513,2023-12-15 20:41:31.513
1bd8b9bd-7d5c-ec11-8350-fd1908bc5a53,76,20665.92,2021-12-14 01:32:48.017,2021-12-14 01:32:48.017
051cd8a0-8a9b-ee11-8445-cc0b759db311,76,2242.0,2023-12-15 20:43:49.680,2023-12-15 20:43:49.680
4051787a-0ce3-ea11-828c-f8709861f8d2,76,3600.0,2020-08-20 17:43:28.433,2020-08-20 17:43:28.433
86838fa2-7c5c-ec11-8350-fd1908bc5a53,76,3800.0,2021-12-14 01:25:00.613,2021-12-14 01:25:00.613
afc977d8-7a5c-ec11-8350-fd1908bc5a53,76,2888.0,2021-12-14 01:12:04.797,2021-12-14 01:12:04.797
c76aff3b-8d9b-ee11-8445-cc0b759db311,76,3553.0,2023-12-15 21:02:28.193,2023-12-15 21:02:28.193
f1f11df0-8d9b-ee11-8445-cc0b759db311,76,3192.0,2023-12-15 21:07:24.970,2023-12-15 21:07:24.970
e1fc5fba-785c-ec11-8350-fd1908bc5a53,76,3534.0,2021-12-14 00:56:58.120,2021-12-14 00:56:58.120
864b11c7-7c5c-ec11-8350-fd1908bc5a53,76,43709.12,2021-12-14 01:25:59.010,2021-12-14 01:25:59.010
23476f72-7a5c-ec11-8350-fd1908bc5a53,76,2888.0,2021-12-14 01:09:21.250,2021-12-14 01:09:21.250
62033754-7a5c-ec11-8350-fd1908bc5a53,76,1976.0,2021-12-14 01:08:30.963,2021-12-14 01:08:30.963
a4096dc9-8c9b-ee11-8445-cc0b759db311,76,15637.0,2023-12-15 20:59:13.423,2023-12-15 20:59:13.423
e203b408-7b5c-ec11-8350-fd1908bc5a53,76,3059.0,2021-12-14 01:13:27.200,2021-12-14 01:13:27.200
61f9172b-8b9b-ee11-8445-cc0b759db311,76,2242.0,2023-12-15 20:47:37.617,2023-12-15 20:47:37.617
23457e5d-8c9b-ee11-8445-cc0b759db311,76,4465.0,2023-12-15 20:56:16.727,2023-12-15 20:56:16.727
b806cf78-12db-ee11-8444-a85396bf4454,76,69809.76,2024-03-05 17:04:54.550,2024-03-05 17:04:54.550
61fa0968-899b-ee11-8445-cc0b759db311,76,4465.0,2023-12-15 20:35:05.513,2023-12-15 20:35:05.513
40423809-7d5c-ec11-8350-fd1908bc5a53,76,2888.0,2021-12-14 01:27:48.507,2021-12-14 01:27:48.507
864467b1-8c9b-ee11-8445-cc0b759db311,76,0.0,2023-12-15 20:58:33.207,2023-12-15 20:58:33.207
e1e86f05-8d9b-ee11-8445-cc0b759db311,76,4465.0,2023-12-15 21:00:51.263,2023-12-15 21:00:51.263
e2091798-899b-ee11-8445-cc0b759db311,76,4503.0,2023-12-15 20:36:18.943,2023-12-15 20:36:18.943
e1cfb47d-889b-ee11-8445-cc0b759db311,76,4503.0,2023-12-15 20:28:29.027,2023-12-15 20:28:29.027
3cf8babf-889b-ee11-8445-cc0b759db311,76,4503.0,2023-12-15 20:30:21.503,2023-12-15 20:30:21.503
4a3f1ea3-869b-ee11-8445-cc0b759db311,76,4503.0,2023-12-15 20:15:13.380,2023-12-15 20:15:13.380
afba45a8-785c-ec11-8350-fd1908bc5a53,76,14481.8,2021-12-14 00:56:29.097,2021-12-14 00:56:29.097
087c118b-8b9b-ee11-8445-cc0b759db311,76,4465.0,2023-12-15 20:50:22.047,2023-12-15 20:50:22.047
e20f7bdb-7b5c-ec11-8350-fd1908bc5a53,76,1976.0,2021-12-14 01:19:25.500,2021-12-14 01:19:25.500
860d68ae-7a5c-ec11-8350-fd1908bc5a53,76,2888.0,2021-12-14 01:10:58.077,2021-12-14 01:10:58.077
abf50eeb-785c-ec11-8350-fd1908bc5a53,76,6308.0,2021-12-14 00:58:19.253,2021-12-14 00:58:19.253
61dbf3ae-7c5c-ec11-8350-fd1908bc5a53,76,1976.0,2021-12-14 01:25:21.693,2021-12-14 01:25:21.693
86274042-785c-ec11-8350-fd1908bc5a53,76,3059.0,2021-12-14 00:53:37.677,2021-12-14 00:53:37.677
e1caea84-765c-ec11-8350-fd1908bc5a53,76,3800.0,2021-12-14 00:41:13.047,2021-12-14 00:41:13.047
85fe176b-8396-ec11-8375-d3a7891ad4ec,76,3744.0,2022-02-25 21:41:31.653,2022-02-25 21:41:31.653
860bc8b3-889b-ee11-8445-cc0b759db311,76,4503.0,2023-12-15 20:30:01.590,2023-12-15 20:30:01.590
10ffb308-7b5c-ec11-8350-fd1908bc5a53,76,3534.0,2021-12-14 01:13:25.630,2021-12-14 01:13:25.630
c70b17fd-869b-ee11-8445-cc0b759db311,76,4503.0,2023-12-15 20:17:39.200,2023-12-15 20:17:39.200
af9f8163-8c9b-ee11-8445-cc0b759db311,76,2242.0,2023-12-15 20:56:23.117,2023-12-15 20:56:23.117
e1cb1a4f-8b9b-ee11-8445-cc0b759db311,76,4503.0,2023-12-15 20:48:34.247,2023-12-15 20:48:34.247
85dff3ae-7c5c-ec11-8350-fd1908bc5a53,76,12368.24,2021-12-14 01:25:23.110,2021-12-14 01:25:23.110
493c7f11-7c5c-ec11-8350-fd1908bc5a53,76,1976.0,2021-12-14 01:20:51.273,2021-12-14 01:20:51.273
e1be0fa2-785c-ec11-8350-fd1908bc5a53,76,3534.0,2021-12-14 00:56:21.823,2021-12-14 00:56:21.823
e1c25be7-879b-ee11-8445-cc0b759db311,76,4503.0,2023-12-15 20:24:18.510,2023-12-15 20:24:18.510
3cfaf0f3-795c-ec11-8350-fd1908bc5a53,76,3534.0,2021-12-14 01:05:43.020,2021-12-14 01:05:43.020
a9606257-795c-ec11-8350-fd1908bc5a53,76,1976.0,2021-12-14 01:01:23.277,2021-12-14 01:01:23.277
403e989c-7c5c-ec11-8350-fd1908bc5a53,76,22701.2,2021-12-14 01:24:46.627,2021-12-14 01:24:46.627
e20ac0ad-889b-ee11-8445-cc0b759db311,76,43016.0,2023-12-15 20:29:52.733,2023-12-15 20:29:52.733
61c46499-7d5c-ec11-8350-fd1908bc5a53,76,0.0,2021-12-14 01:31:51.663,2021-12-14 01:31:51.663
85a27ee1-7b5c-ec11-8350-fd1908bc5a53,76,1976.0,2021-12-14 01:19:32.840,2021-12-14 01:19:32.840
3cfc0bc6-8d9b-ee11-8445-cc0b759db311,76,2242.0,2023-12-15 21:06:15.767,2023-12-15 21:06:15.767
10e5a64e-765c-ec11-8350-fd1908bc5a53,76,26004.16,2021-12-14 00:39:44.527,2021-12-14 00:39:44.527
859a1692-899b-ee11-8445-cc0b759db311,76,22610.0,2023-12-15 20:36:16.830,2023-12-15 20:36:16.830
e1b21bb5-765c-ec11-8350-fd1908bc5a53,76,3800.0,2021-12-14 00:42:29.920,2021-12-14 00:42:29.920
1ba55681-7d5c-ec11-8350-fd1908bc5a53,76,1976.0,2021-12-14 01:31:06.877,2021-12-14 01:31:06.877
61b78229-889b-ee11-8445-cc0b759db311,76,4503.0,2023-12-15 20:26:04.977,2023-12-15 20:26:04.977
3ba75e57-879b-ee11-8445-cc0b759db311,76,3553.0,2023-12-15 20:20:18.760,2023-12-15 20:20:18.760
bdd7612d-775c-ec11-8350-fd1908bc5a53,76,2660.0,2021-12-14 00:45:55.273,2021-12-14 00:45:55.273
857c9b76-8a9b-ee11-8445-cc0b759db311,76,3553.0,2023-12-15 20:42:37.490,2023-12-15 20:42:37.490
abf97c51-775c-ec11-8350-fd1908bc5a53,76,3800.0,2021-12-14 00:46:56.523,2021-12-14 00:46:56.523
d117ba47-7c5c-ec11-8350-fd1908bc5a53,76,18552.36,2021-12-14 01:22:27.790,2021-12-14 01:22:27.790
2f3ab154-765c-ec11-8350-fd1908bc5a53,76,42681.6,2021-12-14 00:39:51.100,2021-12-14 00:39:51.100
c6ffc7b3-889b-ee11-8445-cc0b759db311,76,3572.0,2023-12-15 20:29:57.787,2023-12-15 20:29:57.787
518348c9-7b5c-ec11-8350-fd1908bc5a53,76,1976.0,2021-12-14 01:18:54.177,2021-12-14 01:18:54.177
2f433021-795c-ec11-8350-fd1908bc5a53,76,20665.92,2021-12-14 00:59:47.807,2021-12-14 00:59:47.807
d3bf1820-8e9b-ee11-8445-cc0b759db311,76,3553.0,2023-12-15 21:08:51.207,2023-12-15 21:08:51.207
61951cea-8d9b-ee11-8445-cc0b759db311,76,4503.0,2023-12-15 21:07:22.017,2023-12-15 21:07:22.017
874048f8-899b-ee11-8445-cc0b759db311,76,22610.0,2023-12-15 20:39:00.410,2023-12-15 20:39:00.410
d3c5fafb-889b-ee11-8445-cc0b759db311,76,19684.0,2023-12-15 20:32:03.187,2023-12-15 20:32:03.187
23187390-7a5c-ec11-8350-fd1908bc5a53,76,6308.0,2021-12-14 01:10:04.837,2021-12-14 01:10:04.837
853cfa71-7c5c-ec11-8350-fd1908bc5a53,76,1976.0,2021-12-14 01:23:36.787,2021-12-14 01:23:36.787
85452513-8b9b-ee11-8445-cc0b759db311,76,3553.0,2023-12-15 20:46:58.977,2023-12-15 20:46:58.977
23176728-8a9b-ee11-8445-cc0b759db311,76,7353.0,2023-12-15 20:40:28.080,2023-12-15 20:40:28.080
e193520a-8a9b-ee11-8445-cc0b759db311,76,13623.0,2023-12-15 20:39:30.837,2023-12-15 20:39:30.837
299ef874-7b5c-ec11-8350-fd1908bc5a53,76,3800.0,2021-12-14 01:16:33.190,2021-12-14 01:16:33.190
4b288323-8d9b-ee11-8445-cc0b759db311,76,3553.0,2023-12-15 21:01:44.933,2023-12-15 21:01:44.933
85320d54-8d9b-ee11-8445-cc0b759db311,76,22610.0,2023-12-15 21:03:06.563,2023-12-15 21:03:06.563
8536f2ba-7c5c-ec11-8350-fd1908bc5a53,76,6308.0,2021-12-14 01:25:33.607,2021-12-14 01:25:33.607
30591bc7-765c-ec11-8350-fd1908bc5a53,76,3667.0,2021-12-14 00:42:57.423,2021-12-14 00:42:57.423
519a0966-8d9b-ee11-8445-cc0b759db311,76,18449.0,2023-12-15 21:03:32.047,2023-12-15 21:03:32.047
04fe6628-8a9b-ee11-8445-cc0b759db311,76,4180.0,2023-12-15 20:40:19.970,2023-12-15 20:40:19.970
08722015-795c-ec11-8350-fd1908bc5a53,76,18552.36,2021-12-14 00:59:33.920,2021-12-14 00:59:33.920
0000e24a-7b5c-ec11-8350-fd1908bc5a53,76,2888.0,2021-12-14 01:15:25.583,2021-12-14 01:15:25.583
aa58fb96-765c-ec11-8350-fd1908bc5a53,76,18552.36,2021-12-14 00:41:43.103,2021-12-14 00:41:43.103
f2d97b93-795c-ec11-8350-fd1908bc5a53,76,3724.0,2021-12-14 01:03:03.530,2021-12-14 01:03:03.530
2310989a-5309-ee11-8445-e7bd32c36f59,76,3356.16,2023-06-12 19:03:18.890,2023-06-12 19:03:18.890
c6ca6840-8a9b-ee11-8445-cc0b759db311,76,2242.0,2023-12-15 20:41:08.690,2023-12-15 20:41:08.690
617aee15-1378-ed11-83d0-dbe72732717b,76,2707.52,2022-12-09 22:44:58.360,2022-12-09 22:44:58.360
a3af8023-889b-ee11-8445-cc0b759db311,76,3192.0,2023-12-15 20:25:59.370,2023-12-15 20:25:59.370
10b0b177-889b-ee11-8445-cc0b759db311,76,4465.0,2023-12-15 20:28:14.503,2023-12-15 20:28:14.503
a3b31ea8-8d9b-ee11-8445-cc0b759db311,76,3192.0,2023-12-15 21:05:22.027,2023-12-15 21:05:22.027
403391ed-7b5c-ec11-8350-fd1908bc5a53,76,1976.0,2021-12-14 01:19:56.227,2021-12-14 01:19:56.227
086d0a9d-8b9b-ee11-8445-cc0b759db311,76,2242.0,2023-12-15 20:50:44.913,2023-12-15 20:50:44.913
a3a82290-8d9b-ee11-8445-cc0b759db311,76,7353.0,2023-12-15 21:04:46.790,2023-12-15 21:04:46.790
6175a0bd-795c-ec11-8350-fd1908bc5a53,76,1976.0,2021-12-14 01:04:13.117,2021-12-14 01:04:13.117
84f51478-7c5c-ec11-8350-fd1908bc5a53,76,42271.2,2021-12-14 01:23:41.387,2021-12-14 01:23:41.387
e15919a9-869b-ee11-8445-cc0b759db311,76,49324.0,2023-12-15 20:15:24.360,2023-12-15 20:15:24.360
38b27ee1-7b5c-ec11-8350-fd1908bc5a53,76,1976.0,2021-12-14 01:19:38.130,2021-12-14 01:19:38.130
84e61f97-869b-ee11-8445-cc0b759db311,76,21888.0,2023-12-15 20:14:50.857,2023-12-15 20:14:50.857
51771ccd-765c-ec11-8350-fd1908bc5a53,76,3724.0,2021-12-14 00:43:11.637,2021-12-14 00:43:11.637
44fd119f-7b5c-ec11-8350-fd1908bc5a53,76,1976.0,2021-12-14 01:17:37.727,2021-12-14 01:17:37.727
086ee444-7b5c-ec11-8350-fd1908bc5a53,76,3059.0,2021-12-14 01:15:09.340,2021-12-14 01:15:09.340
c6be3c33-7d5c-ec11-8350-fd1908bc5a53,76,0.0,2021-12-14 01:28:59.927,2021-12-14 01:28:59.927
84c41996-8d9b-ee11-8445-cc0b759db311,76,15637.0,2023-12-15 21:04:57.527,2023-12-15 21:04:57.527
84d2ebff-795c-ec11-8350-fd1908bc5a53,76,12368.24,2021-12-14 01:06:02.677,2021-12-14 01:06:02.677
84c322a2-8d9b-ee11-8445-cc0b759db311,76,2242.0,2023-12-15 21:05:13.313,2023-12-15 21:05:13.313
b7bc146d-8b9b-ee11-8445-cc0b759db311,76,2242.0,2023-12-15 20:49:33.763,2023-12-15 20:49:33.763
10a6e3b8-8a9b-ee11-8445-cc0b759db311,76,15637.0,2023-12-15 20:44:25.837,2023-12-15 20:44:25.837
44f73978-785c-ec11-8350-fd1908bc5a53,76,14481.8,2021-12-14 00:55:08.990,2021-12-14 00:55:08.990
c6a4761d-889b-ee11-8445-cc0b759db311,76,4180.0,2023-12-15 20:25:49.113,2023-12-15 20:25:49.113
e154043c-5c90-79c7-d19d-08ddb33a55d9,76,0.0,2025-06-24 16:15:59.423,2025-06-24 16:15:59.423
8487d0cf-775c-ec11-8350-fd1908bc5a53,76,16595.36,2021-12-14 00:50:28.110,2021-12-14 00:50:28.110
109e88e7-7b5c-ec11-8350-fd1908bc5a53,76,1976.0,2021-12-14 01:19:41.497,2021-12-14 01:19:41.497
84a988e7-7b5c-ec11-8350-fd1908bc5a53,76,1976.0,2021-12-14 01:19:46.317,2021-12-14 01:19:46.317
1b83075c-899b-ee11-8445-cc0b759db311,76,4180.0,2023-12-15 20:34:38.137,2023-12-15 20:34:38.137
019b4f75-7d5c-ec11-8350-fd1908bc5a53,76,1976.0,2021-12-14 01:30:48.937,2021-12-14 01:30:48.937
f18c0bf7-785c-ec11-8350-fd1908bc5a53,76,1976.0,2021-12-14 00:58:36.377,2021-12-14 00:58:36.377
2f020230-8d9b-ee11-8445-cc0b759db311,76,22610.0,2023-12-15 21:02:08.827,2023-12-15 21:02:08.827
36874a6c-785c-ec11-8350-fd1908bc5a53,76,3040.0,2021-12-14 00:54:43.607,2021-12-14 00:54:43.607
10978163-8c9b-ee11-8445-cc0b759db311,76,0.0,2023-12-15 20:56:19.707,2023-12-15 20:56:19.707
845b537b-7d5c-ec11-8350-fd1908bc5a53,76,22701.2,2021-12-14 01:31:00.673,2021-12-14 01:31:00.673
44ed1f1f-8b9b-ee11-8445-cc0b759db311,76,3553.0,2023-12-15 20:47:18.053,2023-12-15 20:47:18.053
515b11a9-8b9b-ee11-8445-cc0b759db311,76,2242.0,2023-12-15 20:51:07.437,2023-12-15 20:51:07.437
845360d5-879b-ee11-8445-cc0b759db311,76,4465.0,2023-12-15 20:23:45.317,2023-12-15 20:23:45.317
51791d49-8b9b-ee11-8445-cc0b759db311,76,2242.0,2023-12-15 20:48:24.277,2023-12-15 20:48:24.277
84580056-899b-ee11-8445-cc0b759db311,76,2242.0,2023-12-15 20:34:31.180,2023-12-15 20:34:31.180
613ab899-775c-ec11-8350-fd1908bc5a53,76,3800.0,2021-12-14 00:48:51.450,2021-12-14 00:48:51.450
843c6615-775c-ec11-8350-fd1908bc5a53,76,3059.0,2021-12-14 00:45:15.460,2021-12-14 00:45:15.460
abc814b0-899b-ee11-8445-cc0b759db311,76,4465.0,2023-12-15 20:36:57.637,2023-12-15 20:36:57.637
00ca4521-7d5c-ec11-8350-fd1908bc5a53,76,6308.0,2021-12-14 01:28:28.277,2021-12-14 01:28:28.277
22f08291-da96-ea11-a9ce-0a593f791696,76,6080.0,2020-05-15 18:35:22.147,2020-05-15 18:35:22.147
6134d89a-8a9b-ee11-8445-cc0b759db311,76,24776.0,2023-12-15 20:43:34.380,2023-12-15 20:43:34.380
2f282090-785c-ec11-8350-fd1908bc5a53,76,3534.0,2021-12-14 00:55:45.893,2021-12-14 00:55:45.893
6120d9c3-775c-ec11-8350-fd1908bc5a53,76,3040.0,2021-12-14 00:50:06.973,2021-12-14 00:50:06.973
e1220812-785c-ec11-8350-fd1908bc5a53,76,20465.28,2021-12-14 00:52:14.107,2021-12-14 00:52:14.107
3b8c5e57-879b-ee11-8445-cc0b759db311,76,4503.0,2023-12-15 20:20:09.770,2023-12-15 20:20:09.770
e11d5d1b-8c9b-ee11-8445-cc0b759db311,76,4465.0,2023-12-15 20:54:23.420,2023-12-15 20:54:23.420
611cebdb-775c-ec11-8350-fd1908bc5a53,76,3724.0,2021-12-14 00:50:41.603,2021-12-14 00:50:41.603
85201daf-765c-ec11-8350-fd1908bc5a53,76,3040.0,2021-12-14 00:42:17.773,2021-12-14 00:42:17.773
2ef2e14a-7b5c-ec11-8350-fd1908bc5a53,76,3724.0,2021-12-14 01:15:20.757,2021-12-14 01:15:20.757
6120c560-765c-ec11-8350-fd1908bc5a53,76,3800.0,2021-12-14 00:40:07.973,2021-12-14 00:40:07.973
e1281925-8b9b-ee11-8445-cc0b759db311,76,4465.0,2023-12-15 20:47:23.547,2023-12-15 20:47:23.547
04e4d8a8-7c5c-ec11-8350-fd1908bc5a53,76,16595.36,2021-12-14 01:25:04.023,2021-12-14 01:25:04.023
af81876f-8c9b-ee11-8445-cc0b759db311,76,49476.0,2023-12-15 20:56:42.417,2023-12-15 20:56:42.417
2eece14a-7b5c-ec11-8350-fd1908bc5a53,76,3800.0,2021-12-14 01:15:18.747,2021-12-14 01:15:18.747
61196728-8a9b-ee11-8445-cc0b759db311,76,3572.0,2023-12-15 20:40:28.800,2023-12-15 20:40:28.800
561768ae-7a5c-ec11-8350-fd1908bc5a53,76,2888.0,2021-12-14 01:11:01.217,2021-12-14 01:11:01.217
611b352c-8e9b-ee11-8445-cc0b759db311,76,4465.0,2023-12-15 21:09:08.490,2023-12-15 21:09:08.490
846d4442-7a5c-ec11-8350-fd1908bc5a53,76,2888.0,2021-12-14 01:07:55.453,2021-12-14 01:07:55.453
4cd514c7-8b9b-ee11-8445-cc0b759db311,76,2242.0,2023-12-15 20:51:58.187,2023-12-15 20:51:58.187
b7bf3cd9-8b9b-ee11-8445-cc0b759db311,76,2242.0,2023-12-15 20:52:27.457,2023-12-15 20:52:27.457
d29121cd-8b9b-ee11-8445-cc0b759db311,76,2242.0,2023-12-15 20:52:07.060,2023-12-15 20:52:07.060
e129c560-765c-ec11-8350-fd1908bc5a53,76,4522.0,2021-12-14 00:40:10.950,2021-12-14 00:40:10.950
f1a00bb5-8b9b-ee11-8445-cc0b759db311,76,2242.0,2023-12-15 20:51:32.327,2023-12-15 20:51:32.327
c66c4b6f-7d5c-ec11-8350-fd1908bc5a53,76,2660.0,2021-12-14 01:30:43.643,2021-12-14 01:30:43.643
8375c2db-795c-ec11-8350-fd1908bc5a53,76,3724.0,2021-12-14 01:05:08.143,2021-12-14 01:05:08.143
2ede8bf9-7b5c-ec11-8350-fd1908bc5a53,76,1976.0,2021-12-14 01:20:17.117,2021-12-14 01:20:17.117
837d6321-775c-ec11-8350-fd1908bc5a53,76,3724.0,2021-12-14 00:45:37.603,2021-12-14 00:45:37.603
83654166-785c-ec11-8350-fd1908bc5a53,76,3534.0,2021-12-14 00:54:34.760,2021-12-14 00:54:34.760
8372d0cf-775c-ec11-8350-fd1908bc5a53,76,3059.0,2021-12-14 00:50:21.737,2021-12-14 00:50:21.737
b75d11a9-8b9b-ee11-8445-cc0b759db311,76,2242.0,2023-12-15 20:51:08.240,2023-12-15 20:51:08.240
c67cdfbe-8a9b-ee11-8445-cc0b759db311,76,2242.0,2023-12-15 20:44:37.267,2023-12-15 20:44:37.267
e10a54f3-879b-ee11-8445-cc0b759db311,76,3192.0,2023-12-15 20:24:38.333,2023-12-15 20:24:38.333
c65e3021-795c-ec11-8350-fd1908bc5a53,76,3040.0,2021-12-14 00:59:56.517,2021-12-14 00:59:56.517
b75d4c1c-8a9b-ee11-8445-cc0b759db311,76,3192.0,2023-12-15 20:40:04.957,2023-12-15 20:40:04.957
3e0503e3-8a9b-ee11-8445-cc0b759db311,76,3553.0,2023-12-15 20:45:37.780,2023-12-15 20:45:37.780
d0ee7af6-7a5c-ec11-8350-fd1908bc5a53,76,3059.0,2021-12-14 01:12:57.617,2021-12-14 01:12:57.617
e10d425a-785c-ec11-8350-fd1908bc5a53,76,16595.36,2021-12-14 00:54:19.290,2021-12-14 00:54:19.290
832db154-765c-ec11-8350-fd1908bc5a53,76,35409.92,2021-12-14 00:39:47.253,2021-12-14 00:39:47.253
839e6cc8-1e0f-eb11-828e-85d3c8e3831d,76,6768.0,2020-10-15 19:44:08.897,2020-10-15 19:44:08.897
833b1925-8b9b-ee11-8445-cc0b759db311,76,2242.0,2023-12-15 20:47:31.147,2023-12-15 20:47:31.147
aa3779a2-7a5c-ec11-8350-fd1908bc5a53,76,2888.0,2021-12-14 01:10:40.700,2021-12-14 01:10:40.700
c64a7f11-7c5c-ec11-8350-fd1908bc5a53,76,1976.0,2021-12-14 01:20:55.567,2021-12-14 01:20:55.567
83228fff-7b5c-ec11-8350-fd1908bc5a53,76,14481.8,2021-12-14 01:20:22.573,2021-12-14 01:20:22.573
830d60ba-785c-ec11-8350-fd1908bc5a53,76,3724.0,2021-12-14 00:57:03.237,2021-12-14 00:57:03.237
e0c9f801-899b-ee11-8445-cc0b759db311,76,49134.0,2023-12-15 20:32:10.547,2023-12-15 20:32:10.547
830d137e-8d9b-ee11-8445-cc0b759db311,76,26942.0,2023-12-15 21:04:13.680,2023-12-15 21:04:13.680
3b81209c-8d9b-ee11-8445-cc0b759db311,76,2242.0,2023-12-15 21:05:10.133,2023-12-15 21:05:10.133
b7431885-869b-ee11-8445-cc0b759db311,76,3553.0,2023-12-15 20:14:21.883,2023-12-15 20:14:21.883
83009890-7c5c-ec11-8350-fd1908bc5a53,76,1976.0,2021-12-14 01:24:24.543,2021-12-14 01:24:24.543
1b5b5416-8a9b-ee11-8445-cc0b759db311,76,8189.0,2023-12-15 20:39:53.500,2023-12-15 20:39:53.500
04d50dc8-899b-ee11-8445-cc0b759db311,76,18050.0,2023-12-15 20:37:45.553,2023-12-15 20:37:45.553
60edac6f-775c-ec11-8350-fd1908bc5a53,76,3800.0,2021-12-14 00:47:42.203,2021-12-14 00:47:42.203
82f9ac6f-775c-ec11-8350-fd1908bc5a53,76,3800.0,2021-12-14 00:47:46.057,2021-12-14 00:47:46.057
b74f93f3-7b5c-ec11-8350-fd1908bc5a53,76,2888.0,2021-12-14 01:19:59.867,2021-12-14 01:19:59.867
04d3a469-775c-ec11-8350-fd1908bc5a53,76,3534.0,2021-12-14 00:47:36.853,2021-12-14 00:47:36.853
833f6409-8c9b-ee11-8445-cc0b759db311,76,38228.0,2023-12-15 20:53:53.900,2023-12-15 20:53:53.900
e0c2189c-785c-ec11-8350-fd1908bc5a53,76,7068.0,2021-12-14 00:56:06.550,2021-12-14 00:56:06.550
82d590c6-785c-ec11-8350-fd1908bc5a53,76,3059.0,2021-12-14 00:57:16.663,2021-12-14 00:57:16.663
82ed108a-8d9b-ee11-8445-cc0b759db311,76,22610.0,2023-12-15 21:04:41.300,2023-12-15 21:04:41.300
1b5470de-7a5c-ec11-8350-fd1908bc5a53,76,1976.0,2021-12-14 01:12:20.580,2021-12-14 01:12:20.580
22cec666-765c-ec11-8350-fd1908bc5a53,76,2517.5,2021-12-14 00:40:19.247,2021-12-14 00:40:19.247
2ec17eea-7a5c-ec11-8350-fd1908bc5a53,76,51008.16,2021-12-14 01:12:36.027,2021-12-14 01:12:36.027
10316409-8c9b-ee11-8445-cc0b759db311,76,3553.0,2023-12-15 20:53:48.963,2023-12-15 20:53:48.963
c6e61f1f-8b9b-ee11-8445-cc0b759db311,76,24776.0,2023-12-15 20:47:15.690,2023-12-15 20:47:15.690
512217fd-869b-ee11-8445-cc0b759db311,76,3572.0,2023-12-15 20:17:46.420,2023-12-15 20:17:46.420
a38028ce-899b-ee11-8445-cc0b759db311,76,2242.0,2023-12-15 20:37:54.317,2023-12-15 20:37:54.317
c61468ae-7a5c-ec11-8350-fd1908bc5a53,76,1976.0,2021-12-14 01:11:00.400,2021-12-14 01:11:00.400
04cde8d0-8a9b-ee11-8445-cc0b759db311,76,5215.5,2023-12-15 20:45:04.760,2023-12-15 20:45:04.760
abc6178b-869b-ee11-8445-cc0b759db311,76,37772.0,2023-12-15 20:14:33.863,2023-12-15 20:14:33.863
609da4b1-795c-ec11-8350-fd1908bc5a53,76,7068.0,2021-12-14 01:03:54.433,2021-12-14 01:03:54.433
829450f1-765c-ec11-8350-fd1908bc5a53,76,12368.24,2021-12-14 00:44:15.173,2021-12-14 00:44:15.173
084a70de-7a5c-ec11-8350-fd1908bc5a53,76,3534.0,2021-12-14 01:12:16.983,2021-12-14 01:12:16.983
8294f874-7b5c-ec11-8350-fd1908bc5a53,76,1976.0,2021-12-14 01:16:30.217,2021-12-14 01:16:30.217
b7c2807b-8c9b-ee11-8445-cc0b759db311,76,3909.25,2023-12-15 20:57:02.457,2023-12-15 20:57:02.457
38a97d11-889b-ee11-8445-cc0b759db311,76,11457.0,2023-12-15 20:25:27.993,2023-12-15 20:25:27.993
b728b154-765c-ec11-8350-fd1908bc5a53,76,20665.92,2021-12-14 00:39:45.887,2021-12-14 00:39:45.887
e083d4d5-775c-ec11-8350-fd1908bc5a53,76,3800.0,2021-12-14 00:50:39.563,2021-12-14 00:50:39.563
5111e962-7b5c-ec11-8350-fd1908bc5a53,76,3059.0,2021-12-14 01:15:57.407,2021-12-14 01:15:57.407
d38dd7b2-8a9b-ee11-8445-cc0b759db311,76,4180.0,2023-12-15 20:44:14.110,2023-12-15 20:44:14.110
1b4e4c1c-8a9b-ee11-8445-cc0b759db311,76,48564.0,2023-12-15 20:39:59.067,2023-12-15 20:39:59.067
82737f0b-889b-ee11-8445-cc0b759db311,76,21888.0,2023-12-15 20:25:13.907,2023-12-15 20:25:13.907
10bd5b81-879b-ee11-8445-cc0b759db311,76,2242.0,2023-12-15 20:21:25.633,2023-12-15 20:21:25.633
b2a7b60e-7b5c-ec11-8350-fd1908bc5a53,76,7068.0,2021-12-14 01:13:43.013,2021-12-14 01:13:43.013
d1069e1d-7c5c-ec11-8350-fd1908bc5a53,76,1976.0,2021-12-14 01:21:12.450,2021-12-14 01:21:12.450
a377209c-8d9b-ee11-8445-cc0b759db311,76,20368.0,2023-12-15 21:05:06.127,2023-12-15 21:05:06.127
610e14f1-869b-ee11-8445-cc0b759db311,76,8189.0,2023-12-15 20:17:26.320,2023-12-15 20:17:26.320
618ea4b1-795c-ec11-8350-fd1908bc5a53,76,3724.0,2021-12-14 01:03:49.607,2021-12-14 01:03:49.607
29301b18-7a5c-ec11-8350-fd1908bc5a53,76,2660.0,2021-12-14 01:06:46.543,2021-12-14 01:06:46.543
b766e444-7b5c-ec11-8350-fd1908bc5a53,76,2888.0,2021-12-14 01:15:07.203,2021-12-14 01:15:07.203
c6070187-7b5c-ec11-8350-fd1908bc5a53,76,2888.0,2021-12-14 01:17:03.893,2021-12-14 01:17:03.893
a347089d-765c-ec11-8350-fd1908bc5a53,76,3382.0,2021-12-14 00:41:53.330,2021-12-14 00:41:53.330
3ffc1779-8b9b-ee11-8445-cc0b759db311,76,2242.0,2023-12-15 20:49:53.160,2023-12-15 20:49:53.160
8245281b-795c-ec11-8350-fd1908bc5a53,76,3534.0,2021-12-14 00:59:44.430,2021-12-14 00:59:44.430
c5ea7b5d-775c-ec11-8350-fd1908bc5a53,76,7068.0,2021-12-14 00:47:13.743,2021-12-14 00:47:13.743
abaec36c-765c-ec11-8350-fd1908bc5a53,76,3040.0,2021-12-14 00:40:33.390,2021-12-14 00:40:33.390
44c23cd9-8b9b-ee11-8445-cc0b759db311,76,2242.0,2023-12-15 20:52:28.167,2023-12-15 20:52:28.167
af5609bb-8b9b-ee11-8445-cc0b759db311,76,2242.0,2023-12-15 20:51:35.623,2023-12-15 20:51:35.623
82161798-899b-ee11-8445-cc0b759db311,76,2242.0,2023-12-15 20:36:23.567,2023-12-15 20:36:23.567
2eac8023-889b-ee11-8445-cc0b759db311,76,3553.0,2023-12-15 20:25:58.173,2023-12-15 20:25:58.173
e04c4260-785c-ec11-8350-fd1908bc5a53,76,3059.0,2021-12-14 00:54:30.033,2021-12-14 00:54:30.033
af64779f-8c9b-ee11-8445-cc0b759db311,76,7353.0,2023-12-15 20:57:58.713,2023-12-15 20:57:58.713
825611a9-8b9b-ee11-8445-cc0b759db311,76,2242.0,2023-12-15 20:51:05.953,2023-12-15 20:51:05.953
b703e390-765c-ec11-8350-fd1908bc5a53,76,3534.0,2021-12-14 00:41:35.723,2021-12-14 00:41:35.723
af5a7287-879b-ee11-8445-cc0b759db311,76,3553.0,2023-12-15 20:21:38.267,2023-12-15 20:21:38.267
60787660-7a5c-ec11-8350-fd1908bc5a53,76,3040.0,2021-12-14 01:08:43.333,2021-12-14 01:08:43.333
82140942-8d9b-ee11-8445-cc0b759db311,76,2242.0,2023-12-15 21:02:34.610,2023-12-15 21:02:34.610
3ff77c51-775c-ec11-8350-fd1908bc5a53,76,20665.92,2021-12-14 00:46:55.730,2021-12-14 00:46:55.730
60685203-8c9b-ee11-8445-cc0b759db311,76,45144.0,2023-12-15 20:53:43.310,2023-12-15 20:53:43.310
81e08c05-7c5c-ec11-8350-fd1908bc5a53,76,1976.0,2021-12-14 01:20:33.480,2021-12-14 01:20:33.480
04bcfe35-8d9b-ee11-8445-cc0b759db311,76,4503.0,2023-12-15 21:02:20.353,2023-12-15 21:02:20.353
8258d7c9-775c-ec11-8350-fd1908bc5a53,76,18372.24,2021-12-14 00:50:19.683,2021-12-14 00:50:19.683
81dadcca-8a9b-ee11-8445-cc0b759db311,76,47804.0,2023-12-15 20:44:58.403,2023-12-15 20:44:58.403
0fe46133-775c-ec11-8350-fd1908bc5a53,76,3800.0,2021-12-14 00:46:00.563,2021-12-14 00:46:00.563
22b04869-7d5c-ec11-8350-fd1908bc5a53,76,3800.0,2021-12-14 01:30:32.150,2021-12-14 01:30:32.150
81dbc666-765c-ec11-8350-fd1908bc5a53,76,3800.0,2021-12-14 00:40:23.357,2021-12-14 00:40:23.357
81c6b395-889b-ee11-8445-cc0b759db311,76,15637.0,2023-12-15 20:29:13.603,2023-12-15 20:29:13.603
a32bd8db-7d5c-ec11-8350-fd1908bc5a53,76,2888.0,2021-12-14 01:33:42.257,2021-12-14 01:33:42.257
af534ef2-899b-ee11-8445-cc0b759db311,76,3553.0,2023-12-15 20:38:53.153,2023-12-15 20:38:53.153
1b3d0532-899b-ee11-8445-cc0b759db311,76,2242.0,2023-12-15 20:33:34.987,2023-12-15 20:33:34.987
0fda14b0-899b-ee11-8445-cc0b759db311,76,3553.0,2023-12-15 20:37:03.627,2023-12-15 20:37:03.627
608d17b1-7b5c-ec11-8350-fd1908bc5a53,76,1976.0,2021-12-14 01:18:14.140,2021-12-14 01:18:14.140
60601dd9-869b-ee11-8445-cc0b759db311,76,3553.0,2023-12-15 20:16:39.550,2023-12-15 20:16:39.550
e184330f-7d5c-ec11-8350-fd1908bc5a53,76,22701.2,2021-12-14 01:27:59.297,2021-12-14 01:27:59.297
c5bc0701-0050-fc61-4448-08de293a1957,76,13723.92,2025-11-21 20:11:04.453,2025-11-21 20:11:04.453
3fef6f05-8d9b-ee11-8445-cc0b759db311,76,2242.0,2023-12-15 21:00:53.180,2023-12-15 21:00:53.180
44b54869-7d5c-ec11-8350-fd1908bc5a53,76,0.0,2021-12-14 01:30:34.150,2021-12-14 01:30:34.150
22a5b60e-7b5c-ec11-8350-fd1908bc5a53,76,7828.0,2021-12-14 01:13:42.337,2021-12-14 01:13:42.337
81a316bc-899b-ee11-8445-cc0b759db311,76,20368.0,2023-12-15 20:37:19.317,2023-12-15 20:37:19.317
04b710ba-8d9b-ee11-8445-cc0b759db311,76,2242.0,2023-12-15 21:06:00.913,2023-12-15 21:06:00.913
c5bc148c-899b-ee11-8445-cc0b759db311,76,3572.0,2023-12-15 20:36:04.080,2023-12-15 20:36:04.080
819f48eb-765c-ec11-8350-fd1908bc5a53,76,2660.0,2021-12-14 00:44:00.470,2021-12-14 00:44:00.470
a31d22bb-765c-ec11-8350-fd1908bc5a53,76,10117.12,2021-12-14 00:42:37.063,2021-12-14 00:42:37.063
0fcf68e7-8c9b-ee11-8445-cc0b759db311,76,3192.0,2023-12-15 21:00:00.553,2023-12-15 21:00:00.553
816eeab4-7c5c-ec11-8350-fd1908bc5a53,76,1976.0,2021-12-14 01:25:25.607,2021-12-14 01:25:25.607
8185075c-899b-ee11-8445-cc0b759db311,76,3553.0,2023-12-15 20:34:39.180,2023-12-15 20:34:39.180
0fc819af-869b-ee11-8445-cc0b759db311,76,4503.0,2023-12-15 20:15:36.633,2023-12-15 20:15:36.633
38963236-785c-ec11-8350-fd1908bc5a53,76,1976.0,2021-12-14 00:53:21.913,2021-12-14 00:53:21.913
1b261f01-0050-fc61-b438-08de293f30c7,76,3291.76,2025-11-21 20:47:31.293,2025-11-21 20:47:31.293
2910704b-8c9b-ee11-8445-cc0b759db311,76,26068.0,2023-12-15 20:55:41.367,2023-12-15 20:55:41.367
3662248a-785c-ec11-8350-fd1908bc5a53,76,3724.0,2021-12-14 00:55:42.880,2021-12-14 00:55:42.880
517e118b-8b9b-ee11-8445-cc0b759db311,76,3553.0,2023-12-15 20:50:22.717,2023-12-15 20:50:22.717
c5ae79f0-7a5c-ec11-8350-fd1908bc5a53,76,2888.0,2021-12-14 01:12:53.253,2021-12-14 01:12:53.253
e0097f1d-8d9b-ee11-8445-cc0b759db311,76,2242.0,2023-12-15 21:01:34.113,2023-12-15 21:01:34.113
229c0bb5-8b9b-ee11-8445-cc0b759db311,76,2242.0,2023-12-15 20:51:30.577,2023-12-15 20:51:30.577
0fb912af-8b9b-ee11-8445-cc0b759db311,76,2242.0,2023-12-15 20:51:22.260,2023-12-15 20:51:22.260
d0d704ee-775c-ec11-8350-fd1908bc5a53,76,3800.0,2021-12-14 00:51:14.647,2021-12-14 00:51:14.647
81360d54-8d9b-ee11-8445-cc0b759db311,76,2242.0,2023-12-15 21:03:08.057,2023-12-15 21:03:08.057
d2f3e95c-7b5c-ec11-8350-fd1908bc5a53,76,2888.0,2021-12-14 01:15:55.850,2021-12-14 01:15:55.850
812d1085-8b9b-ee11-8445-cc0b759db311,76,2242.0,2023-12-15 20:50:09.917,2023-12-15 20:50:09.917
a31ed8a0-8a9b-ee11-8445-cc0b759db311,76,2242.0,2023-12-15 20:43:50.777,2023-12-15 20:43:50.777
492d9717-7c5c-ec11-8350-fd1908bc5a53,76,1976.0,2021-12-14 01:21:03.100,2021-12-14 01:21:03.100
2918b535-7c5c-ec11-8350-fd1908bc5a53,76,1976.0,2021-12-14 01:21:51.377,2021-12-14 01:21:51.377
8119250f-795c-ec11-8350-fd1908bc5a53,76,2888.0,2021-12-14 00:59:19.847,2021-12-14 00:59:19.847
3fe5686a-8a9b-ee11-8445-cc0b759db311,76,3553.0,2023-12-15 20:42:18.153,2023-12-15 20:42:18.153
04b19796-7c5c-ec11-8350-fd1908bc5a53,76,22701.2,2021-12-14 01:24:40.910,2021-12-14 01:24:40.910
60924a6c-785c-ec11-8350-fd1908bc5a53,76,7828.0,2021-12-14 00:54:47.177,2021-12-14 00:54:47.177
50cd7558-8a9b-ee11-8445-cc0b759db311,76,7353.0,2023-12-15 20:41:43.813,2023-12-15 20:41:43.813
b6bc6840-8a9b-ee11-8445-cc0b759db311,76,3553.0,2023-12-15 20:41:03.957,2023-12-15 20:41:03.957
01831e55-8b9b-ee11-8445-cc0b759db311,76,2242.0,2023-12-15 20:48:48.523,2023-12-15 20:48:48.523
8107c0ad-889b-ee11-8445-cc0b759db311,76,3572.0,2023-12-15 20:29:51.560,2023-12-15 20:29:51.560
3fe34dbd-879b-ee11-8445-cc0b759db311,76,15637.0,2023-12-15 20:23:06.407,2023-12-15 20:23:06.407
a3152dd4-899b-ee11-8445-cc0b759db311,76,13623.0,2023-12-15 20:38:03.270,2023-12-15 20:38:03.270
80e814c7-8b9b-ee11-8445-cc0b759db311,76,2242.0,2023-12-15 20:52:04.583,2023-12-15 20:52:04.583
dfad10ba-8d9b-ee11-8445-cc0b759db311,76,3192.0,2023-12-15 21:05:57.810,2023-12-15 21:05:57.810
60165d1b-8c9b-ee11-8445-cc0b759db311,76,20368.0,2023-12-15 20:54:21.017,2023-12-15 20:54:21.017
abc43cd9-8b9b-ee11-8445-cc0b759db311,76,2242.0,2023-12-15 20:52:28.947,2023-12-15 20:52:28.947
2e641048-8d9b-ee11-8445-cc0b759db311,76,2242.0,2023-12-15 21:02:40.977,2023-12-15 21:02:40.977
6019129f-7b5c-ec11-8350-fd1908bc5a53,76,24814.76,2021-12-14 01:17:47.287,2021-12-14 01:17:47.287
80ddc3dd-889b-ee11-8445-cc0b759db311,76,4465.0,2023-12-15 20:31:08.570,2023-12-15 20:31:08.570
c58f1273-8b9b-ee11-8445-cc0b759db311,76,2242.0,2023-12-15 20:49:36.707,2023-12-15 20:49:36.707
80dab4c3-795c-ec11-8350-fd1908bc5a53,76,18552.36,2021-12-14 01:04:28.737,2021-12-14 01:04:28.737
44a864d5-7b5c-ec11-8350-fd1908bc5a53,76,1976.0,2021-12-14 01:19:14.167,2021-12-14 01:19:14.167
80d61c30-785c-ec11-8350-fd1908bc5a53,76,18552.36,2021-12-14 00:53:02.823,2021-12-14 00:53:02.823
810e7751-8c9b-ee11-8445-cc0b759db311,76,2242.0,2023-12-15 20:55:55.810,2023-12-15 20:55:55.810
55c0324e-7a5c-ec11-8350-fd1908bc5a53,76,2660.0,2021-12-14 01:08:14.750,2021-12-14 01:08:14.750
c5931801-0050-fc61-154c-08de293da8fb,76,2279.24,2025-11-21 20:36:33.950,2025-11-21 20:36:33.950
2e62363f-7d5c-ec11-8350-fd1908bc5a53,76,1976.0,2021-12-14 01:29:18.180,2021-12-14 01:29:18.180
80c6637b-879b-ee11-8445-cc0b759db311,76,3572.0,2023-12-15 20:21:13.813,2023-12-15 20:21:13.813
df711ccd-765c-ec11-8350-fd1908bc5a53,76,2888.0,2021-12-14 00:43:09.487,2021-12-14 00:43:09.487
5ff8e290-765c-ec11-8350-fd1908bc5a53,76,25504.08,2021-12-14 00:41:31.963,2021-12-14 00:41:31.963
448d7009-775c-ec11-8350-fd1908bc5a53,76,1976.0,2021-12-14 00:44:53.867,2021-12-14 00:44:53.867
50c1050c-785c-ec11-8350-fd1908bc5a53,76,3534.0,2021-12-14 00:52:07.907,2021-12-14 00:52:07.907
b2ab1820-8e9b-ee11-8445-cc0b759db311,76,18449.0,2023-12-15 21:08:43.787,2023-12-15 21:08:43.787
808b3236-785c-ec11-8350-fd1908bc5a53,76,3724.0,2021-12-14 00:53:18.950,2021-12-14 00:53:18.950
0f90d7b2-8a9b-ee11-8445-cc0b759db311,76,23940.0,2023-12-15 20:44:14.797,2023-12-15 20:44:14.797
4c2e301b-879b-ee11-8445-cc0b759db311,76,8189.0,2023-12-15 20:18:33.190,2023-12-15 20:18:33.190
22919e71-889b-ee11-8445-cc0b759db311,76,2242.0,2023-12-15 20:28:08.947,2023-12-15 20:28:08.947
5fef0718-785c-ec11-8350-fd1908bc5a53,76,1976.0,2021-12-14 00:52:23.750,2021-12-14 00:52:23.750
c5821a01-0050-fc61-50bf-08de293e1976,76,4270.08,2025-11-21 20:39:42.677,2025-11-21 20:39:42.677
c6010501-004b-ed9c-7db8-08de6f2e81f9,76,17464.0,2026-02-18 20:46:59.560,2026-02-18 20:46:59.560
dfb18023-889b-ee11-8445-cc0b759db311,76,7353.0,2023-12-15 20:26:00.213,2023-12-15 20:26:00.213
df341085-8b9b-ee11-8445-cc0b759db311,76,2242.0,2023-12-15 20:50:12.923,2023-12-15 20:50:12.923
34d03cd9-8b9b-ee11-8445-cc0b759db311,76,2242.0,2023-12-15 20:52:32.887,2023-12-15 20:52:32.887
2e4e1f12-7a5c-ec11-8350-fd1908bc5a53,76,3040.0,2021-12-14 01:06:33.373,2021-12-14 01:06:33.373
a3669965-889b-ee11-8445-cc0b759db311,76,4503.0,2023-12-15 20:27:46.797,2023-12-15 20:27:46.797
c5568a66-b678-ec11-8350-fef18b0f35d4,76,0.0,2022-01-18 23:28:58.063,2022-01-18 23:28:58.063
22736321-775c-ec11-8350-fd1908bc5a53,76,2660.0,2021-12-14 00:45:34.620,2021-12-14 00:45:34.620
df397f11-7c5c-ec11-8350-fd1908bc5a53,76,1976.0,2021-12-14 01:20:50.553,2021-12-14 01:20:50.553
5fbda0ab-795c-ec11-8350-fd1908bc5a53,76,2888.0,2021-12-14 01:03:48.207,2021-12-14 01:03:48.207
ac5070de-7a5c-ec11-8350-fd1908bc5a53,76,1976.0,2021-12-14 01:12:19.463,2021-12-14 01:12:19.463
802b2b84-785c-ec11-8350-fd1908bc5a53,76,20665.92,2021-12-14 00:55:28.353,2021-12-14 00:55:28.353
df103f36-7a5c-ec11-8350-fd1908bc5a53,76,2888.0,2021-12-14 01:07:36.560,2021-12-14 01:07:36.560
0f78f168-7b5c-ec11-8350-fd1908bc5a53,76,2888.0,2021-12-14 01:16:11.323,2021-12-14 01:16:11.323
5fb94172-785c-ec11-8350-fd1908bc5a53,76,2660.0,2021-12-14 00:54:54.433,2021-12-14 00:54:54.433
50b5fe35-8d9b-ee11-8445-cc0b759db311,76,3553.0,2023-12-15 21:02:18.007,2023-12-15 21:02:18.007
df0f0c79-869b-ee11-8445-cc0b759db311,76,60040.0,2023-12-15 20:14:04.890,2023-12-15 20:14:04.890
1ae614c7-8b9b-ee11-8445-cc0b759db311,76,2242.0,2023-12-15 20:52:03.877,2023-12-15 20:52:03.877
447801df-785c-ec11-8350-fd1908bc5a53,76,6308.0,2021-12-14 00:58:00.837,2021-12-14 00:58:00.837
5fa78023-889b-ee11-8445-cc0b759db311,76,20368.0,2023-12-15 20:25:56.760,2023-12-15 20:25:56.760
5675be9f-775c-ec11-8350-fd1908bc5a53,76,7828.0,2021-12-14 00:49:05.033,2021-12-14 00:49:05.033
7ff055f7-765c-ec11-8350-fd1908bc5a53,76,47984.88,2021-12-14 00:44:25.973,2021-12-14 00:44:25.973
3fc819ae-8d9b-ee11-8445-cc0b759db311,76,0.0,2023-12-15 21:05:32.543,2023-12-15 21:05:32.543
7fde3de6-899b-ee11-8445-cc0b759db311,76,3553.0,2023-12-15 20:38:33.493,2023-12-15 20:38:33.493
d3c9201e-7a5c-ec11-8350-fd1908bc5a53,76,6308.0,2021-12-14 01:06:57.590,2021-12-14 01:06:57.590
6096b60e-7b5c-ec11-8350-fd1908bc5a53,76,45969.36,2021-12-14 01:13:37.223,2021-12-14 01:13:37.223
a2ed3fc3-7b5c-ec11-8350-fd1908bc5a53,76,1976.0,2021-12-14 01:18:43.460,2021-12-14 01:18:43.460
4482fe8c-7b5c-ec11-8350-fd1908bc5a53,76,3800.0,2021-12-14 01:17:15.600,2021-12-14 01:17:15.600
f1f1b4c9-795c-ec11-8350-fd1908bc5a53,76,6308.0,2021-12-14 01:04:39.710,2021-12-14 01:04:39.710
2e348fff-7b5c-ec11-8350-fd1908bc5a53,76,1976.0,2021-12-14 01:20:27.650,2021-12-14 01:20:27.650
7fb841b7-7b5c-ec11-8350-fd1908bc5a53,76,1976.0,2021-12-14 01:18:25.233,2021-12-14 01:18:25.233
a2d4dcca-8a9b-ee11-8445-cc0b759db311,76,2242.0,2023-12-15 20:44:56.147,2023-12-15 20:44:56.147
4469118b-8b9b-ee11-8445-cc0b759db311,76,2242.0,2023-12-15 20:50:15.767,2023-12-15 20:50:15.767
c5337069-795c-ec11-8350-fd1908bc5a53,76,3040.0,2021-12-14 01:01:51.980,2021-12-14 01:01:51.980
446b93f3-7b5c-ec11-8350-fd1908bc5a53,76,1976.0,2021-12-14 01:20:08.163,2021-12-14 01:20:08.163
7f877034-8a9b-ee11-8445-cc0b759db311,76,4465.0,2023-12-15 20:40:41.020,2023-12-15 20:40:41.020
509afba2-7351-ee11-8444-d04d659cdd06,76,0.0,2023-09-12 13:55:51.993,2023-09-12 13:55:51.993
22543748-785c-ec11-8350-fd1908bc5a53,76,7068.0,2021-12-14 00:53:44.693,2021-12-14 00:53:44.693
5f8d1273-8b9b-ee11-8445-cc0b759db311,76,2242.0,2023-12-15 20:49:35.967,2023-12-15 20:49:35.967
a2d3f7e7-795c-ec11-8350-fd1908bc5a53,76,2888.0,2021-12-14 01:05:29.087,2021-12-14 01:05:29.087
2e36b741-7c5c-ec11-8350-fd1908bc5a53,76,1976.0,2021-12-14 01:22:11.527,2021-12-14 01:22:11.527
0f422513-8b9b-ee11-8445-cc0b759db311,76,2242.0,2023-12-15 20:46:57.807,2023-12-15 20:46:57.807
7f7a2243-8b9b-ee11-8445-cc0b759db311,76,3553.0,2023-12-15 20:48:23.130,2023-12-15 20:48:23.130
dec06c41-889b-ee11-8445-cc0b759db311,76,4503.0,2023-12-15 20:26:44.197,2023-12-15 20:26:44.197
5f7adfbe-8a9b-ee11-8445-cc0b759db311,76,3553.0,2023-12-15 20:44:36.590,2023-12-15 20:44:36.590
7f7c7905-889b-ee11-8445-cc0b759db311,76,4465.0,2023-12-15 20:25:09.690,2023-12-15 20:25:09.690
b69f4f87-7d5c-ec11-8350-fd1908bc5a53,76,7068.0,2021-12-14 01:31:22.507,2021-12-14 01:31:22.507
5088715a-7a5c-ec11-8350-fd1908bc5a53,76,6308.0,2021-12-14 01:08:42.647,2021-12-14 01:08:42.647
7f72cf82-8a9b-ee11-8445-cc0b759db311,76,3553.0,2023-12-15 20:42:55.670,2023-12-15 20:42:55.670
c4fb6f05-8d9b-ee11-8445-cc0b759db311,76,3553.0,2023-12-15 21:00:58.447,2023-12-15 21:00:58.447
decb3cd9-8b9b-ee11-8445-cc0b759db311,76,44764.0,2023-12-15 20:52:31.283,2023-12-15 20:52:31.283
509b1273-8b9b-ee11-8445-cc0b759db311,76,2242.0,2023-12-15 20:49:40.427,2023-12-15 20:49:40.427
4455b689-889b-ee11-8445-cc0b759db311,76,21888.0,2023-12-15 20:28:47.930,2023-12-15 20:28:47.930
7f680297-8b9b-ee11-8445-cc0b759db311,76,2242.0,2023-12-15 20:50:43.780,2023-12-15 20:50:43.780
a2e1673a-8a9b-ee11-8445-cc0b759db311,76,3553.0,2023-12-15 20:40:58.240,2023-12-15 20:40:58.240
7f5bc8cf-7d5c-ec11-8350-fd1908bc5a53,76,3800.0,2021-12-14 01:33:18.007,2021-12-14 01:33:18.007
7f707499-8c9b-ee11-8445-cc0b759db311,76,15637.0,2023-12-15 20:57:56.597,2023-12-15 20:57:56.597
7f800cc1-7c5c-ec11-8350-fd1908bc5a53,76,1976.0,2021-12-14 01:25:50.117,2021-12-14 01:25:50.117
dee0a223-7c5c-ec11-8350-fd1908bc5a53,76,26004.16,2021-12-14 01:21:24.690,2021-12-14 01:21:24.690
7f4cf1e3-889b-ee11-8445-cc0b759db311,76,39292.0,2023-12-15 20:31:16.343,2023-12-15 20:31:16.343
39e855f7-765c-ec11-8350-fd1908bc5a53,76,3800.0,2021-12-14 00:44:23.200,2021-12-14 00:44:23.200
7f3a6639-775c-ec11-8350-fd1908bc5a53,76,16595.36,2021-12-14 00:46:09.500,2021-12-14 00:46:09.500
5f5f9965-889b-ee11-8445-cc0b759db311,76,3192.0,2023-12-15 20:27:44.467,2023-12-15 20:27:44.467
b69836eb-7c5c-ec11-8350-fd1908bc5a53,76,3800.0,2021-12-14 01:26:58.183,2021-12-14 01:26:58.183
b6921692-899b-ee11-8445-cc0b759db311,76,3192.0,2023-12-15 20:36:13.753,2023-12-15 20:36:13.753
a2e1ed25-899b-ee11-8445-cc0b759db311,76,2242.0,2023-12-15 20:33:13.740,2023-12-15 20:33:13.740
7f27d9c3-775c-ec11-8350-fd1908bc5a53,76,2660.0,2021-12-14 00:50:09.193,2021-12-14 00:50:09.193
d274715a-7a5c-ec11-8350-fd1908bc5a53,76,2888.0,2021-12-14 01:08:35.060,2021-12-14 01:08:35.060
0f3251c3-879b-ee11-8445-cc0b759db311,76,15637.0,2023-12-15 20:23:16.840,2023-12-15 20:23:16.840
b2651224-785c-ec11-8350-fd1908bc5a53,76,7068.0,2021-12-14 00:52:44.357,2021-12-14 00:52:44.357
34bfa469-775c-ec11-8350-fd1908bc5a53,76,3059.0,2021-12-14 00:47:30.627,2021-12-14 00:47:30.627
7f52d7c9-775c-ec11-8350-fd1908bc5a53,76,22480.8,2021-12-14 00:50:17.713,2021-12-14 00:50:17.713
5f6b5615-8c9b-ee11-8445-cc0b759db311,76,2242.0,2023-12-15 20:54:13.007,2023-12-15 20:54:13.007
5f94966b-889b-ee11-8445-cc0b759db311,76,8189.0,2023-12-15 20:27:57.737,2023-12-15 20:27:57.737
0f30281b-795c-ec11-8350-fd1908bc5a53,76,2888.0,2021-12-14 00:59:37.287,2021-12-14 00:59:37.287
7f108457-775c-ec11-8350-fd1908bc5a53,76,3059.0,2021-12-14 00:47:06.167,2021-12-14 00:47:06.167
0f2991ed-7b5c-ec11-8350-fd1908bc5a53,76,1976.0,2021-12-14 01:19:53.077,2021-12-14 01:19:53.077
7f164763-7d5c-ec11-8350-fd1908bc5a53,76,14481.8,2021-12-14 01:30:16.967,2021-12-14 01:30:16.967
047bb553-7c5c-ec11-8350-fd1908bc5a53,76,12368.24,2021-12-14 01:22:43.993,2021-12-14 01:22:43.993
c4de55f9-879b-ee11-8445-cc0b759db311,76,7353.0,2023-12-15 20:24:41.930,2023-12-15 20:24:41.930
28ea4dbd-879b-ee11-8445-cc0b759db311,76,4180.0,2023-12-15 20:23:09.237,2023-12-15 20:23:09.237
7f0049df-8b9b-ee11-8445-cc0b759db311,76,2242.0,2023-12-15 20:52:35.613,2023-12-15 20:52:35.613
1ac4637b-879b-ee11-8445-cc0b759db311,76,4180.0,2023-12-15 20:21:13.050,2023-12-15 20:21:13.050
b67011a9-8b9b-ee11-8445-cc0b759db311,76,2242.0,2023-12-15 20:51:14.427,2023-12-15 20:51:14.427
5f311c01-0050-fc61-4a8d-08de293e7ddd,76,20900.0,2025-11-21 20:42:31.090,2025-11-21 20:42:31.090
3b613639-879b-ee11-8445-cc0b759db311,76,3192.0,2023-12-15 20:19:22.970,2023-12-15 20:19:22.970
3fad4f75-7d5c-ec11-8350-fd1908bc5a53,76,1862.0,2021-12-14 01:30:55.867,2021-12-14 01:30:55.867
b6813236-785c-ec11-8350-fd1908bc5a53,76,3724.0,2021-12-14 00:53:15.873,2021-12-14 00:53:15.873
2e0e8cab-7d5c-ec11-8350-fd1908bc5a53,76,3800.0,2021-12-14 01:32:20.073,2021-12-14 01:32:20.073
0f1c6684-7a5c-ec11-8350-fd1908bc5a53,76,2888.0,2021-12-14 01:09:52.463,2021-12-14 01:09:52.463
22397bc6-7a5c-ec11-8350-fd1908bc5a53,76,3059.0,2021-12-14 01:11:39.813,2021-12-14 01:11:39.813
b66c5203-8c9b-ee11-8445-cc0b759db311,76,20368.0,2023-12-15 20:53:44.837,2023-12-15 20:53:44.837
5f1d25d2-8d9b-ee11-8445-cc0b759db311,76,2242.0,2023-12-15 21:06:40.680,2023-12-15 21:06:40.680
deaf45a8-785c-ec11-8350-fd1908bc5a53,76,3724.0,2021-12-14 00:56:25.613,2021-12-14 00:56:25.613
1ac3050c-785c-ec11-8350-fd1908bc5a53,76,12368.24,2021-12-14 00:52:08.697,2021-12-14 00:52:08.697
5f141037-8b9b-ee11-8445-cc0b759db311,76,2242.0,2023-12-15 20:47:59.860,2023-12-15 20:47:59.860
0f170f2a-785c-ec11-8350-fd1908bc5a53,76,12368.24,2021-12-14 00:52:55.583,2021-12-14 00:52:55.583
7f231d01-0050-fc61-3d74-08de293eb605,76,20900.0,2025-11-21 20:44:05.333,2025-11-21 20:44:05.333
7edb7a35-889b-ee11-8445-cc0b759db311,76,4503.0,2023-12-15 20:26:29.500,2023-12-15 20:26:29.500
ab8834fd-7c5c-ec11-8350-fd1908bc5a53,76,1976.0,2021-12-14 01:27:27.370,2021-12-14 01:27:27.370
c4db8bf9-7b5c-ec11-8350-fd1908bc5a53,76,1976.0,2021-12-14 01:20:16.410,2021-12-14 01:20:16.410
7ecf0b5a-8d9b-ee11-8445-cc0b759db311,76,2242.0,2023-12-15 21:03:11.787,2023-12-15 21:03:11.787
a2c1f801-899b-ee11-8445-cc0b759db311,76,22610.0,2023-12-15 20:32:08.130,2023-12-15 20:32:08.130
c4cd1996-785c-ec11-8350-fd1908bc5a53,76,3059.0,2021-12-14 00:55:57.383,2021-12-14 00:55:57.383
7ec86c41-889b-ee11-8445-cc0b759db311,76,15637.0,2023-12-15 20:26:47.027,2023-12-15 20:26:47.027
28e155f9-879b-ee11-8445-cc0b759db311,76,23940.0,2023-12-15 20:24:42.660,2023-12-15 20:24:42.660
506e11a9-8b9b-ee11-8445-cc0b759db311,76,2242.0,2023-12-15 20:51:13.657,2023-12-15 20:51:13.657
c4d004ee-775c-ec11-8350-fd1908bc5a53,76,14481.8,2021-12-14 00:51:12.637,2021-12-14 00:51:12.637
debe7e7b-795c-ec11-8350-fd1908bc5a53,76,3040.0,2021-12-14 01:02:23.767,2021-12-14 01:02:23.767
5ef6bfad-889b-ee11-8445-cc0b759db311,76,4465.0,2023-12-15 20:29:45.943,2023-12-15 20:29:45.943
b6a5f1ef-889b-ee11-8445-cc0b759db311,76,3192.0,2023-12-15 20:31:40.007,2023-12-15 20:31:40.007
0f007496-7a5c-ec11-8350-fd1908bc5a53,76,16595.36,2021-12-14 01:10:13.427,2021-12-14 01:10:13.427
7fd11dc7-869b-ee11-8445-cc0b759db311,76,2242.0,2023-12-15 20:16:12.643,2023-12-15 20:16:12.643
5ee314b0-899b-ee11-8445-cc0b759db311,76,2242.0,2023-12-15 20:37:06.833,2023-12-15 20:37:06.833
7ebf45a8-785c-ec11-8350-fd1908bc5a53,76,2888.0,2021-12-14 00:56:30.670,2021-12-14 00:56:30.670
5edc5a5d-795c-ec11-8350-fd1908bc5a53,76,13140.4,2021-12-14 01:01:36.283,2021-12-14 01:01:36.283
a93e67b1-8c9b-ee11-8445-cc0b759db311,76,20368.0,2023-12-15 20:58:30.227,2023-12-15 20:58:30.227
5f9658e1-879b-ee11-8445-cc0b759db311,76,19684.0,2023-12-15 20:24:07.540,2023-12-15 20:24:07.540
506e1ccd-765c-ec11-8350-fd1908bc5a53,76,2660.0,2021-12-14 00:43:08.107,2021-12-14 00:43:08.107
a2cac666-765c-ec11-8350-fd1908bc5a53,76,22480.8,2021-12-14 00:40:18.080,2021-12-14 00:40:18.080
c4ede290-765c-ec11-8350-fd1908bc5a53,76,4522.0,2021-12-14 00:41:28.647,2021-12-14 00:41:28.647
3f9c34fd-7c5c-ec11-8350-fd1908bc5a53,76,20665.92,2021-12-14 01:27:34.533,2021-12-14 01:27:34.533
de6ee42b-899b-ee11-8445-cc0b759db311,76,4465.0,2023-12-15 20:33:17.523,2023-12-15 20:33:17.523
3a8008fa-775c-ec11-8350-fd1908bc5a53,76,22480.8,2021-12-14 00:51:40.067,2021-12-14 00:51:40.067
a29621cd-8b9b-ee11-8445-cc0b759db311,76,2242.0,2023-12-15 20:52:10.297,2023-12-15 20:52:10.297
de72118b-8b9b-ee11-8445-cc0b759db311,76,2242.0,2023-12-15 20:50:18.680,2023-12-15 20:50:18.680
7e477566-7a5c-ec11-8350-fd1908bc5a53,76,3040.0,2021-12-14 01:09:00.837,2021-12-14 01:09:00.837
af1d4c33-795c-ec11-8350-fd1908bc5a53,76,2888.0,2021-12-14 01:00:17.483,2021-12-14 01:00:17.483
c47f1e55-8b9b-ee11-8445-cc0b759db311,76,2242.0,2023-12-15 20:48:47.333,2023-12-15 20:48:47.333
af21ed1f-899b-ee11-8445-cc0b759db311,76,3572.0,2023-12-15 20:32:56.593,2023-12-15 20:32:56.593
de6715c0-8d9b-ee11-8445-cc0b759db311,76,4503.0,2023-12-15 21:06:11.277,2023-12-15 21:06:11.277
de751224-785c-ec11-8350-fd1908bc5a53,76,18372.24,2021-12-14 00:52:51.063,2021-12-14 00:52:51.063
7e3a91ed-7b5c-ec11-8350-fd1908bc5a53,76,1976.0,2021-12-14 01:19:58.380,2021-12-14 01:19:58.380
1aa788e7-7b5c-ec11-8350-fd1908bc5a53,76,1976.0,2021-12-14 01:19:45.570,2021-12-14 01:19:45.570
a28a63c0-785c-ec11-8350-fd1908bc5a53,76,39045.76,2021-12-14 00:57:10.543,2021-12-14 00:57:10.543
de66118b-8b9b-ee11-8445-cc0b759db311,76,2242.0,2023-12-15 20:50:15.037,2023-12-15 20:50:15.037
7e3101ef-8a9b-ee11-8445-cc0b759db311,76,24776.0,2023-12-15 20:45:56.153,2023-12-15 20:45:56.153
7e3fd89a-8a9b-ee11-8445-cc0b759db311,76,4503.0,2023-12-15 20:43:38.017,2023-12-15 20:43:38.017
af0860ba-785c-ec11-8350-fd1908bc5a53,76,3534.0,2021-12-14 00:57:01.830,2021-12-14 00:57:01.830
1aae0680-899b-ee11-8445-cc0b759db311,76,20368.0,2023-12-15 20:35:42.510,2023-12-15 20:35:42.510
af0b0dc2-899b-ee11-8445-cc0b759db311,76,3553.0,2023-12-15 20:37:30.020,2023-12-15 20:37:30.020
de749965-889b-ee11-8445-cc0b759db311,76,3553.0,2023-12-15 20:27:51.483,2023-12-15 20:27:51.483
7e12c8b3-889b-ee11-8445-cc0b759db311,76,3572.0,2023-12-15 20:30:04.003,2023-12-15 20:30:04.003
7e057f1d-8d9b-ee11-8445-cc0b759db311,76,4180.0,2023-12-15 21:01:32.427,2023-12-15 21:01:32.427
7e073d2d-7d5c-ec11-8350-fd1908bc5a53,76,1976.0,2021-12-14 01:28:49.643,2021-12-14 01:28:49.643
7e010cc6-8d9b-ee11-8445-cc0b759db311,76,22610.0,2023-12-15 21:06:17.583,2023-12-15 21:06:17.583
5e9e4f87-7d5c-ec11-8350-fd1908bc5a53,76,0.0,2021-12-14 01:31:21.890,2021-12-14 01:31:21.890
7e1d08c1-8b9b-ee11-8445-cc0b759db311,76,2242.0,2023-12-15 20:51:45.230,2023-12-15 20:51:45.230
362222c1-869b-ee11-8445-cc0b759db311,76,3553.0,2023-12-15 20:16:02.587,2023-12-15 20:16:02.587
7dffe290-765c-ec11-8350-fd1908bc5a53,76,20465.28,2021-12-14 00:41:34.487,2021-12-14 00:41:34.487
7e0074d2-7a5c-ec11-8350-fd1908bc5a53,76,2888.0,2021-12-14 01:11:56.663,2021-12-14 01:11:56.663
de513809-7d5c-ec11-8350-fd1908bc5a53,76,36437.44,2021-12-14 01:27:54.147,2021-12-14 01:27:54.147
7df802e3-8a9b-ee11-8445-cc0b759db311,76,3553.0,2023-12-15 20:45:33.103,2023-12-15 20:45:33.103
d3670b91-8b9b-ee11-8445-cc0b759db311,76,2242.0,2023-12-15 20:50:33.503,2023-12-15 20:50:33.503
5e93d7b2-8a9b-ee11-8445-cc0b759db311,76,3553.0,2023-12-15 20:44:16.077,2023-12-15 20:44:16.077
7de120d8-8d9b-ee11-8445-cc0b759db311,76,2242.0,2023-12-15 21:06:50.017,2023-12-15 21:06:50.017
7de20b5a-8d9b-ee11-8445-cc0b759db311,76,4503.0,2023-12-15 21:03:18.487,2023-12-15 21:03:18.487
7de97f17-889b-ee11-8445-cc0b759db311,76,19684.0,2023-12-15 20:25:40.520,2023-12-15 20:25:40.520
046216a3-8b9b-ee11-8445-cc0b759db311,76,2242.0,2023-12-15 20:51:03.140,2023-12-15 20:51:03.140
de404260-785c-ec11-8350-fd1908bc5a53,76,3059.0,2021-12-14 00:54:25.277,2021-12-14 00:54:25.277
b63b9717-7c5c-ec11-8350-fd1908bc5a53,76,1976.0,2021-12-14 01:21:07.353,2021-12-14 01:21:07.353
7d9552fd-8b9b-ee11-8445-cc0b759db311,76,2242.0,2023-12-15 20:53:32.270,2023-12-15 20:53:32.270
c46d5cbd-8c9b-ee11-8445-cc0b759db311,76,2242.0,2023-12-15 20:58:48.247,2023-12-15 20:58:48.247
4bd2a64e-765c-ec11-8350-fd1908bc5a53,76,52008.32,2021-12-14 00:39:38.897,2021-12-14 00:39:38.897
de224763-7d5c-ec11-8350-fd1908bc5a53,76,1976.0,2021-12-14 01:30:21.350,2021-12-14 01:30:21.350
2dde77d8-7a5c-ec11-8350-fd1908bc5a53,76,3724.0,2021-12-14 01:12:11.277,2021-12-14 01:12:11.277
7d7e48c9-7b5c-ec11-8350-fd1908bc5a53,76,1976.0,2021-12-14 01:18:52.650,2021-12-14 01:18:52.650
ddf18c05-7c5c-ec11-8350-fd1908bc5a53,76,1976.0,2021-12-14 01:20:39.000,2021-12-14 01:20:39.000
2ddb1c30-785c-ec11-8350-fd1908bc5a53,76,2888.0,2021-12-14 00:53:04.377,2021-12-14 00:53:04.377
c444074e-8d9b-ee11-8445-cc0b759db311,76,18449.0,2023-12-15 21:02:57.423,2023-12-15 21:02:57.423
7d5b09bb-8b9b-ee11-8445-cc0b759db311,76,2242.0,2023-12-15 20:51:37.070,2023-12-15 20:51:37.070
7e76b965-7c5c-ec11-8350-fd1908bc5a53,76,1976.0,2021-12-14 01:23:19.623,2021-12-14 01:23:19.623
af2a6dab-8c9b-ee11-8445-cc0b759db311,76,4503.0,2023-12-15 20:58:24.613,2023-12-15 20:58:24.613
dde10600-785c-ec11-8350-fd1908bc5a53,76,2660.0,2021-12-14 00:51:44.250,2021-12-14 00:51:44.250
2dcf1a4f-8b9b-ee11-8445-cc0b759db311,76,3553.0,2023-12-15 20:48:35.377,2023-12-15 20:48:35.377
7d554ae5-8b9b-ee11-8445-cc0b759db311,76,7353.0,2023-12-15 20:52:45.640,2023-12-15 20:52:45.640
1a94d188-8a9b-ee11-8445-cc0b759db311,76,2242.0,2023-12-15 20:43:09.410,2023-12-15 20:43:09.410
1a901009-879b-ee11-8445-cc0b759db311,76,4503.0,2023-12-15 20:18:01.703,2023-12-15 20:18:01.703
1a8d4a6c-785c-ec11-8350-fd1908bc5a53,76,16595.36,2021-12-14 00:54:45.577,2021-12-14 00:54:45.577
0451167f-8b9b-ee11-8445-cc0b759db311,76,4503.0,2023-12-15 20:50:00.917,2023-12-15 20:50:00.917
7d4bc75a-765c-ec11-8350-fd1908bc5a53,76,47984.88,2021-12-14 00:39:58.787,2021-12-14 00:39:58.787
7d7b0262-899b-ee11-8445-cc0b759db311,76,22610.0,2023-12-15 20:34:55.973,2023-12-15 20:34:55.973
7d4c7a4b-775c-ec11-8350-fd1908bc5a53,76,3800.0,2021-12-14 00:46:41.027,2021-12-14 00:46:41.027
de38d89a-8a9b-ee11-8445-cc0b759db311,76,3553.0,2023-12-15 20:43:35.943,2023-12-15 20:43:35.943
7d166684-7a5c-ec11-8350-fd1908bc5a53,76,2888.0,2021-12-14 01:09:50.020,2021-12-14 01:09:50.020
a25a6257-795c-ec11-8350-fd1908bc5a53,76,2888.0,2021-12-14 01:01:21.020,2021-12-14 01:01:21.020
5e48167f-8b9b-ee11-8445-cc0b759db311,76,2242.0,2023-12-15 20:49:57.910,2023-12-15 20:49:57.910
3a8b28ce-899b-ee11-8445-cc0b759db311,76,4465.0,2023-12-15 20:37:57.830,2023-12-15 20:37:57.830
2daf62cf-7b5c-ec11-8350-fd1908bc5a53,76,1976.0,2021-12-14 01:19:03.893,2021-12-14 01:19:03.893
7d117496-7a5c-ec11-8350-fd1908bc5a53,76,2888.0,2021-12-14 01:10:19.627,2021-12-14 01:10:19.627
2dac7ee1-7b5c-ec11-8350-fd1908bc5a53,76,1976.0,2021-12-14 01:19:35.817,2021-12-14 01:19:35.817
7d1178cc-7a5c-ec11-8350-fd1908bc5a53,76,2888.0,2021-12-14 01:11:48.273,2021-12-14 01:11:48.273
aed9e8d0-8a9b-ee11-8445-cc0b759db311,76,3572.0,2023-12-15 20:45:09.043,2023-12-15 20:45:09.043
b6147bdb-7b5c-ec11-8350-fd1908bc5a53,76,1976.0,2021-12-14 01:19:27.173,2021-12-14 01:19:27.173
7d248fff-7b5c-ec11-8350-fd1908bc5a53,76,1976.0,2021-12-14 01:20:23.240,2021-12-14 01:20:23.240
7d086728-8a9b-ee11-8445-cc0b759db311,76,3553.0,2023-12-15 20:40:23.297,2023-12-15 20:40:23.297
dd9f0966-8d9b-ee11-8445-cc0b759db311,76,22610.0,2023-12-15 21:03:34.577,2023-12-15 21:03:34.577
dda11009-879b-ee11-8445-cc0b759db311,76,4180.0,2023-12-15 20:18:07.680,2023-12-15 20:18:07.680
3b55fee8-8a9b-ee11-8445-cc0b759db311,76,26942.0,2023-12-15 20:45:43.800,2023-12-15 20:45:43.800
441d54c9-879b-ee11-8445-cc0b759db311,76,23940.0,2023-12-15 20:23:24.083,2023-12-15 20:23:24.083
50201131-8b9b-ee11-8445-cc0b759db311,76,2242.0,2023-12-15 20:47:52.673,2023-12-15 20:47:52.673
c3fc415a-785c-ec11-8350-fd1908bc5a53,76,3059.0,2021-12-14 00:54:13.773,2021-12-14 00:54:13.773
3caa66f3-8c9b-ee11-8445-cc0b759db311,76,2242.0,2023-12-15 21:00:24.277,2023-12-15 21:00:24.277
34b3904d-889b-ee11-8445-cc0b759db311,76,4465.0,2023-12-15 20:27:07.493,2023-12-15 20:27:07.493
7cd08069-8c9b-ee11-8445-cc0b759db311,76,3553.0,2023-12-15 20:56:33.930,2023-12-15 20:56:33.930
a9d1201e-7a5c-ec11-8350-fd1908bc5a53,76,2888.0,2021-12-14 01:07:00.247,2021-12-14 01:07:00.247
5e2d57cf-879b-ee11-8445-cc0b759db311,76,18449.0,2023-12-15 20:23:34.273,2023-12-15 20:23:34.273
7ca9b60e-7b5c-ec11-8350-fd1908bc5a53,76,7068.0,2021-12-14 01:13:43.743,2021-12-14 01:13:43.743
c4193ee5-7c5c-ec11-8350-fd1908bc5a53,76,1976.0,2021-12-14 01:26:45.943,2021-12-14 01:26:45.943
28b65be7-879b-ee11-8445-cc0b759db311,76,4465.0,2023-12-15 20:24:14.743,2023-12-15 20:24:14.743
5e1a25d2-8d9b-ee11-8445-cc0b759db311,76,2242.0,2023-12-15 21:06:39.317,2023-12-15 21:06:39.317
5e16d17e-765c-ec11-8350-fd1908bc5a53,76,22701.2,2021-12-14 00:41:02.543,2021-12-14 00:41:02.543
7c9063c0-785c-ec11-8350-fd1908bc5a53,76,18552.36,2021-12-14 00:57:12.303,2021-12-14 00:57:12.303
7d25d8db-7d5c-ec11-8350-fd1908bc5a53,76,1976.0,2021-12-14 01:33:40.210,2021-12-14 01:33:40.210
dd78c5bd-775c-ec11-8350-fd1908bc5a53,76,1976.0,2021-12-14 00:49:55.163,2021-12-14 00:49:55.163
50247670-8a9b-ee11-8445-cc0b759db311,76,3192.0,2023-12-15 20:42:26.107,2023-12-15 20:42:26.107
4c210942-8d9b-ee11-8445-cc0b759db311,76,2242.0,2023-12-15 21:02:39.110,2023-12-15 21:02:39.110
dd971273-8b9b-ee11-8445-cc0b759db311,76,2242.0,2023-12-15 20:49:39.290,2023-12-15 20:49:39.290
5df27af6-7a5c-ec11-8350-fd1908bc5a53,76,1976.0,2021-12-14 01:12:58.770,2021-12-14 01:12:58.770
a215656f-879b-ee11-8445-cc0b759db311,76,4503.0,2023-12-15 20:20:54.460,2023-12-15 20:20:54.460
0e4db741-7c5c-ec11-8350-fd1908bc5a53,76,20665.92,2021-12-14 01:22:20.137,2021-12-14 01:22:20.137
7c26ed1f-899b-ee11-8445-cc0b759db311,76,3553.0,2023-12-15 20:32:57.943,2023-12-15 20:32:57.943
aec97a35-889b-ee11-8445-cc0b759db311,76,4180.0,2023-12-15 20:26:23.687,2023-12-15 20:26:23.687
c3e9babf-889b-ee11-8445-cc0b759db311,76,13623.0,2023-12-15 20:30:16.483,2023-12-15 20:30:16.483
dd616045-8c9b-ee11-8445-cc0b759db311,76,2242.0,2023-12-15 20:55:32.263,2023-12-15 20:55:32.263
3612352c-8e9b-ee11-8445-cc0b759db311,76,18449.0,2023-12-15 21:09:04.307,2023-12-15 21:09:04.307
3f82330f-7d5c-ec11-8350-fd1908bc5a53,76,39045.76,2021-12-14 01:27:58.230,2021-12-14 01:27:58.230
043cb741-7c5c-ec11-8350-fd1908bc5a53,76,44736.64,2021-12-14 01:22:13.450,2021-12-14 01:22:13.450
b2051fcc-8d9b-ee11-8445-cc0b759db311,76,2242.0,2023-12-15 21:06:24.280,2023-12-15 21:06:24.280
37ee7c51-775c-ec11-8350-fd1908bc5a53,76,3800.0,2021-12-14 00:46:52.447,2021-12-14 00:46:52.447
1a6fb965-7c5c-ec11-8350-fd1908bc5a53,76,1976.0,2021-12-14 01:23:17.567,2021-12-14 01:23:17.567
0e44f2ba-7c5c-ec11-8350-fd1908bc5a53,76,3040.0,2021-12-14 01:25:38.850,2021-12-14 01:25:38.850
5e0a61ab-879b-ee11-8445-cc0b759db311,76,2242.0,2023-12-15 20:22:38.323,2023-12-15 20:22:38.323
c3d45adb-8c9b-ee11-8445-cc0b759db311,76,4503.0,2023-12-15 20:59:45.737,2023-12-15 20:59:45.737
f0635615-8c9b-ee11-8445-cc0b759db311,76,2242.0,2023-12-15 20:54:10.587,2023-12-15 20:54:10.587
21da183e-899b-ee11-8445-cc0b759db311,76,4465.0,2023-12-15 20:33:52.617,2023-12-15 20:33:52.617
7bf6ac6f-775c-ec11-8350-fd1908bc5a53,76,2660.0,2021-12-14 00:47:45.037,2021-12-14 00:47:45.037
7c14704b-8c9b-ee11-8445-cc0b759db311,76,26942.0,2023-12-15 20:55:42.947,2023-12-15 20:55:42.947
dd464f77-c87f-ec11-8350-9c6945ddd2d2,76,39520.0,2022-01-27 23:31:38.390,2022-01-27 23:31:38.390
7bf21c30-785c-ec11-8350-fd1908bc5a53,76,11176.18,2021-12-14 00:53:11.737,2021-12-14 00:53:11.737
3b5d7287-879b-ee11-8445-cc0b759db311,76,9063.0,2023-12-15 20:21:38.950,2023-12-15 20:21:38.950
b65eb8c5-889b-ee11-8445-cc0b759db311,76,4465.0,2023-12-15 20:30:33.470,2023-12-15 20:30:33.470
dd39b39b-889b-ee11-8445-cc0b759db311,76,2242.0,2023-12-15 20:29:20.920,2023-12-15 20:29:20.920
7bf2e290-765c-ec11-8350-fd1908bc5a53,76,44736.64,2021-12-14 00:41:30.107,2021-12-14 00:41:30.107
dd4c6b78-7a5c-ec11-8350-fd1908bc5a53,76,14481.8,2021-12-14 01:09:25.717,2021-12-14 01:09:25.717
ddd0b4c3-795c-ec11-8350-fd1908bc5a53,76,3724.0,2021-12-14 01:04:25.397,2021-12-14 01:04:25.397
7be73de6-899b-ee11-8445-cc0b759db311,76,20368.0,2023-12-15 20:38:36.680,2023-12-15 20:38:36.680
7bd514b0-899b-ee11-8445-cc0b759db311,76,4465.0,2023-12-15 20:37:02.057,2023-12-15 20:37:02.057
af32c594-8a9b-ee11-8445-cc0b759db311,76,4503.0,2023-12-15 20:43:29.200,2023-12-15 20:43:29.200
28db108a-8d9b-ee11-8445-cc0b759db311,76,2242.0,2023-12-15 21:04:34.147,2023-12-15 21:04:34.147
d3673639-879b-ee11-8445-cc0b759db311,76,22610.0,2023-12-15 20:19:25.207,2023-12-15 20:19:25.207
0e808fa2-7c5c-ec11-8350-fd1908bc5a53,76,1976.0,2021-12-14 01:24:59.343,2021-12-14 01:24:59.343
50a1cc14-7b5c-ec11-8350-fd1908bc5a53,76,3059.0,2021-12-14 01:13:48.467,2021-12-14 01:13:48.467
7bc30dc8-899b-ee11-8445-cc0b759db311,76,3192.0,2023-12-15 20:37:38.717,2023-12-15 20:37:38.717
aee2a64e-765c-ec11-8350-fd1908bc5a53,76,24814.76,2021-12-14 00:39:43.847,2021-12-14 00:39:43.847
2d7fdfbe-8a9b-ee11-8445-cc0b759db311,76,2242.0,2023-12-15 20:44:37.950,2023-12-15 20:44:37.950
d0a5c0b9-889b-ee11-8445-cc0b759db311,76,4180.0,2023-12-15 20:30:04.667,2023-12-15 20:30:04.667
d27f7487-8c9b-ee11-8445-cc0b759db311,76,0.0,2023-12-15 20:57:26.370,2023-12-15 20:57:26.370
c3a97ee1-7b5c-ec11-8350-fd1908bc5a53,76,1976.0,2021-12-14 01:19:35.097,2021-12-14 01:19:35.097
21ca1961-8b9b-ee11-8445-cc0b759db311,76,26942.0,2023-12-15 20:49:10.457,2023-12-15 20:49:10.457
7bb7fafb-889b-ee11-8445-cc0b759db311,76,20368.0,2023-12-15 20:31:57.730,2023-12-15 20:31:57.730
b60044f1-8b9b-ee11-8445-cc0b759db311,76,2242.0,2023-12-15 20:53:08.747,2023-12-15 20:53:08.747
aea43145-7d5c-ec11-8350-fd1908bc5a53,76,1976.0,2021-12-14 01:29:29.897,2021-12-14 01:29:29.897
28ae64d5-7b5c-ec11-8350-fd1908bc5a53,76,1976.0,2021-12-14 01:19:16.237,2021-12-14 01:19:16.237
aeaa64d5-7b5c-ec11-8350-fd1908bc5a53,76,1976.0,2021-12-14 01:19:14.943,2021-12-14 01:19:14.943
7b8e0bb5-8b9b-ee11-8445-cc0b759db311,76,2242.0,2023-12-15 20:51:26.140,2023-12-15 20:51:26.140
c3ae41b7-7b5c-ec11-8350-fd1908bc5a53,76,41860.8,2021-12-14 01:18:21.747,2021-12-14 01:18:21.747
dd1cd632-7b5c-ec11-8350-fd1908bc5a53,76,2888.0,2021-12-14 01:14:44.957,2021-12-14 01:14:44.957
1a4e9cb7-795c-ec11-8350-fd1908bc5a53,76,2660.0,2021-12-14 01:04:04.437,2021-12-14 01:04:04.437
dd0260ba-785c-ec11-8350-fd1908bc5a53,76,3040.0,2021-12-14 00:56:59.987,2021-12-14 00:56:59.987
7b5b698a-7a5c-ec11-8350-fd1908bc5a53,76,3724.0,2021-12-14 01:09:54.627,2021-12-14 01:09:54.627
43e4bcab-775c-ec11-8350-fd1908bc5a53,76,3040.0,2021-12-14 00:49:26.093,2021-12-14 00:49:26.093
2d6a1048-8d9b-ee11-8445-cc0b759db311,76,2242.0,2023-12-15 21:02:43.303,2023-12-15 21:02:43.303
7b4d6639-775c-ec11-8350-fd1908bc5a53,76,7068.0,2021-12-14 00:46:15.767,2021-12-14 00:46:15.767
4fef1f97-869b-ee11-8445-cc0b759db311,76,13623.0,2023-12-15 20:14:53.583,2023-12-15 20:14:53.583
c3c68bf9-7b5c-ec11-8350-fd1908bc5a53,76,16595.36,2021-12-14 01:20:10.247,2021-12-14 01:20:10.247
5d840601-0050-fc61-85ac-08de2939d58a,76,20826.52,2025-11-21 20:09:10.737,2025-11-21 20:09:10.737
dcf2fe6e-7b5c-ec11-8350-fd1908bc5a53,76,2888.0,2021-12-14 01:16:20.447,2021-12-14 01:16:20.447
dcf346fe-899b-ee11-8445-cc0b759db311,76,7353.0,2023-12-15 20:39:16.307,2023-12-15 20:39:16.307
2d77eab4-7c5c-ec11-8350-fd1908bc5a53,76,1976.0,2021-12-14 01:25:28.603,2021-12-14 01:25:28.603
a1e7ebff-795c-ec11-8350-fd1908bc5a53,76,18372.24,2021-12-14 01:06:09.107,2021-12-14 01:06:09.107
dce9200c-7a5c-ec11-8350-fd1908bc5a53,76,3724.0,2021-12-14 01:06:27.020,2021-12-14 01:06:27.020
dcf7653f-8c9b-ee11-8445-cc0b759db311,76,24776.0,2023-12-15 20:55:22.063,2023-12-15 20:55:22.063
4fe0c8bd-3897-ec11-8375-d3a7891ad4ec,76,7200.0,2022-02-26 19:17:49.873,2022-02-26 19:17:49.873
4fe57b5d-775c-ec11-8350-fd1908bc5a53,76,3800.0,2021-12-14 00:47:11.893,2021-12-14 00:47:11.893
b5f11f97-869b-ee11-8445-cc0b759db311,76,22610.0,2023-12-15 20:14:54.300,2023-12-15 20:14:54.300
4c127bdb-7b5c-ec11-8350-fd1908bc5a53,76,1976.0,2021-12-14 01:19:26.393,2021-12-14 01:19:26.393
4afe735e-8a9b-ee11-8445-cc0b759db311,76,3553.0,2023-12-15 20:41:54.913,2023-12-15 20:41:54.913
c3318fff-7b5c-ec11-8350-fd1908bc5a53,76,1976.0,2021-12-14 01:20:26.980,2021-12-14 01:20:26.980
7aea46fe-899b-ee11-8445-cc0b759db311,76,3553.0,2023-12-15 20:39:12.987,2023-12-15 20:39:12.987
dcd555fd-765c-ec11-8350-fd1908bc5a53,76,3800.0,2021-12-14 00:44:29.897,2021-12-14 00:44:29.897
21b466f3-8c9b-ee11-8445-cc0b759db311,76,2242.0,2023-12-15 21:00:28.640,2023-12-15 21:00:28.640
a1da55f7-765c-ec11-8350-fd1908bc5a53,76,3800.0,2021-12-14 00:44:18.777,2021-12-14 00:44:18.777
7ad355fd-765c-ec11-8350-fd1908bc5a53,76,3534.0,2021-12-14 00:44:29.070,2021-12-14 00:44:29.070
5d72b553-7c5c-ec11-8350-fd1908bc5a53,76,24814.76,2021-12-14 01:22:40.790,2021-12-14 01:22:40.790
1a3a79a2-7a5c-ec11-8350-fd1908bc5a53,76,3040.0,2021-12-14 01:10:41.373,2021-12-14 01:10:41.373
4fd7f0ed-795c-ec11-8350-fd1908bc5a53,76,3059.0,2021-12-14 01:05:37.107,2021-12-14 01:05:37.107
c36b11a9-8b9b-ee11-8445-cc0b759db311,76,2242.0,2023-12-15 20:51:12.853,2023-12-15 20:51:12.853
21a541b7-7b5c-ec11-8350-fd1908bc5a53,76,1976.0,2021-12-14 01:18:18.083,2021-12-14 01:18:18.083
7ab9807b-8c9b-ee11-8445-cc0b759db311,76,8189.0,2023-12-15 20:56:59.270,2023-12-15 20:56:59.270
4c137dff-879b-ee11-8445-cc0b759db311,76,4180.0,2023-12-15 20:24:59.047,2023-12-15 20:24:59.047
c32422c1-869b-ee11-8445-cc0b759db311,76,3372.5,2023-12-15 20:16:03.323,2023-12-15 20:16:03.323
07dfb98d-775c-ec11-8350-fd1908bc5a53,76,11220.64,2021-12-14 00:48:32.147,2021-12-14 00:48:32.147
0ddab98d-775c-ec11-8350-fd1908bc5a53,76,3800.0,2021-12-14 00:48:30.797,2021-12-14 00:48:30.797
7a9bcc14-7b5c-ec11-8350-fd1908bc5a53,76,3800.0,2021-12-14 01:13:46.500,2021-12-14 01:13:46.500
7aa088e7-7b5c-ec11-8350-fd1908bc5a53,76,1976.0,2021-12-14 01:19:42.187,2021-12-14 01:19:42.187
ab6bc5bd-775c-ec11-8350-fd1908bc5a53,76,9817.68,2021-12-14 00:49:51.137,2021-12-14 00:49:51.137
ae9f64d5-7b5c-ec11-8350-fd1908bc5a53,76,1976.0,2021-12-14 01:19:10.947,2021-12-14 01:19:10.947
dca16b59-3d97-ec11-8375-d3a7891ad4ec,76,0.0,2022-02-26 19:51:01.533,2022-02-26 19:51:01.533
5d6b1ccd-765c-ec11-8350-fd1908bc5a53,76,3534.0,2021-12-14 00:43:07.147,2021-12-14 00:43:07.147
0dd719ae-8d9b-ee11-8445-cc0b759db311,76,2242.0,2023-12-15 21:05:40.790,2023-12-15 21:05:40.790
c31d5eb7-8c9b-ee11-8445-cc0b759db311,76,3553.0,2023-12-15 20:58:44.017,2023-12-15 20:58:44.017
dcab33d3-765c-ec11-8350-fd1908bc5a53,76,3800.0,2021-12-14 00:43:18.073,2021-12-14 00:43:18.073
7a6e6469-879b-ee11-8445-cc0b759db311,76,3572.0,2023-12-15 20:20:44.710,2023-12-15 20:20:44.710
28b0b395-889b-ee11-8445-cc0b759db311,76,4503.0,2023-12-15 20:29:05.237,2023-12-15 20:29:05.237
aeb3b395-889b-ee11-8445-cc0b759db311,76,3572.0,2023-12-15 20:29:06.430,2023-12-15 20:29:06.430
5d4301e8-775c-ec11-8350-fd1908bc5a53,76,1976.0,2021-12-14 00:51:03.037,2021-12-14 00:51:03.037
7a719b76-8a9b-ee11-8445-cc0b759db311,76,4503.0,2023-12-15 20:42:33.483,2023-12-15 20:42:33.483
07d8686a-8a9b-ee11-8445-cc0b759db311,76,3553.0,2023-12-15 20:42:13.277,2023-12-15 20:42:13.277
5db44239-795c-ec11-8350-fd1908bc5a53,76,3800.0,2021-12-14 01:00:32.070,2021-12-14 01:00:32.070
4ff5653f-8c9b-ee11-8445-cc0b759db311,76,4180.0,2023-12-15 20:55:21.327,2023-12-15 20:55:21.327
4b7c0674-899b-ee11-8445-cc0b759db311,76,4465.0,2023-12-15 20:35:18.583,2023-12-15 20:35:18.583
43cd13f1-785c-ec11-8350-fd1908bc5a53,76,3534.0,2021-12-14 00:58:28.427,2021-12-14 00:58:28.427
f25fc3d7-889b-ee11-8445-cc0b759db311,76,3553.0,2023-12-15 20:31:01.343,2023-12-15 20:31:01.343
2d310532-899b-ee11-8445-cc0b759db311,76,3572.0,2023-12-15 20:33:30.770,2023-12-15 20:33:30.770
7a50f9f5-889b-ee11-8445-cc0b759db311,76,4180.0,2023-12-15 20:31:54.267,2023-12-15 20:31:54.267
4fc35b81-879b-ee11-8445-cc0b759db311,76,21888.0,2023-12-15 20:21:28.193,2023-12-15 20:21:28.193
a1b5148c-899b-ee11-8445-cc0b759db311,76,2897.5,2023-12-15 20:36:01.213,2023-12-15 20:36:01.213
7a2338e5-765c-ec11-8350-fd1908bc5a53,76,14481.8,2021-12-14 00:43:51.383,2021-12-14 00:43:51.383
0db7249d-869b-ee11-8445-cc0b759db311,76,47804.0,2023-12-15 20:14:58.337,2023-12-15 20:14:58.337
0db5eb19-899b-ee11-8445-cc0b759db311,76,9025.0,2023-12-15 20:32:50.263,2023-12-15 20:32:50.263
1a2c6409-8c9b-ee11-8445-cc0b759db311,76,4180.0,2023-12-15 20:53:47.383,2023-12-15 20:53:47.383
0dc98bf9-7b5c-ec11-8350-fd1908bc5a53,76,1976.0,2021-12-14 01:20:10.973,2021-12-14 01:20:10.973
0db141b7-7b5c-ec11-8350-fd1908bc5a53,76,1976.0,2021-12-14 01:18:22.553,2021-12-14 01:18:22.553
7a511d3d-8b9b-ee11-8445-cc0b759db311,76,3553.0,2023-12-15 20:48:10.787,2023-12-15 20:48:10.787
c2fcb6a7-889b-ee11-8445-cc0b759db311,76,4180.0,2023-12-15 20:29:42.650,2023-12-15 20:29:42.650
0415a775-775c-ec11-8350-fd1908bc5a53,76,3800.0,2021-12-14 00:47:55.750,2021-12-14 00:47:55.750
c2f6f0f3-795c-ec11-8350-fd1908bc5a53,76,16595.36,2021-12-14 01:05:41.933,2021-12-14 01:05:41.933
dc70c5bd-775c-ec11-8350-fd1908bc5a53,76,14481.8,2021-12-14 00:49:52.770,2021-12-14 00:49:52.770
3b4f327e-785c-ec11-8350-fd1908bc5a53,76,3724.0,2021-12-14 00:55:18.597,2021-12-14 00:55:18.597
4fb823a3-765c-ec11-8350-fd1908bc5a53,76,3724.0,2021-12-14 00:42:02.377,2021-12-14 00:42:02.377
79ebca8e-8a9b-ee11-8445-cc0b759db311,76,3553.0,2023-12-15 20:43:19.577,2023-12-15 20:43:19.577
79e520d8-8d9b-ee11-8445-cc0b759db311,76,22610.0,2023-12-15 21:06:52.290,2023-12-15 21:06:52.290
dc13d9c3-775c-ec11-8350-fd1908bc5a53,76,22701.2,2021-12-14 00:50:01.603,2021-12-14 00:50:01.603
dc1a54c9-879b-ee11-8445-cc0b759db311,76,4503.0,2023-12-15 20:23:23.397,2023-12-15 20:23:23.397
4bd00dc8-899b-ee11-8445-cc0b759db311,76,3553.0,2023-12-15 20:37:43.853,2023-12-15 20:37:43.853
218950f1-765c-ec11-8350-fd1908bc5a53,76,3040.0,2021-12-14 00:44:11.350,2021-12-14 00:44:11.350
aa3591ed-7b5c-ec11-8350-fd1908bc5a53,76,1976.0,2021-12-14 01:19:56.913,2021-12-14 01:19:56.913
c2ed4dbd-879b-ee11-8445-cc0b759db311,76,19684.0,2023-12-15 20:23:10.400,2023-12-15 20:23:10.400
1a1949df-8b9b-ee11-8445-cc0b759db311,76,2242.0,2023-12-15 20:52:44.820,2023-12-15 20:52:44.820
3f7748c9-7b5c-ec11-8350-fd1908bc5a53,76,1976.0,2021-12-14 01:18:50.583,2021-12-14 01:18:50.583
79b17d11-889b-ee11-8445-cc0b759db311,76,15637.0,2023-12-15 20:25:31.067,2023-12-15 20:25:31.067
5d5a93f3-7b5c-ec11-8350-fd1908bc5a53,76,1976.0,2021-12-14 01:20:03.057,2021-12-14 01:20:03.057
1a2d22bb-765c-ec11-8350-fd1908bc5a53,76,3800.0,2021-12-14 00:42:42.513,2021-12-14 00:42:42.513
01603403-7d5c-ec11-8350-fd1908bc5a53,76,1976.0,2021-12-14 01:27:41.157,2021-12-14 01:27:41.157
3f6f01df-785c-ec11-8350-fd1908bc5a53,76,3724.0,2021-12-14 00:57:57.667,2021-12-14 00:57:57.667
79ab0bf7-785c-ec11-8350-fd1908bc5a53,76,20465.28,2021-12-14 00:58:45.763,2021-12-14 00:58:45.763
79ca343f-879b-ee11-8445-cc0b759db311,76,4180.0,2023-12-15 20:19:31.027,2023-12-15 20:19:31.027
005601e8-775c-ec11-8350-fd1908bc5a53,76,3724.0,2021-12-14 00:51:09.863,2021-12-14 00:51:09.863
5cf05b63-795c-ec11-8350-fd1908bc5a53,76,2888.0,2021-12-14 01:01:42.433,2021-12-14 01:01:42.433
dc72e444-7b5c-ec11-8350-fd1908bc5a53,76,2888.0,2021-12-14 01:15:10.767,2021-12-14 01:15:10.767
0d91330f-7d5c-ec11-8350-fd1908bc5a53,76,14481.8,2021-12-14 01:28:04.623,2021-12-14 01:28:04.623
34a421cd-8b9b-ee11-8445-cc0b759db311,76,2242.0,2023-12-15 20:52:14.543,2023-12-15 20:52:14.543
1a15424b-795c-ec11-8350-fd1908bc5a53,76,3724.0,2021-12-14 01:01:04.667,2021-12-14 01:01:04.667
43c8f7f4-8a9b-ee11-8445-cc0b759db311,76,3553.0,2023-12-15 20:46:11.037,2023-12-15 20:46:11.037
040c137e-8d9b-ee11-8445-cc0b759db311,76,2242.0,2023-12-15 21:04:13.007,2023-12-15 21:04:13.007
c3cd14b0-899b-ee11-8445-cc0b759db311,76,3553.0,2023-12-15 20:36:59.183,2023-12-15 20:36:59.183
5ce88c05-7c5c-ec11-8350-fd1908bc5a53,76,24573.84,2021-12-14 01:20:35.927,2021-12-14 01:20:35.927
79717905-889b-ee11-8445-cc0b759db311,76,4465.0,2023-12-15 20:25:05.853,2023-12-15 20:25:05.853
217d6b93-8c9b-ee11-8445-cc0b759db311,76,3192.0,2023-12-15 20:57:39.307,2023-12-15 20:57:39.307
c2c233d3-765c-ec11-8350-fd1908bc5a53,76,1976.0,2021-12-14 00:43:25.907,2021-12-14 00:43:25.907
c2b916b5-869b-ee11-8445-cc0b759db311,76,3553.0,2023-12-15 20:15:42.113,2023-12-15 20:15:42.113
dbd16875-879b-ee11-8445-cc0b759db311,76,3553.0,2023-12-15 20:21:04.527,2023-12-15 20:21:04.527
4fa9fe35-8d9b-ee11-8445-cc0b759db311,76,3192.0,2023-12-15 21:02:12.143,2023-12-15 21:02:12.143
7948958a-7c5c-ec11-8350-fd1908bc5a53,76,33034.16,2021-12-14 01:24:13.927,2021-12-14 01:24:13.927
c550958a-7c5c-ec11-8350-fd1908bc5a53,76,22701.2,2021-12-14 01:24:16.407,2021-12-14 01:24:16.407
dbbd12af-8b9b-ee11-8445-cc0b759db311,76,2242.0,2023-12-15 20:51:23.857,2023-12-15 20:51:23.857
f15fc2d1-889b-ee11-8445-cc0b759db311,76,9025.0,2023-12-15 20:30:54.357,2023-12-15 20:30:54.357
7bc119cd-869b-ee11-8445-cc0b759db311,76,4503.0,2023-12-15 20:16:18.530,2023-12-15 20:16:18.530
217373c3-8c9b-ee11-8445-cc0b759db311,76,2242.0,2023-12-15 20:59:01.700,2023-12-15 20:59:01.700
21756d52-8a9b-ee11-8445-cc0b759db311,76,15637.0,2023-12-15 20:41:35.737,2023-12-15 20:41:35.737
dba50966-8d9b-ee11-8445-cc0b759db311,76,0.0,2023-12-15 21:03:37.127,2023-12-15 21:03:37.127
79321085-8b9b-ee11-8445-cc0b759db311,76,2242.0,2023-12-15 20:50:12.107,2023-12-15 20:50:12.107
d094b6cb-889b-ee11-8445-cc0b759db311,76,4465.0,2023-12-15 20:30:43.090,2023-12-15 20:30:43.090
55eb96d2-785c-ec11-8350-fd1908bc5a53,76,3800.0,2021-12-14 00:57:42.787,2021-12-14 00:57:42.787
55ee1779-8b9b-ee11-8445-cc0b759db311,76,9025.0,2023-12-15 20:49:48.373,2023-12-15 20:49:48.373
792c91ed-7b5c-ec11-8350-fd1908bc5a53,76,1976.0,2021-12-14 01:19:54.320,2021-12-14 01:19:54.320
ae961267-8b9b-ee11-8445-cc0b759db311,76,26942.0,2023-12-15 20:49:19.780,2023-12-15 20:49:19.780
2d0547ec-899b-ee11-8445-cc0b759db311,76,4465.0,2023-12-15 20:38:40.737,2023-12-15 20:38:40.737
3cc471b4-7a5c-ec11-8350-fd1908bc5a53,76,22701.2,2021-12-14 01:11:07.113,2021-12-14 01:11:07.113
3602a775-775c-ec11-8350-fd1908bc5a53,76,7068.0,2021-12-14 00:47:49.817,2021-12-14 00:47:49.817
5cc141e0-899b-ee11-8445-cc0b759db311,76,3553.0,2023-12-15 20:38:24.100,2023-12-15 20:38:24.100
b264f3fa-8a9b-ee11-8445-cc0b759db311,76,2242.0,2023-12-15 20:46:16.447,2023-12-15 20:46:16.447
4fb548eb-765c-ec11-8350-fd1908bc5a53,76,3059.0,2021-12-14 00:44:07.540,2021-12-14 00:44:07.540
4c9e0966-8d9b-ee11-8445-cc0b759db311,76,3192.0,2023-12-15 21:03:33.973,2023-12-15 21:03:33.973
3f58719f-879b-ee11-8445-cc0b759db311,76,7353.0,2023-12-15 20:22:18.107,2023-12-15 20:22:18.107
0d687d17-8d9b-ee11-8445-cc0b759db311,76,17860.0,2023-12-15 21:01:23.657,2023-12-15 21:01:23.657
1a0a49df-8b9b-ee11-8445-cc0b759db311,76,2242.0,2023-12-15 20:52:38.847,2023-12-15 20:52:38.847
4fcd8069-8c9b-ee11-8445-cc0b759db311,76,7353.0,2023-12-15 20:56:32.740,2023-12-15 20:56:32.740
5cedb6a7-889b-ee11-8445-cc0b759db311,76,15637.0,2023-12-15 20:29:37.120,2023-12-15 20:29:37.120
f2d290c6-785c-ec11-8350-fd1908bc5a53,76,2660.0,2021-12-14 00:57:15.977,2021-12-14 00:57:15.977
38634b6f-7d5c-ec11-8350-fd1908bc5a53,76,3800.0,2021-12-14 01:30:40.320,2021-12-14 01:30:40.320
21676d52-8a9b-ee11-8445-cc0b759db311,76,3192.0,2023-12-15 20:41:30.307,2023-12-15 20:41:30.307
439ed7b2-8a9b-ee11-8445-cc0b759db311,76,3572.0,2023-12-15 20:44:19.950,2023-12-15 20:44:19.950
5cabbeb7-775c-ec11-8350-fd1908bc5a53,76,16434.24,2021-12-14 00:49:49.953,2021-12-14 00:49:49.953
79050818-785c-ec11-8350-fd1908bc5a53,76,10159.68,2021-12-14 00:52:30.997,2021-12-14 00:52:30.997
790d1cf7-869b-ee11-8445-cc0b759db311,76,3572.0,2023-12-15 20:17:29.900,2023-12-15 20:17:29.900
a162fae5-3f97-ec11-8375-d3a7891ad4ec,76,0.0,2022-02-26 20:09:01.207,2022-02-26 20:09:01.207
79047427-8c9b-ee11-8445-cc0b759db311,76,3553.0,2023-12-15 20:54:39.487,2023-12-15 20:54:39.487
5ca41ea9-765c-ec11-8350-fd1908bc5a53,76,3040.0,2021-12-14 00:42:11.467,2021-12-14 00:42:11.467
ae829b76-8a9b-ee11-8445-cc0b759db311,76,3553.0,2023-12-15 20:42:39.393,2023-12-15 20:42:39.393
78f50bc6-8d9b-ee11-8445-cc0b759db311,76,40888.0,2023-12-15 21:06:13.337,2023-12-15 21:06:13.337
db75aa6f-d5d1-ea11-828c-b57555799727,76,5472.0,2020-07-29 20:03:14.413,2020-07-29 20:03:14.413
a93c1144-899b-ee11-8445-cc0b759db311,76,3192.0,2023-12-15 20:34:01.880,2023-12-15 20:34:01.880
a1e50b5a-8d9b-ee11-8445-cc0b759db311,76,15637.0,2023-12-15 21:03:19.460,2023-12-15 21:03:19.460
c29cc36c-765c-ec11-8350-fd1908bc5a53,76,52604.16,2021-12-14 00:40:27.880,2021-12-14 00:40:27.880
78e6babf-889b-ee11-8445-cc0b759db311,76,15637.0,2023-12-15 20:30:15.310,2023-12-15 20:30:15.310
215874e4-7a5c-ec11-8350-fd1908bc5a53,76,2888.0,2021-12-14 01:12:33.563,2021-12-14 01:12:33.563
5ca036eb-7c5c-ec11-8350-fd1908bc5a53,76,20866.56,2021-12-14 01:27:01.253,2021-12-14 01:27:01.253
ab331aeb-869b-ee11-8445-cc0b759db311,76,2242.0,2023-12-15 20:17:16.057,2023-12-15 20:17:16.057
216842da-899b-ee11-8445-cc0b759db311,76,4465.0,2023-12-15 20:38:08.950,2023-12-15 20:38:08.950
c29decd6-8a9b-ee11-8445-cc0b759db311,76,3553.0,2023-12-15 20:45:19.387,2023-12-15 20:45:19.387
3f46248a-785c-ec11-8350-fd1908bc5a53,76,3800.0,2021-12-14 00:55:33.663,2021-12-14 00:55:33.663
0d4f7a4b-775c-ec11-8350-fd1908bc5a53,76,7068.0,2021-12-14 00:46:41.727,2021-12-14 00:46:41.727
c280be9f-775c-ec11-8350-fd1908bc5a53,76,7828.0,2021-12-14 00:49:09.323,2021-12-14 00:49:09.323
78c7dc20-7b5c-ec11-8350-fd1908bc5a53,76,3059.0,2021-12-14 01:14:11.250,2021-12-14 01:14:11.250
78b7eb19-899b-ee11-8445-cc0b759db311,76,4503.0,2023-12-15 20:32:50.953,2023-12-15 20:32:50.953
ab420f1e-785c-ec11-8350-fd1908bc5a53,76,14481.8,2021-12-14 00:52:35.547,2021-12-14 00:52:35.547
5c843d2a-7a5c-ec11-8350-fd1908bc5a53,76,2888.0,2021-12-14 01:07:20.517,2021-12-14 01:07:20.517
a152403f-795c-ec11-8350-fd1908bc5a53,76,2888.0,2021-12-14 01:00:41.537,2021-12-14 01:00:41.537
db6f5cbd-8c9b-ee11-8445-cc0b759db311,76,2242.0,2023-12-15 20:58:49.230,2023-12-15 20:58:49.230
1a013d2d-7d5c-ec11-8350-fd1908bc5a53,76,3724.0,2021-12-14 01:28:47.707,2021-12-14 01:28:47.707
39d615a4-899b-ee11-8445-cc0b759db311,76,8189.0,2023-12-15 20:36:45.063,2023-12-15 20:36:45.063
3c84715a-7a5c-ec11-8350-fd1908bc5a53,76,6308.0,2021-12-14 01:08:41.087,2021-12-14 01:08:41.087
5c78cf82-8a9b-ee11-8445-cc0b759db311,76,3553.0,2023-12-15 20:42:57.660,2023-12-15 20:42:57.660
db6f48c9-7b5c-ec11-8350-fd1908bc5a53,76,1976.0,2021-12-14 01:18:48.320,2021-12-14 01:18:48.320
7870118b-8b9b-ee11-8445-cc0b759db311,76,2242.0,2023-12-15 20:50:17.980,2023-12-15 20:50:17.980
a17a01df-785c-ec11-8350-fd1908bc5a53,76,3724.0,2021-12-14 00:58:01.520,2021-12-14 00:58:01.520
5c75b0fc-7a5c-ec11-8350-fd1908bc5a53,76,3724.0,2021-12-14 01:13:08.393,2021-12-14 01:13:08.393
c2ac2319-8b9b-ee11-8445-cc0b759db311,76,3553.0,2023-12-15 20:47:10.710,2023-12-15 20:47:10.710
a14a870b-7c5c-ec11-8350-fd1908bc5a53,76,1976.0,2021-12-14 01:20:41.593,2021-12-14 01:20:41.593
5c613748-785c-ec11-8350-fd1908bc5a53,76,3040.0,2021-12-14 00:53:49.173,2021-12-14 00:53:49.173
5c61f57a-7b5c-ec11-8350-fd1908bc5a53,76,6308.0,2021-12-14 01:16:45.287,2021-12-14 01:16:45.287
b58a6df9-8c9b-ee11-8445-cc0b759db311,76,2242.0,2023-12-15 21:00:29.400,2023-12-15 21:00:29.400
c2784442-7a5c-ec11-8350-fd1908bc5a53,76,6308.0,2021-12-14 01:07:59.273,2021-12-14 01:07:59.273
db5c403f-795c-ec11-8350-fd1908bc5a53,76,1976.0,2021-12-14 01:00:45.293,2021-12-14 01:00:45.293
1a59537b-7d5c-ec11-8350-fd1908bc5a53,76,3800.0,2021-12-14 01:30:59.993,2021-12-14 01:30:59.993
78559cb7-795c-ec11-8350-fd1908bc5a53,76,2660.0,2021-12-14 01:04:06.707,2021-12-14 01:04:06.707
ab301c07-8b9b-ee11-8445-cc0b759db311,76,3553.0,2023-12-15 20:46:38.070,2023-12-15 20:46:38.070
db46074e-8d9b-ee11-8445-cc0b759db311,76,9025.0,2023-12-15 21:02:58.130,2023-12-15 21:02:58.130
03ef0760-8d9b-ee11-8445-cc0b759db311,76,2242.0,2023-12-15 21:03:22.417,2023-12-15 21:03:22.417
0d2ed8db-7d5c-ec11-8350-fd1908bc5a53,76,1976.0,2021-12-14 01:33:43.027,2021-12-14 01:33:43.027
db4a958a-7c5c-ec11-8350-fd1908bc5a53,76,38492.48,2021-12-14 01:24:14.693,2021-12-14 01:24:14.693
782f160f-879b-ee11-8445-cc0b759db311,76,4503.0,2023-12-15 20:18:08.323,2023-12-15 20:18:08.323
365162db-879b-ee11-8445-cc0b759db311,76,7353.0,2023-12-15 20:23:58.943,2023-12-15 20:23:58.943
5c47fb96-765c-ec11-8350-fd1908bc5a53,76,1976.0,2021-12-14 00:41:37.283,2021-12-14 00:41:37.283
3f3a2513-8b9b-ee11-8445-cc0b759db311,76,3553.0,2023-12-15 20:46:55.140,2023-12-15 20:46:55.140
5c46fa71-7c5c-ec11-8350-fd1908bc5a53,76,1976.0,2021-12-14 01:23:40.233,2021-12-14 01:23:40.233
db3dad99-795c-ec11-8350-fd1908bc5a53,76,38256.12,2021-12-14 01:03:18.227,2021-12-14 01:03:18.227
b556870b-7c5c-ec11-8350-fd1908bc5a53,76,1976.0,2021-12-14 01:20:45.093,2021-12-14 01:20:45.093
c26ddfbe-8a9b-ee11-8445-cc0b759db311,76,5928.0,2023-12-15 20:44:32.177,2023-12-15 20:44:32.177
5c3b6a03-775c-ec11-8350-fd1908bc5a53,76,12368.24,2021-12-14 00:44:40.340,2021-12-14 00:44:40.340
35e0bcab-775c-ec11-8350-fd1908bc5a53,76,10264.18,2021-12-14 00:49:24.557,2021-12-14 00:49:24.557
21d314fc-8d9b-ee11-8445-cc0b759db311,76,4503.0,2023-12-15 21:07:45.053,2023-12-15 21:07:45.053
7bdebca5-775c-ec11-8350-fd1908bc5a53,76,2888.0,2021-12-14 00:49:16.747,2021-12-14 00:49:16.747
4394a4b1-795c-ec11-8350-fd1908bc5a53,76,3059.0,2021-12-14 01:03:51.483,2021-12-14 01:03:51.483
0d1654c9-879b-ee11-8445-cc0b759db311,76,3553.0,2023-12-15 20:23:22.023,2023-12-15 20:23:22.023
35e37321-8c9b-ee11-8445-cc0b759db311,76,2242.0,2023-12-15 20:54:29.987,2023-12-15 20:54:29.987
21351925-8b9b-ee11-8445-cc0b759db311,76,2242.0,2023-12-15 20:47:28.603,2023-12-15 20:47:28.603
77e368e7-8c9b-ee11-8445-cc0b759db311,76,26942.0,2023-12-15 21:00:08.650,2023-12-15 21:00:08.650
03e51002-8e9b-ee11-8445-cc0b759db311,76,2242.0,2023-12-15 21:07:53.187,2023-12-15 21:07:53.187
35e0612d-775c-ec11-8350-fd1908bc5a53,76,20665.92,2021-12-14 00:45:57.797,2021-12-14 00:45:57.797
77c93cd9-8b9b-ee11-8445-cc0b759db311,76,2242.0,2023-12-15 20:52:30.440,2023-12-15 20:52:30.440
214c55b7-879b-ee11-8445-cc0b759db311,76,3553.0,2023-12-15 20:22:55.537,2023-12-15 20:22:55.537
77b341b7-7b5c-ec11-8350-fd1908bc5a53,76,1976.0,2021-12-14 01:18:23.253,2021-12-14 01:18:23.253
0d100f2a-785c-ec11-8350-fd1908bc5a53,76,3534.0,2021-12-14 00:52:53.300,2021-12-14 00:52:53.300
3f377566-7a5c-ec11-8350-fd1908bc5a53,76,3724.0,2021-12-14 01:08:55.497,2021-12-14 01:08:55.497
c2b088e7-7b5c-ec11-8350-fd1908bc5a53,76,1976.0,2021-12-14 01:19:48.727,2021-12-14 01:19:48.727
0d08a6a5-795c-ec11-8350-fd1908bc5a53,76,3724.0,2021-12-14 01:03:30.880,2021-12-14 01:03:30.880
dad60b5a-8d9b-ee11-8445-cc0b759db311,76,2242.0,2023-12-15 21:03:14.093,2023-12-15 21:03:14.093
19da14c7-8b9b-ee11-8445-cc0b759db311,76,2242.0,2023-12-15 20:51:59.740,2023-12-15 20:51:59.740
35dc200c-7a5c-ec11-8350-fd1908bc5a53,76,3724.0,2021-12-14 01:06:22.257,2021-12-14 01:06:22.257
438c1d49-8b9b-ee11-8445-cc0b759db311,76,2242.0,2023-12-15 20:48:30.880,2023-12-15 20:48:30.880
ae5e7f8d-795c-ec11-8350-fd1908bc5a53,76,1976.0,2021-12-14 01:02:50.797,2021-12-14 01:02:50.797
c2286d0f-775c-ec11-8350-fd1908bc5a53,76,3059.0,2021-12-14 00:45:02.050,2021-12-14 00:45:02.050
21296615-775c-ec11-8350-fd1908bc5a53,76,20465.28,2021-12-14 00:45:08.847,2021-12-14 00:45:08.847
19d1bca5-775c-ec11-8350-fd1908bc5a53,76,18372.24,2021-12-14 00:49:12.700,2021-12-14 00:49:12.700
49072927-879b-ee11-8445-cc0b759db311,76,3572.0,2023-12-15 20:18:58.640,2023-12-15 20:18:58.640
777e17b1-7b5c-ec11-8350-fd1908bc5a53,76,1976.0,2021-12-14 01:18:08.647,2021-12-14 01:18:08.647
b54f05e5-785c-ec11-8350-fd1908bc5a53,76,3040.0,2021-12-14 00:58:06.777,2021-12-14 00:58:06.777
a12d22c1-869b-ee11-8445-cc0b759db311,76,3553.0,2023-12-15 20:16:06.890,2023-12-15 20:16:06.890
3f2e0532-899b-ee11-8445-cc0b759db311,76,3553.0,2023-12-15 20:33:28.307,2023-12-15 20:33:28.307
a137b393-775c-ec11-8350-fd1908bc5a53,76,18552.36,2021-12-14 00:48:45.503,2021-12-14 00:48:45.503
7764118b-8b9b-ee11-8445-cc0b759db311,76,2242.0,2023-12-15 20:50:14.323,2023-12-15 20:50:14.323
3b391978-8d9b-ee11-8445-cc0b759db311,76,48108.0,2023-12-15 21:04:08.603,2023-12-15 21:04:08.603
19c9f3ae-7c5c-ec11-8350-fd1908bc5a53,76,1976.0,2021-12-14 01:25:14.953,2021-12-14 01:25:14.953
3982a0bd-795c-ec11-8350-fd1908bc5a53,76,1976.0,2021-12-14 01:04:17.123,2021-12-14 01:04:17.123
43f72827-879b-ee11-8445-cc0b759db311,76,8189.0,2023-12-15 20:18:53.267,2023-12-15 20:18:53.267
03d7743b-889b-ee11-8445-cc0b759db311,76,4503.0,2023-12-15 20:26:37.183,2023-12-15 20:26:37.183
776811a9-8b9b-ee11-8445-cc0b759db311,76,2242.0,2023-12-15 20:51:11.703,2023-12-15 20:51:11.703
c20361ab-879b-ee11-8445-cc0b759db311,76,11305.0,2023-12-15 20:22:35.957,2023-12-15 20:22:35.957
2e3aeee1-775c-ec11-8350-fd1908bc5a53,76,1976.0,2021-12-14 00:50:56.710,2021-12-14 00:50:56.710
774b281b-795c-ec11-8350-fd1908bc5a53,76,3534.0,2021-12-14 00:59:46.997,2021-12-14 00:59:46.997
b5361978-8d9b-ee11-8445-cc0b759db311,76,24776.0,2023-12-15 21:04:07.573,2023-12-15 21:04:07.573
0ce470a8-7a5c-ec11-8350-fd1908bc5a53,76,2660.0,2021-12-14 01:10:48.077,2021-12-14 01:10:48.077
7727c560-765c-ec11-8350-fd1908bc5a53,76,3800.0,2021-12-14 00:40:10.267,2021-12-14 00:40:10.267
c1ff119f-7b5c-ec11-8350-fd1908bc5a53,76,1976.0,2021-12-14 01:17:38.393,2021-12-14 01:17:38.393
ae6315c0-8d9b-ee11-8445-cc0b759db311,76,4503.0,2023-12-15 21:06:09.813,2023-12-15 21:06:09.813
c20054f3-879b-ee11-8445-cc0b759db311,76,21888.0,2023-12-15 20:24:33.373,2023-12-15 20:24:33.373
37f2919f-7d5c-ec11-8350-fd1908bc5a53,76,3800.0,2021-12-14 01:32:04.357,2021-12-14 01:32:04.357
d01e1fdf-869b-ee11-8445-cc0b759db311,76,4465.0,2023-12-15 20:16:55.387,2023-12-15 20:16:55.387
2ca7761d-889b-ee11-8445-cc0b759db311,76,23940.0,2023-12-15 20:25:49.863,2023-12-15 20:25:49.863
3b554260-785c-ec11-8350-fd1908bc5a53,76,3534.0,2021-12-14 00:54:32.450,2021-12-14 00:54:32.450
daaf0786-899b-ee11-8445-cc0b759db311,76,3572.0,2023-12-15 20:35:50.080,2023-12-15 20:35:50.080
77110a4a-899b-ee11-8445-cc0b759db311,76,7353.0,2023-12-15 20:34:15.920,2023-12-15 20:34:15.920
07af0d38-899b-ee11-8445-cc0b759db311,76,3192.0,2023-12-15 20:33:44.870,2023-12-15 20:33:44.870
07ae6c8d-8c9b-ee11-8445-cc0b759db311,76,43472.0,2023-12-15 20:57:33.720,2023-12-15 20:57:33.720
daa04a6c-785c-ec11-8350-fd1908bc5a53,76,3724.0,2021-12-14 00:54:51.907,2021-12-14 00:54:51.907
dab3f1ef-889b-ee11-8445-cc0b759db311,76,3553.0,2023-12-15 20:31:44.740,2023-12-15 20:31:44.740
0cc913f1-785c-ec11-8350-fd1908bc5a53,76,2888.0,2021-12-14 00:58:27.007,2021-12-14 00:58:27.007
3b7501df-785c-ec11-8350-fd1908bc5a53,76,6308.0,2021-12-14 00:57:59.690,2021-12-14 00:57:59.690
76c3d278-765c-ec11-8350-fd1908bc5a53,76,20665.92,2021-12-14 00:40:47.717,2021-12-14 00:40:47.717
0cc28069-8c9b-ee11-8445-cc0b759db311,76,2242.0,2023-12-15 20:56:28.827,2023-12-15 20:56:28.827
a10247ec-899b-ee11-8445-cc0b759db311,76,3192.0,2023-12-15 20:38:40.027,2023-12-15 20:38:40.027
210978cc-7a5c-ec11-8350-fd1908bc5a53,76,2888.0,2021-12-14 01:11:45.523,2021-12-14 01:11:45.523
210f25d2-8d9b-ee11-8445-cc0b759db311,76,4503.0,2023-12-15 21:06:34.773,2023-12-15 21:06:34.773
bde62b4b-7d5c-ec11-8350-fd1908bc5a53,76,6308.0,2021-12-14 01:29:39.840,2021-12-14 01:29:39.840
dabb1a14-1499-ea11-a9ce-0a593f791696,76,11520.0,2020-05-18 14:56:59.867,2020-05-18 14:56:59.867
a11b5d1b-8c9b-ee11-8445-cc0b759db311,76,26942.0,2023-12-15 20:54:22.673,2023-12-15 20:54:22.673
b55111a9-8b9b-ee11-8445-cc0b759db311,76,2242.0,2023-12-15 20:51:04.597,2023-12-15 20:51:04.597
b5ad23a3-765c-ec11-8350-fd1908bc5a53,76,1976.0,2021-12-14 00:41:58.637,2021-12-14 00:41:58.637
4d674ae5-8b9b-ee11-8445-cc0b759db311,76,28956.0,2023-12-15 20:52:52.133,2023-12-15 20:52:52.133
d3b562cf-7b5c-ec11-8350-fd1908bc5a53,76,1976.0,2021-12-14 01:19:06.010,2021-12-14 01:19:06.010
769988e7-7b5c-ec11-8350-fd1908bc5a53,76,1976.0,2021-12-14 01:19:39.777,2021-12-14 01:19:39.777
b6b0f1ef-889b-ee11-8445-cc0b759db311,76,19684.0,2023-12-15 20:31:43.483,2023-12-15 20:31:43.483
3615136d-869b-ee11-8445-cc0b759db311,76,40356.0,2023-12-15 20:13:43.487,2023-12-15 20:13:43.487
7cca189c-785c-ec11-8350-fd1908bc5a53,76,12368.24,2021-12-14 00:56:09.140,2021-12-14 00:56:09.140
3c797487-8c9b-ee11-8445-cc0b759db311,76,2242.0,2023-12-15 20:57:23.973,2023-12-15 20:57:23.973
4b81b6cb-889b-ee11-8445-cc0b759db311,76,7353.0,2023-12-15 20:30:37.003,2023-12-15 20:30:37.003
767a2e21-879b-ee11-8445-cc0b759db311,76,4180.0,2023-12-15 20:18:45.023,2023-12-15 20:18:45.023
360f0dc2-899b-ee11-8445-cc0b759db311,76,3553.0,2023-12-15 20:37:31.483,2023-12-15 20:37:31.483
4c2d0699-7b5c-ec11-8350-fd1908bc5a53,76,3534.0,2021-12-14 01:17:36.773,2021-12-14 01:17:36.773
56248323-8d9b-ee11-8445-cc0b759db311,76,4797.5,2023-12-15 21:01:43.570,2023-12-15 21:01:43.570
ae6d93f3-7b5c-ec11-8350-fd1908bc5a53,76,1976.0,2021-12-14 01:20:08.820,2021-12-14 01:20:08.820
5f9910aa-899b-ee11-8445-cc0b759db311,76,4465.0,2023-12-15 20:36:50.530,2023-12-15 20:36:50.530
4f742ad3-8b9b-ee11-8445-cc0b759db311,76,2242.0,2023-12-15 20:52:15.333,2023-12-15 20:52:15.333
3ddd4dbd-879b-ee11-8445-cc0b759db311,76,3572.0,2023-12-15 20:23:04.483,2023-12-15 20:23:04.483
07ed55f7-765c-ec11-8350-fd1908bc5a53,76,3059.0,2021-12-14 00:44:24.830,2021-12-14 00:44:24.830
76c0189c-785c-ec11-8350-fd1908bc5a53,76,14481.8,2021-12-14 00:56:05.887,2021-12-14 00:56:05.887
5dba148c-899b-ee11-8445-cc0b759db311,76,3192.0,2023-12-15 20:36:03.133,2023-12-15 20:36:03.133
c2392b84-785c-ec11-8350-fd1908bc5a53,76,1976.0,2021-12-14 00:55:32.993,2021-12-14 00:55:32.993
f3351885-869b-ee11-8445-cc0b759db311,76,6702.25,2023-12-15 20:14:17.020,2023-12-15 20:14:17.020
0ca0beb7-775c-ec11-8350-fd1908bc5a53,76,3040.0,2021-12-14 00:49:46.300,2021-12-14 00:49:46.300
da6893f3-7b5c-ec11-8350-fd1908bc5a53,76,1976.0,2021-12-14 01:20:07.500,2021-12-14 01:20:07.500
00530297-8b9b-ee11-8445-cc0b759db311,76,2242.0,2023-12-15 20:50:36.007,2023-12-15 20:50:36.007
da7f5c51-879b-ee11-8445-cc0b759db311,76,18449.0,2023-12-15 20:20:01.937,2023-12-15 20:20:01.937
436ecf82-8a9b-ee11-8445-cc0b759db311,76,4503.0,2023-12-15 20:42:54.157,2023-12-15 20:42:54.157
0c9788e7-7b5c-ec11-8350-fd1908bc5a53,76,1976.0,2021-12-14 01:19:38.930,2021-12-14 01:19:38.930
49930bb5-8b9b-ee11-8445-cc0b759db311,76,2242.0,2023-12-15 20:51:27.513,2023-12-15 20:51:27.513
a0db4254-785c-ec11-8350-fd1908bc5a53,76,22480.8,2021-12-14 00:54:11.727,2021-12-14 00:54:11.727
7d08a786-3e97-ec11-8375-d3a7891ad4ec,76,0.0,2022-02-26 19:59:17.243,2022-02-26 19:59:17.243
7632160f-879b-ee11-8445-cc0b759db311,76,13623.0,2023-12-15 20:18:09.430,2023-12-15 20:18:09.430
436ff307-899b-ee11-8445-cc0b759db311,76,3192.0,2023-12-15 20:32:15.303,2023-12-15 20:32:15.303
c1851ccd-765c-ec11-8350-fd1908bc5a53,76,1976.0,2021-12-14 00:43:16.733,2021-12-14 00:43:16.733
a0de200c-7a5c-ec11-8350-fd1908bc5a53,76,3040.0,2021-12-14 01:06:22.907,2021-12-14 01:06:22.907
c1932ad3-8b9b-ee11-8445-cc0b759db311,76,2242.0,2023-12-15 20:52:25.113,2023-12-15 20:52:25.113
19906b93-8c9b-ee11-8445-cc0b759db311,76,15637.0,2023-12-15 20:57:47.000,2023-12-15 20:57:47.000
76198fff-7b5c-ec11-8350-fd1908bc5a53,76,3040.0,2021-12-14 01:20:19.477,2021-12-14 01:20:19.477
19954f87-7d5c-ec11-8350-fd1908bc5a53,76,1976.0,2021-12-14 01:31:18.550,2021-12-14 01:31:18.550
2857f1e3-889b-ee11-8445-cc0b759db311,76,2242.0,2023-12-15 20:31:20.297,2023-12-15 20:31:20.297
76201aab-7b5c-ec11-8350-fd1908bc5a53,76,1976.0,2021-12-14 01:18:00.547,2021-12-14 01:18:00.547
f3211b18-7a5c-ec11-8350-fd1908bc5a53,76,3724.0,2021-12-14 01:06:41.790,2021-12-14 01:06:41.790
5b5a5203-8c9b-ee11-8445-cc0b759db311,76,22610.0,2023-12-15 20:53:38.543,2023-12-15 20:53:38.543
0c8508fa-775c-ec11-8350-fd1908bc5a53,76,20465.28,2021-12-14 00:51:41.213,2021-12-14 00:51:41.213
ae2d6dab-8c9b-ee11-8445-cc0b759db311,76,2242.0,2023-12-15 20:58:25.783,2023-12-15 20:58:25.783
2c851201-0050-fc61-2fc5-08de293c5b41,76,22252.04,2025-11-21 20:27:14.103,2025-11-21 20:27:14.103
03bbc0b9-889b-ee11-8445-cc0b759db311,76,8189.0,2023-12-15 20:30:12.153,2023-12-15 20:30:12.153
75cab47d-889b-ee11-8445-cc0b759db311,76,3553.0,2023-12-15 20:28:27.257,2023-12-15 20:28:27.257
2c85a0bd-795c-ec11-8350-fd1908bc5a53,76,20665.92,2021-12-14 01:04:18.077,2021-12-14 01:04:18.077
da274c33-795c-ec11-8350-fd1908bc5a53,76,7068.0,2021-12-14 01:00:20.417,2021-12-14 01:00:20.417
da281daf-765c-ec11-8350-fd1908bc5a53,76,1976.0,2021-12-14 00:42:20.687,2021-12-14 00:42:20.687
5b487f11-7c5c-ec11-8350-fd1908bc5a53,76,1976.0,2021-12-14 01:20:54.793,2021-12-14 01:20:54.793
4d3ab159-7c5c-ec11-8350-fd1908bc5a53,76,22701.2,2021-12-14 01:22:54.010,2021-12-14 01:22:54.010
03bc6499-7d5c-ec11-8350-fd1908bc5a53,76,0.0,2021-12-14 01:31:47.017,2021-12-14 01:31:47.017
3f0e94a5-7d5c-ec11-8350-fd1908bc5a53,76,63469.12,2021-12-14 01:32:14.607,2021-12-14 01:32:14.607
c180471b-7d5c-ec11-8350-fd1908bc5a53,76,24814.76,2021-12-14 01:28:24.470,2021-12-14 01:28:24.470
da7db553-7c5c-ec11-8350-fd1908bc5a53,76,1976.0,2021-12-14 01:22:45.253,2021-12-14 01:22:45.253
349310aa-899b-ee11-8445-cc0b759db311,76,4503.0,2023-12-15 20:36:48.043,2023-12-15 20:36:48.043
75a64869-7d5c-ec11-8350-fd1908bc5a53,76,3800.0,2021-12-14 01:30:29.050,2021-12-14 01:30:29.050
5b30ad99-795c-ec11-8350-fd1908bc5a53,76,3534.0,2021-12-14 01:03:14.210,2021-12-14 01:03:14.210
c14b327e-785c-ec11-8350-fd1908bc5a53,76,3724.0,2021-12-14 00:55:17.543,2021-12-14 00:55:17.543
758a34fd-7c5c-ec11-8350-fd1908bc5a53,76,3800.0,2021-12-14 01:27:27.977,2021-12-14 01:27:27.977
0c73be9f-775c-ec11-8350-fd1908bc5a53,76,6308.0,2021-12-14 00:49:04.290,2021-12-14 00:49:04.290
43565210-8a9b-ee11-8445-cc0b759db311,76,3553.0,2023-12-15 20:39:47.393,2023-12-15 20:39:47.393
029d21cd-8b9b-ee11-8445-cc0b759db311,76,2242.0,2023-12-15 20:52:12.397,2023-12-15 20:52:12.397
4a1ddc50-7b5c-ec11-8350-fd1908bc5a53,76,2888.0,2021-12-14 01:15:26.263,2021-12-14 01:15:26.263
03b10250-899b-ee11-8445-cc0b759db311,76,3192.0,2023-12-15 20:34:23.013,2023-12-15 20:34:23.013
37e2f0ed-795c-ec11-8350-fd1908bc5a53,76,2888.0,2021-12-14 01:05:40.437,2021-12-14 01:05:40.437
da036728-8a9b-ee11-8445-cc0b759db311,76,3553.0,2023-12-15 20:40:21.900,2023-12-15 20:40:21.900
da049890-7c5c-ec11-8350-fd1908bc5a53,76,3724.0,2021-12-14 01:24:26.147,2021-12-14 01:24:26.147
7583c5bd-775c-ec11-8350-fd1908bc5a53,76,3534.0,2021-12-14 00:49:58.297,2021-12-14 00:49:58.297
c16909bb-8b9b-ee11-8445-cc0b759db311,76,2242.0,2023-12-15 20:51:41.897,2023-12-15 20:51:41.897
ab192515-879b-ee11-8445-cc0b759db311,76,4503.0,2023-12-15 20:18:28.303,2023-12-15 20:18:28.303
4a1e1aeb-869b-ee11-8445-cc0b759db311,76,2242.0,2023-12-15 20:17:08.197,2023-12-15 20:17:08.197
20d9dc3e-7b5c-ec11-8350-fd1908bc5a53,76,3800.0,2021-12-14 01:14:55.913,2021-12-14 01:14:55.913
c1d5d278-765c-ec11-8350-fd1908bc5a53,76,45969.36,2021-12-14 00:40:53.410,2021-12-14 00:40:53.410
754f870b-7c5c-ec11-8350-fd1908bc5a53,76,1976.0,2021-12-14 01:20:42.947,2021-12-14 01:20:42.947
75bb12af-8b9b-ee11-8445-cc0b759db311,76,2242.0,2023-12-15 20:51:23.033,2023-12-15 20:51:23.033
3f071131-8b9b-ee11-8445-cc0b759db311,76,3553.0,2023-12-15 20:47:43.827,2023-12-15 20:47:43.827
284b3809-7d5c-ec11-8350-fd1908bc5a53,76,39520.0,2021-12-14 01:27:51.533,2021-12-14 01:27:51.533
d9f26133-775c-ec11-8350-fd1908bc5a53,76,22480.8,2021-12-14 00:46:05.287,2021-12-14 00:46:05.287
75377f11-7c5c-ec11-8350-fd1908bc5a53,76,1976.0,2021-12-14 01:20:49.853,2021-12-14 01:20:49.853
0c50a72f-7c5c-ec11-8350-fd1908bc5a53,76,14481.8,2021-12-14 01:21:47.017,2021-12-14 01:21:47.017
75380532-899b-ee11-8445-cc0b759db311,76,3553.0,2023-12-15 20:33:33.400,2023-12-15 20:33:33.400
752c1144-899b-ee11-8445-cc0b759db311,76,4180.0,2023-12-15 20:33:56.637,2023-12-15 20:33:56.637
7530fa71-7c5c-ec11-8350-fd1908bc5a53,76,43411.2,2021-12-14 01:23:31.677,2021-12-14 01:23:31.677
079e5951-795c-ec11-8350-fd1908bc5a53,76,3059.0,2021-12-14 01:01:17.773,2021-12-14 01:01:17.773
753e6493-7d5c-ec11-8350-fd1908bc5a53,76,0.0,2021-12-14 01:31:45.787,2021-12-14 01:31:45.787
751854c9-879b-ee11-8445-cc0b759db311,76,21888.0,2023-12-15 20:23:22.713,2023-12-15 20:23:22.713
d9ec6f05-8d9b-ee11-8445-cc0b759db311,76,2242.0,2023-12-15 21:00:52.510,2023-12-15 21:00:52.510
35d2343f-879b-ee11-8445-cc0b759db311,76,26942.0,2023-12-15 20:19:33.927,2023-12-15 20:19:33.927
5b14cad5-795c-ec11-8350-fd1908bc5a53,76,3724.0,2021-12-14 01:04:57.933,2021-12-14 01:04:57.933
3a6ebe9f-775c-ec11-8350-fd1908bc5a53,76,2660.0,2021-12-14 00:49:02.827,2021-12-14 00:49:02.827
a0a31273-8b9b-ee11-8445-cc0b759db311,76,2242.0,2023-12-15 20:49:42.947,2023-12-15 20:49:42.947
5aed7321-8c9b-ee11-8445-cc0b759db311,76,49628.0,2023-12-15 20:54:33.290,2023-12-15 20:54:33.290
75047dff-879b-ee11-8445-cc0b759db311,76,4465.0,2023-12-15 20:24:53.923,2023-12-15 20:24:53.923
35bd6499-7d5c-ec11-8350-fd1908bc5a53,76,0.0,2021-12-14 01:31:48.013,2021-12-14 01:31:48.013
c1056dc9-8c9b-ee11-8445-cc0b759db311,76,26942.0,2023-12-15 20:59:12.007,2023-12-15 20:59:12.007
a09417b1-7b5c-ec11-8350-fd1908bc5a53,76,1976.0,2021-12-14 01:18:16.557,2021-12-14 01:18:16.557
d9a80fa2-785c-ec11-8350-fd1908bc5a53,76,6308.0,2021-12-14 00:56:14.270,2021-12-14 00:56:14.270
d996dc26-7b5c-ec11-8350-fd1908bc5a53,76,2888.0,2021-12-14 01:14:17.853,2021-12-14 01:14:17.853
0c3c4cae-785c-ec11-8350-fd1908bc5a53,76,1976.0,2021-12-14 00:56:36.893,2021-12-14 00:56:36.893
d9db7321-8c9b-ee11-8445-cc0b759db311,76,2242.0,2023-12-15 20:54:27.900,2023-12-15 20:54:27.900
20b37e7b-795c-ec11-8350-fd1908bc5a53,76,7068.0,2021-12-14 01:02:19.857,2021-12-14 01:02:19.857
ae42eee1-775c-ec11-8350-fd1908bc5a53,76,7068.0,2021-12-14 00:50:59.577,2021-12-14 00:50:59.577
5ad98bf9-7b5c-ec11-8350-fd1908bc5a53,76,1976.0,2021-12-14 01:20:15.750,2021-12-14 01:20:15.750
5adf1591-869b-ee11-8445-cc0b759db311,76,21280.0,2023-12-15 20:14:42.267,2023-12-15 20:14:42.267
4f279717-7c5c-ec11-8350-fd1908bc5a53,76,1976.0,2021-12-14 01:21:01.103,2021-12-14 01:21:01.103
1973c2db-795c-ec11-8350-fd1908bc5a53,76,1976.0,2021-12-14 01:05:07.473,2021-12-14 01:05:07.473
b4e314c7-8b9b-ee11-8445-cc0b759db311,76,2242.0,2023-12-15 20:52:03.107,2023-12-15 20:52:03.107
d96ef3fa-8a9b-ee11-8445-cc0b759db311,76,3553.0,2023-12-15 20:46:20.660,2023-12-15 20:46:20.660
19634166-785c-ec11-8350-fd1908bc5a53,76,2888.0,2021-12-14 00:54:34.110,2021-12-14 00:54:34.110
5aca7e7b-795c-ec11-8350-fd1908bc5a53,76,1976.0,2021-12-14 01:02:28.040,2021-12-14 01:02:28.040
3b2491ed-7b5c-ec11-8350-fd1908bc5a53,76,1976.0,2021-12-14 01:19:51.527,2021-12-14 01:19:51.527
74d40b5a-8d9b-ee11-8445-cc0b759db311,76,2242.0,2023-12-15 21:03:13.427,2023-12-15 21:03:13.427
349217b1-7b5c-ec11-8350-fd1908bc5a53,76,1976.0,2021-12-14 01:18:15.747,2021-12-14 01:18:15.747
35b716b5-869b-ee11-8445-cc0b759db311,76,4465.0,2023-12-15 20:15:41.417,2023-12-15 20:15:41.417
0c2a1085-8b9b-ee11-8445-cc0b759db311,76,2242.0,2023-12-15 20:50:08.690,2023-12-15 20:50:08.690
4339ad99-795c-ec11-8350-fd1908bc5a53,76,3724.0,2021-12-14 01:03:16.900,2021-12-14 01:03:16.900
a07773c3-8c9b-ee11-8445-cc0b759db311,76,41952.0,2023-12-15 20:59:03.317,2023-12-15 20:59:03.317
5a9d4a6c-785c-ec11-8350-fd1908bc5a53,76,7068.0,2021-12-14 00:54:50.813,2021-12-14 00:54:50.813
750c61ab-879b-ee11-8445-cc0b759db311,76,3553.0,2023-12-15 20:22:39.003,2023-12-15 20:22:39.003
a074799c-7a5c-ec11-8350-fd1908bc5a53,76,34051.8,2021-12-14 01:10:27.247,2021-12-14 01:10:27.247
b4bfb902-7b5c-ec11-8350-fd1908bc5a53,76,3534.0,2021-12-14 01:13:24.907,2021-12-14 01:13:24.907
747ceab4-7c5c-ec11-8350-fd1908bc5a53,76,1976.0,2021-12-14 01:25:30.473,2021-12-14 01:25:30.473
3a7c799c-7a5c-ec11-8350-fd1908bc5a53,76,14481.8,2021-12-14 01:10:29.620,2021-12-14 01:10:29.620
08089890-7c5c-ec11-8350-fd1908bc5a53,76,3724.0,2021-12-14 01:24:27.420,2021-12-14 01:24:27.420
747f01df-785c-ec11-8350-fd1908bc5a53,76,3724.0,2021-12-14 00:58:03.033,2021-12-14 00:58:03.033
0c197dff-879b-ee11-8445-cc0b759db311,76,3192.0,2023-12-15 20:25:01.153,2023-12-15 20:25:01.153
b4c27f75-8c9b-ee11-8445-cc0b759db311,76,2242.0,2023-12-15 20:56:57.100,2023-12-15 20:56:57.100
5a997034-8a9b-ee11-8445-cc0b759db311,76,3553.0,2023-12-15 20:40:46.780,2023-12-15 20:40:46.780
74a98163-8c9b-ee11-8445-cc0b759db311,76,2242.0,2023-12-15 20:56:26.597,2023-12-15 20:56:26.597
d95c681b-775c-ec11-8350-fd1908bc5a53,76,3534.0,2021-12-14 00:45:18.503,2021-12-14 00:45:18.503
a0613dd9-765c-ec11-8350-fd1908bc5a53,76,1976.0,2021-12-14 00:43:31.363,2021-12-14 00:43:31.363
5a7ad4d5-775c-ec11-8350-fd1908bc5a53,76,3534.0,2021-12-14 00:50:36.603,2021-12-14 00:50:36.603
a064c2db-795c-ec11-8350-fd1908bc5a53,76,3724.0,2021-12-14 01:05:02.720,2021-12-14 01:05:02.720
d90f6684-7a5c-ec11-8350-fd1908bc5a53,76,2660.0,2021-12-14 01:09:47.873,2021-12-14 01:09:47.873
4f0203e3-8a9b-ee11-8445-cc0b759db311,76,4465.0,2023-12-15 20:45:36.660,2023-12-15 20:45:36.660
5ea4a4b1-795c-ec11-8350-fd1908bc5a53,76,3534.0,2021-12-14 01:03:56.907,2021-12-14 01:03:56.907
d938989c-7c5c-ec11-8350-fd1908bc5a53,76,12368.24,2021-12-14 01:24:44.070,2021-12-14 01:24:44.070
5a58a72f-7c5c-ec11-8350-fd1908bc5a53,76,1976.0,2021-12-14 01:21:49.707,2021-12-14 01:21:49.707
19507287-879b-ee11-8445-cc0b759db311,76,3192.0,2023-12-15 20:21:34.547,2023-12-15 20:21:34.547
208fdf1a-7b5c-ec11-8350-fd1908bc5a53,76,2888.0,2021-12-14 01:13:58.940,2021-12-14 01:13:58.940
d8fdc9d5-795c-ec11-8350-fd1908bc5a53,76,3040.0,2021-12-14 01:04:50.357,2021-12-14 01:04:50.357
a0677657-8c9b-ee11-8445-cc0b759db311,76,16169.0,2023-12-15 20:56:04.440,2023-12-15 20:56:04.440
d8ee3654-7a5c-ec11-8350-fd1908bc5a53,76,18552.36,2021-12-14 01:08:24.357,2021-12-14 01:08:24.357
74422e51-7d5c-ec11-8350-fd1908bc5a53,76,1976.0,2021-12-14 01:29:47.877,2021-12-14 01:29:47.877
d8ef9c29-7c5c-ec11-8350-fd1908bc5a53,76,1976.0,2021-12-14 01:21:38.043,2021-12-14 01:21:38.043
d9e2686a-8a9b-ee11-8445-cc0b759db311,76,3553.0,2023-12-15 20:42:17.407,2023-12-15 20:42:17.407
4ee114c7-8b9b-ee11-8445-cc0b759db311,76,2242.0,2023-12-15 20:52:02.370,2023-12-15 20:52:02.370
3a6b593d-bc7c-ed11-83d0-a66103c9ecd8,76,0.0,2022-12-15 21:07:29.053,2022-12-15 21:07:29.053
743191ed-7b5c-ec11-8350-fd1908bc5a53,76,7068.0,2021-12-14 01:19:55.617,2021-12-14 01:19:55.617
a05915c0-8d9b-ee11-8445-cc0b759db311,76,2242.0,2023-12-15 21:06:05.120,2023-12-15 21:06:05.120
48fd1e09-795c-ec11-8350-fd1908bc5a53,76,3534.0,2021-12-14 00:59:10.297,2021-12-14 00:59:10.297
194bd7c9-775c-ec11-8350-fd1908bc5a53,76,3040.0,2021-12-14 00:50:15.363,2021-12-14 00:50:15.363
0bf12b4b-7d5c-ec11-8350-fd1908bc5a53,76,2888.0,2021-12-14 01:29:43.677,2021-12-14 01:29:43.677
5a47b159-7c5c-ec11-8350-fd1908bc5a53,76,1976.0,2021-12-14 01:22:59.040,2021-12-14 01:22:59.040
285d16bb-869b-ee11-8445-cc0b759db311,76,26068.0,2023-12-15 20:15:53.447,2023-12-15 20:15:53.447
5a489cb7-795c-ec11-8350-fd1908bc5a53,76,11220.64,2021-12-14 01:04:02.583,2021-12-14 01:04:02.583
038aaa7c-8a9b-ee11-8445-cc0b759db311,76,21888.0,2023-12-15 20:42:43.367,2023-12-15 20:42:43.367
a05ac2d1-889b-ee11-8445-cc0b759db311,76,8189.0,2023-12-15 20:30:52.610,2023-12-15 20:30:52.610
743eb741-7c5c-ec11-8350-fd1908bc5a53,76,22701.2,2021-12-14 01:22:14.443,2021-12-14 01:22:14.443
4a86d4d5-775c-ec11-8350-fd1908bc5a53,76,3724.0,2021-12-14 00:50:40.223,2021-12-14 00:50:40.223
747808fa-775c-ec11-8350-fd1908bc5a53,76,3534.0,2021-12-14 00:51:37.443,2021-12-14 00:51:37.443
5a3a8829-8d9b-ee11-8445-cc0b759db311,76,20368.0,2023-12-15 21:01:56.107,2023-12-15 21:01:56.107
a05f19a9-869b-ee11-8445-cc0b759db311,76,18449.0,2023-12-15 20:15:26.220,2023-12-15 20:15:26.220
0793aa7c-8a9b-ee11-8445-cc0b759db311,76,4028.0,2023-12-15 20:42:46.467,2023-12-15 20:42:46.467
74012301-0050-fc61-6531-08de29401b03,76,0.0,2025-11-21 20:54:04.233,2025-11-21 20:54:04.233
03893333-879b-ee11-8445-cc0b759db311,76,24776.0,2023-12-15 20:19:13.400,2023-12-15 20:19:13.400
5a2f724c-8a9b-ee11-8445-cc0b759db311,76,3553.0,2023-12-15 20:41:29.017,2023-12-15 20:41:29.017
aa453809-7d5c-ec11-8350-fd1908bc5a53,76,1976.0,2021-12-14 01:27:49.753,2021-12-14 01:27:49.753
4eea04ee-775c-ec11-8350-fd1908bc5a53,76,3534.0,2021-12-14 00:51:21.317,2021-12-14 00:51:21.317
00087427-8c9b-ee11-8445-cc0b759db311,76,2242.0,2023-12-15 20:54:40.550,2023-12-15 20:54:40.550
b51b8cab-7d5c-ec11-8350-fd1908bc5a53,76,1976.0,2021-12-14 01:32:24.517,2021-12-14 01:32:24.517
d23c1c07-8b9b-ee11-8445-cc0b759db311,76,3553.0,2023-12-15 20:46:42.117,2023-12-15 20:46:42.117
5a15b408-7b5c-ec11-8350-fd1908bc5a53,76,3059.0,2021-12-14 01:13:33.297,2021-12-14 01:13:33.297
c0c515a4-899b-ee11-8445-cc0b759db311,76,3553.0,2023-12-15 20:36:39.097,2023-12-15 20:36:39.097
73daed25-899b-ee11-8445-cc0b759db311,76,2242.0,2023-12-15 20:33:11.537,2023-12-15 20:33:11.537
0bdab9bd-7d5c-ec11-8350-fd1908bc5a53,76,1976.0,2021-12-14 01:32:48.643,2021-12-14 01:32:48.643
193b304e-785c-ec11-8350-fd1908bc5a53,76,22701.2,2021-12-14 00:53:54.560,2021-12-14 00:53:54.560
73ef8c05-7c5c-ec11-8350-fd1908bc5a53,76,1976.0,2021-12-14 01:20:38.273,2021-12-14 01:20:38.273
4ecc6875-879b-ee11-8445-cc0b759db311,76,8189.0,2023-12-15 20:21:02.437,2023-12-15 20:21:02.437
73df64cf-8c9b-ee11-8445-cc0b759db311,76,15637.0,2023-12-15 20:59:23.827,2023-12-15 20:59:23.827
4330057a-899b-ee11-8445-cc0b759db311,76,15637.0,2023-12-15 20:35:33.157,2023-12-15 20:35:33.157
c0c5d278-765c-ec11-8350-fd1908bc5a53,76,16434.24,2021-12-14 00:40:48.607,2021-12-14 00:40:48.607
73f27c51-775c-ec11-8350-fd1908bc5a53,76,3040.0,2021-12-14 00:46:54.213,2021-12-14 00:46:54.213
2c106eba-7a5c-ec11-8350-fd1908bc5a53,76,1976.0,2021-12-14 01:11:20.970,2021-12-14 01:11:20.970
b4a564d5-7b5c-ec11-8350-fd1908bc5a53,76,1976.0,2021-12-14 01:19:12.967,2021-12-14 01:19:12.967
b4a84f87-7d5c-ec11-8350-fd1908bc5a53,76,1976.0,2021-12-14 01:31:26.117,2021-12-14 01:31:26.117
c0bc637b-879b-ee11-8445-cc0b759db311,76,8189.0,2023-12-15 20:21:10.773,2023-12-15 20:21:10.773
d8b61820-8e9b-ee11-8445-cc0b759db311,76,2242.0,2023-12-15 21:08:48.013,2023-12-15 21:08:48.013
4ed65a5d-795c-ec11-8350-fd1908bc5a53,76,6308.0,2021-12-14 01:01:33.703,2021-12-14 01:01:33.703
d8d41996-785c-ec11-8350-fd1908bc5a53,76,20465.28,2021-12-14 00:55:59.653,2021-12-14 00:55:59.653
