transaction_id,transaction_date,product_type,sale_type,application_channel,product_description,total_payment,primary_ticket_id,subscription_instance_id,internal_account_id
80b1ce0e-6840-ef11-84a5-97264a812b15,2024-07-12 16:02:46.870,Ticket,Sale,bSRO,EXT,293025.2,10a9ac18-6840-ef11-84a5-97264a812b15,,6b5a199664d0f4511bc1d06f41573b9c26ff81520a8978481f67ae30a685644a
3efde69e-e108-f011-84f4-ff0475a88a10,2025-03-24 18:57:03.007,Ticket,Sale,bSRO,EXT,31336.7,16b388ac-e108-f011-84f4-ff0475a88a10,,2da7a3b5bcb4ed3e9f0b5be4d2e0191b8267e0c121157f3e88b12e983450fa92
48572455-5bd3-eb11-830a-9b92ee7b3382,2021-06-22 13:14:25.697,Ticket,Sale,bSRO,EXT,26162.97,836e625e-5bd3-eb11-830a-9b92ee7b3382,,2967f0e5510e15f3532fc7e76a67577bffcc7b0b48c657a7f5c762097a6bc806
24109845-7e11-f011-8506-baae7fa9bd25,2025-04-04 17:58:31.857,Ticket,Sale,bSRO,2025 MLS All Star Hospitality,25000.0,fd28e45f-7e11-f011-8506-baae7fa9bd25,,6567e1cc874bbad2dd7fe0052a304af3e7d31c8c158ad188fe97fa96706dc10d
37d9278c-ac1b-f011-8506-f620b75292ac,2025-04-17 16:54:45.870,Ticket,Sale,bSRO,2025 MLS All Star Hospitality,23000.0,3162ba98-ac1b-f011-8506-f620b75292ac,,8fdafcec2393f45450b8b2669c4f24969ae67c3016bfa00a35765e95e167f806
aaedc8f7-e700-f011-84f4-ba516b1a1612,2025-03-14 15:22:28.003,Ticket,Sale,bSRO,2025 MLS All Star Hospitality,20000.0,9b2c4816-e800-f011-84f4-ba516b1a1612,,025dcb9886deb8eb0fb570893049500377e49233e88c6230bb51d942d1f88ce7
3c02c8a2-9f1b-f011-8506-f620b75292ac,2025-04-17 15:22:05.193,Ticket,Sale,bSRO,2025 MLS All Star Hospitality,20000.0,0bffbdae-9f1b-f011-8506-f620b75292ac,,0eda26abecf96406719341a5d5327a370f485839e65b8b0a61288288f480c2e9
9dd0503f-4b1a-f011-8506-b278d1941312,2025-04-15 22:46:31.183,Ticket,Sale,bSRO,2025 MLS All Star Hospitality,20000.0,8abca253-4b1a-f011-8506-b278d1941312,,07f287efb8bd2fb5ae7c17b61217cba2df994352beeb00b6746f171cd2cbd70e
251505a0-2c90-79c7-c94b-08dd8cb7f69f,2025-05-06 16:07:27.927,Ticket,Sale,bSRO,2025 MLS All Star Hospitality,20000.0,2c1505a0-2c90-79c7-29d4-08dd8cb7ffe5,,5506af7467b2c0b4c905d310da316b03482be7f4dedd1bbd6acc860e6216a7d8
35561692-4b1a-f011-8506-b278d1941312,2025-04-15 22:47:51.183,Ticket,Sale,bSRO,2025 MLS All Star Hospitality,20000.0,cc0b2d98-4b1a-f011-8506-b278d1941312,,1bb9a572fefeabc956f3e990820b859c2f5167a00d9bd0d8ec0eefa54e682f3f
223002f4-7790-79c7-b8b1-08ddf200e5fc,2025-09-12 13:33:41.263,Ticket,Sale,bSRO,2025 MLS All Star Hospitality,20000.0,303002f4-7790-79c7-a9ee-08ddf200f6ab,,b3b6209c5e8017c9e7af84a5065d5fbfdf49fd2bd7cdf575f391cfb7c56d6784
0cdb9238-c105-f011-84f5-f46f85476544,2025-03-20 19:27:07.513,Ticket,Sale,bSRO,2025 MLS All Star Hospitality,20000.0,6a0cbe40-c105-f011-84f5-f46f85476544,,5f33707755c8910c93dd265a1c45487dd9cdeddb6488a3964c877b09bbf0668f
8562a9bf-16f0-ed11-8445-c5a969c217e6,2023-05-11 16:15:21.523,Ticket,Sale,bSRO,EXT,19678.44,b95d45cc-16f0-ed11-8445-c5a969c217e6,,832bb742603969c1041206560d682dfb9eb08d293b5d37fe599f4144f5b03b02
c71010a0-2c90-79c7-f232-08dd8e70e374,2025-05-08 20:43:48.317,Ticket,Sale,bSRO,2025 MLS All Star Hospitality,18000.0,ea1010a0-2c90-79c7-5249-08dd8e70f826,,97e2150cd6658428c1091157ce116f8fedde342f9b572675ef65a291afa57508
53a2054c-3c90-79c7-a81f-08dda2bb3e9c,2025-06-03 16:25:25.117,Subscription,Reservation Confirmation,Internal,2026 Full Season Membership,17652.47,,a4aa044c-3c90-79c7-f829-08dda2a39bb2,92977dfabc6425c5b1ef69177ae10941231bd6834695442180603e87279e0532
53a2054c-3c90-79c7-a81f-08dda2bb3e9c,2025-06-03 16:25:25.117,Subscription,Reservation Confirmation,Internal,2026 Full Season Membership,17652.47,,a5aa044c-3c90-79c7-f837-08dda2a39bb2,92977dfabc6425c5b1ef69177ae10941231bd6834695442180603e87279e0532
53a2054c-3c90-79c7-a81f-08dda2bb3e9c,2025-06-03 16:25:25.117,Subscription,Reservation Confirmation,Internal,2026 Full Season Membership,17652.47,,a3aa044c-3c90-79c7-f826-08dda2a39bb2,92977dfabc6425c5b1ef69177ae10941231bd6834695442180603e87279e0532
53a2054c-3c90-79c7-a81f-08dda2bb3e9c,2025-06-03 16:25:25.117,Subscription,Reservation Confirmation,Internal,2026 Full Season Membership,17652.47,,a2aa044c-3c90-79c7-f822-08dda2a39bb2,92977dfabc6425c5b1ef69177ae10941231bd6834695442180603e87279e0532
4890c9a4-491d-ef11-8445-a503dfa011f2,2024-05-28 23:26:07.960,Subscription,Reservation Confirmation,Internal,2025 Full Season Membership,17306.34,,5474f6ea-961c-ef11-8445-f8a6050c782d,92977dfabc6425c5b1ef69177ae10941231bd6834695442180603e87279e0532
4890c9a4-491d-ef11-8445-a503dfa011f2,2024-05-28 23:26:07.960,Subscription,Reservation Confirmation,Internal,2025 Full Season Membership,17306.34,,5574f6ea-961c-ef11-8445-f8a6050c782d,92977dfabc6425c5b1ef69177ae10941231bd6834695442180603e87279e0532
4890c9a4-491d-ef11-8445-a503dfa011f2,2024-05-28 23:26:07.960,Subscription,Reservation Confirmation,Internal,2025 Full Season Membership,17306.34,,5374f6ea-961c-ef11-8445-f8a6050c782d,92977dfabc6425c5b1ef69177ae10941231bd6834695442180603e87279e0532
4890c9a4-491d-ef11-8445-a503dfa011f2,2024-05-28 23:26:07.960,Subscription,Reservation Confirmation,Internal,2025 Full Season Membership,17306.34,,5274f6ea-961c-ef11-8445-f8a6050c782d,92977dfabc6425c5b1ef69177ae10941231bd6834695442180603e87279e0532
72bb9b42-0906-ee11-8445-dbaba6384eee,2023-06-08 14:32:23.233,Subscription,Reservation Confirmation,Internal,2024 Full Season Membership,16967.0,,f2662659-0806-ee11-8445-dbaba6384eee,92977dfabc6425c5b1ef69177ae10941231bd6834695442180603e87279e0532
72bb9b42-0906-ee11-8445-dbaba6384eee,2023-06-08 14:32:23.233,Subscription,Reservation Confirmation,Internal,2024 Full Season Membership,16967.0,,f3662659-0806-ee11-8445-dbaba6384eee,92977dfabc6425c5b1ef69177ae10941231bd6834695442180603e87279e0532
72bb9b42-0906-ee11-8445-dbaba6384eee,2023-06-08 14:32:23.233,Subscription,Reservation Confirmation,Internal,2024 Full Season Membership,16967.0,,f1662659-0806-ee11-8445-dbaba6384eee,92977dfabc6425c5b1ef69177ae10941231bd6834695442180603e87279e0532
72bb9b42-0906-ee11-8445-dbaba6384eee,2023-06-08 14:32:23.233,Subscription,Reservation Confirmation,Internal,2024 Full Season Membership,16967.0,,f0662659-0806-ee11-8445-dbaba6384eee,92977dfabc6425c5b1ef69177ae10941231bd6834695442180603e87279e0532
70b28d09-477b-ed11-83d0-dbe117b3817e,2022-12-14 00:34:24.870,Subscription,Sale,Internal,2023 Full Season Membership,16625.0,,7cb28d09-477b-ed11-83d0-dbe117b3817e,92977dfabc6425c5b1ef69177ae10941231bd6834695442180603e87279e0532
70b28d09-477b-ed11-83d0-dbe117b3817e,2022-12-14 00:34:24.870,Subscription,Sale,Internal,2023 Full Season Membership,16625.0,,7bb28d09-477b-ed11-83d0-dbe117b3817e,92977dfabc6425c5b1ef69177ae10941231bd6834695442180603e87279e0532
70b28d09-477b-ed11-83d0-dbe117b3817e,2022-12-14 00:34:24.870,Subscription,Sale,Internal,2023 Full Season Membership,16625.0,,79b28d09-477b-ed11-83d0-dbe117b3817e,92977dfabc6425c5b1ef69177ae10941231bd6834695442180603e87279e0532
70b28d09-477b-ed11-83d0-dbe117b3817e,2022-12-14 00:34:24.870,Subscription,Sale,Internal,2023 Full Season Membership,16625.0,,7ab28d09-477b-ed11-83d0-dbe117b3817e,92977dfabc6425c5b1ef69177ae10941231bd6834695442180603e87279e0532
6b98054c-3c90-79c7-0e6e-08dda2b922b7,2025-06-03 16:10:19.283,Subscription,Reservation Confirmation,Internal,2026 Full Season Membership,15923.8,,ffac044c-3c90-79c7-3a46-08dda2a39ee0,d7b24d67cf718f5e60e6e57a7a4ed31504f0476b6733cad4e0f58a3a5cbb8a6d
6b98054c-3c90-79c7-0e6e-08dda2b922b7,2025-06-03 16:10:19.283,Subscription,Reservation Confirmation,Internal,2026 Full Season Membership,15923.8,,01ad044c-3c90-79c7-3a6c-08dda2a39ee0,d7b24d67cf718f5e60e6e57a7a4ed31504f0476b6733cad4e0f58a3a5cbb8a6d
6b98054c-3c90-79c7-0e6e-08dda2b922b7,2025-06-03 16:10:19.283,Subscription,Reservation Confirmation,Internal,2026 Full Season Membership,15923.8,,02ad044c-3c90-79c7-3a70-08dda2a39ee0,d7b24d67cf718f5e60e6e57a7a4ed31504f0476b6733cad4e0f58a3a5cbb8a6d
6b98054c-3c90-79c7-0e6e-08dda2b922b7,2025-06-03 16:10:19.283,Subscription,Reservation Confirmation,Internal,2026 Full Season Membership,15923.8,,00ad044c-3c90-79c7-3a68-08dda2a39ee0,d7b24d67cf718f5e60e6e57a7a4ed31504f0476b6733cad4e0f58a3a5cbb8a6d
33caac99-1a10-ec11-8315-ac101f6609d5,2021-09-07 20:32:37.137,Subscription,Sale,bSRO,2022 Full Season Membership,15867.28,,019f85a6-1a10-ec11-8315-ac101f6609d5,7409d853603a3a18391402afa08e409c3add9fd416bbd9d1173dc0e2d53e3a84
33caac99-1a10-ec11-8315-ac101f6609d5,2021-09-07 20:32:37.137,Subscription,Sale,bSRO,2022 Full Season Membership,15867.28,,009f85a6-1a10-ec11-8315-ac101f6609d5,7409d853603a3a18391402afa08e409c3add9fd416bbd9d1173dc0e2d53e3a84
33caac99-1a10-ec11-8315-ac101f6609d5,2021-09-07 20:32:37.137,Subscription,Sale,bSRO,2022 Full Season Membership,15867.28,,ff9e85a6-1a10-ec11-8315-ac101f6609d5,7409d853603a3a18391402afa08e409c3add9fd416bbd9d1173dc0e2d53e3a84
33caac99-1a10-ec11-8315-ac101f6609d5,2021-09-07 20:32:37.137,Subscription,Sale,bSRO,2022 Full Season Membership,15867.28,,029f85a6-1a10-ec11-8315-ac101f6609d5,7409d853603a3a18391402afa08e409c3add9fd416bbd9d1173dc0e2d53e3a84
3e97054c-3c90-79c7-dfde-08dda2b8f604,2025-06-03 16:09:04.280,Subscription,Reservation Confirmation,Internal,2026 Full Season Membership,15682.22,,e9ad044c-3c90-79c7-8dab-08dda2a39fe3,254dab8a79680fd274a0b63240f9cd50969a17087a6e298724bd9dab971c4faf
3e97054c-3c90-79c7-dfde-08dda2b8f604,2025-06-03 16:09:04.280,Subscription,Reservation Confirmation,Internal,2026 Full Season Membership,15682.22,,eaad044c-3c90-79c7-8dd2-08dda2a39fe3,254dab8a79680fd274a0b63240f9cd50969a17087a6e298724bd9dab971c4faf
3e97054c-3c90-79c7-dfde-08dda2b8f604,2025-06-03 16:09:04.280,Subscription,Reservation Confirmation,Internal,2026 Full Season Membership,15682.22,,ecad044c-3c90-79c7-8ddf-08dda2a39fe3,254dab8a79680fd274a0b63240f9cd50969a17087a6e298724bd9dab971c4faf
3e97054c-3c90-79c7-dfde-08dda2b8f604,2025-06-03 16:09:04.280,Subscription,Reservation Confirmation,Internal,2026 Full Season Membership,15682.22,,ebad044c-3c90-79c7-8dd7-08dda2a39fe3,254dab8a79680fd274a0b63240f9cd50969a17087a6e298724bd9dab971c4faf
96b301b8-6e90-79c7-bcde-08ddc311930e,2025-07-14 20:07:12.137,Subscription,Sale,bSRO,2026 Full Season Membership,15564.0,,f9b301b8-6e90-79c7-8c8c-08ddc311d702,7cbfe66c7ee88549d7d442f9d0a90aae70bb7de8f8157c76d9ab5ee14321660f
96b301b8-6e90-79c7-bcde-08ddc311930e,2025-07-14 20:07:12.137,Subscription,Sale,bSRO,2026 Full Season Membership,15564.0,,0bb401b8-6e90-79c7-e608-08ddc311de5d,7cbfe66c7ee88549d7d442f9d0a90aae70bb7de8f8157c76d9ab5ee14321660f
96b301b8-6e90-79c7-bcde-08ddc311930e,2025-07-14 20:07:12.137,Subscription,Sale,bSRO,2026 Full Season Membership,15564.0,,09b401b8-6e90-79c7-4363-08ddc311ddae,7cbfe66c7ee88549d7d442f9d0a90aae70bb7de8f8157c76d9ab5ee14321660f
96b301b8-6e90-79c7-bcde-08ddc311930e,2025-07-14 20:07:12.137,Subscription,Sale,bSRO,2026 Full Season Membership,15564.0,,07b401b8-6e90-79c7-0ab8-08ddc311dcfa,7cbfe66c7ee88549d7d442f9d0a90aae70bb7de8f8157c76d9ab5ee14321660f
1ec4093c-4690-79c7-001d-08dda8376eb1,2025-06-10 15:58:10.817,Subscription,Sale,bSRO,2026 Full Season Membership,15520.97,,56c4093c-4690-79c7-2ceb-08dda83784fe,a8a3950114bd003758743943ee51102d03d7cb7e7414953ad4dbfa860dd5eeee
1ec4093c-4690-79c7-001d-08dda8376eb1,2025-06-10 15:58:10.817,Subscription,Sale,bSRO,2026 Full Season Membership,15520.97,,54c4093c-4690-79c7-2cb6-08dda83784fe,a8a3950114bd003758743943ee51102d03d7cb7e7414953ad4dbfa860dd5eeee
1ec4093c-4690-79c7-001d-08dda8376eb1,2025-06-10 15:58:10.817,Subscription,Sale,bSRO,2026 Full Season Membership,15520.97,,55c4093c-4690-79c7-2cbb-08dda83784fe,a8a3950114bd003758743943ee51102d03d7cb7e7414953ad4dbfa860dd5eeee
1ec4093c-4690-79c7-001d-08dda8376eb1,2025-06-10 15:58:10.817,Subscription,Sale,bSRO,2026 Full Season Membership,15520.97,,53c4093c-4690-79c7-2c82-08dda83784fe,a8a3950114bd003758743943ee51102d03d7cb7e7414953ad4dbfa860dd5eeee
f8fcc053-8c4b-ef11-84a5-a563d9fef745,2024-07-26 20:20:04.880,Subscription,Sale,bSRO,2025 Full Season Membership,15460.0,,441d2e5a-8c4b-ef11-84a5-a563d9fef745,d7b24d67cf718f5e60e6e57a7a4ed31504f0476b6733cad4e0f58a3a5cbb8a6d
f8fcc053-8c4b-ef11-84a5-a563d9fef745,2024-07-26 20:20:04.880,Subscription,Sale,bSRO,2025 Full Season Membership,15460.0,,451d2e5a-8c4b-ef11-84a5-a563d9fef745,d7b24d67cf718f5e60e6e57a7a4ed31504f0476b6733cad4e0f58a3a5cbb8a6d
f8fcc053-8c4b-ef11-84a5-a563d9fef745,2024-07-26 20:20:04.880,Subscription,Sale,bSRO,2025 Full Season Membership,15460.0,,461d2e5a-8c4b-ef11-84a5-a563d9fef745,d7b24d67cf718f5e60e6e57a7a4ed31504f0476b6733cad4e0f58a3a5cbb8a6d
f8fcc053-8c4b-ef11-84a5-a563d9fef745,2024-07-26 20:20:04.880,Subscription,Sale,bSRO,2025 Full Season Membership,15460.0,,471d2e5a-8c4b-ef11-84a5-a563d9fef745,d7b24d67cf718f5e60e6e57a7a4ed31504f0476b6733cad4e0f58a3a5cbb8a6d
44d1d77b-371d-ef11-8445-a503dfa011f2,2024-05-28 21:16:33.577,Subscription,Reservation Confirmation,bSRO,2025 Full Season Membership,15382.02,,46af84b6-971c-ef11-8445-f8a6050c782d,7cbfe66c7ee88549d7d442f9d0a90aae70bb7de8f8157c76d9ab5ee14321660f
44d1d77b-371d-ef11-8445-a503dfa011f2,2024-05-28 21:16:33.577,Subscription,Reservation Confirmation,bSRO,2025 Full Season Membership,15382.02,,47af84b6-971c-ef11-8445-f8a6050c782d,7cbfe66c7ee88549d7d442f9d0a90aae70bb7de8f8157c76d9ab5ee14321660f
44d1d77b-371d-ef11-8445-a503dfa011f2,2024-05-28 21:16:33.577,Subscription,Reservation Confirmation,bSRO,2025 Full Season Membership,15382.02,,45af84b6-971c-ef11-8445-f8a6050c782d,7cbfe66c7ee88549d7d442f9d0a90aae70bb7de8f8157c76d9ab5ee14321660f
44d1d77b-371d-ef11-8445-a503dfa011f2,2024-05-28 21:16:33.577,Subscription,Reservation Confirmation,bSRO,2025 Full Season Membership,15382.02,,48af84b6-971c-ef11-8445-f8a6050c782d,7cbfe66c7ee88549d7d442f9d0a90aae70bb7de8f8157c76d9ab5ee14321660f
e27bbb9a-f85a-d6a2-7006-019f6688a0d2,2026-07-15 16:14:08.383,Subscription,Sale,bSRO,2027-2028 Full Season Membership,15368.58,,4fcf9120-b1bd-a8a5-7006-019f668d9eb9,254dab8a79680fd274a0b63240f9cd50969a17087a6e298724bd9dab971c4faf
e27bbb9a-f85a-d6a2-7006-019f6688a0d2,2026-07-15 16:14:08.383,Subscription,Sale,bSRO,2027-2028 Full Season Membership,15368.58,,78d0c77d-98e9-a3a5-7006-019f668d9586,254dab8a79680fd274a0b63240f9cd50969a17087a6e298724bd9dab971c4faf
e27bbb9a-f85a-d6a2-7006-019f6688a0d2,2026-07-15 16:14:08.383,Subscription,Sale,bSRO,2027-2028 Full Season Membership,15368.58,,59840c2f-a06e-aaa5-7006-019f668da4b0,254dab8a79680fd274a0b63240f9cd50969a17087a6e298724bd9dab971c4faf
e27bbb9a-f85a-d6a2-7006-019f6688a0d2,2026-07-15 16:14:08.383,Subscription,Sale,bSRO,2027-2028 Full Season Membership,15368.58,,e77533ef-b5d7-a6a5-7006-019f668d9a57,254dab8a79680fd274a0b63240f9cd50969a17087a6e298724bd9dab971c4faf
53a2054c-3c90-79c7-a81f-08dda2bb3e9c,2025-06-03 16:25:25.117,Subscription,Reservation Confirmation,Internal,2026 Full Season Membership,15319.89,,a1aa044c-3c90-79c7-f819-08dda2a39bb2,92977dfabc6425c5b1ef69177ae10941231bd6834695442180603e87279e0532
53a2054c-3c90-79c7-a81f-08dda2bb3e9c,2025-06-03 16:25:25.117,Subscription,Reservation Confirmation,Internal,2026 Full Season Membership,15319.89,,a0aa044c-3c90-79c7-f7f6-08dda2a39bb2,92977dfabc6425c5b1ef69177ae10941231bd6834695442180603e87279e0532
cdf0c12e-ebbf-eb11-830a-bd4f204dc6ec,2021-05-28 19:30:49.540,Subscription,Sale,bSRO,2021 Full Season Membership,15257.0,,7af0c12e-ebbf-eb11-830a-bd4f204dc6ec,7409d853603a3a18391402afa08e409c3add9fd416bbd9d1173dc0e2d53e3a84
cdf0c12e-ebbf-eb11-830a-bd4f204dc6ec,2021-05-28 19:30:49.540,Subscription,Sale,bSRO,2021 Full Season Membership,15257.0,,7ef0c12e-ebbf-eb11-830a-bd4f204dc6ec,7409d853603a3a18391402afa08e409c3add9fd416bbd9d1173dc0e2d53e3a84
cdf0c12e-ebbf-eb11-830a-bd4f204dc6ec,2021-05-28 19:30:49.540,Subscription,Sale,bSRO,2021 Full Season Membership,15257.0,,80f0c12e-ebbf-eb11-830a-bd4f204dc6ec,7409d853603a3a18391402afa08e409c3add9fd416bbd9d1173dc0e2d53e3a84
cdf0c12e-ebbf-eb11-830a-bd4f204dc6ec,2021-05-28 19:30:49.540,Subscription,Sale,bSRO,2021 Full Season Membership,15257.0,,7cf0c12e-ebbf-eb11-830a-bd4f204dc6ec,7409d853603a3a18391402afa08e409c3add9fd416bbd9d1173dc0e2d53e3a84
a3a4d44d-411d-ef11-8445-a503dfa011f2,2024-05-28 22:26:26.870,Subscription,Reservation Confirmation,Internal,2025 Full Season Membership,15225.46,,74a371c8-971c-ef11-8445-f8a6050c782d,254dab8a79680fd274a0b63240f9cd50969a17087a6e298724bd9dab971c4faf
a3a4d44d-411d-ef11-8445-a503dfa011f2,2024-05-28 22:26:26.870,Subscription,Reservation Confirmation,Internal,2025 Full Season Membership,15225.46,,72a371c8-971c-ef11-8445-f8a6050c782d,254dab8a79680fd274a0b63240f9cd50969a17087a6e298724bd9dab971c4faf
a3a4d44d-411d-ef11-8445-a503dfa011f2,2024-05-28 22:26:26.870,Subscription,Reservation Confirmation,Internal,2025 Full Season Membership,15225.46,,73a371c8-971c-ef11-8445-f8a6050c782d,254dab8a79680fd274a0b63240f9cd50969a17087a6e298724bd9dab971c4faf
a3a4d44d-411d-ef11-8445-a503dfa011f2,2024-05-28 22:26:26.870,Subscription,Reservation Confirmation,Internal,2025 Full Season Membership,15225.46,,71a371c8-971c-ef11-8445-f8a6050c782d,254dab8a79680fd274a0b63240f9cd50969a17087a6e298724bd9dab971c4faf
243c2602-c6af-d693-7001-019f851dec10,2026-07-21 14:45:48.653,Subscription,Sale,bSRO,2027-2028 Full Season Membership,15210.55,,cbfc03ca-f5e1-7e96-7001-019f852362fe,d7b24d67cf718f5e60e6e57a7a4ed31504f0476b6733cad4e0f58a3a5cbb8a6d
243c2602-c6af-d693-7001-019f851dec10,2026-07-21 14:45:48.653,Subscription,Sale,bSRO,2027-2028 Full Season Membership,15210.55,,b6ca2c8f-18b3-8796-7001-019f85236857,d7b24d67cf718f5e60e6e57a7a4ed31504f0476b6733cad4e0f58a3a5cbb8a6d
243c2602-c6af-d693-7001-019f851dec10,2026-07-21 14:45:48.653,Subscription,Sale,bSRO,2027-2028 Full Season Membership,15210.55,,ed881bd9-7fda-7996-7001-019f85235a01,d7b24d67cf718f5e60e6e57a7a4ed31504f0476b6733cad4e0f58a3a5cbb8a6d
243c2602-c6af-d693-7001-019f851dec10,2026-07-21 14:45:48.653,Subscription,Sale,bSRO,2027-2028 Full Season Membership,15210.55,,95dc6625-7b1e-7c96-7001-019f85235e0b,d7b24d67cf718f5e60e6e57a7a4ed31504f0476b6733cad4e0f58a3a5cbb8a6d
eda3e7a0-411d-ef11-8445-a503dfa011f2,2024-05-28 22:28:43.437,Subscription,Reservation Confirmation,Internal,2025 Full Season Membership,15068.9,,34fecb12-951c-ef11-8445-f8a6050c782d,a8a3950114bd003758743943ee51102d03d7cb7e7414953ad4dbfa860dd5eeee
eda3e7a0-411d-ef11-8445-a503dfa011f2,2024-05-28 22:28:43.437,Subscription,Reservation Confirmation,Internal,2025 Full Season Membership,15068.9,,31fecb12-951c-ef11-8445-f8a6050c782d,a8a3950114bd003758743943ee51102d03d7cb7e7414953ad4dbfa860dd5eeee
eda3e7a0-411d-ef11-8445-a503dfa011f2,2024-05-28 22:28:43.437,Subscription,Reservation Confirmation,Internal,2025 Full Season Membership,15068.9,,32fecb12-951c-ef11-8445-f8a6050c782d,a8a3950114bd003758743943ee51102d03d7cb7e7414953ad4dbfa860dd5eeee
eda3e7a0-411d-ef11-8445-a503dfa011f2,2024-05-28 22:28:43.437,Subscription,Reservation Confirmation,Internal,2025 Full Season Membership,15068.9,,33fecb12-951c-ef11-8445-f8a6050c782d,a8a3950114bd003758743943ee51102d03d7cb7e7414953ad4dbfa860dd5eeee
c2a30054-0090-79c7-6251-08dda47ecade,2025-06-05 22:17:43.417,Subscription,Reservation Confirmation,Internal,2026 Full Season Membership,15023.38,,179f0054-0090-79c7-d897-08dda47e4f3e,1f01226dd199a9c9364775e89f6b4e77d1842e27cf1ce841a0b01b8afcc04cba
c2a30054-0090-79c7-6251-08dda47ecade,2025-06-05 22:17:43.417,Subscription,Reservation Confirmation,Internal,2026 Full Season Membership,15023.38,,169f0054-0090-79c7-d86c-08dda47e4f3e,1f01226dd199a9c9364775e89f6b4e77d1842e27cf1ce841a0b01b8afcc04cba
c2a30054-0090-79c7-6251-08dda47ecade,2025-06-05 22:17:43.417,Subscription,Reservation Confirmation,Internal,2026 Full Season Membership,15023.38,,189f0054-0090-79c7-d89b-08dda47e4f3e,1f01226dd199a9c9364775e89f6b4e77d1842e27cf1ce841a0b01b8afcc04cba
c2a30054-0090-79c7-6251-08dda47ecade,2025-06-05 22:17:43.417,Subscription,Reservation Confirmation,Internal,2026 Full Season Membership,15023.38,,199f0054-0090-79c7-d8a0-08dda47e4f3e,1f01226dd199a9c9364775e89f6b4e77d1842e27cf1ce841a0b01b8afcc04cba
4890c9a4-491d-ef11-8445-a503dfa011f2,2024-05-28 23:26:07.960,Subscription,Reservation Confirmation,Internal,2025 Full Season Membership,15019.5,,5774f6ea-961c-ef11-8445-f8a6050c782d,92977dfabc6425c5b1ef69177ae10941231bd6834695442180603e87279e0532
4890c9a4-491d-ef11-8445-a503dfa011f2,2024-05-28 23:26:07.960,Subscription,Reservation Confirmation,Internal,2025 Full Season Membership,15019.5,,5674f6ea-961c-ef11-8445-f8a6050c782d,92977dfabc6425c5b1ef69177ae10941231bd6834695442180603e87279e0532
43d7fa74-0b06-ee11-8445-dbaba6384eee,2023-06-08 14:48:07.813,Subscription,Reservation Confirmation,Internal,2024 Full Season Membership,15010.0,,a2e959d2-0a06-ee11-8445-dbaba6384eee,137e91c423aeb7b4d2cf0903d89e161c5946dd2c0a3236b270c5661f36b58bfb
43d7fa74-0b06-ee11-8445-dbaba6384eee,2023-06-08 14:48:07.813,Subscription,Reservation Confirmation,Internal,2024 Full Season Membership,15010.0,,a4e959d2-0a06-ee11-8445-dbaba6384eee,137e91c423aeb7b4d2cf0903d89e161c5946dd2c0a3236b270c5661f36b58bfb
43d7fa74-0b06-ee11-8445-dbaba6384eee,2023-06-08 14:48:07.813,Subscription,Reservation Confirmation,Internal,2024 Full Season Membership,15010.0,,a1e959d2-0a06-ee11-8445-dbaba6384eee,137e91c423aeb7b4d2cf0903d89e161c5946dd2c0a3236b270c5661f36b58bfb
43d7fa74-0b06-ee11-8445-dbaba6384eee,2023-06-08 14:48:07.813,Subscription,Reservation Confirmation,Internal,2024 Full Season Membership,15010.0,,a3e959d2-0a06-ee11-8445-dbaba6384eee,137e91c423aeb7b4d2cf0903d89e161c5946dd2c0a3236b270c5661f36b58bfb
62bc06cc-3690-79c7-5300-08ddd9e62698,2025-08-12 21:23:54.747,Subscription,Sale,bSRO,2026 Full Season Membership,15009.16,,80bc06cc-3690-79c7-ce5e-08ddd9e63ac9,720f8ae66d666c5b1fc31d00a2ce232d88ae924d209b4d97d9581722ea980c15
62bc06cc-3690-79c7-5300-08ddd9e62698,2025-08-12 21:23:54.747,Subscription,Sale,bSRO,2026 Full Season Membership,15009.16,,7ebc06cc-3690-79c7-c6f6-08ddd9e63a12,720f8ae66d666c5b1fc31d00a2ce232d88ae924d209b4d97d9581722ea980c15
839471be-442c-ec11-8344-c054e276146e,2021-10-13 16:46:55.290,Ticket,Sale,eSRO,A Night in Verde Presented by St. David's HealthCare,15000.0,84d8ae14-452c-ec11-8344-c054e276146e,,bacb8ca4a3359296ed6df0237e1b8c7d3a6a590044d660e6cc1029108ec42285
ef96fb83-1c26-ec11-8344-851b7d31b5f2,2021-10-05 20:43:00.817,Ticket,Sale,eSRO,A Night in Verde Presented by St. David's HealthCare,15000.0,653701c5-1c26-ec11-8344-851b7d31b5f2,,007c07b1a8831dcd7f854f780555c804c09e6f7b73d9214b079fe4e518af91a1
2cd8fd8d-c416-ee11-8445-8a2c811e9288,2023-06-29 21:34:34.700,Subscription,Sale,bSRO,2024 Full Season Membership,14934.0,,626529a4-c416-ee11-8445-8a2c811e9288,7cbfe66c7ee88549d7d442f9d0a90aae70bb7de8f8157c76d9ab5ee14321660f
2cd8fd8d-c416-ee11-8445-8a2c811e9288,2023-06-29 21:34:34.700,Subscription,Sale,bSRO,2024 Full Season Membership,14934.0,,5e6529a4-c416-ee11-8445-8a2c811e9288,7cbfe66c7ee88549d7d442f9d0a90aae70bb7de8f8157c76d9ab5ee14321660f
2cd8fd8d-c416-ee11-8445-8a2c811e9288,2023-06-29 21:34:34.700,Subscription,Sale,bSRO,2024 Full Season Membership,14934.0,,646529a4-c416-ee11-8445-8a2c811e9288,7cbfe66c7ee88549d7d442f9d0a90aae70bb7de8f8157c76d9ab5ee14321660f
2cd8fd8d-c416-ee11-8445-8a2c811e9288,2023-06-29 21:34:34.700,Subscription,Sale,bSRO,2024 Full Season Membership,14934.0,,666529a4-c416-ee11-8445-8a2c811e9288,7cbfe66c7ee88549d7d442f9d0a90aae70bb7de8f8157c76d9ab5ee14321660f
ae2d4c56-0328-ee11-8444-e5c7cfca5dd9,2023-07-21 20:25:13.393,Subscription,Sale,bSRO,2024 Full Season Membership,14782.0,,7218d74b-0428-ee11-8444-e5c7cfca5dd9,254dab8a79680fd274a0b63240f9cd50969a17087a6e298724bd9dab971c4faf
ae2d4c56-0328-ee11-8444-e5c7cfca5dd9,2023-07-21 20:25:13.393,Subscription,Sale,bSRO,2024 Full Season Membership,14782.0,,7918d74b-0428-ee11-8444-e5c7cfca5dd9,254dab8a79680fd274a0b63240f9cd50969a17087a6e298724bd9dab971c4faf
ae2d4c56-0328-ee11-8444-e5c7cfca5dd9,2023-07-21 20:25:13.393,Subscription,Sale,bSRO,2024 Full Season Membership,14782.0,,7618d74b-0428-ee11-8444-e5c7cfca5dd9,254dab8a79680fd274a0b63240f9cd50969a17087a6e298724bd9dab971c4faf
ae2d4c56-0328-ee11-8444-e5c7cfca5dd9,2023-07-21 20:25:13.393,Subscription,Sale,bSRO,2024 Full Season Membership,14782.0,,7b18d74b-0428-ee11-8444-e5c7cfca5dd9,254dab8a79680fd274a0b63240f9cd50969a17087a6e298724bd9dab971c4faf
52fadca1-371d-ef11-8445-a503dfa011f2,2024-05-28 21:17:55.527,Subscription,Reservation Confirmation,bSRO,2025 Full Season Membership,14728.8,,4867d30c-951c-ef11-8445-f8a6050c782d,1f01226dd199a9c9364775e89f6b4e77d1842e27cf1ce841a0b01b8afcc04cba
52fadca1-371d-ef11-8445-a503dfa011f2,2024-05-28 21:17:55.527,Subscription,Reservation Confirmation,bSRO,2025 Full Season Membership,14728.8,,4a67d30c-951c-ef11-8445-f8a6050c782d,1f01226dd199a9c9364775e89f6b4e77d1842e27cf1ce841a0b01b8afcc04cba
52fadca1-371d-ef11-8445-a503dfa011f2,2024-05-28 21:17:55.527,Subscription,Reservation Confirmation,bSRO,2025 Full Season Membership,14728.8,,4767d30c-951c-ef11-8445-f8a6050c782d,1f01226dd199a9c9364775e89f6b4e77d1842e27cf1ce841a0b01b8afcc04cba
52fadca1-371d-ef11-8445-a503dfa011f2,2024-05-28 21:17:55.527,Subscription,Reservation Confirmation,bSRO,2025 Full Season Membership,14728.8,,4967d30c-951c-ef11-8445-f8a6050c782d,1f01226dd199a9c9364775e89f6b4e77d1842e27cf1ce841a0b01b8afcc04cba
72bb9b42-0906-ee11-8445-dbaba6384eee,2023-06-08 14:32:23.233,Subscription,Reservation Confirmation,Internal,2024 Full Season Membership,14725.0,,ec662659-0806-ee11-8445-dbaba6384eee,92977dfabc6425c5b1ef69177ae10941231bd6834695442180603e87279e0532
72bb9b42-0906-ee11-8445-dbaba6384eee,2023-06-08 14:32:23.233,Subscription,Reservation Confirmation,Internal,2024 Full Season Membership,14725.0,,ed662659-0806-ee11-8445-dbaba6384eee,92977dfabc6425c5b1ef69177ae10941231bd6834695442180603e87279e0532
e8477d0a-1912-ee11-8445-f7a7f91e7c87,2023-06-23 22:57:04.663,Subscription,Sale,bSRO,2024 Full Season Membership,14630.0,,645bc62c-1912-ee11-8445-f7a7f91e7c87,a8a3950114bd003758743943ee51102d03d7cb7e7414953ad4dbfa860dd5eeee
e8477d0a-1912-ee11-8445-f7a7f91e7c87,2023-06-23 22:57:04.663,Subscription,Sale,bSRO,2024 Full Season Membership,14630.0,,685bc62c-1912-ee11-8445-f7a7f91e7c87,a8a3950114bd003758743943ee51102d03d7cb7e7414953ad4dbfa860dd5eeee
e8477d0a-1912-ee11-8445-f7a7f91e7c87,2023-06-23 22:57:04.663,Subscription,Sale,bSRO,2024 Full Season Membership,14630.0,,6c5bc62c-1912-ee11-8445-f7a7f91e7c87,a8a3950114bd003758743943ee51102d03d7cb7e7414953ad4dbfa860dd5eeee
e8477d0a-1912-ee11-8445-f7a7f91e7c87,2023-06-23 22:57:04.663,Subscription,Sale,bSRO,2024 Full Season Membership,14630.0,,665bc62c-1912-ee11-8445-f7a7f91e7c87,a8a3950114bd003758743943ee51102d03d7cb7e7414953ad4dbfa860dd5eeee
7c02a1a9-cc34-ef11-84bc-fe3ebc9ec8fc,2024-06-27 21:33:27.973,Subscription,Sale,bSRO,2025 Full Season Membership,14572.0,,5bdde3ca-cc34-ef11-84bc-fe3ebc9ec8fc,f57f6d513ce60b2c4ee340fdd3e52b5bc6e24f28c374af507ba50d5213973201
7c02a1a9-cc34-ef11-84bc-fe3ebc9ec8fc,2024-06-27 21:33:27.973,Subscription,Sale,bSRO,2025 Full Season Membership,14572.0,,5ddde3ca-cc34-ef11-84bc-fe3ebc9ec8fc,f57f6d513ce60b2c4ee340fdd3e52b5bc6e24f28c374af507ba50d5213973201
3198054c-3c90-79c7-7b05-08dda2b921fa,2025-06-03 16:10:18.103,Subscription,Reservation Confirmation,Internal,2026 Full Season Membership,14469.88,,2daa044c-3c90-79c7-7b44-08dda2a39afd,99b20cb0202a95e027cc27f4032b29a09509be87306d4384c4d19dde36b4896b
3198054c-3c90-79c7-7b05-08dda2b921fa,2025-06-03 16:10:18.103,Subscription,Reservation Confirmation,Internal,2026 Full Season Membership,14469.88,,2baa044c-3c90-79c7-7b18-08dda2a39afd,99b20cb0202a95e027cc27f4032b29a09509be87306d4384c4d19dde36b4896b
3198054c-3c90-79c7-7b05-08dda2b921fa,2025-06-03 16:10:18.103,Subscription,Reservation Confirmation,Internal,2026 Full Season Membership,14469.88,,2caa044c-3c90-79c7-7b3e-08dda2a39afd,99b20cb0202a95e027cc27f4032b29a09509be87306d4384c4d19dde36b4896b
3198054c-3c90-79c7-7b05-08dda2b921fa,2025-06-03 16:10:18.103,Subscription,Reservation Confirmation,Internal,2026 Full Season Membership,14469.88,,2eaa044c-3c90-79c7-7b47-08dda2a39afd,99b20cb0202a95e027cc27f4032b29a09509be87306d4384c4d19dde36b4896b
47e3a211-53fe-ed11-8445-e4b3507244c0,2023-05-29 19:00:26.387,Subscription,Reservation Confirmation,Internal,2024 Full Season Membership,14440.0,,8806496f-14fc-ed11-8445-b62ea0cc86b2,1f01226dd199a9c9364775e89f6b4e77d1842e27cf1ce841a0b01b8afcc04cba
47e3a211-53fe-ed11-8445-e4b3507244c0,2023-05-29 19:00:26.387,Subscription,Reservation Confirmation,Internal,2024 Full Season Membership,14440.0,,8906496f-14fc-ed11-8445-b62ea0cc86b2,1f01226dd199a9c9364775e89f6b4e77d1842e27cf1ce841a0b01b8afcc04cba
47e3a211-53fe-ed11-8445-e4b3507244c0,2023-05-29 19:00:26.387,Subscription,Reservation Confirmation,Internal,2024 Full Season Membership,14440.0,,8606496f-14fc-ed11-8445-b62ea0cc86b2,1f01226dd199a9c9364775e89f6b4e77d1842e27cf1ce841a0b01b8afcc04cba
70b28d09-477b-ed11-83d0-dbe117b3817e,2022-12-14 00:34:24.870,Subscription,Sale,Internal,2023 Full Season Membership,14440.0,,7eb28d09-477b-ed11-83d0-dbe117b3817e,92977dfabc6425c5b1ef69177ae10941231bd6834695442180603e87279e0532
70b28d09-477b-ed11-83d0-dbe117b3817e,2022-12-14 00:34:24.870,Subscription,Sale,Internal,2023 Full Season Membership,14440.0,,7db28d09-477b-ed11-83d0-dbe117b3817e,92977dfabc6425c5b1ef69177ae10941231bd6834695442180603e87279e0532
47e3a211-53fe-ed11-8445-e4b3507244c0,2023-05-29 19:00:26.387,Subscription,Reservation Confirmation,Internal,2024 Full Season Membership,14440.0,,8706496f-14fc-ed11-8445-b62ea0cc86b2,1f01226dd199a9c9364775e89f6b4e77d1842e27cf1ce841a0b01b8afcc04cba
9b296245-587b-ed11-83d0-dbe117b3817e,2022-12-14 02:37:45.327,Subscription,Sale,Internal,2023 Full Season Membership,14440.0,,a2296245-587b-ed11-83d0-dbe117b3817e,137e91c423aeb7b4d2cf0903d89e161c5946dd2c0a3236b270c5661f36b58bfb
9b296245-587b-ed11-83d0-dbe117b3817e,2022-12-14 02:37:45.327,Subscription,Sale,Internal,2023 Full Season Membership,14440.0,,a1296245-587b-ed11-83d0-dbe117b3817e,137e91c423aeb7b4d2cf0903d89e161c5946dd2c0a3236b270c5661f36b58bfb
9b296245-587b-ed11-83d0-dbe117b3817e,2022-12-14 02:37:45.327,Subscription,Sale,Internal,2023 Full Season Membership,14440.0,,a3296245-587b-ed11-83d0-dbe117b3817e,137e91c423aeb7b4d2cf0903d89e161c5946dd2c0a3236b270c5661f36b58bfb
9b296245-587b-ed11-83d0-dbe117b3817e,2022-12-14 02:37:45.327,Subscription,Sale,Internal,2023 Full Season Membership,14440.0,,a4296245-587b-ed11-83d0-dbe117b3817e,137e91c423aeb7b4d2cf0903d89e161c5946dd2c0a3236b270c5661f36b58bfb
c7a40054-0090-79c7-10ea-08dda47ecd96,2025-06-05 22:17:47.963,Subscription,Reservation Confirmation,Internal,2026 Full Season Membership,14251.07,,45a00054-0090-79c7-88cb-08dda47e50dc,0a1f1256f9bac68e806442aa76455bb761af5414855efa23c1b3fd54477c0ba1
c7a40054-0090-79c7-10ea-08dda47ecd96,2025-06-05 22:17:47.963,Subscription,Reservation Confirmation,Internal,2026 Full Season Membership,14251.07,,43a00054-0090-79c7-88c5-08dda47e50dc,0a1f1256f9bac68e806442aa76455bb761af5414855efa23c1b3fd54477c0ba1
c7a40054-0090-79c7-10ea-08dda47ecd96,2025-06-05 22:17:47.963,Subscription,Reservation Confirmation,Internal,2026 Full Season Membership,14251.07,,44a00054-0090-79c7-88c8-08dda47e50dc,0a1f1256f9bac68e806442aa76455bb761af5414855efa23c1b3fd54477c0ba1
c7a40054-0090-79c7-10ea-08dda47ecd96,2025-06-05 22:17:47.963,Subscription,Reservation Confirmation,Internal,2026 Full Season Membership,14251.07,,46a00054-0090-79c7-88d0-08dda47e50dc,0a1f1256f9bac68e806442aa76455bb761af5414855efa23c1b3fd54477c0ba1
553edeac-411d-ef11-8445-a503dfa011f2,2024-05-28 22:29:07.050,Subscription,Reservation Confirmation,Internal,2025 Full Season Membership,14186.16,,10ef0ac7-961c-ef11-8445-f8a6050c782d,99b20cb0202a95e027cc27f4032b29a09509be87306d4384c4d19dde36b4896b
553edeac-411d-ef11-8445-a503dfa011f2,2024-05-28 22:29:07.050,Subscription,Reservation Confirmation,Internal,2025 Full Season Membership,14186.16,,0eef0ac7-961c-ef11-8445-f8a6050c782d,99b20cb0202a95e027cc27f4032b29a09509be87306d4384c4d19dde36b4896b
553edeac-411d-ef11-8445-a503dfa011f2,2024-05-28 22:29:07.050,Subscription,Reservation Confirmation,Internal,2025 Full Season Membership,14186.16,,0fef0ac7-961c-ef11-8445-f8a6050c782d,99b20cb0202a95e027cc27f4032b29a09509be87306d4384c4d19dde36b4896b
553edeac-411d-ef11-8445-a503dfa011f2,2024-05-28 22:29:07.050,Subscription,Reservation Confirmation,Internal,2025 Full Season Membership,14186.16,,11ef0ac7-961c-ef11-8445-f8a6050c782d,99b20cb0202a95e027cc27f4032b29a09509be87306d4384c4d19dde36b4896b
ec7171eb-447b-ed11-83d0-dbe117b3817e,2022-12-14 00:19:12.537,Subscription,Sale,Internal,2023 Full Season Membership,14155.0,,f27171eb-447b-ed11-83d0-dbe117b3817e,1f01226dd199a9c9364775e89f6b4e77d1842e27cf1ce841a0b01b8afcc04cba
ec7171eb-447b-ed11-83d0-dbe117b3817e,2022-12-14 00:19:12.537,Subscription,Sale,Internal,2023 Full Season Membership,14155.0,,f17171eb-447b-ed11-83d0-dbe117b3817e,1f01226dd199a9c9364775e89f6b4e77d1842e27cf1ce841a0b01b8afcc04cba
ec7171eb-447b-ed11-83d0-dbe117b3817e,2022-12-14 00:19:12.537,Subscription,Sale,Internal,2023 Full Season Membership,14155.0,,f37171eb-447b-ed11-83d0-dbe117b3817e,1f01226dd199a9c9364775e89f6b4e77d1842e27cf1ce841a0b01b8afcc04cba
ec7171eb-447b-ed11-83d0-dbe117b3817e,2022-12-14 00:19:12.537,Subscription,Sale,Internal,2023 Full Season Membership,14155.0,,f47171eb-447b-ed11-83d0-dbe117b3817e,1f01226dd199a9c9364775e89f6b4e77d1842e27cf1ce841a0b01b8afcc04cba
479bad12-0906-ee11-8445-dbaba6384eee,2023-06-08 14:31:03.627,Subscription,Reservation Confirmation,Internal,2024 Full Season Membership,14079.0,,7e703747-0806-ee11-8445-dbaba6384eee,f57f6d513ce60b2c4ee340fdd3e52b5bc6e24f28c374af507ba50d5213973201
479bad12-0906-ee11-8445-dbaba6384eee,2023-06-08 14:31:03.627,Subscription,Reservation Confirmation,Internal,2024 Full Season Membership,14079.0,,7d703747-0806-ee11-8445-dbaba6384eee,f57f6d513ce60b2c4ee340fdd3e52b5bc6e24f28c374af507ba50d5213973201
2fba054c-3c90-79c7-2c87-08dda2c10f97,2025-06-03 17:07:40.547,Subscription,Reservation Confirmation,bSRO,2026 Full Season Membership,14069.8,,5ab6054c-3c90-79c7-02ac-08dda2bed7bb,340c545626c73750431bb1b39d0b21d80992690e8a72dd60efb20ba50d4a39a4
2fba054c-3c90-79c7-2c87-08dda2c10f97,2025-06-03 17:07:40.547,Subscription,Reservation Confirmation,bSRO,2026 Full Season Membership,14069.8,,59b6054c-3c90-79c7-02a8-08dda2bed7bb,340c545626c73750431bb1b39d0b21d80992690e8a72dd60efb20ba50d4a39a4
2fba054c-3c90-79c7-2c87-08dda2c10f97,2025-06-03 17:07:40.547,Subscription,Reservation Confirmation,bSRO,2026 Full Season Membership,14069.8,,57b6054c-3c90-79c7-0283-08dda2bed7bb,340c545626c73750431bb1b39d0b21d80992690e8a72dd60efb20ba50d4a39a4
2fba054c-3c90-79c7-2c87-08dda2c10f97,2025-06-03 17:07:40.547,Subscription,Reservation Confirmation,bSRO,2026 Full Season Membership,14069.8,,58b6054c-3c90-79c7-02a4-08dda2bed7bb,340c545626c73750431bb1b39d0b21d80992690e8a72dd60efb20ba50d4a39a4
e2ebab71-1816-f011-8506-869fd606a2fe,2025-04-10 14:31:35.873,Ticket,Sale,bSRO,2025 MLS All Star Hospitality,14000.0,69d6e87a-1816-f011-8506-869fd606a2fe,,24a3fa825192d738c9da07f3c549520c7d3c21800b2c86f4e91d560af4a2f196
2b0bc605-a40f-ee11-8445-9e5535280e44,2023-06-20 19:57:42.040,Subscription,Sale,bSRO,2024 Full Season Membership,13908.0,,f344431e-a40f-ee11-8445-9e5535280e44,99b20cb0202a95e027cc27f4032b29a09509be87306d4384c4d19dde36b4896b
2b0bc605-a40f-ee11-8445-9e5535280e44,2023-06-20 19:57:42.040,Subscription,Sale,bSRO,2024 Full Season Membership,13908.0,,f044431e-a40f-ee11-8445-9e5535280e44,99b20cb0202a95e027cc27f4032b29a09509be87306d4384c4d19dde36b4896b
2b0bc605-a40f-ee11-8445-9e5535280e44,2023-06-20 19:57:42.040,Subscription,Sale,bSRO,2024 Full Season Membership,13908.0,,f244431e-a40f-ee11-8445-9e5535280e44,99b20cb0202a95e027cc27f4032b29a09509be87306d4384c4d19dde36b4896b
2b0bc605-a40f-ee11-8445-9e5535280e44,2023-06-20 19:57:42.040,Subscription,Sale,bSRO,2024 Full Season Membership,13908.0,,f144431e-a40f-ee11-8445-9e5535280e44,99b20cb0202a95e027cc27f4032b29a09509be87306d4384c4d19dde36b4896b
0b03a7be-481d-ef11-8445-a503dfa011f2,2024-05-28 23:19:38.937,Subscription,Reservation Confirmation,Internal,2025 Full Season Membership,13835.99,,94f2d107-961c-ef11-8445-f8a6050c782d,0a1f1256f9bac68e806442aa76455bb761af5414855efa23c1b3fd54477c0ba1
0b03a7be-481d-ef11-8445-a503dfa011f2,2024-05-28 23:19:38.937,Subscription,Reservation Confirmation,Internal,2025 Full Season Membership,13835.99,,93f2d107-961c-ef11-8445-f8a6050c782d,0a1f1256f9bac68e806442aa76455bb761af5414855efa23c1b3fd54477c0ba1
0b03a7be-481d-ef11-8445-a503dfa011f2,2024-05-28 23:19:38.937,Subscription,Reservation Confirmation,Internal,2025 Full Season Membership,13835.99,,96f2d107-961c-ef11-8445-f8a6050c782d,0a1f1256f9bac68e806442aa76455bb761af5414855efa23c1b3fd54477c0ba1
0b03a7be-481d-ef11-8445-a503dfa011f2,2024-05-28 23:19:38.937,Subscription,Reservation Confirmation,Internal,2025 Full Season Membership,13835.99,,95f2d107-961c-ef11-8445-f8a6050c782d,0a1f1256f9bac68e806442aa76455bb761af5414855efa23c1b3fd54477c0ba1
77a50054-0090-79c7-ec18-08dda47ecf71,2025-06-05 22:17:51.090,Subscription,Reservation Confirmation,Internal,2026 Full Season Membership,13827.77,,e9a00054-0090-79c7-99df-08dda47e51ed,fde6737cf0ab64a00ec749362bf4af052283e86d22f78164eb1b283e33e56435
77a50054-0090-79c7-ec18-08dda47ecf71,2025-06-05 22:17:51.090,Subscription,Reservation Confirmation,Internal,2026 Full Season Membership,13827.77,,eba00054-0090-79c7-9a1a-08dda47e51ed,fde6737cf0ab64a00ec749362bf4af052283e86d22f78164eb1b283e33e56435
77a50054-0090-79c7-ec18-08dda47ecf71,2025-06-05 22:17:51.090,Subscription,Reservation Confirmation,Internal,2026 Full Season Membership,13827.77,,eca00054-0090-79c7-9a1f-08dda47e51ed,fde6737cf0ab64a00ec749362bf4af052283e86d22f78164eb1b283e33e56435
77a50054-0090-79c7-ec18-08dda47ecf71,2025-06-05 22:17:51.090,Subscription,Reservation Confirmation,Internal,2026 Full Season Membership,13827.77,,eaa00054-0090-79c7-9a06-08dda47e51ed,fde6737cf0ab64a00ec749362bf4af052283e86d22f78164eb1b283e33e56435
b7ba054c-3c90-79c7-5343-08dda2c15991,2025-06-03 17:09:43.163,Subscription,Reservation Confirmation,bSRO,2026 Full Season Membership,13826.0,,6fb6054c-3c90-79c7-a661-08dda2bed7f0,85862dbbb39a9508db45e4ded93859887703350b0cb311f10b429c29981899f5
96b301b8-6e90-79c7-bcde-08ddc311930e,2025-07-14 20:07:12.137,Subscription,Sale,bSRO,2026 Full Season Membership,13826.0,,18b401b8-6e90-79c7-9564-08ddc311e274,7cbfe66c7ee88549d7d442f9d0a90aae70bb7de8f8157c76d9ab5ee14321660f
b7ba054c-3c90-79c7-5343-08dda2c15991,2025-06-03 17:09:43.163,Subscription,Reservation Confirmation,bSRO,2026 Full Season Membership,13826.0,,6eb6054c-3c90-79c7-a65d-08dda2bed7f0,85862dbbb39a9508db45e4ded93859887703350b0cb311f10b429c29981899f5
b7ba054c-3c90-79c7-5343-08dda2c15991,2025-06-03 17:09:43.163,Subscription,Reservation Confirmation,bSRO,2026 Full Season Membership,13826.0,,6db6054c-3c90-79c7-a659-08dda2bed7f0,85862dbbb39a9508db45e4ded93859887703350b0cb311f10b429c29981899f5
96b301b8-6e90-79c7-bcde-08ddc311930e,2025-07-14 20:07:12.137,Subscription,Sale,bSRO,2026 Full Season Membership,13826.0,,15b401b8-6e90-79c7-3ece-08ddc311e1d4,7cbfe66c7ee88549d7d442f9d0a90aae70bb7de8f8157c76d9ab5ee14321660f
b7ba054c-3c90-79c7-5343-08dda2c15991,2025-06-03 17:09:43.163,Subscription,Reservation Confirmation,bSRO,2026 Full Season Membership,13826.0,,6cb6054c-3c90-79c7-a636-08dda2bed7f0,85862dbbb39a9508db45e4ded93859887703350b0cb311f10b429c29981899f5
581649a5-da7b-ed11-83d0-d526d65c5b2e,2022-12-14 18:12:05.447,Subscription,Sale,bSRO,2023 Full Season Membership,13807.68,,6bdb0bb9-da7b-ed11-83d0-d526d65c5b2e,c0ca1ad49fb6963550d7d13f0028546dc40675aa05a3d6560bad014037dc7f50
581649a5-da7b-ed11-83d0-d526d65c5b2e,2022-12-14 18:12:05.447,Subscription,Sale,bSRO,2023 Full Season Membership,13807.68,,6edb0bb9-da7b-ed11-83d0-d526d65c5b2e,c0ca1ad49fb6963550d7d13f0028546dc40675aa05a3d6560bad014037dc7f50
581649a5-da7b-ed11-83d0-d526d65c5b2e,2022-12-14 18:12:05.447,Subscription,Sale,bSRO,2023 Full Season Membership,13807.68,,6cdb0bb9-da7b-ed11-83d0-d526d65c5b2e,c0ca1ad49fb6963550d7d13f0028546dc40675aa05a3d6560bad014037dc7f50
581649a5-da7b-ed11-83d0-d526d65c5b2e,2022-12-14 18:12:05.447,Subscription,Sale,bSRO,2023 Full Season Membership,13807.68,,6ddb0bb9-da7b-ed11-83d0-d526d65c5b2e,c0ca1ad49fb6963550d7d13f0028546dc40675aa05a3d6560bad014037dc7f50
2379104e-de7b-ed11-83d0-d526d65c5b2e,2022-12-14 18:38:07.770,Subscription,Sale,bSRO,2023 Full Season Membership,13806.31,,970caa54-de7b-ed11-83d0-d526d65c5b2e,f57f6d513ce60b2c4ee340fdd3e52b5bc6e24f28c374af507ba50d5213973201
2379104e-de7b-ed11-83d0-d526d65c5b2e,2022-12-14 18:38:07.770,Subscription,Sale,bSRO,2023 Full Season Membership,13806.31,,960caa54-de7b-ed11-83d0-d526d65c5b2e,f57f6d513ce60b2c4ee340fdd3e52b5bc6e24f28c374af507ba50d5213973201
201d7911-0c7a-ec11-8350-826b1a779cfe,2022-01-20 16:16:24.837,Subscription,Reservation Confirmation,bSRO,2022 Full Season Membership,13792.48,,4de00ba4-9a74-ec11-8350-cdd88f8631ba,59e714e907a32cff68be6b77f746240bfbb628872fa2935d1ca8bff5c8254390
2a9982a0-a878-ec11-8350-fef18b0f35d4,2022-01-18 21:50:52.890,Subscription,Reservation Confirmation,bSRO,2022 Full Season Membership,13792.48,,f6745b53-c3e5-eb11-8315-c6b2117169af,2c01b5a927a3191c89f0214312e782fc016c7da93a90a86526f76ce941c6022a
2a9982a0-a878-ec11-8350-fef18b0f35d4,2022-01-18 21:50:52.890,Subscription,Reservation Confirmation,bSRO,2022 Full Season Membership,13792.48,,f4745b53-c3e5-eb11-8315-c6b2117169af,2c01b5a927a3191c89f0214312e782fc016c7da93a90a86526f76ce941c6022a
2a9982a0-a878-ec11-8350-fef18b0f35d4,2022-01-18 21:50:52.890,Subscription,Reservation Confirmation,bSRO,2022 Full Season Membership,13792.48,,f5745b53-c3e5-eb11-8315-c6b2117169af,2c01b5a927a3191c89f0214312e782fc016c7da93a90a86526f76ce941c6022a
2a9982a0-a878-ec11-8350-fef18b0f35d4,2022-01-18 21:50:52.890,Subscription,Reservation Confirmation,bSRO,2022 Full Season Membership,13792.48,,f3745b53-c3e5-eb11-8315-c6b2117169af,2c01b5a927a3191c89f0214312e782fc016c7da93a90a86526f76ce941c6022a
201d7911-0c7a-ec11-8350-826b1a779cfe,2022-01-20 16:16:24.837,Subscription,Reservation Confirmation,bSRO,2022 Full Season Membership,13792.48,,4ce00ba4-9a74-ec11-8350-cdd88f8631ba,59e714e907a32cff68be6b77f746240bfbb628872fa2935d1ca8bff5c8254390
9fee5d24-7c65-c4bd-7001-019f4d692bb5,2026-07-10 19:04:22.863,Subscription,Sale,bSRO,2027-2028 Full Season Membership,13788.4,,2904e879-4cc9-dcbd-7001-019f4d69e74e,340c545626c73750431bb1b39d0b21d80992690e8a72dd60efb20ba50d4a39a4
9fee5d24-7c65-c4bd-7001-019f4d692bb5,2026-07-10 19:04:22.863,Subscription,Sale,bSRO,2027-2028 Full Season Membership,13788.4,,7a1c96be-877f-e1bd-7001-019f4d69ef7a,340c545626c73750431bb1b39d0b21d80992690e8a72dd60efb20ba50d4a39a4
9fee5d24-7c65-c4bd-7001-019f4d692bb5,2026-07-10 19:04:22.863,Subscription,Sale,bSRO,2027-2028 Full Season Membership,13788.4,,f5338de2-9d68-dfbd-7001-019f4d69ec39,340c545626c73750431bb1b39d0b21d80992690e8a72dd60efb20ba50d4a39a4
9fee5d24-7c65-c4bd-7001-019f4d692bb5,2026-07-10 19:04:22.863,Subscription,Sale,bSRO,2027-2028 Full Season Membership,13788.4,,8d0c9394-effd-e3bd-7001-019f4d69f559,340c545626c73750431bb1b39d0b21d80992690e8a72dd60efb20ba50d4a39a4
44d1d77b-371d-ef11-8445-a503dfa011f2,2024-05-28 21:16:33.577,Subscription,Reservation Confirmation,bSRO,2025 Full Season Membership,13718.57,,4aaf84b6-971c-ef11-8445-f8a6050c782d,7cbfe66c7ee88549d7d442f9d0a90aae70bb7de8f8157c76d9ab5ee14321660f
44d1d77b-371d-ef11-8445-a503dfa011f2,2024-05-28 21:16:33.577,Subscription,Reservation Confirmation,bSRO,2025 Full Season Membership,13718.57,,49af84b6-971c-ef11-8445-f8a6050c782d,7cbfe66c7ee88549d7d442f9d0a90aae70bb7de8f8157c76d9ab5ee14321660f
4b64f525-3f48-ef11-84a5-a563d9fef745,2024-07-22 15:30:06.473,Subscription,Sale,bSRO,2025 Full Season Membership,13660.0,,c67e6d2d-3f48-ef11-84a5-a563d9fef745,340c545626c73750431bb1b39d0b21d80992690e8a72dd60efb20ba50d4a39a4
4b64f525-3f48-ef11-84a5-a563d9fef745,2024-07-22 15:30:06.473,Subscription,Sale,bSRO,2025 Full Season Membership,13660.0,,c77e6d2d-3f48-ef11-84a5-a563d9fef745,340c545626c73750431bb1b39d0b21d80992690e8a72dd60efb20ba50d4a39a4
4b64f525-3f48-ef11-84a5-a563d9fef745,2024-07-22 15:30:06.473,Subscription,Sale,bSRO,2025 Full Season Membership,13660.0,,c57e6d2d-3f48-ef11-84a5-a563d9fef745,340c545626c73750431bb1b39d0b21d80992690e8a72dd60efb20ba50d4a39a4
4b64f525-3f48-ef11-84a5-a563d9fef745,2024-07-22 15:30:06.473,Subscription,Sale,bSRO,2025 Full Season Membership,13660.0,,c47e6d2d-3f48-ef11-84a5-a563d9fef745,340c545626c73750431bb1b39d0b21d80992690e8a72dd60efb20ba50d4a39a4
dc9ef8fc-d97b-ed11-83d0-d526d65c5b2e,2022-12-14 18:07:28.957,Subscription,Sale,bSRO,2023 Full Season Membership,13545.48,,4f203e0b-da7b-ed11-83d0-d526d65c5b2e,a8a3950114bd003758743943ee51102d03d7cb7e7414953ad4dbfa860dd5eeee
dc9ef8fc-d97b-ed11-83d0-d526d65c5b2e,2022-12-14 18:07:28.957,Subscription,Sale,bSRO,2023 Full Season Membership,13545.48,,4c203e0b-da7b-ed11-83d0-d526d65c5b2e,a8a3950114bd003758743943ee51102d03d7cb7e7414953ad4dbfa860dd5eeee
dc9ef8fc-d97b-ed11-83d0-d526d65c5b2e,2022-12-14 18:07:28.957,Subscription,Sale,bSRO,2023 Full Season Membership,13545.48,,4e203e0b-da7b-ed11-83d0-d526d65c5b2e,a8a3950114bd003758743943ee51102d03d7cb7e7414953ad4dbfa860dd5eeee
dc9ef8fc-d97b-ed11-83d0-d526d65c5b2e,2022-12-14 18:07:28.957,Subscription,Sale,bSRO,2023 Full Season Membership,13545.48,,4d203e0b-da7b-ed11-83d0-d526d65c5b2e,a8a3950114bd003758743943ee51102d03d7cb7e7414953ad4dbfa860dd5eeee
2bd22769-d1e5-eb11-8315-c6b2117169af,2021-07-16 01:02:02.137,Subscription,Reservation Confirmation,Internal,2022 Full Season Membership,13535.6,,7ffc07b1-b7e5-eb11-8315-c6b2117169af,f57f6d513ce60b2c4ee340fdd3e52b5bc6e24f28c374af507ba50d5213973201
2bd22769-d1e5-eb11-8315-c6b2117169af,2021-07-16 01:02:02.137,Subscription,Reservation Confirmation,Internal,2022 Full Season Membership,13535.6,,7efc07b1-b7e5-eb11-8315-c6b2117169af,f57f6d513ce60b2c4ee340fdd3e52b5bc6e24f28c374af507ba50d5213973201
66d00fa1-1612-ee11-8445-f7a7f91e7c87,2023-06-23 22:40:23.777,Subscription,Sale,bSRO,2024 Full Season Membership,13433.0,,a3317ed5-1612-ee11-8445-f7a7f91e7c87,0a1f1256f9bac68e806442aa76455bb761af5414855efa23c1b3fd54477c0ba1
66d00fa1-1612-ee11-8445-f7a7f91e7c87,2023-06-23 22:40:23.777,Subscription,Sale,bSRO,2024 Full Season Membership,13433.0,,a5317ed5-1612-ee11-8445-f7a7f91e7c87,0a1f1256f9bac68e806442aa76455bb761af5414855efa23c1b3fd54477c0ba1
66d00fa1-1612-ee11-8445-f7a7f91e7c87,2023-06-23 22:40:23.777,Subscription,Sale,bSRO,2024 Full Season Membership,13433.0,,a7317ed5-1612-ee11-8445-f7a7f91e7c87,0a1f1256f9bac68e806442aa76455bb761af5414855efa23c1b3fd54477c0ba1
66d00fa1-1612-ee11-8445-f7a7f91e7c87,2023-06-23 22:40:23.777,Subscription,Sale,bSRO,2024 Full Season Membership,13433.0,,a9317ed5-1612-ee11-8445-f7a7f91e7c87,0a1f1256f9bac68e806442aa76455bb761af5414855efa23c1b3fd54477c0ba1
c5cca4dc-481d-ef11-8445-a503dfa011f2,2024-05-28 23:20:33.687,Subscription,Reservation Confirmation,Internal,2025 Full Season Membership,13425.02,,464900d9-961c-ef11-8445-f8a6050c782d,fde6737cf0ab64a00ec749362bf4af052283e86d22f78164eb1b283e33e56435
c5cca4dc-481d-ef11-8445-a503dfa011f2,2024-05-28 23:20:33.687,Subscription,Reservation Confirmation,Internal,2025 Full Season Membership,13425.02,,444900d9-961c-ef11-8445-f8a6050c782d,fde6737cf0ab64a00ec749362bf4af052283e86d22f78164eb1b283e33e56435
c5cca4dc-481d-ef11-8445-a503dfa011f2,2024-05-28 23:20:33.687,Subscription,Reservation Confirmation,Internal,2025 Full Season Membership,13425.02,,454900d9-961c-ef11-8445-f8a6050c782d,fde6737cf0ab64a00ec749362bf4af052283e86d22f78164eb1b283e33e56435
c5cca4dc-481d-ef11-8445-a503dfa011f2,2024-05-28 23:20:33.687,Subscription,Reservation Confirmation,Internal,2025 Full Season Membership,13425.02,,474900d9-961c-ef11-8445-f8a6050c782d,fde6737cf0ab64a00ec749362bf4af052283e86d22f78164eb1b283e33e56435
e4a4f632-d6e5-eb11-8315-c6b2117169af,2021-07-16 01:36:12.230,Subscription,Reservation Confirmation,Internal,2022 Full Season Membership,13405.45,,ee65fcbc-b7e5-eb11-8315-c6b2117169af,c0ca1ad49fb6963550d7d13f0028546dc40675aa05a3d6560bad014037dc7f50
e4a4f632-d6e5-eb11-8315-c6b2117169af,2021-07-16 01:36:12.230,Subscription,Reservation Confirmation,Internal,2022 Full Season Membership,13405.45,,ef65fcbc-b7e5-eb11-8315-c6b2117169af,c0ca1ad49fb6963550d7d13f0028546dc40675aa05a3d6560bad014037dc7f50
e4a4f632-d6e5-eb11-8315-c6b2117169af,2021-07-16 01:36:12.230,Subscription,Reservation Confirmation,Internal,2022 Full Season Membership,13405.45,,f165fcbc-b7e5-eb11-8315-c6b2117169af,c0ca1ad49fb6963550d7d13f0028546dc40675aa05a3d6560bad014037dc7f50
e4a4f632-d6e5-eb11-8315-c6b2117169af,2021-07-16 01:36:12.230,Subscription,Reservation Confirmation,Internal,2022 Full Season Membership,13405.45,,f065fcbc-b7e5-eb11-8315-c6b2117169af,c0ca1ad49fb6963550d7d13f0028546dc40675aa05a3d6560bad014037dc7f50
57c50301-00f8-3099-46fa-08de54470e4e,2026-01-15 15:03:14.183,Subscription,Reservation Confirmation,bSRO,2026 Full Season Membership,13401.0,,470e0501-00ad-9502-cc42-08de374ae1c2,f0cbba2470c7c8706fe77e8d88e947ed8c33100409ffb51ae1af99af7d3077a8
57c50301-00f8-3099-46fa-08de54470e4e,2026-01-15 15:03:14.183,Subscription,Reservation Confirmation,bSRO,2026 Full Season Membership,13401.0,,5e0e0501-00ad-9502-59e4-08de374ae29d,f0cbba2470c7c8706fe77e8d88e947ed8c33100409ffb51ae1af99af7d3077a8
624c5422-4f7a-159a-7001-019f430cb47c,2026-07-08 18:45:56.407,Subscription,Reservation Confirmation,bSRO,2027-2028 Full Season Membership,13401.0,,d5510701-0006-8428-7766-08deb5dc3394,f0cbba2470c7c8706fe77e8d88e947ed8c33100409ffb51ae1af99af7d3077a8
624c5422-4f7a-159a-7001-019f430cb47c,2026-07-08 18:45:56.407,Subscription,Reservation Confirmation,bSRO,2027-2028 Full Season Membership,13401.0,,d4510701-0006-8428-7764-08deb5dc3394,f0cbba2470c7c8706fe77e8d88e947ed8c33100409ffb51ae1af99af7d3077a8
2bb9054c-3c90-79c7-266e-08dda2c07698,2025-06-03 17:03:33.580,Subscription,Reservation Confirmation,bSRO,2026 Full Season Membership,13334.22,,c4b5054c-3c90-79c7-fafc-08dda2bed708,0dabc434c0d828699aaf4f7aad1eaf3858a0891c37335930119a4053e5db99d2
2bb9054c-3c90-79c7-266e-08dda2c07698,2025-06-03 17:03:33.580,Subscription,Reservation Confirmation,bSRO,2026 Full Season Membership,13334.22,,c5b5054c-3c90-79c7-faff-08dda2bed708,0dabc434c0d828699aaf4f7aad1eaf3858a0891c37335930119a4053e5db99d2
f999054c-3c90-79c7-998c-08dda2b9a1a7,2025-06-03 16:13:52.260,Subscription,Reservation Confirmation,Internal,2026 Full Season Membership,13323.84,,49a9044c-3c90-79c7-3f61-08dda2a39996,0de2a77bcd022ca408956b97fd2502373653574167db21dcf16a75ec8dbd2bc8
f999054c-3c90-79c7-998c-08dda2b9a1a7,2025-06-03 16:13:52.260,Subscription,Reservation Confirmation,Internal,2026 Full Season Membership,13323.84,,48a9044c-3c90-79c7-3f38-08dda2a39996,0de2a77bcd022ca408956b97fd2502373653574167db21dcf16a75ec8dbd2bc8
b9a2054c-3c90-79c7-ea36-08dda2bb3fc2,2025-06-03 16:25:27.047,Subscription,Reservation Confirmation,Internal,2026 Full Season Membership,13322.59,,37ad044c-3c90-79c7-b4ca-08dda2a39f2c,73626c7c330e8bd1e84db6a9d45f860abb35c9096b1b2c0e1bb58cb13f9291b0
b9a2054c-3c90-79c7-ea36-08dda2bb3fc2,2025-06-03 16:25:27.047,Subscription,Reservation Confirmation,Internal,2026 Full Season Membership,13322.59,,34ad044c-3c90-79c7-b4c2-08dda2a39f2c,73626c7c330e8bd1e84db6a9d45f860abb35c9096b1b2c0e1bb58cb13f9291b0
b9a2054c-3c90-79c7-ea36-08dda2bb3fc2,2025-06-03 16:25:27.047,Subscription,Reservation Confirmation,Internal,2026 Full Season Membership,13322.59,,38ad044c-3c90-79c7-b4cd-08dda2a39f2c,73626c7c330e8bd1e84db6a9d45f860abb35c9096b1b2c0e1bb58cb13f9291b0
b9a2054c-3c90-79c7-ea36-08dda2bb3fc2,2025-06-03 16:25:27.047,Subscription,Reservation Confirmation,Internal,2026 Full Season Membership,13322.59,,35ad044c-3c90-79c7-b4c5-08dda2a39f2c,73626c7c330e8bd1e84db6a9d45f860abb35c9096b1b2c0e1bb58cb13f9291b0
b9a2054c-3c90-79c7-ea36-08dda2bb3fc2,2025-06-03 16:25:27.047,Subscription,Reservation Confirmation,Internal,2026 Full Season Membership,13322.59,,33ad044c-3c90-79c7-b4b1-08dda2a39f2c,73626c7c330e8bd1e84db6a9d45f860abb35c9096b1b2c0e1bb58cb13f9291b0
b9a2054c-3c90-79c7-ea36-08dda2bb3fc2,2025-06-03 16:25:27.047,Subscription,Reservation Confirmation,Internal,2026 Full Season Membership,13322.59,,36ad044c-3c90-79c7-b4c7-08dda2a39f2c,73626c7c330e8bd1e84db6a9d45f860abb35c9096b1b2c0e1bb58cb13f9291b0
b9a2054c-3c90-79c7-ea36-08dda2bb3fc2,2025-06-03 16:25:27.047,Subscription,Reservation Confirmation,Internal,2026 Full Season Membership,13322.59,,32ad044c-3c90-79c7-b48f-08dda2a39f2c,73626c7c330e8bd1e84db6a9d45f860abb35c9096b1b2c0e1bb58cb13f9291b0
b9a2054c-3c90-79c7-ea36-08dda2bb3fc2,2025-06-03 16:25:27.047,Subscription,Reservation Confirmation,Internal,2026 Full Season Membership,13322.59,,39ad044c-3c90-79c7-b4d0-08dda2a39f2c,73626c7c330e8bd1e84db6a9d45f860abb35c9096b1b2c0e1bb58cb13f9291b0
2cd8fd8d-c416-ee11-8445-8a2c811e9288,2023-06-29 21:34:34.700,Subscription,Sale,bSRO,2024 Full Season Membership,13319.0,,ff733b9c-c416-ee11-8445-8a2c811e9288,7cbfe66c7ee88549d7d442f9d0a90aae70bb7de8f8157c76d9ab5ee14321660f
2cd8fd8d-c416-ee11-8445-8a2c811e9288,2023-06-29 21:34:34.700,Subscription,Sale,bSRO,2024 Full Season Membership,13319.0,,fd733b9c-c416-ee11-8445-8a2c811e9288,7cbfe66c7ee88549d7d442f9d0a90aae70bb7de8f8157c76d9ab5ee14321660f
a402a7be-481d-ef11-8445-a503dfa011f2,2024-05-28 23:19:36.963,Subscription,Reservation Confirmation,Internal,2025 Full Season Membership,13307.6,,40d5d801-961c-ef11-8445-f8a6050c782d,212b498134007e2c7921ae43e4c446bfd6f97393060f3865d98e4ce0cc9eaa61
a402a7be-481d-ef11-8445-a503dfa011f2,2024-05-28 23:19:36.963,Subscription,Reservation Confirmation,Internal,2025 Full Season Membership,13307.6,,3fd5d801-961c-ef11-8445-f8a6050c782d,212b498134007e2c7921ae43e4c446bfd6f97393060f3865d98e4ce0cc9eaa61
0ad12769-d1e5-eb11-8315-c6b2117169af,2021-07-16 01:01:55.680,Subscription,Reservation Confirmation,Internal,2022 Full Season Membership,13278.72,,23fc07b1-b7e5-eb11-8315-c6b2117169af,137e91c423aeb7b4d2cf0903d89e161c5946dd2c0a3236b270c5661f36b58bfb
0ad12769-d1e5-eb11-8315-c6b2117169af,2021-07-16 01:01:55.680,Subscription,Reservation Confirmation,Internal,2022 Full Season Membership,13278.72,,22fc07b1-b7e5-eb11-8315-c6b2117169af,137e91c423aeb7b4d2cf0903d89e161c5946dd2c0a3236b270c5661f36b58bfb
0ad12769-d1e5-eb11-8315-c6b2117169af,2021-07-16 01:01:55.680,Subscription,Reservation Confirmation,Internal,2022 Full Season Membership,13278.72,,20fc07b1-b7e5-eb11-8315-c6b2117169af,137e91c423aeb7b4d2cf0903d89e161c5946dd2c0a3236b270c5661f36b58bfb
0ad12769-d1e5-eb11-8315-c6b2117169af,2021-07-16 01:01:55.680,Subscription,Reservation Confirmation,Internal,2022 Full Season Membership,13278.72,,21fc07b1-b7e5-eb11-8315-c6b2117169af,137e91c423aeb7b4d2cf0903d89e161c5946dd2c0a3236b270c5661f36b58bfb
4e792863-d1e5-eb11-8315-c6b2117169af,2021-07-16 01:01:55.037,Subscription,Reservation Confirmation,Internal,2022 Full Season Membership,13275.3,,07fc07b1-b7e5-eb11-8315-c6b2117169af,b8d167839dc0ee8870d11b2c4b35f5bbd8bd4758a1451fc03508b62d75d0e83c
4e792863-d1e5-eb11-8315-c6b2117169af,2021-07-16 01:01:55.037,Subscription,Reservation Confirmation,Internal,2022 Full Season Membership,13275.3,,08fc07b1-b7e5-eb11-8315-c6b2117169af,b8d167839dc0ee8870d11b2c4b35f5bbd8bd4758a1451fc03508b62d75d0e83c
4e792863-d1e5-eb11-8315-c6b2117169af,2021-07-16 01:01:55.037,Subscription,Reservation Confirmation,Internal,2022 Full Season Membership,13275.3,,06fc07b1-b7e5-eb11-8315-c6b2117169af,b8d167839dc0ee8870d11b2c4b35f5bbd8bd4758a1451fc03508b62d75d0e83c
4e792863-d1e5-eb11-8315-c6b2117169af,2021-07-16 01:01:55.037,Subscription,Reservation Confirmation,Internal,2022 Full Season Membership,13275.3,,09fc07b1-b7e5-eb11-8315-c6b2117169af,b8d167839dc0ee8870d11b2c4b35f5bbd8bd4758a1451fc03508b62d75d0e83c
b5cbfdbd-0307-ea11-a9ce-0a593f791696,2019-11-14 17:26:08.953,Subscription,Sale,bSRO,2021 Full Season Membership,13262.0,,abdd56c5-0307-ea11-a9ce-0a593f791696,2c01b5a927a3191c89f0214312e782fc016c7da93a90a86526f76ce941c6022a
b5cbfdbd-0307-ea11-a9ce-0a593f791696,2019-11-14 17:26:08.953,Subscription,Sale,bSRO,2021 Full Season Membership,13262.0,,aadd56c5-0307-ea11-a9ce-0a593f791696,2c01b5a927a3191c89f0214312e782fc016c7da93a90a86526f76ce941c6022a
b5cbfdbd-0307-ea11-a9ce-0a593f791696,2019-11-14 17:26:08.953,Subscription,Sale,bSRO,2021 Full Season Membership,13262.0,,acdd56c5-0307-ea11-a9ce-0a593f791696,2c01b5a927a3191c89f0214312e782fc016c7da93a90a86526f76ce941c6022a
b5cbfdbd-0307-ea11-a9ce-0a593f791696,2019-11-14 17:26:08.953,Subscription,Sale,bSRO,2021 Full Season Membership,13262.0,,addd56c5-0307-ea11-a9ce-0a593f791696,2c01b5a927a3191c89f0214312e782fc016c7da93a90a86526f76ce941c6022a
f06acdce-0b06-ee11-8445-dbaba6384eee,2023-06-08 14:50:33.447,Subscription,Reservation Confirmation,Internal,2024 Full Season Membership,13262.0,,84a22dfc-0a06-ee11-8445-dbaba6384eee,0d87ec693bbef8c3299bb9a022dca39667764f23c580c4111614ebd5c1703df2
f06acdce-0b06-ee11-8445-dbaba6384eee,2023-06-08 14:50:33.447,Subscription,Reservation Confirmation,Internal,2024 Full Season Membership,13262.0,,85a22dfc-0a06-ee11-8445-dbaba6384eee,0d87ec693bbef8c3299bb9a022dca39667764f23c580c4111614ebd5c1703df2
f06acdce-0b06-ee11-8445-dbaba6384eee,2023-06-08 14:50:33.447,Subscription,Reservation Confirmation,Internal,2024 Full Season Membership,13262.0,,83a22dfc-0a06-ee11-8445-dbaba6384eee,0d87ec693bbef8c3299bb9a022dca39667764f23c580c4111614ebd5c1703df2
f06acdce-0b06-ee11-8445-dbaba6384eee,2023-06-08 14:50:33.447,Subscription,Reservation Confirmation,Internal,2024 Full Season Membership,13262.0,,86a22dfc-0a06-ee11-8445-dbaba6384eee,0d87ec693bbef8c3299bb9a022dca39667764f23c580c4111614ebd5c1703df2
95765b33-910c-ea11-a9ce-0a593f791696,2019-11-21 19:04:42.690,Subscription,Reservation Confirmation,bSRO,2021 Full Season Membership,13262.0,,5fc98616-ac01-ea11-a9ce-0a593f791696,59e714e907a32cff68be6b77f746240bfbb628872fa2935d1ca8bff5c8254390
95765b33-910c-ea11-a9ce-0a593f791696,2019-11-21 19:04:42.690,Subscription,Reservation Confirmation,bSRO,2021 Full Season Membership,13262.0,,5ec98616-ac01-ea11-a9ce-0a593f791696,59e714e907a32cff68be6b77f746240bfbb628872fa2935d1ca8bff5c8254390
0da50054-0090-79c7-b134-08dda47ece35,2025-06-05 22:17:49.040,Subscription,Reservation Confirmation,Internal,2026 Full Season Membership,13244.29,,89a00054-0090-79c7-a953-08dda47e5140,433b78050b044307ea237141b0a5ecd58cf2d4640308b6264a3fe22ac93a373b
0da50054-0090-79c7-b134-08dda47ece35,2025-06-05 22:17:49.040,Subscription,Reservation Confirmation,Internal,2026 Full Season Membership,13244.29,,86a00054-0090-79c7-a91e-08dda47e5140,433b78050b044307ea237141b0a5ecd58cf2d4640308b6264a3fe22ac93a373b
0da50054-0090-79c7-b134-08dda47ece35,2025-06-05 22:17:49.040,Subscription,Reservation Confirmation,Internal,2026 Full Season Membership,13244.29,,87a00054-0090-79c7-a944-08dda47e5140,433b78050b044307ea237141b0a5ecd58cf2d4640308b6264a3fe22ac93a373b
0da50054-0090-79c7-b134-08dda47ece35,2025-06-05 22:17:49.040,Subscription,Reservation Confirmation,Internal,2026 Full Season Membership,13244.29,,88a00054-0090-79c7-a94f-08dda47e5140,433b78050b044307ea237141b0a5ecd58cf2d4640308b6264a3fe22ac93a373b
49d22769-d1e5-eb11-8315-c6b2117169af,2021-07-16 01:02:02.790,Subscription,Reservation Confirmation,Internal,2022 Full Season Membership,13151.04,,d9ff02b7-b7e5-eb11-8315-c6b2117169af,a8a3950114bd003758743943ee51102d03d7cb7e7414953ad4dbfa860dd5eeee
49d22769-d1e5-eb11-8315-c6b2117169af,2021-07-16 01:02:02.790,Subscription,Reservation Confirmation,Internal,2022 Full Season Membership,13151.04,,d7ff02b7-b7e5-eb11-8315-c6b2117169af,a8a3950114bd003758743943ee51102d03d7cb7e7414953ad4dbfa860dd5eeee
49d22769-d1e5-eb11-8315-c6b2117169af,2021-07-16 01:02:02.790,Subscription,Reservation Confirmation,Internal,2022 Full Season Membership,13151.04,,d8ff02b7-b7e5-eb11-8315-c6b2117169af,a8a3950114bd003758743943ee51102d03d7cb7e7414953ad4dbfa860dd5eeee
49d22769-d1e5-eb11-8315-c6b2117169af,2021-07-16 01:02:02.790,Subscription,Reservation Confirmation,Internal,2022 Full Season Membership,13151.04,,daff02b7-b7e5-eb11-8315-c6b2117169af,a8a3950114bd003758743943ee51102d03d7cb7e7414953ad4dbfa860dd5eeee
a9710104-1f90-79c7-68d3-08ddda9f9ece,2025-08-13 19:29:09.040,Subscription,Sale,bSRO,2026 Full Season Membership,13122.27,,b1710104-1f90-79c7-e010-08ddda9f9edf,5c6a643950f938291c58a7dfe3447a2f3548d0b738e59b471e881519798d4188
a9710104-1f90-79c7-68d3-08ddda9f9ece,2025-08-13 19:29:09.040,Subscription,Sale,bSRO,2026 Full Season Membership,13122.27,,ae710104-1f90-79c7-db8f-08ddda9f9edf,5c6a643950f938291c58a7dfe3447a2f3548d0b738e59b471e881519798d4188
a9710104-1f90-79c7-68d3-08ddda9f9ece,2025-08-13 19:29:09.040,Subscription,Sale,bSRO,2026 Full Season Membership,13122.27,,b0710104-1f90-79c7-defa-08ddda9f9edf,5c6a643950f938291c58a7dfe3447a2f3548d0b738e59b471e881519798d4188
a9710104-1f90-79c7-68d3-08ddda9f9ece,2025-08-13 19:29:09.040,Subscription,Sale,bSRO,2026 Full Season Membership,13122.27,,af710104-1f90-79c7-de39-08ddda9f9edf,5c6a643950f938291c58a7dfe3447a2f3548d0b738e59b471e881519798d4188
a1a2054c-3c90-79c7-29a3-08dda2bb3f82,2025-06-03 16:25:26.603,Subscription,Reservation Confirmation,Internal,2026 Full Season Membership,13122.27,,95ac044c-3c90-79c7-60d6-08dda2a39e36,5f7fd09c1f59f010143ef40187e25c57640b72ee2d7ed8b905eaad9ab89f1cd0
4398054c-3c90-79c7-f365-08dda2b9223d,2025-06-03 16:10:18.477,Subscription,Reservation Confirmation,Internal,2026 Full Season Membership,13122.27,,6dab044c-3c90-79c7-301e-08dda2a39cbd,3a64b3a18e8e73cfc8e732cdd962d91eae105c1fefdf1df3ac3c37edbe1b0566
a1a2054c-3c90-79c7-29a3-08dda2bb3f82,2025-06-03 16:25:26.603,Subscription,Reservation Confirmation,Internal,2026 Full Season Membership,13122.27,,94ac044c-3c90-79c7-60d2-08dda2a39e36,5f7fd09c1f59f010143ef40187e25c57640b72ee2d7ed8b905eaad9ab89f1cd0
a1a2054c-3c90-79c7-29a3-08dda2bb3f82,2025-06-03 16:25:26.603,Subscription,Reservation Confirmation,Internal,2026 Full Season Membership,13122.27,,92ac044c-3c90-79c7-60b0-08dda2a39e36,5f7fd09c1f59f010143ef40187e25c57640b72ee2d7ed8b905eaad9ab89f1cd0
4398054c-3c90-79c7-f365-08dda2b9223d,2025-06-03 16:10:18.477,Subscription,Reservation Confirmation,Internal,2026 Full Season Membership,13122.27,,6cab044c-3c90-79c7-300f-08dda2a39cbd,3a64b3a18e8e73cfc8e732cdd962d91eae105c1fefdf1df3ac3c37edbe1b0566
55fe1caf-f258-66bd-7000-019f949bd4ef,2026-07-24 14:54:57.243,Subscription,Sale,bSRO,2027-2028 Full Season Membership,13122.27,,6cda4143-faa8-d1bd-7000-019f949e8c83,3a64b3a18e8e73cfc8e732cdd962d91eae105c1fefdf1df3ac3c37edbe1b0566
55fe1caf-f258-66bd-7000-019f949bd4ef,2026-07-24 14:54:57.243,Subscription,Sale,bSRO,2027-2028 Full Season Membership,13122.27,,619666dd-b736-cbbd-7000-019f949e800e,3a64b3a18e8e73cfc8e732cdd962d91eae105c1fefdf1df3ac3c37edbe1b0566
4398054c-3c90-79c7-f365-08dda2b9223d,2025-06-03 16:10:18.477,Subscription,Reservation Confirmation,Internal,2026 Full Season Membership,13122.27,,6bab044c-3c90-79c7-2ff2-08dda2a39cbd,3a64b3a18e8e73cfc8e732cdd962d91eae105c1fefdf1df3ac3c37edbe1b0566
a1a2054c-3c90-79c7-29a3-08dda2bb3f82,2025-06-03 16:25:26.603,Subscription,Reservation Confirmation,Internal,2026 Full Season Membership,13122.27,,93ac044c-3c90-79c7-60cf-08dda2a39e36,5f7fd09c1f59f010143ef40187e25c57640b72ee2d7ed8b905eaad9ab89f1cd0
55fe1caf-f258-66bd-7000-019f949bd4ef,2026-07-24 14:54:57.243,Subscription,Sale,bSRO,2027-2028 Full Season Membership,13122.27,,22cd8dd5-a845-cfbd-7000-019f949e87e5,3a64b3a18e8e73cfc8e732cdd962d91eae105c1fefdf1df3ac3c37edbe1b0566
4398054c-3c90-79c7-f365-08dda2b9223d,2025-06-03 16:10:18.477,Subscription,Reservation Confirmation,Internal,2026 Full Season Membership,13122.27,,6eab044c-3c90-79c7-3023-08dda2a39cbd,3a64b3a18e8e73cfc8e732cdd962d91eae105c1fefdf1df3ac3c37edbe1b0566
55fe1caf-f258-66bd-7000-019f949bd4ef,2026-07-24 14:54:57.243,Subscription,Sale,bSRO,2027-2028 Full Season Membership,13122.27,,8c7bb76d-26bd-cdbd-7000-019f949e8427,3a64b3a18e8e73cfc8e732cdd962d91eae105c1fefdf1df3ac3c37edbe1b0566
61b8054c-3c90-79c7-437d-08dda2c01bf1,2025-06-03 17:00:44.423,Subscription,Reservation Confirmation,bSRO,2026 Full Season Membership,13111.82,,98b5054c-3c90-79c7-a501-08dda2bed6be,b5fcd904c8f3b83a326f5f594cbd7cc114408a8485a0c4754d78998c177d3554
61b8054c-3c90-79c7-437d-08dda2c01bf1,2025-06-03 17:00:44.423,Subscription,Reservation Confirmation,bSRO,2026 Full Season Membership,13111.82,,96b5054c-3c90-79c7-a4d6-08dda2bed6be,b5fcd904c8f3b83a326f5f594cbd7cc114408a8485a0c4754d78998c177d3554
61b8054c-3c90-79c7-437d-08dda2c01bf1,2025-06-03 17:00:44.423,Subscription,Reservation Confirmation,bSRO,2026 Full Season Membership,13111.82,,97b5054c-3c90-79c7-a4fb-08dda2bed6be,b5fcd904c8f3b83a326f5f594cbd7cc114408a8485a0c4754d78998c177d3554
61b8054c-3c90-79c7-437d-08dda2c01bf1,2025-06-03 17:00:44.423,Subscription,Reservation Confirmation,bSRO,2026 Full Season Membership,13111.82,,99b5054c-3c90-79c7-a505-08dda2bed6be,b5fcd904c8f3b83a326f5f594cbd7cc114408a8485a0c4754d78998c177d3554
61a40054-0090-79c7-2816-08dda47ecc70,2025-06-05 22:17:46.103,Subscription,Reservation Confirmation,Internal,2026 Full Season Membership,13111.82,,b29f0054-0090-79c7-71bf-08dda47e5043,d71f94b7c9fb4aa09d5f54597b8e0d9c9011d69f60cc6a64c5550dc30c471c4d
61a40054-0090-79c7-2816-08dda47ecc70,2025-06-05 22:17:46.103,Subscription,Reservation Confirmation,Internal,2026 Full Season Membership,13111.82,,b59f0054-0090-79c7-71f2-08dda47e5043,d71f94b7c9fb4aa09d5f54597b8e0d9c9011d69f60cc6a64c5550dc30c471c4d
61a40054-0090-79c7-2816-08dda47ecc70,2025-06-05 22:17:46.103,Subscription,Reservation Confirmation,Internal,2026 Full Season Membership,13111.82,,b49f0054-0090-79c7-71ee-08dda47e5043,d71f94b7c9fb4aa09d5f54597b8e0d9c9011d69f60cc6a64c5550dc30c471c4d
61a40054-0090-79c7-2816-08dda47ecc70,2025-06-05 22:17:46.103,Subscription,Reservation Confirmation,Internal,2026 Full Season Membership,13111.82,,b39f0054-0090-79c7-71e7-08dda47e5043,d71f94b7c9fb4aa09d5f54597b8e0d9c9011d69f60cc6a64c5550dc30c471c4d
eea30054-0090-79c7-c0dd-08dda47ecb47,2025-06-05 22:17:44.093,Subscription,Reservation Confirmation,Internal,2026 Full Season Membership,13105.92,,419f0054-0090-79c7-8704-08dda47e4f8b,1bf2a819aa9f20261de89c643fb75b4300319b4fd9bbc82e6b6b46f6000c413b
eea30054-0090-79c7-c0dd-08dda47ecb47,2025-06-05 22:17:44.093,Subscription,Reservation Confirmation,Internal,2026 Full Season Membership,13105.92,,429f0054-0090-79c7-872b-08dda47e4f8b,1bf2a819aa9f20261de89c643fb75b4300319b4fd9bbc82e6b6b46f6000c413b
ae897ec7-f27f-4997-7004-019f6185a706,2026-07-14 16:49:38.450,Subscription,Sale,bSRO,2027-2028 Full Season Membership,13067.0,,bca3c2a5-fbcb-6d97-7004-019f6186d7c7,0dabc434c0d828699aaf4f7aad1eaf3858a0891c37335930119a4053e5db99d2
ae897ec7-f27f-4997-7004-019f6185a706,2026-07-14 16:49:38.450,Subscription,Sale,bSRO,2027-2028 Full Season Membership,13067.0,,29dd8b25-be9f-6f97-7004-019f61870afb,0dabc434c0d828699aaf4f7aad1eaf3858a0891c37335930119a4053e5db99d2
a4a30054-0090-79c7-3e5e-08dda47eca98,2025-06-05 22:17:42.990,Subscription,Reservation Confirmation,Internal,2026 Full Season Membership,13066.38,,ef9e0054-0090-79c7-46b4-08dda47e4eff,5ae5b92aff7ebb3668105e67b70d621b41b3a86d0cce2c97cd46beafa5c6333a
a4a30054-0090-79c7-3e5e-08dda47eca98,2025-06-05 22:17:42.990,Subscription,Reservation Confirmation,Internal,2026 Full Season Membership,13066.38,,f39e0054-0090-79c7-46e2-08dda47e4eff,5ae5b92aff7ebb3668105e67b70d621b41b3a86d0cce2c97cd46beafa5c6333a
a4a30054-0090-79c7-3e5e-08dda47eca98,2025-06-05 22:17:42.990,Subscription,Reservation Confirmation,Internal,2026 Full Season Membership,13066.38,,f19e0054-0090-79c7-46db-08dda47e4eff,5ae5b92aff7ebb3668105e67b70d621b41b3a86d0cce2c97cd46beafa5c6333a
a4a30054-0090-79c7-3e5e-08dda47eca98,2025-06-05 22:17:42.990,Subscription,Reservation Confirmation,Internal,2026 Full Season Membership,13066.38,,ed9e0054-0090-79c7-46aa-08dda47e4eff,5ae5b92aff7ebb3668105e67b70d621b41b3a86d0cce2c97cd46beafa5c6333a
a4a30054-0090-79c7-3e5e-08dda47eca98,2025-06-05 22:17:42.990,Subscription,Reservation Confirmation,Internal,2026 Full Season Membership,13066.38,,f29e0054-0090-79c7-46df-08dda47e4eff,5ae5b92aff7ebb3668105e67b70d621b41b3a86d0cce2c97cd46beafa5c6333a
a4a30054-0090-79c7-3e5e-08dda47eca98,2025-06-05 22:17:42.990,Subscription,Reservation Confirmation,Internal,2026 Full Season Membership,13066.38,,ee9e0054-0090-79c7-46b0-08dda47e4eff,5ae5b92aff7ebb3668105e67b70d621b41b3a86d0cce2c97cd46beafa5c6333a
a4a30054-0090-79c7-3e5e-08dda47eca98,2025-06-05 22:17:42.990,Subscription,Reservation Confirmation,Internal,2026 Full Season Membership,13066.38,,ec9e0054-0090-79c7-4679-08dda47e4eff,5ae5b92aff7ebb3668105e67b70d621b41b3a86d0cce2c97cd46beafa5c6333a
a4a30054-0090-79c7-3e5e-08dda47eca98,2025-06-05 22:17:42.990,Subscription,Reservation Confirmation,Internal,2026 Full Season Membership,13066.38,,f09e0054-0090-79c7-46b7-08dda47e4eff,5ae5b92aff7ebb3668105e67b70d621b41b3a86d0cce2c97cd46beafa5c6333a
474503b8-6e90-79c7-4629-08ddc3b7a091,2025-07-15 15:54:17.973,Subscription,Sale,bSRO,2026 Full Season Membership,13055.0,,5c4503b8-6e90-79c7-ba96-08ddc3b7b8df,ef6e40389364bc14eb013cb59a9e6f5e203e0b9149e42b61132a1c0e7224cdd0
474503b8-6e90-79c7-4629-08ddc3b7a091,2025-07-15 15:54:17.973,Subscription,Sale,bSRO,2026 Full Season Membership,13055.0,,5d4503b8-6e90-79c7-baa6-08ddc3b7b8df,ef6e40389364bc14eb013cb59a9e6f5e203e0b9149e42b61132a1c0e7224cdd0
474503b8-6e90-79c7-4629-08ddc3b7a091,2025-07-15 15:54:17.973,Subscription,Sale,bSRO,2026 Full Season Membership,13055.0,,5b4503b8-6e90-79c7-ba8f-08ddc3b7b8df,ef6e40389364bc14eb013cb59a9e6f5e203e0b9149e42b61132a1c0e7224cdd0
474503b8-6e90-79c7-4629-08ddc3b7a091,2025-07-15 15:54:17.973,Subscription,Sale,bSRO,2026 Full Season Membership,13055.0,,5a4503b8-6e90-79c7-ba55-08ddc3b7b8df,ef6e40389364bc14eb013cb59a9e6f5e203e0b9149e42b61132a1c0e7224cdd0
9d7211a2-7510-ee11-8445-c089a13484fc,2023-06-21 20:55:55.077,Subscription,Sale,bSRO,2024 Full Season Membership,13034.0,,1c8ecadf-7510-ee11-8445-c089a13484fc,fde6737cf0ab64a00ec749362bf4af052283e86d22f78164eb1b283e33e56435
9d7211a2-7510-ee11-8445-c089a13484fc,2023-06-21 20:55:55.077,Subscription,Sale,bSRO,2024 Full Season Membership,13034.0,,af66b6d9-7510-ee11-8445-c089a13484fc,fde6737cf0ab64a00ec749362bf4af052283e86d22f78164eb1b283e33e56435
9d7211a2-7510-ee11-8445-c089a13484fc,2023-06-21 20:55:55.077,Subscription,Sale,bSRO,2024 Full Season Membership,13034.0,,ad66b6d9-7510-ee11-8445-c089a13484fc,fde6737cf0ab64a00ec749362bf4af052283e86d22f78164eb1b283e33e56435
9d7211a2-7510-ee11-8445-c089a13484fc,2023-06-21 20:55:55.077,Subscription,Sale,bSRO,2024 Full Season Membership,13034.0,,aa66b6d9-7510-ee11-8445-c089a13484fc,fde6737cf0ab64a00ec749362bf4af052283e86d22f78164eb1b283e33e56435
ab933d96-0e74-ee11-8445-da468e25d81a,2023-10-26 14:48:08.480,Subscription,Sale,bSRO,2024 Full Season Membership,13023.29,,0318989e-0e74-ee11-8445-da468e25d81a,3d59bf5ee9876897e7c2c61adde346558aada36199a2ae5f53f66830729972d0
ab933d96-0e74-ee11-8445-da468e25d81a,2023-10-26 14:48:08.480,Subscription,Sale,bSRO,2024 Full Season Membership,13023.29,,ff17989e-0e74-ee11-8445-da468e25d81a,3d59bf5ee9876897e7c2c61adde346558aada36199a2ae5f53f66830729972d0
ab933d96-0e74-ee11-8445-da468e25d81a,2023-10-26 14:48:08.480,Subscription,Sale,bSRO,2024 Full Season Membership,13023.29,,fe17989e-0e74-ee11-8445-da468e25d81a,3d59bf5ee9876897e7c2c61adde346558aada36199a2ae5f53f66830729972d0
ab933d96-0e74-ee11-8445-da468e25d81a,2023-10-26 14:48:08.480,Subscription,Sale,bSRO,2024 Full Season Membership,13023.29,,fd17989e-0e74-ee11-8445-da468e25d81a,3d59bf5ee9876897e7c2c61adde346558aada36199a2ae5f53f66830729972d0
eceed5a3-1320-ea11-a9ce-0a593f791696,2019-12-16 14:55:43.647,Subscription,Reservation Confirmation,bSRO,2021 Full Season Membership,13015.0,,6905c17a-5302-ea11-a9ce-0a593f791696,b8d167839dc0ee8870d11b2c4b35f5bbd8bd4758a1451fc03508b62d75d0e83c
eceed5a3-1320-ea11-a9ce-0a593f791696,2019-12-16 14:55:43.647,Subscription,Reservation Confirmation,bSRO,2021 Full Season Membership,13015.0,,6805c17a-5302-ea11-a9ce-0a593f791696,b8d167839dc0ee8870d11b2c4b35f5bbd8bd4758a1451fc03508b62d75d0e83c
eceed5a3-1320-ea11-a9ce-0a593f791696,2019-12-16 14:55:43.647,Subscription,Reservation Confirmation,bSRO,2021 Full Season Membership,13015.0,,6705c17a-5302-ea11-a9ce-0a593f791696,b8d167839dc0ee8870d11b2c4b35f5bbd8bd4758a1451fc03508b62d75d0e83c
eceed5a3-1320-ea11-a9ce-0a593f791696,2019-12-16 14:55:43.647,Subscription,Reservation Confirmation,bSRO,2021 Full Season Membership,13015.0,,6605c17a-5302-ea11-a9ce-0a593f791696,b8d167839dc0ee8870d11b2c4b35f5bbd8bd4758a1451fc03508b62d75d0e83c
b1d2b894-c601-ea11-a9ce-0a593f791696,2019-11-08 01:29:30.687,Subscription,Sale,bSRO,2021 Full Season Membership,13015.0,,fcea91b2-c601-ea11-a9ce-0a593f791696,f57f6d513ce60b2c4ee340fdd3e52b5bc6e24f28c374af507ba50d5213973201
b1d2b894-c601-ea11-a9ce-0a593f791696,2019-11-08 01:29:30.687,Subscription,Sale,bSRO,2021 Full Season Membership,13015.0,,fdea91b2-c601-ea11-a9ce-0a593f791696,f57f6d513ce60b2c4ee340fdd3e52b5bc6e24f28c374af507ba50d5213973201
0f536e80-3718-ea11-a9ce-0a593f791696,2019-12-06 15:16:57.197,Subscription,Sale,bSRO,2021 Full Season Membership,13015.0,,61bdce94-3718-ea11-a9ce-0a593f791696,c0ca1ad49fb6963550d7d13f0028546dc40675aa05a3d6560bad014037dc7f50
0f536e80-3718-ea11-a9ce-0a593f791696,2019-12-06 15:16:57.197,Subscription,Sale,bSRO,2021 Full Season Membership,13015.0,,5fbdce94-3718-ea11-a9ce-0a593f791696,c0ca1ad49fb6963550d7d13f0028546dc40675aa05a3d6560bad014037dc7f50
0f536e80-3718-ea11-a9ce-0a593f791696,2019-12-06 15:16:57.197,Subscription,Sale,bSRO,2021 Full Season Membership,13015.0,,60bdce94-3718-ea11-a9ce-0a593f791696,c0ca1ad49fb6963550d7d13f0028546dc40675aa05a3d6560bad014037dc7f50
0f536e80-3718-ea11-a9ce-0a593f791696,2019-12-06 15:16:57.197,Subscription,Sale,bSRO,2021 Full Season Membership,13015.0,,62bdce94-3718-ea11-a9ce-0a593f791696,c0ca1ad49fb6963550d7d13f0028546dc40675aa05a3d6560bad014037dc7f50
1af074a0-dd7b-ed11-83d0-d526d65c5b2e,2022-12-14 18:33:27.433,Subscription,Sale,bSRO,2023 Full Season Membership,13007.02,,acb206ba-dd7b-ed11-83d0-d526d65c5b2e,0d87ec693bbef8c3299bb9a022dca39667764f23c580c4111614ebd5c1703df2
1af074a0-dd7b-ed11-83d0-d526d65c5b2e,2022-12-14 18:33:27.433,Subscription,Sale,bSRO,2023 Full Season Membership,13007.02,,abb206ba-dd7b-ed11-83d0-d526d65c5b2e,0d87ec693bbef8c3299bb9a022dca39667764f23c580c4111614ebd5c1703df2
1af074a0-dd7b-ed11-83d0-d526d65c5b2e,2022-12-14 18:33:27.433,Subscription,Sale,bSRO,2023 Full Season Membership,13007.02,,aeb206ba-dd7b-ed11-83d0-d526d65c5b2e,0d87ec693bbef8c3299bb9a022dca39667764f23c580c4111614ebd5c1703df2
1af074a0-dd7b-ed11-83d0-d526d65c5b2e,2022-12-14 18:33:27.433,Subscription,Sale,bSRO,2023 Full Season Membership,13007.02,,adb206ba-dd7b-ed11-83d0-d526d65c5b2e,0d87ec693bbef8c3299bb9a022dca39667764f23c580c4111614ebd5c1703df2
d4264b28-1874-ee11-8445-e8b84df9e4be,2023-10-26 15:56:33.083,Subscription,Sale,bSRO,2024 Full Season Membership,13006.24,,4c138b2f-1874-ee11-8445-e8b84df9e4be,5506af7467b2c0b4c905d310da316b03482be7f4dedd1bbd6acc860e6216a7d8
d4264b28-1874-ee11-8445-e8b84df9e4be,2023-10-26 15:56:33.083,Subscription,Sale,bSRO,2024 Full Season Membership,13006.24,,52138b2f-1874-ee11-8445-e8b84df9e4be,5506af7467b2c0b4c905d310da316b03482be7f4dedd1bbd6acc860e6216a7d8
d4264b28-1874-ee11-8445-e8b84df9e4be,2023-10-26 15:56:33.083,Subscription,Sale,bSRO,2024 Full Season Membership,13006.24,,4e138b2f-1874-ee11-8445-e8b84df9e4be,5506af7467b2c0b4c905d310da316b03482be7f4dedd1bbd6acc860e6216a7d8
d4264b28-1874-ee11-8445-e8b84df9e4be,2023-10-26 15:56:33.083,Subscription,Sale,bSRO,2024 Full Season Membership,13006.24,,53138b2f-1874-ee11-8445-e8b84df9e4be,5506af7467b2c0b4c905d310da316b03482be7f4dedd1bbd6acc860e6216a7d8
d4264b28-1874-ee11-8445-e8b84df9e4be,2023-10-26 15:56:33.083,Subscription,Sale,bSRO,2024 Full Season Membership,13006.24,,4f138b2f-1874-ee11-8445-e8b84df9e4be,5506af7467b2c0b4c905d310da316b03482be7f4dedd1bbd6acc860e6216a7d8
d4264b28-1874-ee11-8445-e8b84df9e4be,2023-10-26 15:56:33.083,Subscription,Sale,bSRO,2024 Full Season Membership,13006.24,,51138b2f-1874-ee11-8445-e8b84df9e4be,5506af7467b2c0b4c905d310da316b03482be7f4dedd1bbd6acc860e6216a7d8
d4264b28-1874-ee11-8445-e8b84df9e4be,2023-10-26 15:56:33.083,Subscription,Sale,bSRO,2024 Full Season Membership,13006.24,,57138b2f-1874-ee11-8445-e8b84df9e4be,5506af7467b2c0b4c905d310da316b03482be7f4dedd1bbd6acc860e6216a7d8
d4264b28-1874-ee11-8445-e8b84df9e4be,2023-10-26 15:56:33.083,Subscription,Sale,bSRO,2024 Full Season Membership,13006.24,,58138b2f-1874-ee11-8445-e8b84df9e4be,5506af7467b2c0b4c905d310da316b03482be7f4dedd1bbd6acc860e6216a7d8
d4264b28-1874-ee11-8445-e8b84df9e4be,2023-10-26 15:56:33.083,Subscription,Sale,bSRO,2024 Full Season Membership,13006.24,,4b138b2f-1874-ee11-8445-e8b84df9e4be,5506af7467b2c0b4c905d310da316b03482be7f4dedd1bbd6acc860e6216a7d8
d4264b28-1874-ee11-8445-e8b84df9e4be,2023-10-26 15:56:33.083,Subscription,Sale,bSRO,2024 Full Season Membership,13006.24,,4d138b2f-1874-ee11-8445-e8b84df9e4be,5506af7467b2c0b4c905d310da316b03482be7f4dedd1bbd6acc860e6216a7d8
d4264b28-1874-ee11-8445-e8b84df9e4be,2023-10-26 15:56:33.083,Subscription,Sale,bSRO,2024 Full Season Membership,13006.24,,50138b2f-1874-ee11-8445-e8b84df9e4be,5506af7467b2c0b4c905d310da316b03482be7f4dedd1bbd6acc860e6216a7d8
d4264b28-1874-ee11-8445-e8b84df9e4be,2023-10-26 15:56:33.083,Subscription,Sale,bSRO,2024 Full Season Membership,13006.24,,5a138b2f-1874-ee11-8445-e8b84df9e4be,5506af7467b2c0b4c905d310da316b03482be7f4dedd1bbd6acc860e6216a7d8
d4264b28-1874-ee11-8445-e8b84df9e4be,2023-10-26 15:56:33.083,Subscription,Sale,bSRO,2024 Full Season Membership,13006.24,,59138b2f-1874-ee11-8445-e8b84df9e4be,5506af7467b2c0b4c905d310da316b03482be7f4dedd1bbd6acc860e6216a7d8
d4264b28-1874-ee11-8445-e8b84df9e4be,2023-10-26 15:56:33.083,Subscription,Sale,bSRO,2024 Full Season Membership,13006.24,,55138b2f-1874-ee11-8445-e8b84df9e4be,5506af7467b2c0b4c905d310da316b03482be7f4dedd1bbd6acc860e6216a7d8
d4264b28-1874-ee11-8445-e8b84df9e4be,2023-10-26 15:56:33.083,Subscription,Sale,bSRO,2024 Full Season Membership,13006.24,,54138b2f-1874-ee11-8445-e8b84df9e4be,5506af7467b2c0b4c905d310da316b03482be7f4dedd1bbd6acc860e6216a7d8
d4264b28-1874-ee11-8445-e8b84df9e4be,2023-10-26 15:56:33.083,Subscription,Sale,bSRO,2024 Full Season Membership,13006.24,,56138b2f-1874-ee11-8445-e8b84df9e4be,5506af7467b2c0b4c905d310da316b03482be7f4dedd1bbd6acc860e6216a7d8
fdb0ce84-2ae6-eb11-8315-a7b253237166,2021-07-16 11:40:34.497,Subscription,Reservation Confirmation,bSRO,2022 Full Season Membership,13002.08,,a3735b53-c3e5-eb11-8315-c6b2117169af,1f01226dd199a9c9364775e89f6b4e77d1842e27cf1ce841a0b01b8afcc04cba
fdb0ce84-2ae6-eb11-8315-a7b253237166,2021-07-16 11:40:34.497,Subscription,Reservation Confirmation,bSRO,2022 Full Season Membership,13002.08,,a2735b53-c3e5-eb11-8315-c6b2117169af,1f01226dd199a9c9364775e89f6b4e77d1842e27cf1ce841a0b01b8afcc04cba
fdb0ce84-2ae6-eb11-8315-a7b253237166,2021-07-16 11:40:34.497,Subscription,Reservation Confirmation,bSRO,2022 Full Season Membership,13002.08,,a0735b53-c3e5-eb11-8315-c6b2117169af,1f01226dd199a9c9364775e89f6b4e77d1842e27cf1ce841a0b01b8afcc04cba
fdb0ce84-2ae6-eb11-8315-a7b253237166,2021-07-16 11:40:34.497,Subscription,Reservation Confirmation,bSRO,2022 Full Season Membership,13002.08,,a1735b53-c3e5-eb11-8315-c6b2117169af,1f01226dd199a9c9364775e89f6b4e77d1842e27cf1ce841a0b01b8afcc04cba
7e63f31c-db7b-ed11-83d0-d526d65c5b2e,2022-12-14 18:15:11.787,Subscription,Sale,bSRO,2023 Full Season Membership,13001.32,,80d75e25-db7b-ed11-83d0-d526d65c5b2e,99b20cb0202a95e027cc27f4032b29a09509be87306d4384c4d19dde36b4896b
7e63f31c-db7b-ed11-83d0-d526d65c5b2e,2022-12-14 18:15:11.787,Subscription,Sale,bSRO,2023 Full Season Membership,13001.32,,82d75e25-db7b-ed11-83d0-d526d65c5b2e,99b20cb0202a95e027cc27f4032b29a09509be87306d4384c4d19dde36b4896b
7e63f31c-db7b-ed11-83d0-d526d65c5b2e,2022-12-14 18:15:11.787,Subscription,Sale,bSRO,2023 Full Season Membership,13001.32,,81d75e25-db7b-ed11-83d0-d526d65c5b2e,99b20cb0202a95e027cc27f4032b29a09509be87306d4384c4d19dde36b4896b
7e63f31c-db7b-ed11-83d0-d526d65c5b2e,2022-12-14 18:15:11.787,Subscription,Sale,bSRO,2023 Full Season Membership,13001.32,,83d75e25-db7b-ed11-83d0-d526d65c5b2e,99b20cb0202a95e027cc27f4032b29a09509be87306d4384c4d19dde36b4896b
84a30054-0090-79c7-3459-08dda47eca17,2025-06-05 22:17:42.367,Subscription,Reservation Confirmation,Internal,2026 Full Season Membership,12987.31,,cb9e0054-0090-79c7-f1a1-08dda47e4ea5,21cb5af13c9bcee33e29263b012cf90ff187f8d2be4e26a0bb0a4de31eff4019
84a30054-0090-79c7-3459-08dda47eca17,2025-06-05 22:17:42.367,Subscription,Reservation Confirmation,Internal,2026 Full Season Membership,12987.31,,c89e0054-0090-79c7-f196-08dda47e4ea5,21cb5af13c9bcee33e29263b012cf90ff187f8d2be4e26a0bb0a4de31eff4019
84a30054-0090-79c7-3459-08dda47eca17,2025-06-05 22:17:42.367,Subscription,Reservation Confirmation,Internal,2026 Full Season Membership,12987.31,,c69e0054-0090-79c7-f18d-08dda47e4ea5,21cb5af13c9bcee33e29263b012cf90ff187f8d2be4e26a0bb0a4de31eff4019
84a30054-0090-79c7-3459-08dda47eca17,2025-06-05 22:17:42.367,Subscription,Reservation Confirmation,Internal,2026 Full Season Membership,12987.31,,c99e0054-0090-79c7-f19a-08dda47e4ea5,21cb5af13c9bcee33e29263b012cf90ff187f8d2be4e26a0bb0a4de31eff4019
84a30054-0090-79c7-3459-08dda47eca17,2025-06-05 22:17:42.367,Subscription,Reservation Confirmation,Internal,2026 Full Season Membership,12987.31,,ca9e0054-0090-79c7-f19e-08dda47e4ea5,21cb5af13c9bcee33e29263b012cf90ff187f8d2be4e26a0bb0a4de31eff4019
84a30054-0090-79c7-3459-08dda47eca17,2025-06-05 22:17:42.367,Subscription,Reservation Confirmation,Internal,2026 Full Season Membership,12987.31,,c59e0054-0090-79c7-f14d-08dda47e4ea5,21cb5af13c9bcee33e29263b012cf90ff187f8d2be4e26a0bb0a4de31eff4019
84a30054-0090-79c7-3459-08dda47eca17,2025-06-05 22:17:42.367,Subscription,Reservation Confirmation,Internal,2026 Full Season Membership,12987.31,,c79e0054-0090-79c7-f192-08dda47e4ea5,21cb5af13c9bcee33e29263b012cf90ff187f8d2be4e26a0bb0a4de31eff4019
84a30054-0090-79c7-3459-08dda47eca17,2025-06-05 22:17:42.367,Subscription,Reservation Confirmation,Internal,2026 Full Season Membership,12987.31,,cc9e0054-0090-79c7-f1a5-08dda47e4ea5,21cb5af13c9bcee33e29263b012cf90ff187f8d2be4e26a0bb0a4de31eff4019
37a2054c-3c90-79c7-ff7b-08dda2bb3e4b,2025-06-03 16:25:24.580,Subscription,Reservation Confirmation,Internal,2026 Full Season Membership,12987.31,,83aa044c-3c90-79c7-fe23-08dda2a39b8c,cec949e5f29515f24c8a6f1d74a8363e1a08ac38b057cabcd2a0a5a5ac42c552
37a2054c-3c90-79c7-ff7b-08dda2bb3e4b,2025-06-03 16:25:24.580,Subscription,Reservation Confirmation,Internal,2026 Full Season Membership,12987.31,,84aa044c-3c90-79c7-fe27-08dda2a39b8c,cec949e5f29515f24c8a6f1d74a8363e1a08ac38b057cabcd2a0a5a5ac42c552
37a2054c-3c90-79c7-ff7b-08dda2bb3e4b,2025-06-03 16:25:24.580,Subscription,Reservation Confirmation,Internal,2026 Full Season Membership,12987.31,,82aa044c-3c90-79c7-fdfc-08dda2a39b8c,cec949e5f29515f24c8a6f1d74a8363e1a08ac38b057cabcd2a0a5a5ac42c552
37a2054c-3c90-79c7-ff7b-08dda2bb3e4b,2025-06-03 16:25:24.580,Subscription,Reservation Confirmation,Internal,2026 Full Season Membership,12987.31,,85aa044c-3c90-79c7-fe2d-08dda2a39b8c,cec949e5f29515f24c8a6f1d74a8363e1a08ac38b057cabcd2a0a5a5ac42c552
37a2054c-3c90-79c7-ff7b-08dda2bb3e4b,2025-06-03 16:25:24.580,Subscription,Reservation Confirmation,Internal,2026 Full Season Membership,12987.31,,86aa044c-3c90-79c7-fe30-08dda2a39b8c,cec949e5f29515f24c8a6f1d74a8363e1a08ac38b057cabcd2a0a5a5ac42c552
37a2054c-3c90-79c7-ff7b-08dda2bb3e4b,2025-06-03 16:25:24.580,Subscription,Reservation Confirmation,Internal,2026 Full Season Membership,12987.31,,87aa044c-3c90-79c7-fe33-08dda2a39b8c,cec949e5f29515f24c8a6f1d74a8363e1a08ac38b057cabcd2a0a5a5ac42c552
a62c9ed0-481d-ef11-8445-a503dfa011f2,2024-05-28 23:20:14.373,Subscription,Reservation Confirmation,Internal,2025 Full Season Membership,12984.6,,1aa96173-961c-ef11-8445-f8a6050c782d,433b78050b044307ea237141b0a5ecd58cf2d4640308b6264a3fe22ac93a373b
a62c9ed0-481d-ef11-8445-a503dfa011f2,2024-05-28 23:20:14.373,Subscription,Reservation Confirmation,Internal,2025 Full Season Membership,12984.6,,1ba96173-961c-ef11-8445-f8a6050c782d,433b78050b044307ea237141b0a5ecd58cf2d4640308b6264a3fe22ac93a373b
a62c9ed0-481d-ef11-8445-a503dfa011f2,2024-05-28 23:20:14.373,Subscription,Reservation Confirmation,Internal,2025 Full Season Membership,12984.6,,19a96173-961c-ef11-8445-f8a6050c782d,433b78050b044307ea237141b0a5ecd58cf2d4640308b6264a3fe22ac93a373b
a62c9ed0-481d-ef11-8445-a503dfa011f2,2024-05-28 23:20:14.373,Subscription,Reservation Confirmation,Internal,2025 Full Season Membership,12984.6,,18a96173-961c-ef11-8445-f8a6050c782d,433b78050b044307ea237141b0a5ecd58cf2d4640308b6264a3fe22ac93a373b
2af7ab3c-1533-ef11-84bc-cbe17cf984ab,2024-06-25 17:07:35.077,Subscription,Sale,bSRO,2025 Full Season Membership,12982.0,,7ecbef57-1533-ef11-84bc-cbe17cf984ab,a3837a03e8bc3466d02d4edc6c9a1bbe46b2a8f6524378c9ce9cd900d723e2e6
2af7ab3c-1533-ef11-84bc-cbe17cf984ab,2024-06-25 17:07:35.077,Subscription,Sale,bSRO,2025 Full Season Membership,12982.0,,81cbef57-1533-ef11-84bc-cbe17cf984ab,a3837a03e8bc3466d02d4edc6c9a1bbe46b2a8f6524378c9ce9cd900d723e2e6
df9d3b19-1433-ef11-84bc-cbe17cf984ab,2024-06-25 16:59:34.260,Subscription,Sale,bSRO,2025 Full Season Membership,12982.0,,49166738-1433-ef11-84bc-cbe17cf984ab,d71f94b7c9fb4aa09d5f54597b8e0d9c9011d69f60cc6a64c5550dc30c471c4d
df9d3b19-1433-ef11-84bc-cbe17cf984ab,2024-06-25 16:59:34.260,Subscription,Sale,bSRO,2025 Full Season Membership,12982.0,,bf630d32-1433-ef11-84bc-cbe17cf984ab,d71f94b7c9fb4aa09d5f54597b8e0d9c9011d69f60cc6a64c5550dc30c471c4d
df9d3b19-1433-ef11-84bc-cbe17cf984ab,2024-06-25 16:59:34.260,Subscription,Sale,bSRO,2025 Full Season Membership,12982.0,,bd630d32-1433-ef11-84bc-cbe17cf984ab,d71f94b7c9fb4aa09d5f54597b8e0d9c9011d69f60cc6a64c5550dc30c471c4d
df9d3b19-1433-ef11-84bc-cbe17cf984ab,2024-06-25 16:59:34.260,Subscription,Sale,bSRO,2025 Full Season Membership,12982.0,,47166738-1433-ef11-84bc-cbe17cf984ab,d71f94b7c9fb4aa09d5f54597b8e0d9c9011d69f60cc6a64c5550dc30c471c4d
f2a419a7-3d2f-ef11-8445-815f67977680,2024-06-20 19:49:36.840,Subscription,Sale,bSRO,2025 Full Season Membership,12982.0,,bc2f91fd-3d2f-ef11-8445-815f67977680,b5fcd904c8f3b83a326f5f594cbd7cc114408a8485a0c4754d78998c177d3554
f2a419a7-3d2f-ef11-8445-815f67977680,2024-06-20 19:49:36.840,Subscription,Sale,bSRO,2025 Full Season Membership,12982.0,,b82f91fd-3d2f-ef11-8445-815f67977680,b5fcd904c8f3b83a326f5f594cbd7cc114408a8485a0c4754d78998c177d3554
f2a419a7-3d2f-ef11-8445-815f67977680,2024-06-20 19:49:36.840,Subscription,Sale,bSRO,2025 Full Season Membership,12982.0,,1d6f92f7-3d2f-ef11-8445-815f67977680,b5fcd904c8f3b83a326f5f594cbd7cc114408a8485a0c4754d78998c177d3554
f2a419a7-3d2f-ef11-8445-815f67977680,2024-06-20 19:49:36.840,Subscription,Sale,bSRO,2025 Full Season Membership,12982.0,,ba2f91fd-3d2f-ef11-8445-815f67977680,b5fcd904c8f3b83a326f5f594cbd7cc114408a8485a0c4754d78998c177d3554
72f129bf-a0a2-ef11-84e2-abdd512d1c48,2024-11-14 15:55:05.337,Subscription,Reservation Confirmation,bSRO,2025 Full Season Membership,12945.84,,9de34b82-1c9e-ef11-84e2-ee8f7ebd3d0d,0dabc434c0d828699aaf4f7aad1eaf3858a0891c37335930119a4053e5db99d2
72f129bf-a0a2-ef11-84e2-abdd512d1c48,2024-11-14 15:55:05.337,Subscription,Reservation Confirmation,bSRO,2025 Full Season Membership,12945.84,,2119117c-1c9e-ef11-84e2-ee8f7ebd3d0d,0dabc434c0d828699aaf4f7aad1eaf3858a0891c37335930119a4053e5db99d2
e04c979b-431d-ef11-8445-a503dfa011f2,2024-05-28 22:42:51.537,Subscription,Reservation Confirmation,Internal,2025 Full Season Membership,12935.77,,4b82c419-961c-ef11-8445-f8a6050c782d,0de2a77bcd022ca408956b97fd2502373653574167db21dcf16a75ec8dbd2bc8
e04c979b-431d-ef11-8445-a503dfa011f2,2024-05-28 22:42:51.537,Subscription,Reservation Confirmation,Internal,2025 Full Season Membership,12935.77,,4a82c419-961c-ef11-8445-f8a6050c782d,0de2a77bcd022ca408956b97fd2502373653574167db21dcf16a75ec8dbd2bc8
70b28d09-477b-ed11-83d0-dbe117b3817e,2022-12-14 00:34:24.870,Subscription,Sale,Internal,2023 Full Season Membership,12920.0,,7fb28d09-477b-ed11-83d0-dbe117b3817e,92977dfabc6425c5b1ef69177ae10941231bd6834695442180603e87279e0532
1bfcdbb0-0b06-ee11-8445-dbaba6384eee,2023-06-08 14:49:47.110,Subscription,Reservation Confirmation,Internal,2024 Full Season Membership,12920.0,,ab8b3ef0-0a06-ee11-8445-dbaba6384eee,212b498134007e2c7921ae43e4c446bfd6f97393060f3865d98e4ce0cc9eaa61
1bfcdbb0-0b06-ee11-8445-dbaba6384eee,2023-06-08 14:49:47.110,Subscription,Reservation Confirmation,Internal,2024 Full Season Membership,12920.0,,ac8b3ef0-0a06-ee11-8445-dbaba6384eee,212b498134007e2c7921ae43e4c446bfd6f97393060f3865d98e4ce0cc9eaa61
70b28d09-477b-ed11-83d0-dbe117b3817e,2022-12-14 00:34:24.870,Subscription,Sale,Internal,2023 Full Season Membership,12920.0,,80b28d09-477b-ed11-83d0-dbe117b3817e,92977dfabc6425c5b1ef69177ae10941231bd6834695442180603e87279e0532
04bb054c-3c90-79c7-e3e6-08dda2c18002,2025-06-03 17:11:40.997,Subscription,Reservation Confirmation,bSRO,2026 Full Season Membership,12879.17,,14b6054c-3c90-79c7-5645-08dda2bed759,68a0b5f6a97aec8c54005165b8e07d54f0244b76a7c752dd08fd57fc6033d8d8
d599054c-3c90-79c7-2e14-08dda2b9a131,2025-06-03 16:13:51.507,Subscription,Reservation Confirmation,Internal,2026 Full Season Membership,12879.17,,8aa7044c-3c90-79c7-1cd3-08dda2a3972d,5fecdd0f7f4b81192f916f8f88087b6fc242c9c8ba64430be4605e73ddf9e4e5
d599054c-3c90-79c7-2e14-08dda2b9a131,2025-06-03 16:13:51.507,Subscription,Reservation Confirmation,Internal,2026 Full Season Membership,12879.17,,89a7044c-3c90-79c7-1cac-08dda2a3972d,5fecdd0f7f4b81192f916f8f88087b6fc242c9c8ba64430be4605e73ddf9e4e5
d599054c-3c90-79c7-2e14-08dda2b9a131,2025-06-03 16:13:51.507,Subscription,Reservation Confirmation,Internal,2026 Full Season Membership,12879.17,,8ca7044c-3c90-79c7-1cdd-08dda2a3972d,5fecdd0f7f4b81192f916f8f88087b6fc242c9c8ba64430be4605e73ddf9e4e5
04bb054c-3c90-79c7-e3e6-08dda2c18002,2025-06-03 17:11:40.997,Subscription,Reservation Confirmation,bSRO,2026 Full Season Membership,12879.17,,16b6054c-3c90-79c7-564b-08dda2bed759,68a0b5f6a97aec8c54005165b8e07d54f0244b76a7c752dd08fd57fc6033d8d8
04bb054c-3c90-79c7-e3e6-08dda2c18002,2025-06-03 17:11:40.997,Subscription,Reservation Confirmation,bSRO,2026 Full Season Membership,12879.17,,17b6054c-3c90-79c7-564e-08dda2bed759,68a0b5f6a97aec8c54005165b8e07d54f0244b76a7c752dd08fd57fc6033d8d8
04bb054c-3c90-79c7-e3e6-08dda2c18002,2025-06-03 17:11:40.997,Subscription,Reservation Confirmation,bSRO,2026 Full Season Membership,12879.17,,19b6054c-3c90-79c7-5653-08dda2bed759,68a0b5f6a97aec8c54005165b8e07d54f0244b76a7c752dd08fd57fc6033d8d8
04bb054c-3c90-79c7-e3e6-08dda2c18002,2025-06-03 17:11:40.997,Subscription,Reservation Confirmation,bSRO,2026 Full Season Membership,12879.17,,12b6054c-3c90-79c7-561e-08dda2bed759,68a0b5f6a97aec8c54005165b8e07d54f0244b76a7c752dd08fd57fc6033d8d8
04bb054c-3c90-79c7-e3e6-08dda2c18002,2025-06-03 17:11:40.997,Subscription,Reservation Confirmation,bSRO,2026 Full Season Membership,12879.17,,18b6054c-3c90-79c7-5651-08dda2bed759,68a0b5f6a97aec8c54005165b8e07d54f0244b76a7c752dd08fd57fc6033d8d8
d599054c-3c90-79c7-2e14-08dda2b9a131,2025-06-03 16:13:51.507,Subscription,Reservation Confirmation,Internal,2026 Full Season Membership,12879.17,,8ba7044c-3c90-79c7-1cd8-08dda2a3972d,5fecdd0f7f4b81192f916f8f88087b6fc242c9c8ba64430be4605e73ddf9e4e5
04bb054c-3c90-79c7-e3e6-08dda2c18002,2025-06-03 17:11:40.997,Subscription,Reservation Confirmation,bSRO,2026 Full Season Membership,12879.17,,15b6054c-3c90-79c7-5648-08dda2bed759,68a0b5f6a97aec8c54005165b8e07d54f0244b76a7c752dd08fd57fc6033d8d8
04bb054c-3c90-79c7-e3e6-08dda2c18002,2025-06-03 17:11:40.997,Subscription,Reservation Confirmation,bSRO,2026 Full Season Membership,12879.17,,13b6054c-3c90-79c7-5641-08dda2bed759,68a0b5f6a97aec8c54005165b8e07d54f0244b76a7c752dd08fd57fc6033d8d8
61a50054-0090-79c7-d0e4-08dda47ecf2c,2025-06-05 22:17:50.627,Subscription,Reservation Confirmation,Internal,2026 Full Season Membership,12868.71,,d5a00054-0090-79c7-945e-08dda47e51cc,aa9b7f4dcb421d5b61d6100abafefb7d864faa9264d821dbbc58c29f7f7a2911
61a50054-0090-79c7-d0e4-08dda47ecf2c,2025-06-05 22:17:50.627,Subscription,Reservation Confirmation,Internal,2026 Full Season Membership,12868.71,,d7a00054-0090-79c7-9465-08dda47e51cc,aa9b7f4dcb421d5b61d6100abafefb7d864faa9264d821dbbc58c29f7f7a2911
61a50054-0090-79c7-d0e4-08dda47ecf2c,2025-06-05 22:17:50.627,Subscription,Reservation Confirmation,Internal,2026 Full Season Membership,12868.71,,d6a00054-0090-79c7-9462-08dda47e51cc,aa9b7f4dcb421d5b61d6100abafefb7d864faa9264d821dbbc58c29f7f7a2911
61a50054-0090-79c7-d0e4-08dda47ecf2c,2025-06-05 22:17:50.627,Subscription,Reservation Confirmation,Internal,2026 Full Season Membership,12868.71,,d4a00054-0090-79c7-943e-08dda47e51cc,aa9b7f4dcb421d5b61d6100abafefb7d864faa9264d821dbbc58c29f7f7a2911
eb5d5fe8-15ca-14b5-7000-019f4c687bf5,2026-07-10 14:25:13.000,Subscription,Sale,bSRO,2027-2028 Full Season Membership,12849.58,,1fa9f3ae-975c-4fb5-7000-019f4c69c3a6,b5fcd904c8f3b83a326f5f594cbd7cc114408a8485a0c4754d78998c177d3554
eb5d5fe8-15ca-14b5-7000-019f4c687bf5,2026-07-10 14:25:13.000,Subscription,Sale,bSRO,2027-2028 Full Season Membership,12849.58,,fe0b4ac5-5941-4db5-7000-019f4c69c3a6,b5fcd904c8f3b83a326f5f594cbd7cc114408a8485a0c4754d78998c177d3554
eb5d5fe8-15ca-14b5-7000-019f4c687bf5,2026-07-10 14:25:13.000,Subscription,Sale,bSRO,2027-2028 Full Season Membership,12849.58,,f6ab8e66-614d-50b5-7000-019f4c69c3a6,b5fcd904c8f3b83a326f5f594cbd7cc114408a8485a0c4754d78998c177d3554
eb5d5fe8-15ca-14b5-7000-019f4c687bf5,2026-07-10 14:25:13.000,Subscription,Sale,bSRO,2027-2028 Full Season Membership,12849.58,,0d6addb3-6811-4eb5-7000-019f4c69c3a6,b5fcd904c8f3b83a326f5f594cbd7cc114408a8485a0c4754d78998c177d3554
0210bb7c-481d-ef11-8445-a503dfa011f2,2024-05-28 23:17:47.673,Subscription,Reservation Confirmation,Internal,2025 Full Season Membership,12848.94,,a468d30c-951c-ef11-8445-f8a6050c782d,1bf2a819aa9f20261de89c643fb75b4300319b4fd9bbc82e6b6b46f6000c413b
0210bb7c-481d-ef11-8445-a503dfa011f2,2024-05-28 23:17:47.673,Subscription,Reservation Confirmation,Internal,2025 Full Season Membership,12848.94,,a568d30c-951c-ef11-8445-f8a6050c782d,1bf2a819aa9f20261de89c643fb75b4300319b4fd9bbc82e6b6b46f6000c413b
5b98054c-3c90-79c7-1bdd-08dda2b9227c,2025-06-03 16:10:18.877,Subscription,Reservation Confirmation,Internal,2026 Full Season Membership,12833.06,,a8ac044c-3c90-79c7-9cb8-08dda2a39e56,d8e08792643585d298a780b37f0e598a72e3ad0db1d026b8c24813db6cd9ec38
5b98054c-3c90-79c7-1bdd-08dda2b9227c,2025-06-03 16:10:18.877,Subscription,Reservation Confirmation,Internal,2026 Full Season Membership,12833.06,,aaac044c-3c90-79c7-9cbf-08dda2a39e56,d8e08792643585d298a780b37f0e598a72e3ad0db1d026b8c24813db6cd9ec38
5b98054c-3c90-79c7-1bdd-08dda2b9227c,2025-06-03 16:10:18.877,Subscription,Reservation Confirmation,Internal,2026 Full Season Membership,12833.06,,a7ac044c-3c90-79c7-9ca2-08dda2a39e56,d8e08792643585d298a780b37f0e598a72e3ad0db1d026b8c24813db6cd9ec38
5b98054c-3c90-79c7-1bdd-08dda2b9227c,2025-06-03 16:10:18.877,Subscription,Reservation Confirmation,Internal,2026 Full Season Membership,12833.06,,a9ac044c-3c90-79c7-9cbc-08dda2a39e56,d8e08792643585d298a780b37f0e598a72e3ad0db1d026b8c24813db6cd9ec38
6cc704fd-643d-ef11-84bc-d460b42757f1,2024-07-08 20:06:42.927,Subscription,Sale,bSRO,2025 Full Season Membership,12810.18,,c11be616-653d-ef11-84bc-d460b42757f1,73626c7c330e8bd1e84db6a9d45f860abb35c9096b1b2c0e1bb58cb13f9291b0
6cc704fd-643d-ef11-84bc-d460b42757f1,2024-07-08 20:06:42.927,Subscription,Sale,bSRO,2025 Full Season Membership,12810.18,,ef409c09-653d-ef11-84bc-d460b42757f1,73626c7c330e8bd1e84db6a9d45f860abb35c9096b1b2c0e1bb58cb13f9291b0
6cc704fd-643d-ef11-84bc-d460b42757f1,2024-07-08 20:06:42.927,Subscription,Sale,bSRO,2025 Full Season Membership,12810.18,,0ddfe00f-653d-ef11-84bc-d460b42757f1,73626c7c330e8bd1e84db6a9d45f860abb35c9096b1b2c0e1bb58cb13f9291b0
6cc704fd-643d-ef11-84bc-d460b42757f1,2024-07-08 20:06:42.927,Subscription,Sale,bSRO,2025 Full Season Membership,12810.18,,10dfe00f-653d-ef11-84bc-d460b42757f1,73626c7c330e8bd1e84db6a9d45f860abb35c9096b1b2c0e1bb58cb13f9291b0
6cc704fd-643d-ef11-84bc-d460b42757f1,2024-07-08 20:06:42.927,Subscription,Sale,bSRO,2025 Full Season Membership,12810.18,,c31be616-653d-ef11-84bc-d460b42757f1,73626c7c330e8bd1e84db6a9d45f860abb35c9096b1b2c0e1bb58cb13f9291b0
6cc704fd-643d-ef11-84bc-d460b42757f1,2024-07-08 20:06:42.927,Subscription,Sale,bSRO,2025 Full Season Membership,12810.18,,bb1be616-653d-ef11-84bc-d460b42757f1,73626c7c330e8bd1e84db6a9d45f860abb35c9096b1b2c0e1bb58cb13f9291b0
6cc704fd-643d-ef11-84bc-d460b42757f1,2024-07-08 20:06:42.927,Subscription,Sale,bSRO,2025 Full Season Membership,12810.18,,ed409c09-653d-ef11-84bc-d460b42757f1,73626c7c330e8bd1e84db6a9d45f860abb35c9096b1b2c0e1bb58cb13f9291b0
6cc704fd-643d-ef11-84bc-d460b42757f1,2024-07-08 20:06:42.927,Subscription,Sale,bSRO,2025 Full Season Membership,12810.18,,b91be616-653d-ef11-84bc-d460b42757f1,73626c7c330e8bd1e84db6a9d45f860abb35c9096b1b2c0e1bb58cb13f9291b0
b20fbb7c-481d-ef11-8445-a503dfa011f2,2024-05-28 23:17:46.160,Subscription,Reservation Confirmation,Internal,2025 Full Season Membership,12810.18,,0d67d30c-951c-ef11-8445-f8a6050c782d,5ae5b92aff7ebb3668105e67b70d621b41b3a86d0cce2c97cd46beafa5c6333a
b20fbb7c-481d-ef11-8445-a503dfa011f2,2024-05-28 23:17:46.160,Subscription,Reservation Confirmation,Internal,2025 Full Season Membership,12810.18,,1167d30c-951c-ef11-8445-f8a6050c782d,5ae5b92aff7ebb3668105e67b70d621b41b3a86d0cce2c97cd46beafa5c6333a
b20fbb7c-481d-ef11-8445-a503dfa011f2,2024-05-28 23:17:46.160,Subscription,Reservation Confirmation,Internal,2025 Full Season Membership,12810.18,,1267d30c-951c-ef11-8445-f8a6050c782d,5ae5b92aff7ebb3668105e67b70d621b41b3a86d0cce2c97cd46beafa5c6333a
b20fbb7c-481d-ef11-8445-a503dfa011f2,2024-05-28 23:17:46.160,Subscription,Reservation Confirmation,Internal,2025 Full Season Membership,12810.18,,1367d30c-951c-ef11-8445-f8a6050c782d,5ae5b92aff7ebb3668105e67b70d621b41b3a86d0cce2c97cd46beafa5c6333a
b20fbb7c-481d-ef11-8445-a503dfa011f2,2024-05-28 23:17:46.160,Subscription,Reservation Confirmation,Internal,2025 Full Season Membership,12810.18,,0e67d30c-951c-ef11-8445-f8a6050c782d,5ae5b92aff7ebb3668105e67b70d621b41b3a86d0cce2c97cd46beafa5c6333a
b20fbb7c-481d-ef11-8445-a503dfa011f2,2024-05-28 23:17:46.160,Subscription,Reservation Confirmation,Internal,2025 Full Season Membership,12810.18,,1067d30c-951c-ef11-8445-f8a6050c782d,5ae5b92aff7ebb3668105e67b70d621b41b3a86d0cce2c97cd46beafa5c6333a
b20fbb7c-481d-ef11-8445-a503dfa011f2,2024-05-28 23:17:46.160,Subscription,Reservation Confirmation,Internal,2025 Full Season Membership,12810.18,,1467d30c-951c-ef11-8445-f8a6050c782d,5ae5b92aff7ebb3668105e67b70d621b41b3a86d0cce2c97cd46beafa5c6333a
b20fbb7c-481d-ef11-8445-a503dfa011f2,2024-05-28 23:17:46.160,Subscription,Reservation Confirmation,Internal,2025 Full Season Membership,12810.18,,0f67d30c-951c-ef11-8445-f8a6050c782d,5ae5b92aff7ebb3668105e67b70d621b41b3a86d0cce2c97cd46beafa5c6333a
75b501b8-6e90-79c7-81ea-08ddc312a3b4,2025-07-14 20:12:36.160,Subscription,Sale,bSRO,2026 Full Season Membership,12798.0,,80b501b8-6e90-79c7-26fa-08ddc312aefb,bc3438d40d8ca0aeab9310048d069080cebf4ee04dd8b9bf52f86249206299ff
75b501b8-6e90-79c7-81ea-08ddc312a3b4,2025-07-14 20:12:36.160,Subscription,Sale,bSRO,2026 Full Season Membership,12798.0,,82b501b8-6e90-79c7-ad95-08ddc312afdc,bc3438d40d8ca0aeab9310048d069080cebf4ee04dd8b9bf52f86249206299ff
75b501b8-6e90-79c7-81ea-08ddc312a3b4,2025-07-14 20:12:36.160,Subscription,Sale,bSRO,2026 Full Season Membership,12798.0,,86b501b8-6e90-79c7-9e64-08ddc312b156,bc3438d40d8ca0aeab9310048d069080cebf4ee04dd8b9bf52f86249206299ff
75b501b8-6e90-79c7-81ea-08ddc312a3b4,2025-07-14 20:12:36.160,Subscription,Sale,bSRO,2026 Full Season Membership,12798.0,,7eb501b8-6e90-79c7-9adb-08ddc312add1,bc3438d40d8ca0aeab9310048d069080cebf4ee04dd8b9bf52f86249206299ff
36106390-5f02-ea11-a9ce-0a593f791696,2019-11-08 20:20:08.623,Subscription,Sale,bSRO,2021 Full Season Membership,12768.0,,0fb256bc-6202-ea11-a9ce-0a593f791696,137e91c423aeb7b4d2cf0903d89e161c5946dd2c0a3236b270c5661f36b58bfb
36106390-5f02-ea11-a9ce-0a593f791696,2019-11-08 20:20:08.623,Subscription,Sale,bSRO,2021 Full Season Membership,12768.0,,10b256bc-6202-ea11-a9ce-0a593f791696,137e91c423aeb7b4d2cf0903d89e161c5946dd2c0a3236b270c5661f36b58bfb
36106390-5f02-ea11-a9ce-0a593f791696,2019-11-08 20:20:08.623,Subscription,Sale,bSRO,2021 Full Season Membership,12768.0,,11b256bc-6202-ea11-a9ce-0a593f791696,137e91c423aeb7b4d2cf0903d89e161c5946dd2c0a3236b270c5661f36b58bfb
36106390-5f02-ea11-a9ce-0a593f791696,2019-11-08 20:20:08.623,Subscription,Sale,bSRO,2021 Full Season Membership,12768.0,,0eb256bc-6202-ea11-a9ce-0a593f791696,137e91c423aeb7b4d2cf0903d89e161c5946dd2c0a3236b270c5661f36b58bfb
c1c92651-951a-ea11-a9ce-0a593f791696,2019-12-09 15:24:20.813,Subscription,Reservation Confirmation,bSRO,2021 Full Season Membership,12768.0,,9d621637-ae17-ea11-a9ce-0a593f791696,a8a3950114bd003758743943ee51102d03d7cb7e7414953ad4dbfa860dd5eeee
c1c92651-951a-ea11-a9ce-0a593f791696,2019-12-09 15:24:20.813,Subscription,Reservation Confirmation,bSRO,2021 Full Season Membership,12768.0,,9e621637-ae17-ea11-a9ce-0a593f791696,a8a3950114bd003758743943ee51102d03d7cb7e7414953ad4dbfa860dd5eeee
c1c92651-951a-ea11-a9ce-0a593f791696,2019-12-09 15:24:20.813,Subscription,Reservation Confirmation,bSRO,2021 Full Season Membership,12768.0,,9f621637-ae17-ea11-a9ce-0a593f791696,a8a3950114bd003758743943ee51102d03d7cb7e7414953ad4dbfa860dd5eeee
c1c92651-951a-ea11-a9ce-0a593f791696,2019-12-09 15:24:20.813,Subscription,Reservation Confirmation,bSRO,2021 Full Season Membership,12768.0,,9c621637-ae17-ea11-a9ce-0a593f791696,a8a3950114bd003758743943ee51102d03d7cb7e7414953ad4dbfa860dd5eeee
f219cef9-d1e5-eb11-8315-c6b2117169af,2021-07-16 01:06:02.547,Subscription,Reservation Confirmation,Internal,2022 Full Season Membership,12752.04,,380403b7-b7e5-eb11-8315-c6b2117169af,0d87ec693bbef8c3299bb9a022dca39667764f23c580c4111614ebd5c1703df2
f219cef9-d1e5-eb11-8315-c6b2117169af,2021-07-16 01:06:02.547,Subscription,Reservation Confirmation,Internal,2022 Full Season Membership,12752.04,,360403b7-b7e5-eb11-8315-c6b2117169af,0d87ec693bbef8c3299bb9a022dca39667764f23c580c4111614ebd5c1703df2
f219cef9-d1e5-eb11-8315-c6b2117169af,2021-07-16 01:06:02.547,Subscription,Reservation Confirmation,Internal,2022 Full Season Membership,12752.04,,390403b7-b7e5-eb11-8315-c6b2117169af,0d87ec693bbef8c3299bb9a022dca39667764f23c580c4111614ebd5c1703df2
f219cef9-d1e5-eb11-8315-c6b2117169af,2021-07-16 01:06:02.547,Subscription,Reservation Confirmation,Internal,2022 Full Season Membership,12752.04,,370403b7-b7e5-eb11-8315-c6b2117169af,0d87ec693bbef8c3299bb9a022dca39667764f23c580c4111614ebd5c1703df2
461b0520-c990-79c7-3941-08dde4af9fc3,2025-08-26 14:50:03.860,Subscription,Sale,bSRO,2026 Full Season Membership,12750.1,,511b0520-c990-79c7-e355-08dde4afa990,5f1f01ff61fc2601137e526d530fc8c3f90f4d76540ebd7b0ef35d2e6632a63c
461b0520-c990-79c7-3941-08dde4af9fc3,2025-08-26 14:50:03.860,Subscription,Sale,bSRO,2026 Full Season Membership,12750.1,,501b0520-c990-79c7-e351-08dde4afa990,5f1f01ff61fc2601137e526d530fc8c3f90f4d76540ebd7b0ef35d2e6632a63c
461b0520-c990-79c7-3941-08dde4af9fc3,2025-08-26 14:50:03.860,Subscription,Sale,bSRO,2026 Full Season Membership,12750.1,,4f1b0520-c990-79c7-e32d-08dde4afa990,5f1f01ff61fc2601137e526d530fc8c3f90f4d76540ebd7b0ef35d2e6632a63c
461b0520-c990-79c7-3941-08dde4af9fc3,2025-08-26 14:50:03.860,Subscription,Sale,bSRO,2026 Full Season Membership,12750.1,,541b0520-c990-79c7-e36e-08dde4afa990,5f1f01ff61fc2601137e526d530fc8c3f90f4d76540ebd7b0ef35d2e6632a63c
461b0520-c990-79c7-3941-08dde4af9fc3,2025-08-26 14:50:03.860,Subscription,Sale,bSRO,2026 Full Season Membership,12750.1,,531b0520-c990-79c7-e369-08dde4afa990,5f1f01ff61fc2601137e526d530fc8c3f90f4d76540ebd7b0ef35d2e6632a63c
461b0520-c990-79c7-3941-08dde4af9fc3,2025-08-26 14:50:03.860,Subscription,Sale,bSRO,2026 Full Season Membership,12750.1,,4e1b0520-c990-79c7-e2be-08dde4afa990,5f1f01ff61fc2601137e526d530fc8c3f90f4d76540ebd7b0ef35d2e6632a63c
461b0520-c990-79c7-3941-08dde4af9fc3,2025-08-26 14:50:03.860,Subscription,Sale,bSRO,2026 Full Season Membership,12750.1,,551b0520-c990-79c7-e371-08dde4afa990,5f1f01ff61fc2601137e526d530fc8c3f90f4d76540ebd7b0ef35d2e6632a63c
461b0520-c990-79c7-3941-08dde4af9fc3,2025-08-26 14:50:03.860,Subscription,Sale,bSRO,2026 Full Season Membership,12750.1,,521b0520-c990-79c7-e365-08dde4afa990,5f1f01ff61fc2601137e526d530fc8c3f90f4d76540ebd7b0ef35d2e6632a63c
896dc0aa-491d-ef11-8445-a503dfa011f2,2024-05-28 23:26:15.730,Subscription,Reservation Confirmation,Internal,2025 Full Season Membership,12740.07,,ac04f344-971c-ef11-8445-f8a6050c782d,5f7fd09c1f59f010143ef40187e25c57640b72ee2d7ed8b905eaad9ab89f1cd0
896dc0aa-491d-ef11-8445-a503dfa011f2,2024-05-28 23:26:15.730,Subscription,Reservation Confirmation,Internal,2025 Full Season Membership,12740.07,,af04f344-971c-ef11-8445-f8a6050c782d,5f7fd09c1f59f010143ef40187e25c57640b72ee2d7ed8b905eaad9ab89f1cd0
896dc0aa-491d-ef11-8445-a503dfa011f2,2024-05-28 23:26:15.730,Subscription,Reservation Confirmation,Internal,2025 Full Season Membership,12740.07,,ad04f344-971c-ef11-8445-f8a6050c782d,5f7fd09c1f59f010143ef40187e25c57640b72ee2d7ed8b905eaad9ab89f1cd0
896dc0aa-491d-ef11-8445-a503dfa011f2,2024-05-28 23:26:15.730,Subscription,Reservation Confirmation,Internal,2025 Full Season Membership,12740.07,,ae04f344-971c-ef11-8445-f8a6050c782d,5f7fd09c1f59f010143ef40187e25c57640b72ee2d7ed8b905eaad9ab89f1cd0
3b8989d9-361d-ef11-8445-a503dfa011f2,2024-05-28 21:13:00.760,Subscription,Reservation Confirmation,bSRO,2025 Full Season Membership,12740.07,,92d30d21-971c-ef11-8445-f8a6050c782d,3a64b3a18e8e73cfc8e732cdd962d91eae105c1fefdf1df3ac3c37edbe1b0566
3b8989d9-361d-ef11-8445-a503dfa011f2,2024-05-28 21:13:00.760,Subscription,Reservation Confirmation,bSRO,2025 Full Season Membership,12740.07,,93d30d21-971c-ef11-8445-f8a6050c782d,3a64b3a18e8e73cfc8e732cdd962d91eae105c1fefdf1df3ac3c37edbe1b0566
3b8989d9-361d-ef11-8445-a503dfa011f2,2024-05-28 21:13:00.760,Subscription,Reservation Confirmation,bSRO,2025 Full Season Membership,12740.07,,95d30d21-971c-ef11-8445-f8a6050c782d,3a64b3a18e8e73cfc8e732cdd962d91eae105c1fefdf1df3ac3c37edbe1b0566
3b8989d9-361d-ef11-8445-a503dfa011f2,2024-05-28 21:13:00.760,Subscription,Reservation Confirmation,bSRO,2025 Full Season Membership,12740.07,,94d30d21-971c-ef11-8445-f8a6050c782d,3a64b3a18e8e73cfc8e732cdd962d91eae105c1fefdf1df3ac3c37edbe1b0566
254903b8-6e90-79c7-3750-08ddc3b9ee3f,2025-07-15 16:10:12.800,Subscription,Sale,bSRO,2026 Full Season Membership,12737.0,,314903b8-6e90-79c7-bf53-08ddc3b9fb87,706ca5d54d4f41c0a263bfe7c8ead3a379b9f6722ab81117c81bed92bbdff1b1
254903b8-6e90-79c7-3750-08ddc3b9ee3f,2025-07-15 16:10:12.800,Subscription,Sale,bSRO,2026 Full Season Membership,12737.0,,334903b8-6e90-79c7-6208-08ddc3b9fc2c,706ca5d54d4f41c0a263bfe7c8ead3a379b9f6722ab81117c81bed92bbdff1b1
f18fc9a4-491d-ef11-8445-a503dfa011f2,2024-05-28 23:26:05.727,Subscription,Reservation Confirmation,Internal,2025 Full Season Membership,12732.66,,9082fade-961c-ef11-8445-f8a6050c782d,cec949e5f29515f24c8a6f1d74a8363e1a08ac38b057cabcd2a0a5a5ac42c552
f18fc9a4-491d-ef11-8445-a503dfa011f2,2024-05-28 23:26:05.727,Subscription,Reservation Confirmation,Internal,2025 Full Season Membership,12732.66,,9282fade-961c-ef11-8445-f8a6050c782d,cec949e5f29515f24c8a6f1d74a8363e1a08ac38b057cabcd2a0a5a5ac42c552
8a0fbb7c-481d-ef11-8445-a503dfa011f2,2024-05-28 23:17:45.497,Subscription,Reservation Confirmation,Internal,2025 Full Season Membership,12732.66,,ea66d30c-951c-ef11-8445-f8a6050c782d,21cb5af13c9bcee33e29263b012cf90ff187f8d2be4e26a0bb0a4de31eff4019
8a0fbb7c-481d-ef11-8445-a503dfa011f2,2024-05-28 23:17:45.497,Subscription,Reservation Confirmation,Internal,2025 Full Season Membership,12732.66,,ec66d30c-951c-ef11-8445-f8a6050c782d,21cb5af13c9bcee33e29263b012cf90ff187f8d2be4e26a0bb0a4de31eff4019
f18fc9a4-491d-ef11-8445-a503dfa011f2,2024-05-28 23:26:05.727,Subscription,Reservation Confirmation,Internal,2025 Full Season Membership,12732.66,,9582fade-961c-ef11-8445-f8a6050c782d,cec949e5f29515f24c8a6f1d74a8363e1a08ac38b057cabcd2a0a5a5ac42c552
8a0fbb7c-481d-ef11-8445-a503dfa011f2,2024-05-28 23:17:45.497,Subscription,Reservation Confirmation,Internal,2025 Full Season Membership,12732.66,,e866d30c-951c-ef11-8445-f8a6050c782d,21cb5af13c9bcee33e29263b012cf90ff187f8d2be4e26a0bb0a4de31eff4019
f18fc9a4-491d-ef11-8445-a503dfa011f2,2024-05-28 23:26:05.727,Subscription,Reservation Confirmation,Internal,2025 Full Season Membership,12732.66,,9482fade-961c-ef11-8445-f8a6050c782d,cec949e5f29515f24c8a6f1d74a8363e1a08ac38b057cabcd2a0a5a5ac42c552
8a0fbb7c-481d-ef11-8445-a503dfa011f2,2024-05-28 23:17:45.497,Subscription,Reservation Confirmation,Internal,2025 Full Season Membership,12732.66,,e966d30c-951c-ef11-8445-f8a6050c782d,21cb5af13c9bcee33e29263b012cf90ff187f8d2be4e26a0bb0a4de31eff4019
f18fc9a4-491d-ef11-8445-a503dfa011f2,2024-05-28 23:26:05.727,Subscription,Reservation Confirmation,Internal,2025 Full Season Membership,12732.66,,9182fade-961c-ef11-8445-f8a6050c782d,cec949e5f29515f24c8a6f1d74a8363e1a08ac38b057cabcd2a0a5a5ac42c552
f18fc9a4-491d-ef11-8445-a503dfa011f2,2024-05-28 23:26:05.727,Subscription,Reservation Confirmation,Internal,2025 Full Season Membership,12732.66,,9382fade-961c-ef11-8445-f8a6050c782d,cec949e5f29515f24c8a6f1d74a8363e1a08ac38b057cabcd2a0a5a5ac42c552
8a0fbb7c-481d-ef11-8445-a503dfa011f2,2024-05-28 23:17:45.497,Subscription,Reservation Confirmation,Internal,2025 Full Season Membership,12732.66,,e666d30c-951c-ef11-8445-f8a6050c782d,21cb5af13c9bcee33e29263b012cf90ff187f8d2be4e26a0bb0a4de31eff4019
8a0fbb7c-481d-ef11-8445-a503dfa011f2,2024-05-28 23:17:45.497,Subscription,Reservation Confirmation,Internal,2025 Full Season Membership,12732.66,,ed66d30c-951c-ef11-8445-f8a6050c782d,21cb5af13c9bcee33e29263b012cf90ff187f8d2be4e26a0bb0a4de31eff4019
8a0fbb7c-481d-ef11-8445-a503dfa011f2,2024-05-28 23:17:45.497,Subscription,Reservation Confirmation,Internal,2025 Full Season Membership,12732.66,,e766d30c-951c-ef11-8445-f8a6050c782d,21cb5af13c9bcee33e29263b012cf90ff187f8d2be4e26a0bb0a4de31eff4019
8a0fbb7c-481d-ef11-8445-a503dfa011f2,2024-05-28 23:17:45.497,Subscription,Reservation Confirmation,Internal,2025 Full Season Membership,12732.66,,eb66d30c-951c-ef11-8445-f8a6050c782d,21cb5af13c9bcee33e29263b012cf90ff187f8d2be4e26a0bb0a4de31eff4019
a38cdd12-5310-ee11-8445-c089a13484fc,2023-06-21 16:48:04.590,Subscription,Sale,bSRO,2024 Full Season Membership,12730.0,,1824363f-5310-ee11-8445-c089a13484fc,433b78050b044307ea237141b0a5ecd58cf2d4640308b6264a3fe22ac93a373b
a38cdd12-5310-ee11-8445-c089a13484fc,2023-06-21 16:48:04.590,Subscription,Sale,bSRO,2024 Full Season Membership,12730.0,,0524363f-5310-ee11-8445-c089a13484fc,433b78050b044307ea237141b0a5ecd58cf2d4640308b6264a3fe22ac93a373b
a38cdd12-5310-ee11-8445-c089a13484fc,2023-06-21 16:48:04.590,Subscription,Sale,bSRO,2024 Full Season Membership,12730.0,,0224363f-5310-ee11-8445-c089a13484fc,433b78050b044307ea237141b0a5ecd58cf2d4640308b6264a3fe22ac93a373b
a38cdd12-5310-ee11-8445-c089a13484fc,2023-06-21 16:48:04.590,Subscription,Sale,bSRO,2024 Full Season Membership,12730.0,,0024363f-5310-ee11-8445-c089a13484fc,433b78050b044307ea237141b0a5ecd58cf2d4640308b6264a3fe22ac93a373b
71a2054c-3c90-79c7-6948-08dda2bb3ef9,2025-06-03 16:25:25.713,Subscription,Reservation Confirmation,Internal,2026 Full Season Membership,12710.57,,93ab044c-3c90-79c7-7d0d-08dda2a39cf6,cf4b0f42748812a17c271e3eb352c24b6177c8b1a9868913de1abf20c71038c0
71a2054c-3c90-79c7-6948-08dda2bb3ef9,2025-06-03 16:25:25.713,Subscription,Reservation Confirmation,Internal,2026 Full Season Membership,12710.57,,92ab044c-3c90-79c7-7d0a-08dda2a39cf6,cf4b0f42748812a17c271e3eb352c24b6177c8b1a9868913de1abf20c71038c0
13b8054c-3c90-79c7-c631-08dda2bff6ee,2025-06-03 16:59:50.530,Subscription,Reservation Confirmation,bSRO,2026 Full Season Membership,12710.57,,84b5054c-3c90-79c7-8dd6-08dda2bed69b,9ef707b37c77c96c01b46d97d8db4bf347aa7490dedd748ec0d6621d27d9dc47
13b8054c-3c90-79c7-c631-08dda2bff6ee,2025-06-03 16:59:50.530,Subscription,Reservation Confirmation,bSRO,2026 Full Season Membership,12710.57,,81b5054c-3c90-79c7-8dae-08dda2bed69b,9ef707b37c77c96c01b46d97d8db4bf347aa7490dedd748ec0d6621d27d9dc47
71a2054c-3c90-79c7-6948-08dda2bb3ef9,2025-06-03 16:25:25.713,Subscription,Reservation Confirmation,Internal,2026 Full Season Membership,12710.57,,91ab044c-3c90-79c7-7d06-08dda2a39cf6,cf4b0f42748812a17c271e3eb352c24b6177c8b1a9868913de1abf20c71038c0
13b8054c-3c90-79c7-c631-08dda2bff6ee,2025-06-03 16:59:50.530,Subscription,Reservation Confirmation,bSRO,2026 Full Season Membership,12710.57,,82b5054c-3c90-79c7-8dcf-08dda2bed69b,9ef707b37c77c96c01b46d97d8db4bf347aa7490dedd748ec0d6621d27d9dc47
71a2054c-3c90-79c7-6948-08dda2bb3ef9,2025-06-03 16:25:25.713,Subscription,Reservation Confirmation,Internal,2026 Full Season Membership,12710.57,,90ab044c-3c90-79c7-7ce6-08dda2a39cf6,cf4b0f42748812a17c271e3eb352c24b6177c8b1a9868913de1abf20c71038c0
13b8054c-3c90-79c7-c631-08dda2bff6ee,2025-06-03 16:59:50.530,Subscription,Reservation Confirmation,bSRO,2026 Full Season Membership,12710.57,,83b5054c-3c90-79c7-8dd2-08dda2bed69b,9ef707b37c77c96c01b46d97d8db4bf347aa7490dedd748ec0d6621d27d9dc47
b6b4b109-2674-9db8-7000-019f42725a31,2026-07-08 15:58:09.800,Subscription,Reservation Confirmation,bSRO,2027-2028 Full Season Membership,12710.57,,534a0701-0006-8428-27cb-08deb5dc1f3a,9ef707b37c77c96c01b46d97d8db4bf347aa7490dedd748ec0d6621d27d9dc47
b6b4b109-2674-9db8-7000-019f42725a31,2026-07-08 15:58:09.800,Subscription,Reservation Confirmation,bSRO,2027-2028 Full Season Membership,12710.57,,514a0701-0006-8428-2793-08deb5dc1f3a,9ef707b37c77c96c01b46d97d8db4bf347aa7490dedd748ec0d6621d27d9dc47
b6b4b109-2674-9db8-7000-019f42725a31,2026-07-08 15:58:09.800,Subscription,Reservation Confirmation,bSRO,2027-2028 Full Season Membership,12710.57,,524a0701-0006-8428-27c8-08deb5dc1f3a,9ef707b37c77c96c01b46d97d8db4bf347aa7490dedd748ec0d6621d27d9dc47
b6b4b109-2674-9db8-7000-019f42725a31,2026-07-08 15:58:09.800,Subscription,Reservation Confirmation,bSRO,2027-2028 Full Season Membership,12710.57,,544a0701-0006-8428-27cd-08deb5dc1f3a,9ef707b37c77c96c01b46d97d8db4bf347aa7490dedd748ec0d6621d27d9dc47
f313004f-b843-ef11-84a5-97264a812b15,2024-07-16 21:16:46.937,Subscription,Sale,bSRO,2025 Full Season Membership,12706.0,,06d8337e-b843-ef11-84a5-97264a812b15,d8e08792643585d298a780b37f0e598a72e3ad0db1d026b8c24813db6cd9ec38
f313004f-b843-ef11-84a5-97264a812b15,2024-07-16 21:16:46.937,Subscription,Sale,bSRO,2025 Full Season Membership,12706.0,,03d8337e-b843-ef11-84a5-97264a812b15,d8e08792643585d298a780b37f0e598a72e3ad0db1d026b8c24813db6cd9ec38
f313004f-b843-ef11-84a5-97264a812b15,2024-07-16 21:16:46.937,Subscription,Sale,bSRO,2025 Full Season Membership,12706.0,,08d8337e-b843-ef11-84a5-97264a812b15,d8e08792643585d298a780b37f0e598a72e3ad0db1d026b8c24813db6cd9ec38
f313004f-b843-ef11-84a5-97264a812b15,2024-07-16 21:16:46.937,Subscription,Sale,bSRO,2025 Full Season Membership,12706.0,,01d8337e-b843-ef11-84a5-97264a812b15,d8e08792643585d298a780b37f0e598a72e3ad0db1d026b8c24813db6cd9ec38
8017c182-481d-ef11-8445-a503dfa011f2,2024-05-28 23:18:00.553,Subscription,Reservation Confirmation,Internal,2025 Full Season Membership,12700.93,,6fe1c21e-951c-ef11-8445-f8a6050c782d,bc3438d40d8ca0aeab9310048d069080cebf4ee04dd8b9bf52f86249206299ff
8017c182-481d-ef11-8445-a503dfa011f2,2024-05-28 23:18:00.553,Subscription,Reservation Confirmation,Internal,2025 Full Season Membership,12700.93,,71e1c21e-951c-ef11-8445-f8a6050c782d,bc3438d40d8ca0aeab9310048d069080cebf4ee04dd8b9bf52f86249206299ff
8017c182-481d-ef11-8445-a503dfa011f2,2024-05-28 23:18:00.553,Subscription,Reservation Confirmation,Internal,2025 Full Season Membership,12700.93,,70e1c21e-951c-ef11-8445-f8a6050c782d,bc3438d40d8ca0aeab9310048d069080cebf4ee04dd8b9bf52f86249206299ff
8017c182-481d-ef11-8445-a503dfa011f2,2024-05-28 23:18:00.553,Subscription,Reservation Confirmation,Internal,2025 Full Season Membership,12700.93,,72e1c21e-951c-ef11-8445-f8a6050c782d,bc3438d40d8ca0aeab9310048d069080cebf4ee04dd8b9bf52f86249206299ff
0c97054c-3c90-79c7-b350-08dda2b8f53b,2025-06-03 16:09:02.953,Subscription,Reservation Confirmation,Internal,2026 Full Season Membership,12698.97,,e4ab044c-3c90-79c7-170b-08dda2a39d87,0bde96c3aeed0d40f5cfd152d1a7b45cdf218664a4d5c7f8cf8f7cee486b3965
0c97054c-3c90-79c7-b350-08dda2b8f53b,2025-06-03 16:09:02.953,Subscription,Reservation Confirmation,Internal,2026 Full Season Membership,12698.97,,e7ab044c-3c90-79c7-172a-08dda2a39d87,0bde96c3aeed0d40f5cfd152d1a7b45cdf218664a4d5c7f8cf8f7cee486b3965
0c97054c-3c90-79c7-b350-08dda2b8f53b,2025-06-03 16:09:02.953,Subscription,Reservation Confirmation,Internal,2026 Full Season Membership,12698.97,,e5ab044c-3c90-79c7-1724-08dda2a39d87,0bde96c3aeed0d40f5cfd152d1a7b45cdf218664a4d5c7f8cf8f7cee486b3965
0c97054c-3c90-79c7-b350-08dda2b8f53b,2025-06-03 16:09:02.953,Subscription,Reservation Confirmation,Internal,2026 Full Season Membership,12698.97,,e6ab044c-3c90-79c7-1727-08dda2a39d87,0bde96c3aeed0d40f5cfd152d1a7b45cdf218664a4d5c7f8cf8f7cee486b3965
2316f57a-0b06-ee11-8445-dbaba6384eee,2023-06-08 14:48:14.173,Subscription,Reservation Confirmation,Internal,2024 Full Season Membership,12692.0,,35eb59d2-0a06-ee11-8445-dbaba6384eee,301f7e713860d7b2648de85eb53de7dc89a97a9d816dd0663034026f1c450459
2316f57a-0b06-ee11-8445-dbaba6384eee,2023-06-08 14:48:14.173,Subscription,Reservation Confirmation,Internal,2024 Full Season Membership,12692.0,,36eb59d2-0a06-ee11-8445-dbaba6384eee,301f7e713860d7b2648de85eb53de7dc89a97a9d816dd0663034026f1c450459
2bd00201-003a-c8a8-e8ef-08de0ce46ca1,2025-10-16 18:47:54.780,Subscription,Sale,bSRO,2026 Full Season Membership,12679.57,,3dd00201-003a-c8a8-a654-08de0ce4776e,f4065ae119fd44249dfec1c6379442209b9d3544f5ab5fa524bb88cde316624f
2bd00201-003a-c8a8-e8ef-08de0ce46ca1,2025-10-16 18:47:54.780,Subscription,Sale,bSRO,2026 Full Season Membership,12679.57,,45d00201-003a-c8a8-a676-08de0ce4776e,f4065ae119fd44249dfec1c6379442209b9d3544f5ab5fa524bb88cde316624f
2bd00201-003a-c8a8-e8ef-08de0ce46ca1,2025-10-16 18:47:54.780,Subscription,Sale,bSRO,2026 Full Season Membership,12679.57,,42d00201-003a-c8a8-a66e-08de0ce4776e,f4065ae119fd44249dfec1c6379442209b9d3544f5ab5fa524bb88cde316624f
2bd00201-003a-c8a8-e8ef-08de0ce46ca1,2025-10-16 18:47:54.780,Subscription,Sale,bSRO,2026 Full Season Membership,12679.57,,41d00201-003a-c8a8-a66b-08de0ce4776e,f4065ae119fd44249dfec1c6379442209b9d3544f5ab5fa524bb88cde316624f
2bd00201-003a-c8a8-e8ef-08de0ce46ca1,2025-10-16 18:47:54.780,Subscription,Sale,bSRO,2026 Full Season Membership,12679.57,,46d00201-003a-c8a8-a67a-08de0ce4776e,f4065ae119fd44249dfec1c6379442209b9d3544f5ab5fa524bb88cde316624f
2bd00201-003a-c8a8-e8ef-08de0ce46ca1,2025-10-16 18:47:54.780,Subscription,Sale,bSRO,2026 Full Season Membership,12679.57,,40d00201-003a-c8a8-a666-08de0ce4776e,f4065ae119fd44249dfec1c6379442209b9d3544f5ab5fa524bb88cde316624f
62bc06cc-3690-79c7-5300-08ddd9e62698,2025-08-12 21:23:54.747,Subscription,Sale,bSRO,2026 Full Season Membership,12679.3,,82bc06cc-3690-79c7-ff59-08ddd9e63b66,720f8ae66d666c5b1fc31d00a2ce232d88ae924d209b4d97d9581722ea980c15
