internal_account_id,revenue,revenue_percentage,cumulative_revenue_percentage
f4065ae119fd44249dfec1c6379442209b9d3544f5ab5fa524bb88cde316624f,2278317.86,0.4718,0.4718
bacb8ca4a3359296ed6df0237e1b8c7d3a6a590044d660e6cc1029108ec42285,1768909.54,0.3663,0.8381
2b340e24b7b098ea2a08150187f8f1ec44ed203f5da2a130e695038bc061a466,1676226.25,0.3471,1.1852
5506af7467b2c0b4c905d310da316b03482be7f4dedd1bbd6acc860e6216a7d8,1635038.33,0.3386,1.5238
5f33707755c8910c93dd265a1c45487dd9cdeddb6488a3964c877b09bbf0668f,1630106.57,0.3376,1.8614
0eda26abecf96406719341a5d5327a370f485839e65b8b0a61288288f480c2e9,1574104.05,0.326,2.1873
3d59bf5ee9876897e7c2c61adde346558aada36199a2ae5f53f66830729972d0,1571756.13,0.3255,2.5128
2600867960db8c326ee6ddc752053670675707a77a7fffaa46a7158dc608a2f7,1551483.15,0.3213,2.8341
7f1d4210ae4cef2a0d880e8b24b2cb5f5feebf7e9bb092c068108813422a921c,1473734.79,0.3052,3.1393
4091455b6e088f08c8b40d71be0879942c59340883fb497ae7d635046a0878e9,1435433.6,0.2972,3.4365
c4bdab05cb1460f7611852cec44c74cc6f8a49a3d726770280030b11ffae1f29,1427311.68,0.2956,3.7321
5f1f01ff61fc2601137e526d530fc8c3f90f4d76540ebd7b0ef35d2e6632a63c,1371324.8,0.284,4.016
a428e67d04b2fd29e6013b8985426beb5480e9531fed19ebf26cf8cb2e4fdacc,1362736.16,0.2822,4.2982
86c9c30c6f1623e8bda133b5c730159176e327f49e02573d8f8ef3ddd2f3c9d3,1321909.12,0.2737,4.572
e4b2856fdcbd621cc8579ca60198bc41815d9e1d3ae6cf625566ce488561e676,1257690.0,0.2604,4.8324
73626c7c330e8bd1e84db6a9d45f860abb35c9096b1b2c0e1bb58cb13f9291b0,1205974.11,0.2497,5.0822
254dab8a79680fd274a0b63240f9cd50969a17087a6e298724bd9dab971c4faf,1203110.24,0.2491,5.3313
022ced260927ec89910596803cf0b3638888d0edec90c5824577e8bdf384f2fc,1200527.39,0.2486,5.5799
5c9815a5dddedcca871ee1217df9a76b50747323f06e1caf18c8a0c6aa3de9c9,1179345.22,0.2442,5.8241
5ae5b92aff7ebb3668105e67b70d621b41b3a86d0cce2c97cd46beafa5c6333a,1179106.32,0.2442,6.0683
a8efc28ed86a7abf4869c1fc4c07fd00231dbe50eb6fc4f4d69e05f94e58d0d3,1177899.93,0.2439,6.3122
3ff7b98bfef91a66bd14f17d0bb819ea08d18d60413868c3e76f6570a67e5e57,1175939.3,0.2435,6.5557
21cb5af13c9bcee33e29263b012cf90ff187f8d2be4e26a0bb0a4de31eff4019,1151869.93,0.2385,6.7942
92977dfabc6425c5b1ef69177ae10941231bd6834695442180603e87279e0532,1051187.34,0.2177,7.0119
611a069d62cb426cfda19b19166a480f24b2c7dcc71550a1523df223012ec799,1016362.21,0.2105,7.2224
4a7d95c553a4be5594c054d3f6e3ee6b9f53385aea34db0734afd0ac614ec50a,992221.52,0.2055,7.4279
fa1236a65db3ef58cd54107224db1814c9ef9504196e321877eaa3959fd3c6af,990520.65,0.2051,7.633
d18ce0c0a06f3eb34bd8ad65bb88108ca0672348f338f139fb741c4009af05ea,942838.23,0.1952,7.8282
cec949e5f29515f24c8a6f1d74a8363e1a08ac38b057cabcd2a0a5a5ac42c552,882413.98,0.1827,8.0109
1bb9a572fefeabc956f3e990820b859c2f5167a00d9bd0d8ec0eefa54e682f3f,861904.04,0.1785,8.1894
2c60479c68f904e798858be9f4abca6c9cc61c0c42c04d8b0be8ab70b8f5dc2b,824129.28,0.1707,8.3601
155cb029baf4ca42d27bd89c49b867f0f9b8caa4b430a012855692c55b165e6b,727506.74,0.1507,8.5107
971da1f0faedbf8e001fbce469a319767f74c2ca9251b4e34bf5b96fe44f8761,715575.99,0.1482,8.6589
1f01226dd199a9c9364775e89f6b4e77d1842e27cf1ce841a0b01b8afcc04cba,706480.69,0.1463,8.8052
a8a3950114bd003758743943ee51102d03d7cb7e7414953ad4dbfa860dd5eeee,699167.62,0.1448,8.95
07f287efb8bd2fb5ae7c17b61217cba2df994352beeb00b6746f171cd2cbd70e,693257.87,0.1436,9.0936
2c01b5a927a3191c89f0214312e782fc016c7da93a90a86526f76ce941c6022a,690172.84,0.1429,9.2365
3a64b3a18e8e73cfc8e732cdd962d91eae105c1fefdf1df3ac3c37edbe1b0566,686847.16,0.1422,9.3787
0a1f1256f9bac68e806442aa76455bb761af5414855efa23c1b3fd54477c0ba1,682829.89,0.1414,9.5201
b5fcd904c8f3b83a326f5f594cbd7cc114408a8485a0c4754d78998c177d3554,678711.64,0.1405,9.6607
8ae331e93b2700be5b1422fdfc320a8c90ac04bee53ca124868b24a1273eacab,677460.76,0.1403,9.8009
99b20cb0202a95e027cc27f4032b29a09509be87306d4384c4d19dde36b4896b,673637.47,0.1395,9.9404
025dcb9886deb8eb0fb570893049500377e49233e88c6230bb51d942d1f88ce7,657754.1,0.1362,10.0766
5d3bf730cd5f721382efbe70beb990b2accc76d7a737fc09632d1b60267bdc39,638175.36,0.1322,10.2088
9ef707b37c77c96c01b46d97d8db4bf347aa7490dedd748ec0d6621d27d9dc47,621873.76,0.1288,10.3376
d71f94b7c9fb4aa09d5f54597b8e0d9c9011d69f60cc6a64c5550dc30c471c4d,621702.49,0.1287,10.4663
9821a712df52ac904a641e7dc30e5a5f5494f88d55b84fc7b09d39341ae4ec7c,614225.41,0.1272,10.5935
18a6b2a1f3f34a1057071aeeb210ff5906bc389fb2ff0ac57756350a9833f956,611604.64,0.1267,10.7202
fde6737cf0ab64a00ec749362bf4af052283e86d22f78164eb1b283e33e56435,610545.12,0.1264,10.8466
7cbfe66c7ee88549d7d442f9d0a90aae70bb7de8f8157c76d9ab5ee14321660f,610272.44,0.1264,10.973
5cd7ad43a2ea9f472645bab81255e84b82c6a722f65ebd09ceb8be7cc79ac959,606810.0,0.1257,11.0986
433b78050b044307ea237141b0a5ecd58cf2d4640308b6264a3fe22ac93a373b,605634.89,0.1254,11.224
aa9b7f4dcb421d5b61d6100abafefb7d864faa9264d821dbbc58c29f7f7a2911,602772.53,0.1248,11.3489
5f7fd09c1f59f010143ef40187e25c57640b72ee2d7ed8b905eaad9ab89f1cd0,598742.96,0.124,11.4729
cf4b0f42748812a17c271e3eb352c24b6177c8b1a9868913de1abf20c71038c0,592397.6,0.1227,11.5955
f13ff1dd6aa4515853920b834093de7732646eb0f31f5f89bdfa41434da75b81,588643.71,0.1219,11.7174
bc3438d40d8ca0aeab9310048d069080cebf4ee04dd8b9bf52f86249206299ff,587646.48,0.1217,11.8391
39d71e8f3f0f61177468b7e21bf194e7a9a4badbc1f1bb727ba4cf7b4708dbf0,586736.84,0.1215,11.9606
84e7fa360dd1542a0fdcc910aac8a0b20f41cca93b544757f48f0628d0ac0df0,584455.34,0.121,12.0816
7b03919521409962a7139f1edd084e2dd6e385a301585c51e06616612e17b7bc,583512.24,0.1208,12.2025
4f489e0e59eeb3067f7bb2c733b9b6f61587cb2ca9cec22a5ea4745fdabc6794,579732.16,0.1201,12.3225
de0824e1ac546b9d23c2acdc85917d2e3e9245cd640302d403bcc3a1e4cbb6e4,579520.66,0.12,12.4425
5fecdd0f7f4b81192f916f8f88087b6fc242c9c8ba64430be4605e73ddf9e4e5,573235.92,0.1187,12.5612
bb7d958964af8bb355a3707e55ab8bbdb1cd34638a1e2eeac32e25c90d03628c,572656.92,0.1186,12.6798
0bde96c3aeed0d40f5cfd152d1a7b45cdf218664a4d5c7f8cf8f7cee486b3965,571139.55,0.1183,12.7981
68a0b5f6a97aec8c54005165b8e07d54f0244b76a7c752dd08fd57fc6033d8d8,564910.16,0.117,12.9151
3a2bdbd8638233dbc251fd873a9fd37548981797d381c1ae3a20751b70db67ca,547670.37,0.1134,13.0285
6f49101a0eddd47bccea782270aadee2a85b89eabe9d54dc68120423fe33d885,546343.8,0.1131,13.1416
b0ed515aba748e236ffbfa581bedcfb53ea0d00fa16835dfa9210cd282cc1f03,539233.48,0.1117,13.2533
323b087d9a8d5c8f82269d462e36c121a4f0ffb6f5cecbf2084441019d5ba20c,525201.68,0.1088,13.362
04ef5c6e816bf6a4a526531762b322c360bcd173cd541c48ab3d43822420e60c,525146.8,0.1087,13.4708
f57f6d513ce60b2c4ee340fdd3e52b5bc6e24f28c374af507ba50d5213973201,520175.71,0.1077,13.5785
baed4955e46aa40b0124ae0ddcbef0e3f4524e91fd8defc492a3a7b5f7397cae,519543.64,0.1076,13.6861
2c9c055c680c63a9c60ac524441f88eb317b33fa4a97edb6c748c1f43aa5515e,512857.28,0.1062,13.7923
6b5a199664d0f4511bc1d06f41573b9c26ff81520a8978481f67ae30a685644a,512580.39,0.1061,13.8984
81b72786ee37b178495f98c66a679b0c5f9f360a9468ce9c342051c7908705ff,511190.16,0.1059,14.0043
1c51eb55331d02f3a2c5a35c9d8ae2e6e112a7acf273d7221540cb500332cda8,508758.48,0.1054,14.1097
f5f8da6c6639c5e6ca572742b24ce015fe3a2245fe9b18aade3767bac262b62c,504913.21,0.1046,14.2142
78d75f8d64483866d4d9d0f0bb323007de306cf2ea9f7f50e938758b7e9a0821,501905.92,0.1039,14.3181
4638ac36fe6e8ddbfd86601334117ed701f8db455ef84149f8a551b8a8bb9ab5,500504.59,0.1036,14.4218
173ce64671d45b8ab0873adb41ef61e2ad61614d65a3357c512437ad7f8c6dee,491641.45,0.1018,14.5236
ebd9984ffe240710cc77fc42d94237214ea007a9812dad9762309fbca3eb85c2,490416.25,0.1016,14.6252
86026cfee8483c2e5a426521e6bf7835b1fb8b5e19e9b3f8f1363c7f372effb0,489327.36,0.1013,14.7265
a01f04b4174e6d94d2b2850de6a80cfdc540e41d9fe41a13af30e6f95aa3f9de,487390.52,0.1009,14.8274
a3837a03e8bc3466d02d4edc6c9a1bbe46b2a8f6524378c9ce9cd900d723e2e6,485191.76,0.1005,14.9279
6e2eea3b5e5d59ca00d09cbd818b377799cbba31a07f408a7d7c56742ed5a58b,484597.67,0.1004,15.0282
fe91e35fa8af14b733d1f52d3ba78614569815fc461cb81847f4da58dbb630a7,484404.17,0.1003,15.1285
abb199dac641b920c70384aee5cc694fef67f4939036720e6ac26856fa14ae14,483145.42,0.1,15.2286
529924c3fd257c1f7115d2b0cbce7f4843a12f6cdcb6efbb0a470914515a7417,478644.0,0.0991,15.3277
1fcffe6376abda073d60a98090f28fcf519f6cfa8c691e07d380eef6910e474d,476048.28,0.0986,15.4263
91cac0b7cd05356ee96ae4f52a24e01ac2b1dc65cb7a15303352d9eeb9271ffa,472316.4,0.0978,15.5241
d1dfa4733a7b4c2b5586bac655354cda413bdd6b051bd835a294615d13006dec,465483.44,0.0964,15.6205
6691ad8aea6e1bd6bc7632ab9bc5c259efa5c346dfed6467f431143e86f712ef,463921.24,0.0961,15.7166
b224115e87add3cb608724f5ce210583fbd9d519e0f03610b47aa0fd1cf812ba,456395.59,0.0945,15.8111
2e5c432ce16e1c19c3883fb6dd4c053e44ef60149fa354d726bb2e69aec446a5,453549.96,0.0939,15.905
7a3498156bdcf77363b96c635d2d79099a0dcd22dd8964cd765a5890e1fe20f3,451475.64,0.0935,15.9985
137e91c423aeb7b4d2cf0903d89e161c5946dd2c0a3236b270c5661f36b58bfb,450781.58,0.0933,16.0918
6fe807400a0285f75a17300868b41b29198d2674b9b99c7efd037e86dd6f59d9,443652.62,0.0919,16.1837
1af3afd80a0ece3b884259ed85e765f1e4bb039b5045fc8ab9df4fdb4d3127b1,442795.32,0.0917,16.2754
2da7a3b5bcb4ed3e9f0b5be4d2e0191b8267e0c121157f3e88b12e983450fa92,442474.94,0.0916,16.367
c74bfbcfa273ad1ba1b16d6f7af2d9351b2060fee17ce11f0fd337790c712d99,442190.4,0.0916,16.4586
b377547695c97bd186bf9abadc9aeff935f72f04e4ced457f3521d2bf9bd2d24,440697.44,0.0913,16.5498
0d87ec693bbef8c3299bb9a022dca39667764f23c580c4111614ebd5c1703df2,436096.94,0.0903,16.6402
38b35b10fb823b3a4d7ec0a1685c240c0a7b9b1087a0ebabf07647330e820399,432251.74,0.0895,16.7297
00783912f237878f5c87ae3e4e355bc91249a5fdaca3e4dfb7de869f40055b27,425458.26,0.0881,16.8178
4bbcbcc79d8fea816605b40773728a507540bbe6d5fae91807e67bee3e087551,406898.96,0.0843,16.902
36b8c4cd4103e8225eb89b21da536cafef6cd34d95263fc7d384faa2bf4d79b6,400258.48,0.0829,16.9849
cbe6d017728360058ecf505e2fa4b639bf7c103086f80bf713b16ac2fe0031a6,399978.89,0.0828,17.0677
58e5e312bfe37cc7633a22835c5750789ed6516e38fb393a1bc63c6ea37515c1,398920.0,0.0826,17.1503
0dabc434c0d828699aaf4f7aad1eaf3858a0891c37335930119a4053e5db99d2,398375.2,0.0825,17.2328
212b498134007e2c7921ae43e4c446bfd6f97393060f3865d98e4ce0cc9eaa61,396005.8,0.082,17.3148
8a3fb3f0a1c197f8a9509e915c786982e6a4f596ed97b6cbe833d13afe002eac,386685.6,0.0801,17.3949
d6bb8a1a0e80488d3edb22dfb14704c2b5987de03e7ad053710f863e71874f31,385847.21,0.0799,17.4748
882a75e35ea1c3c3216573d56da47789f7d5a666f9e4219fa2b609b7664e068c,385662.25,0.0799,17.5547
7bb36339f568b20569b57a3909409590725390c6dbe7e99d5248faf44b0c9c2c,385359.92,0.0798,17.6345
cc1acd99ace85a8a52505bbe79cdf6f5fde9d2a99b7179fa98a1c82ba2e02451,383776.99,0.0795,17.714
08742eb950d6cfc986a94923035af38e380bf4084f33f7091ab43d49f7abb844,379988.47,0.0787,17.7926
d8e08792643585d298a780b37f0e598a72e3ad0db1d026b8c24813db6cd9ec38,378906.87,0.0785,17.8711
6983557f8c261c8a80bbfa941e9333f52a3d15a821d1d67b0d3e8b601e34f49f,377638.8,0.0782,17.9493
d15909a3618d58a3303265f24b4bc776b39ed0cef8a03fc46f67325bab9760ed,377620.04,0.0782,18.0275
2967f0e5510e15f3532fc7e76a67577bffcc7b0b48c657a7f5c762097a6bc806,375174.12,0.0777,18.1052
6b0b548608e75f9b0553a60ed47e81bc1036ec9890134e8bb7c83d3b9290c8d9,374423.77,0.0775,18.1827
a282291f0c1803030e27fbeda34acc53585810618f0ae3dfcebe028df83b259a,370217.33,0.0767,18.2594
2a2a4e31d69ffac8c08ce4e98153ec937395a7981e76158e1fd174a360ad27b9,368794.51,0.0764,18.3358
540d3cf149a8406ca69c367f1a6b3189be1e28da16393fed909177205da58de6,366646.73,0.0759,18.4117
77392e1a868a5f5e4aa32f5cef686dec773c5c2b04de72f00c18a42fb957643a,358610.45,0.0743,18.486
f0cbba2470c7c8706fe77e8d88e947ed8c33100409ffb51ae1af99af7d3077a8,357892.42,0.0741,18.5601
ce6aad29a27e6cf6a8cabf75b8e5e24716d5a46c8c12d96f93b53d3b17ec062d,354251.88,0.0734,18.6334
b335e2c03d88edd9b81983659570c9dd33dc4dfc092ff66dbb1f45a19b540169,351782.76,0.0728,18.7063
9563a825d9ab2cc256981c477a0f54da826f0e81a69378d2f36aded5f41aeaf0,351488.0,0.0728,18.7791
87b6b12acffdc3e36fc9593325034084394add03b289ecd96fc1d0342abb2f2b,345445.39,0.0715,18.8506
47b9e9d40d2c3478b0cd62021807845e7fb03f2416a827089cd7bf83dbfa2c18,343796.04,0.0712,18.9218
468c00540942b7c5303cefad1697800763fb6d6e6ca7da4dadf1e8f461b4619d,343401.99,0.0711,18.9929
e3c9c876f967c622d659907591721b62f840ac5a0d3aed774695bb1edaa0b638,343196.24,0.0711,19.064
71507fb3e71cb7599afd88ce849247992ededdbb06c90d5bcd8a76c40914899e,338328.67,0.0701,19.134
d7b24d67cf718f5e60e6e57a7a4ed31504f0476b6733cad4e0f58a3a5cbb8a6d,337876.73,0.07,19.204
6657dc3f96ee46f12ee7bbfd06cbc08a6dbc272c34aeaeb54bd2227ecad527cc,337340.51,0.0699,19.2738
078c16a1e55e9b1ed90cd19c62903717caefe809f973914b68a3f329a8937dfe,337156.2,0.0698,19.3437
a3222c09d7fd1bc8480ab1dd88f70976a8e959b84d5c98bad3287b7efcce636a,336532.18,0.0697,19.4134
dced535d144935eaf77edb459d90938b2b2bd28ed8fcc8539ed33327125d55bf,335890.52,0.0696,19.4829
833092427f0603dfeeeacd6c1bb123e8871ae3ee5dfb9ccb1fa70ddbe97dd848,332028.46,0.0688,19.5517
575530858f2a08fb3cd6667ce27629307d2b5a93fb29f57eda983b35a138b477,328854.67,0.0681,19.6198
c0ca1ad49fb6963550d7d13f0028546dc40675aa05a3d6560bad014037dc7f50,328845.04,0.0681,19.6879
e649004eb71ba20f73a3d5a90783f46ccef2926126e72d295c541bf86d4d16ba,327766.08,0.0679,19.7557
dd73804ea27b4e7d7c27733f193ee209e57e7fa6a12246a278e277cf76474b8d,326514.09,0.0676,19.8234
9a976f680e6c14e8ea03b5d0e73952e6f56eafc65ab519ebe576bfc4911b7539,324120.17,0.0671,19.8905
5f65fdbbecda6926d3e0de243f552f6efd8a3c53d06187422c77758f7162e2f3,323685.9,0.067,19.9575
6414e0e3cd4aec51944ecab2bb71fac5ceda04e8123e44723269282f87eec36b,323614.49,0.067,20.0245
720f8ae66d666c5b1fc31d00a2ce232d88ae924d209b4d97d9581722ea980c15,323598.26,0.067,20.0915
99cf15ac55d54e0c14d9bd363e3037ab63daebbc68b836ea162fcd22f86c4545,322882.4,0.0669,20.1584
43b212761de91d61683043122c046e56488999a59ad9512c64d9345ba5cf7d34,322230.4,0.0667,20.2251
9614f34f946a8ca46ffa5bcdef1b2cc55a6ebddef8472f62162e59832e722de6,322132.36,0.0667,20.2918
941f587feed46453dd91c216ef475ea0947a85072c6264a93372dd03fdc6374f,321749.13,0.0666,20.3584
09f7961ec05e196707f71ce1f3278dc192db77f4fbe8680581b9564d85c8b696,321521.4,0.0666,20.425
76e60e0b994ff722142db32d6fa9d4f027df1b34e4b78d58bea7a6bf4cb1fc18,319269.14,0.0661,20.4911
7ba35dbbe6fa514fbb0ccbb719f73aac6b1a88abb82667c15ed502ff9ed39bbf,318519.72,0.066,20.5571
c49694b68c7378ce6957dc9b17e9d8edb3802572f5a561e369a8d177c7e9ce4a,317670.4,0.0658,20.6229
2012634818caa1ea568a56394e42ccf40d4decfaa23428ba31c35fb143189a00,316601.93,0.0656,20.6884
32b5a859938cc7bef52fd31e47a7d3dfc18515af61ab36d93a46064d0c61765d,315757.15,0.0654,20.7538
9a3728cb902d4defe20920671726b92b788c48c72ef6c7e38df9f37ba0facc73,314827.46,0.0652,20.819
1e57f83d6910d87e679667b9ab8ef35af357aad3abd5c5fa6cd0b2de6ceb516c,313552.36,0.0649,20.884
b872d8eaf5a329e82b57308671ef177cf67eb594b72b7b36c042a0e3a647cfa3,312745.78,0.0648,20.9487
e2492f3776bd72082f5613add1a9b32cac87e7cc5dbb8a708017625c2a348507,312301.52,0.0647,21.0134
4fbcdd40c53f7759f7f092d0bdd16f56d9789df212f93c6585e41938fe9b9087,309873.86,0.0642,21.0776
45c3da8e008af87edc9d1f33d64e4ec2d414eabaf8a094cf499a89d6203352fe,309200.08,0.064,21.1416
7451d3af726bcfe74f5421489171107fd525e10952f6fb42d21b7fb6c37bf7e5,308371.4,0.0639,21.2054
715418715bc2b8c21bac428d92fb91f901bf4a1e671a86f094f16d425baef115,308329.06,0.0638,21.2693
e635f3b6fa5d5abbe0adee2662b692087b26014023f0e69b8abdad7f1eb4dfb7,305935.49,0.0634,21.3326
b3622b6c33ca9b11f5812601cf099a7ea446a1d72c3676f585f4d7b08123387e,305823.4,0.0633,21.396
cefae03d380b9dc4ac9daa75e2488558ca11703586ed9ff4b8643eefe099e669,304815.83,0.0631,21.4591
89bc0af10d66246ed0ba8717161db063f35ab24ae1fcf712a0949f80ef691524,304618.48,0.0631,21.5222
db36c82eed73eb0998e0edeaa7be35c6ae3e100b1b73cc25cf313812c9edcdb7,304550.9,0.0631,21.5852
bf2eb24d96eb5319a67daebde939078c23202d4e3570762f2e1ba3c4330d14b3,304374.82,0.063,21.6483
5bcf3d1065d807452fab2b146e194f1dee30570bfa401f87ef5fbd22549467da,304210.24,0.063,21.7113
81b8b46c3be95c46347bbf4f061b407f4ad19bda52b10369b8fe121fa48541b6,302700.85,0.0627,21.774
05736fde8d872ff5778003b65f771a91f13d60244a46e7406c7f6e7186f5b622,301457.95,0.0624,21.8364
3d26a1ecac89074dcdef02bd3955fadc5fc9e9e969a730a7a6817ff8d573b089,301417.0,0.0624,21.8988
fd1e499f00d96274bd89b47e0008254554f769507c958b4ac42ea06a20c61017,301134.58,0.0624,21.9612
3db810ca000f29d45f549afe6a3a43e745e763d5eca14813879eb4db37502e3a,300005.5,0.0621,22.0233
1bf2a819aa9f20261de89c643fb75b4300319b4fd9bbc82e6b6b46f6000c413b,296746.08,0.0614,22.0847
0ddc34ac7c382a0d2d449005816861f59ba9c087fe8de3a431e557d599e67140,295472.44,0.0612,22.1459
340c545626c73750431bb1b39d0b21d80992690e8a72dd60efb20ba50d4a39a4,294314.73,0.0609,22.2069
0de2a77bcd022ca408956b97fd2502373653574167db21dcf16a75ec8dbd2bc8,293182.54,0.0607,22.2676
0eabb70f5b8c602b460e105b4c10ac318a6be471fa96063ac61c782d5c57ad58,292739.6,0.0606,22.3282
473de670757f6b3c9cb27a43f7c6d5c459ef527d109fb67c39e4e7b696c440ab,291587.12,0.0604,22.3886
0d702487bf8c403ad40729a0be1f6459aa4adbbcaf734de5caa07bf3f046734c,291116.3,0.0603,22.4489
599867a4ce9649d67fb7da9cc962e42221d651679322b14dedc5984c81a13e8e,290153.25,0.0601,22.5089
fe33f519a1775b233dc4d7a5031bb5c3428d2900712b5f34b69e697952fc53dc,289924.8,0.06,22.569
db611c84b84560ea672ec8a13384a7d5d58433d0971bf3bf417e12a7a396b28b,289842.58,0.06,22.629
5a4886412c08b87a93d96bdc16053db2e95f098174b29a6a2ec47b56d7dceb2c,289543.96,0.06,22.689
ac9a094c081c181635f73e82b02f6069548ea2711ace37c1c51afbd366264cee,289341.26,0.0599,22.7489
f3b725156c073f1e62eff047978cedadacaaa37368d2c2e11236e52e0651de37,288633.5,0.0598,22.8086
923b5db1e84b7d53a84a957632ad8bdbdc133ab58286d419090295569ee74083,288494.43,0.0597,22.8684
ff7d763b3a1262e193016c34e2a7662a1292044e6ad12b9b7dc3d51787fc2348,287827.66,0.0596,22.928
d9a6da02f1623c26c786ac4550e970ad189219e6dd3a5dfe3450a6a83bc0e22d,287174.36,0.0595,22.9875
dd7b4afffd8366bb79f220342138f749364ae2ef4b2809ffc1bcba2ffd8fc5d5,285705.95,0.0592,23.0466
be0ecff2dc7928cb9f40a9e0be5f9679c89d09ba48e1e5f7d24ff55d7993e004,285568.83,0.0591,23.1058
9cbc32743389ff6ea01e70c4d9ea70434d0d9c7de2ea30b558a0eadc8ad4fcd1,282180.24,0.0584,23.1642
73f2b856798ed2991aaed9c4b487362e7415185bb49c96c539fe727d0d4bbb6b,282075.23,0.0584,23.2226
adf6b25a103400188593fc61ddd0501928eceee58977d62c6a74bb3634b5f34a,281979.8,0.0584,23.281
aa2e5fb6f8d44ca87803badbe30d433bb222d9ee882c57dfc3fab57a79e7d996,281586.57,0.0583,23.3393
f16ebc702d6682f5ee7d8501409656e158b599fe96fc8e2027528f152a07cf04,281141.95,0.0582,23.3975
1c6b49120528ee5af4f66d1a2ca39da7a7786e224dd8462f87f31e38e718fbb0,279144.85,0.0578,23.4553
bd76de69b611590021b37df18e0a7f293ebd9ca96cb13cc91663d4eda9826837,278461.1,0.0577,23.513
e28df8ef495853425810530c3198a88eab187aa43c90f7c587241ae8f38dd512,278127.69,0.0576,23.5706
3ca936d874da683594aa7a801b19d9d5088810493711a103b2267e2408ca600e,277924.05,0.0576,23.6281
e3e28c1a43aecd53b89c2691b866b5f84dfdb3e6944c21e6dddce9af215c5565,277742.5,0.0575,23.6857
8396c8eaa5a200b59a25db57f607e42ae96162d934673b7d3acb505d3c7cd07e,277104.35,0.0574,23.743
67b775b1fd445afe49e25ac9c42ae10f6032ae437b3adc21eac4ea09b02f2a47,276985.96,0.0574,23.8004
42455e05591aeeea769f59799bd0d5a7f262cfba039e2c3e447962aa9538930b,276730.31,0.0573,23.8577
fb7a94d98aa3b83aacffb4d6193197f7167b35ed9c6c7f3a6bb33f0b3c69dd5d,275199.23,0.057,23.9147
fd31adf8b57b6a0de74e2c50af4d65c4fc882939a41933383fa606774d909aac,274909.34,0.0569,23.9716
f183ae5e1a656768df9699856477ff925a73fe059628e50364b756d8e6d6f7a2,274475.0,0.0568,24.0285
18fe11e79b14d687831c84084c5b6db80409a76dcc99a965598923a4dbfced8c,274129.24,0.0568,24.0852
d6860a095963d008443e6539fc256b36833732a75c95d9bdaef6275ef7af6e77,273769.62,0.0567,24.1419
144151c760561f3b42d3fef0a575d4d2524160122b3005d7816f911b2fb2b150,273297.4,0.0566,24.1985
0d3a19e7e81fe79233567923727455142f04646dc85081989a3e1c7e1f38730d,272695.72,0.0565,24.255
732e4ff3a1f0cf629f1db0595d238c867b8b894a51e3f8f7161a086d8af394da,271631.16,0.0562,24.3112
4f883c5aadb540846cc6204ddc767c1d450ecf470b6b9fe50e32001ae8636ede,269450.64,0.0558,24.367
070e58d2cc4adb4e80f107b166aa6d9caaa4f48bb14f1b1b149c013d1f354d0d,269406.41,0.0558,24.4228
af7ea7a1bfd06a6b5dba37a6af4345899106e5d1c1c8afe344e3984a28b66c06,268197.29,0.0555,24.4784
17e90aa1a54e4aae4b71871e77228f6d784f52919d43ce4e5630b775ad553ba6,268031.93,0.0555,24.5339
54019839adc3306b34ba838cfd2d4fa20f7ae3f149629a0cc874e32a801f3c2a,267861.59,0.0555,24.5893
313bff9668654b2eff71282364d5c6dcf2ee2c8c1c1797db6bdb53de7a9c4a6c,267473.13,0.0554,24.6447
2a87885a1d92e012cebd8d173af92199c5967c777c1e77595f8d06d3b0ef87c3,267110.95,0.0553,24.7
901f689783a826c188a3fd29b0bc24b264ce83f4de56eecd52f2ff1503800588,265576.22,0.055,24.755
a20ce4d09d7fa5ddfba977cafed4f032a152a96615382c0acc32c07797cb067a,264210.58,0.0547,24.8097
3fc14858548f92fa3adfacd16813b04256ca2c120c0786833124bf6d8c0d68c8,264137.67,0.0547,24.8644
9ec6ba7bfdac6de60897a3e8f03ed4029567a4e496be950eb5e9b41b9b740d2d,264025.5,0.0547,24.9191
5b29d9250fb99726a65a85563cd74a4285ae3f5c5dc5996aae9e920a97884bb5,263285.87,0.0545,24.9736
2bbd0b696c6b3bde05b7350366f89c08913a938d18a036860ae9038fc8da99dc,262764.96,0.0544,25.028
ac5678f9ca836a0ec579c578ccfe7691f4c348e0146ab696231dfe228807e54e,262535.52,0.0544,25.0824
b34d0af415e161911c7a26410102bf81c133dfc5f63ed94d4318d3ca6b29af3d,262337.07,0.0543,25.1367
6e3d5ab4f29ba9fe713fc155a61c86dedcc2aaf9920ccb5119e1dc566c5d3acf,261836.13,0.0542,25.1909
1b6d8662771f75538d8c102c7bc1ef32c7b3023f939e60c4347d7fcda9567faa,260969.64,0.054,25.245
58afd4aeb85800bfbd861ccb742201b05eb1cc84bce45b36ad96afe7b85bface,260915.61,0.054,25.299
7409d853603a3a18391402afa08e409c3add9fd416bbd9d1173dc0e2d53e3a84,257781.92,0.0534,25.3524
5f2d0e99145be248a4da4151d7b8f97dc032d76870b403adeaa00ddced9188f2,256955.83,0.0532,25.4056
bb799b5514c94ec46d4111bf04fe2deecd376921c91915eb61591279c9219a73,256370.29,0.0531,25.4587
06c9845110fbe1b76619fbcebb09e6a8ded8af7383ddff4a5d97fca45ca8217c,252809.91,0.0524,25.5111
e1f82aef7c1e8a960d50d702d780dd116ff533fc88dfbeb3031dd4b2945c9a78,250790.84,0.0519,25.563
e712eb1481b78c300bea5762a0103c52952b61650837251344dfd698ad9b7e62,250679.28,0.0519,25.6149
b70931b1bf9d964fc11ccf0b9a871bf840ee629b11a4ea37ff50afb3520d0991,250260.48,0.0518,25.6667
693ff8def3f1389fb9e16b1bedabedba216a57ee24d2ef62218c5f6b38a98768,249432.44,0.0517,25.7184
f08e7da24c4bd8a3a8522f07f9722dd99f17cf306761a79c950640816b51e776,248760.09,0.0515,25.7699
1aac0ed94394332736cea64e1db82798af2ad643faabac742d800794f0e7cc8e,248671.29,0.0515,25.8214
1d0bc4eed901a55c202600c40bf1230e5df97ec2cfd05056a9d9d2f49ea226fa,248308.41,0.0514,25.8728
8bb0fb790f238077f2ff80df290cab37fdc7bd068da6cffc7d89febf3b635c87,248266.66,0.0514,25.9242
0b0ca6444639172c137c9fff7336d12386bb98e0add8c3adf1e24878280c5981,246049.33,0.051,25.9752
bf1d32f0f9a3c2862fcc5820cd14f5be30e7845d128fe561090c4ed29ea2cf68,245368.96,0.0508,26.026
e161adc6599003b5bdab4abe8702f14f1b91c4deea18ba819f5551030f92dacd,245292.0,0.0508,26.0768
50210a776614fd42ab0f76df6775b6917113e821af13b9fc5c3db9a95daea204,243794.27,0.0505,26.1273
a76ce5f99aaf4ee37bdea923918e794c18dbe1375207abee86c16f91b41019fc,243567.81,0.0504,26.1777
ae17264f73ea08217309eb123ca95fff6ad8217b4f8b570335ee20a8709f5da1,243408.47,0.0504,26.2281
eb0b806dd157d468ef7f397e68392b9df9d770c8ac31c5afa2c51376462e14c3,242384.08,0.0502,26.2783
5ba3b296925ef65dd1e4ebdc0580920af0abfd666d99071e7b94bc59111f7938,241454.32,0.05,26.3283
256e31a85169a84f8376398115c475e83b6e89417112aa904508e6ac0721c888,240749.36,0.0499,26.3781
eb379ed3aa608c649d4da319dd98debfb780b998bdbd85aefbbae8977b82e8f9,240704.79,0.0498,26.428
074a99fc48bd5e8428a1694d0ae5fc067194966d4a49cc01544d27b16617cf9f,240427.58,0.0498,26.4778
44809adf266921118ca3c93f594cb220d1ba14db5c8719e505e829a852cafd7c,239544.37,0.0496,26.5274
6e2076f60ea5f74275b7ae7ec6142366df2e8d04b66ce0724182430fd115aa77,238600.5,0.0494,26.5768
da7bc532f3b9993486871a19e853954bfa7d55b2282f7b57f2f84577d2315fef,237945.83,0.0493,26.6261
29c9c9c70373a74778cb656f2d7d8b32dfd86d8a888d23cb28b56c200ea2995c,237712.0,0.0492,26.6753
200355251c2c21e001159caedf209b837ea5061b7ef41982c157b3e49635a672,237676.62,0.0492,26.7245
785558263b3ba6e71f6f3f4fc7377bd8555fd594e943ccb33d465c62745fb211,237484.48,0.0492,26.7737
fcfe58f285a939530e0116b822ace177a4701552d59cf882246a20fdccab752d,236928.48,0.0491,26.8227
a0a49cec445ca6921931268d273d83507a21b729f4d927d72b906220c3755ae6,236704.72,0.049,26.8718
48bf180c326f6830d22fc49c11bab75263b28153df5582790cad2aa9e03093d8,235460.72,0.0488,26.9205
b8d167839dc0ee8870d11b2c4b35f5bbd8bd4758a1451fc03508b62d75d0e83c,234148.2,0.0485,26.969
59e714e907a32cff68be6b77f746240bfbb628872fa2935d1ca8bff5c8254390,234086.52,0.0485,27.0175
f474a96820fdd609529baf6f351aaf3105967a498743a2a25b729d07f18d02ac,233411.87,0.0483,27.0658
4d0b84467a33fa036cd30eb939ff510fed714790e8b844b1f8057dbe5eca8488,233068.58,0.0483,27.1141
8ac766b1a33e75d9c8342edf9d603b30182442d699a5bdef84ed3173537a1cca,232134.48,0.0481,27.1622
c2ecba6a6e283993a8fe5b1203322c90cea4c69289de83958210265caf36d15a,231355.24,0.0479,27.2101
26361f9204091993eb1007879841902e560479bc4626da4e582c3a2f1a3ec4c2,228028.79,0.0472,27.2573
dfce5b07e7c09d6f1c8f1748e8e274a86f10787e16c99fd45d1256dde521e6ff,227801.13,0.0472,27.3045
48a10fa5bccb5321cec246ad1c5bc0943d6304024bff7a1b5e87a5c81397a21e,227751.63,0.0472,27.3516
5d5dc77a994676b83ac8812eb4fed552d5eff97834486634c3fa1638a14737d4,226293.48,0.0469,27.3985
030eba07cee6d44e0c3362b01758368db0fb4716d033c72b8b6aa45f97971dc9,225883.5,0.0468,27.4453
64f833ea58c113446268984966321c41841978a41da29a35eef9f9afc8bb3b55,225617.04,0.0467,27.492
3e3818d9d2dcf340cb176d785bf0ffc9e5137a36e18e6dcaabeb70cbb7976c28,225387.14,0.0467,27.5386
1df6506e13536d47566baf611aca6ed2af5d61bc758e474ea25edeb579dbb9db,224272.72,0.0464,27.5851
9f635f4fcec561c4921a227a08c193d27a01015d30b00175980adf5b2c818ae2,223307.48,0.0462,27.6313
0552574d34e34de14583cd950cc8d69469ab3254b1bd328e30cd71622b5113ae,223117.68,0.0462,27.6775
881cea7e763dd94fd3f8b2bafc851c4ced9fc15273261a2f91b8a23b53e58ca5,222999.76,0.0462,27.7237
8f48f10a64e79276408e5f38272153150a0f5d066eea67c2793c42620e3f424b,222871.4,0.0462,27.7699
3b42730fd111f13b58aab76e3e354a53eb0cad0116f72b784d3f98c3cbc2e0eb,222343.48,0.046,27.8159
7301c03f4033e0b6198eadd279c5872d2855b9c36450b18cbc315071e7eb018c,222081.22,0.046,27.8619
07265e97cfd09e44da705be7b2b839e3d95432c1ee464715e6654b8175cc94bd,221746.56,0.0459,27.9078
071495bba81d79145c410815ff58823a7384680e4f63def2edec63375c97e854,221609.64,0.0459,27.9537
1a2e5d58057f679459ea6cccabca4bebde679290dd1156d75776eb19935f0bfd,221391.13,0.0458,27.9996
5c6a643950f938291c58a7dfe3447a2f3548d0b738e59b471e881519798d4188,221347.77,0.0458,28.0454
f27c591f14e92604c3738970c81487cdb530c6529236a3412d26428ca0f4520a,220836.32,0.0457,28.0911
6d036232c409dd5d717c895d8d695d9e1750d9062a13788bb2dda8dad603a5c5,220134.31,0.0456,28.1367
85862dbbb39a9508db45e4ded93859887703350b0cb311f10b429c29981899f5,219589.85,0.0455,28.1822
fc660684a981f25ea528e47d0a4d192e4e6639339ef24c81b5645e4721e5e805,219137.75,0.0454,28.2276
fc3edfe30041577ed20b5686e6547fd98d2860d6f3a94b699982b5cf5710b5ba,218930.0,0.0453,28.2729
b96cb18015f6896c4fc74454c578571dc84ef3c45e929f70f21773e09e972b50,218790.06,0.0453,28.3182
6b954894926c9b71081ed09dc27d609bdf68c9b93f95689a04be43a786f751f6,217817.16,0.0451,28.3633
81d258d0e032117331154de355b6c99d5115327ed658099c441e91629e514426,217524.32,0.045,28.4083
d3df838ddee65033fbb49b267571c2ee75790764b19b6addffeb68debcb96717,217500.74,0.045,28.4534
7fea33bc1c44e573648ef055eaea2a11de3d749b0e565882107d4944075934f2,217449.76,0.045,28.4984
522cd8e2c1051c68d34a4579109b884f4db79ee648cefe8d9e64bb137b3e2452,216889.28,0.0449,28.5433
9d6ff4579842814ed6bddd7ff099af54c308be9c242db82ad878310d6eb607a1,216245.26,0.0448,28.5881
19577e27c9e94e3de004775b1d6aa8c9606393e684d84b54f5acddee475f1256,216011.33,0.0447,28.6328
d37a1dd530058c4d8c66a1abdffda8fbdcd2e21da7e62d8163a71b308812a05a,214839.72,0.0445,28.6773
81962fa3e5ba028f3e5d0fdd003f978d571470a7d0dbb4f93666a326154091b8,214780.52,0.0445,28.7218
e9a1b3bd3f31feddb0913c8d8928cd8ca67027f6d0daed4308170ffa5d910302,213536.02,0.0442,28.766
4235d033441def62c1ea71655385fe6f2b4acd0458059c4ed2fc495e5129326e,212953.2,0.0441,28.8101
983122b5ecdfada437c5d5d27e65fff168aeebc995e54901a6bcedbe146d4608,211636.49,0.0438,28.854
835c94c09076fbaed6fa61c4fbe869025f6afe689126ff7f8d043b8ba98818db,211127.9,0.0437,28.8977
eb79452ee9d79ab79404d690ef109496ef7a2274d9badf9573bc15b91fe4bd76,211075.2,0.0437,28.9414
cde787c1cbb19f1c27ad1e7b963a476c193221e0b43edda5cec61fa1408a89f2,210837.28,0.0437,28.985
02390c052b0a75c4e0e1a8693ea8e99ab1f0715b54b820ab52e3adf89d5b7b0f,210359.1,0.0436,29.0286
63166ec6e1cdd94d2280651625d5853953a471849d14d0bd11a1504aeb2e54dd,209906.04,0.0435,29.0721
09e1615eb7c54e2dbd05f2fc1365e7cc980f5df9416436ca2c690fa2b50e4641,209082.56,0.0433,29.1154
87298b0362ab482696d5f65061cf93a9dca588bea6dd246230b13f7b286b31bf,208671.6,0.0432,29.1586
f3f6908a37a8aa89a7d291264db4349577b839fbde3f031cba45a8e18e84bcd5,207826.8,0.043,29.2016
4c5c1880d61c8b9744d92667c21d8b271825d748ce1c376a4826a72e7d9fd89a,206752.27,0.0428,29.2444
ab58812dd23b3d40dad344a0700f88e331d1f09c0b361884a4eae1af86e774fc,206411.16,0.0427,29.2872
f4e427f5830ff3835b74c4d423c9d52c4466f4329b47ca21b742a03f00b96386,206114.25,0.0427,29.3299
2918510309e50df4520a3f2cceac1294437c9a2e72ca462e7f4c949cf8535463,205841.46,0.0426,29.3725
301f7e713860d7b2648de85eb53de7dc89a97a9d816dd0663034026f1c450459,204363.77,0.0423,29.4148
b7bdcc1c5e719fc4a22f3440ff6c108a7b3537f101b27378be71c01985e8e72e,204293.17,0.0423,29.4571
0ab9b1954a0350148a5db7639ac10b56d07c627fda18e48f47087f6a4efa7420,204070.46,0.0423,29.4994
986e08b2936abfe0883a90387f11b29b22aed5e57c5efd2ac9de8972c32a6c10,203903.97,0.0422,29.5416
797d9ec965f6d989df2f173f75849f775fb84e5f7c8cbf186b11002876102fc6,202003.32,0.0418,29.5834
93c90c6c876c457191aeae5c40e6cf62c35a0d4a2eb1441f548f08b5b49a2722,201873.14,0.0418,29.6252
c2a24d035fde946630c8e24c7a8e90f2bd0e81c71a8f037c05e0fe4681c39da4,200490.51,0.0415,29.6667
3f39db48cfc693738d2e81e46c8aa327a74117208e154ae82adaaa1899b9ad27,199532.8,0.0413,29.7081
35f2578b8da3e05e6d7ca20e4e2c8bfb20b6fe678ffa697b78f9b5870c10aad0,198262.72,0.0411,29.7491
9d34eeddf16d1c7eee40f3829588a34504ef77b9714f04cfb30a8660718a54a4,198001.59,0.041,29.7901
2e6b0a0bf3c4dd4ea251a8e98b9a29f907d9c42aa9d2a48eacdece57b0ba0606,197926.75,0.041,29.8311
46d4f4d65e1baa22b85742e3055f469fac0c9a9794b90de987ca57d6cfdc27d5,197592.9,0.0409,29.872
dfc01f68013f4561bec6471fdf3da9f3445bc86c84e9215ddf0f53e04b4c9373,197551.14,0.0409,29.9129
9d148a3dccd7200fbe2e0c0bb0e32fecaeb9375332ef0a5e2783eaede5f8aa4e,197328.7,0.0409,29.9538
d3e1b095939c82e6719130aea925101a9710752d8d81b25b5e03e8193f52a615,197102.91,0.0408,29.9946
491625d8c0fb69393c7da7db266cab4ad0edf10108bf5035829f9bd020218384,196450.9,0.0407,30.0353
391ab3a5558d3581589078b458a1e35e12b91652af263b670ecd72a18ebe9e05,196445.68,0.0407,30.076
2211790551192bdf1c1340cacf536a183d3e1c9c86d9a99f8b4cec3db4d730dd,196443.0,0.0407,30.1166
d3527157294e50a496d94922be878df0fa982ed473f5658e8c02f4d9730c4dc9,196440.27,0.0407,30.1573
06bb8b8a2767182ca424fc1b8dd033ef83918175c87204e618cafa666bad86a7,196310.53,0.0407,30.198
71f5391482d01e8e9803562b4a4b33395f24f5125b8be273e8ecad858da46f95,195926.08,0.0406,30.2385
71c6d77130c10e2208fa4c68ae31fc129b0f907de1cdb839b2b09e89c353f155,194989.44,0.0404,30.2789
b530329e6bc95b85b55c46c3f31418543ff76f9bf01af6f35e14250b3d824539,194712.99,0.0403,30.3192
5588c696c49cf9fa6719bfe61f2fd0e40d047bd23621273974a9c05fad91eb2b,194701.44,0.0403,30.3596
2ae47a010b0d2704d71f43e58224a1f3c6da9b0183a15c82620f9b0b417b9020,194624.4,0.0403,30.3999
f0753cb5aa59c41807f4d6d75c4a7e1e06bc57e8a1682c850823198b5bf455d8,194226.78,0.0402,30.4401
9073f665f9791ad8c6b9618816d174df505b81b3ad07f042dc78de0125eb8477,194226.47,0.0402,30.4803
425bf2c7ad0c8d52c8458eab0d9ad01fdaf78a87be2ad51156659e8d372391da,194186.78,0.0402,30.5205
dc5ece629723a2b2edd9fad5e612f3a52c1a0e612a862161564212d483ca6882,194136.08,0.0402,30.5607
92a79caa6072ec382edc71c38dfc924ff2dcf484a58064094a07b122d1b79f2a,193915.0,0.0402,30.6009
9691077b575f931e53ae7181731e62a1257074b2e3e5bae9ff64ae3d2ffc2c13,193794.8,0.0401,30.641
31067caa7ab7d7845a5acc2148df51a73d4e33bc683abd8301651b2a2bd15ab2,191674.25,0.0397,30.6807
a57afc1956b1bc6e4462bcee9c502e1bb4c9e8a346af47e6049f962b1ba4afd3,191554.58,0.0397,30.7204
522f485c5dfa269108d2a4e644ceb9bc76670704f5decb3cf2dccdbdad275687,191442.28,0.0396,30.76
add4e38fef33504ccb454547b6f729af37ae76883ae8b41379c4722e6fb87792,190141.93,0.0394,30.7994
3d0549d55a4d54cc5466599113c74bb71f644f5660a55caa6a6e7783aeb04d45,190063.62,0.0394,30.8387
e4cf7ea4013c14aa45c8020316f20ca3f09a056c6fee0d0f98b6a2f08979dbd7,189919.6,0.0393,30.8781
363e91b012dc90410452f0278f32ec499cf3fa2534557facd532e347c19d23d7,189388.59,0.0392,30.9173
bb37f502573901da63c3c196e28ab85aa018f07f18f18306392049cace0dbd17,187902.06,0.0389,30.9562
51abc2136d1773d9227b53dbe42b8ce829cbd61c19900ccb2bbb84717bc99ff8,187268.44,0.0388,30.995
0aa53301f383a563e01568581bef8a32a77f8dce39082e39bcebb3ad4b2eda5e,187258.8,0.0388,31.0338
b83424453a2eb9a057d052c1ec2bbd28bc315345add6d38c9846a07ad77bfd4a,186913.64,0.0387,31.0725
48fae3a37e95901677313b4255e7ad9a5b71a227bd32fde0e042546d60eafd02,186796.64,0.0387,31.1111
646c5b7ac499ce3c56cbec93df24ffb935287312621c77491475028457373c3b,185305.95,0.0384,31.1495
b0d40ec21fdcb6a105d07adf3ca6516003e524975a49d3cb7e709d68f7e8680e,185116.0,0.0383,31.1879
1a34694623aadbfee1138ebdf14fa8be7876a3b09d352b191f4ea91e439428e4,184715.72,0.0383,31.2261
bdc3ff3b5cd50710dbe551647245a5dfd8b748adf626192df85c0c92c836925c,183373.48,0.038,31.2641
c868b2270a3472f43d5ac72eca418afa2956220073edfba31692a737e43b822a,183051.22,0.0379,31.302
36c073d37f42117e4f742d7d5cf823b38819dc94adc27ce60595710f8366d4d0,182211.47,0.0377,31.3397
efea9da5af283170e3f619e78463313702fd79a8665e976e49b5579ad18e3eaa,181359.32,0.0376,31.3773
bfd89e761c19e2b83d801176ea2025774d325af7e1ed9938a4b50280d8f4e611,181318.59,0.0375,31.4148
fd12abf0bb705b0a4a4c172b7482e3de1010b5f846502d0131a3a61878241ce1,181287.27,0.0375,31.4524
82bf785be509bfba54ad82b36ac6e921a9ec2eb7e6d6f6440600a4d04d37dd70,181129.3,0.0375,31.4899
4784daa356433352cb73d6e4135ce72124baafbbcca117bb0eefcaf99c58b203,180534.94,0.0374,31.5273
108c26a6bee46af02628b6d8f36f6fb8330fa01e9a6d5e91e70f00ad5ddb6132,180224.82,0.0373,31.5646
98e463efaf08adfaa5af8b5b10dfe31eae546bb6432b49fbb5b90a65a8a0a49e,179508.99,0.0372,31.6017
73198e038ba38d896417785257a3800a75f00c66a2813001f6fc08caf441d037,179329.4,0.0371,31.6389
187ccc5f61fa8560b53496efb7ecf18500c5379270e95f1a1dd98eac95a0040f,178334.85,0.0369,31.6758
1eeaf3b6e25af8a6ae899a2bc2331fa637b3279d82a615c754c8cb8c9cd6ba03,178141.54,0.0369,31.7127
a79b9b2bd7eb6468b5c16cb33e82e006c5574d04ade941f5c972b38dd884dbb7,177963.0,0.0369,31.7496
ef6e40389364bc14eb013cb59a9e6f5e203e0b9149e42b61132a1c0e7224cdd0,177783.03,0.0368,31.7864
4c201b7644c29a32a6a4e445cce750cbfba1847d88d6d13924af4207a5e066ea,177226.18,0.0367,31.8231
4e95f7e0604f2268441e2a6102d03e2fda4df152f42d4f62fcae3743b8c755cb,176670.0,0.0366,31.8597
6c394d3da17ab0328251bed09936efd545d16417a3964beff07a3e5854f89b22,176492.01,0.0365,31.8962
99a06adc958de9b99bc26da12c9c61b03f506135de8bdd9d789d7d8d21bdbb18,175630.92,0.0364,31.9326
13530777b5cc15f2b4f2600f85a8c828b3e50ccaed8771c852b030042b3d9d34,175583.82,0.0364,31.9689
72306e56275388598d5e5276818da3fc4c5d93771d750995180cf32b0876bf1e,175309.28,0.0363,32.0052
fddeeeafcbde2db6fa462ea42a2d61e5e945b39f191c59739806b1fe0533ff32,174533.55,0.0361,32.0414
0aa112766f2245246cfb1ec1f95db8e875416536d1873e1a57803d623dc236a8,174236.71,0.0361,32.0775
734174209d61708abe273fcabedc682d87e8c6d3dd51ace156574b09c55f5a52,173858.68,0.036,32.1135
5bfd61304bf1e6e9c820d3e366f3cf072aac569179e4b9abe8db8976546d8c7b,173821.01,0.036,32.1495
c84cf05c3fc9ca3fbe5b362335e0917961e14bea2ef8115bcd9784831c09600c,173246.78,0.0359,32.1853
dc7ce4d78dba3da94b20a59204f5a82296ad72949b98dd7e2f381ebb99cfb4b3,172875.75,0.0358,32.2211
da3e36c726f110d6287815d648b4d3ff9a7c3155fde256627341c6c45ab3840a,172843.67,0.0358,32.2569
065d9cfd9e2c3dcb1f9dfec420c6669197c624e65e6a51e3597032401e37afab,172435.6,0.0357,32.2926
74ef85991f3cb758fa052b9e9fa0489d08f5e762b129c55da586f9749a10bf90,172207.84,0.0357,32.3283
5a1d31c15c1bb3cd5253f0ac79742f687e160374846aea3bf5cfecad014cd2cb,172207.84,0.0357,32.3639
f1cfd78d9941bb3b6355b36c7a628210faa0f224b2ec6e9da7b46ca329feba69,172089.45,0.0356,32.3996
706ca5d54d4f41c0a263bfe7c8ead3a379b9f6722ab81117c81bed92bbdff1b1,171978.38,0.0356,32.4352
795391329eff898634c97eade42fb2ea537fe9316a36200d1697498043d1c58d,171888.2,0.0356,32.4708
3ec0b6b7cb8906ff54a97866ae6de0ba48ad2e2334f3af27be98260da9537ca8,171682.4,0.0356,32.5063
ded04ab625f12c9b69fa602a6e0e9861b4b73207548bf5c10d339d1a165dba1d,170996.0,0.0354,32.5418
cf10d367805dac10763ce6d4813b0a51532edc6651fcfd88495b0cdbe26d8232,170949.32,0.0354,32.5772
321b86ba568036a9d8dbff49ad1b637fd7dde2d9dc9e4283ce80a99b7a7ba0ba,170558.78,0.0353,32.6125
8e2a236686584ff57e337147430f4233e41f3c119845e830391832fb4fce769d,170420.8,0.0353,32.6478
cf0086b78716a727d011858fe902427bceea48ed42de897073d8395a561c2bcb,170362.56,0.0353,32.683
751604466cf32ae007cd6a8fe1e967f34d656d2dc17457b132c54845fe517e75,169687.48,0.0351,32.7182
5e5e3e2466652ffacee7b2a7a1367289286eb2e518e0be765674ce19bf50d06c,169392.37,0.0351,32.7533
c898b3c4675ed107b0f808d8903d747a73d813e0f2f6f25033c0090b8df6598d,168472.45,0.0349,32.7881
d36e7873e88bcf1f79c8eeff213f72601009689497dc8c25a0a6a23b9a3e9262,168218.31,0.0348,32.823
7d2adb709af75304754cbc6c575654c4ca2ffec9ffea4c7e6aba04b21dafd2c0,168028.85,0.0348,32.8578
1f1be6eb48f6c78ae4b14d2d9b24f6be82d3515074c23c7dd9668001bccaab9e,167768.58,0.0347,32.8925
e74a637d3a60fa473acb5641e04f41d68b35b1b29a95c91f72d44f0bfbf6620d,167750.35,0.0347,32.9273
f541d47e62e3396575ba39f989d19f536150e8ca8df5c5b4074d2e0c5a5d6fa6,167701.59,0.0347,32.962
a6df033b2ba2d9fe41b5a025d6c41bf96e470ef7dd77bc682918a77817bddaea,167147.27,0.0346,32.9966
7a63d0b85b070ba147c20672e7f6bdd1d4466dec14bbbf8e1295173d788dd196,166987.4,0.0346,33.0312
29b26b1f82119283ea825deea838fd12a851588b0012ef3806096eafefbd5ce1,166854.51,0.0346,33.0657
2743bb2891d7d2690d25fa2ded8340a76a5a3008d7400dc299f434ad8b331acb,165887.55,0.0344,33.1001
cf34f6f71d6a9e55205437b2aafeace61eb64ca0b0e77df8f8363bb04daefcb8,165761.76,0.0343,33.1344
fdb0932bd89e2a1eb73e5ff427950121d5d71cda9e7fa7496e2a7430c95339a7,165525.24,0.0343,33.1687
b74364d757c7700984d749e6e29b3686ca0a0c5991588e3a538ee4b906c280b1,165295.72,0.0342,33.2029
bc051cd454174537538ab61ae998914539de3e2d616710226dabbb8c402581ca,163539.58,0.0339,33.2368
0eeb726aef1b6f27a43d30493c5c8ba9db29eaccc49bba078b74b3ec9f9db2a4,163438.06,0.0338,33.2706
8812462c28e447ed6e5fc9c0765c0ce4e09e8ad10490a335a3948f837f291307,162892.83,0.0337,33.3044
6776e05a9f232bc81ce52e7b35662e5702b6486d259baf2eb0bfa7cffb6cbddc,161972.34,0.0335,33.3379
1bee7670222f774aee4ba81d40c81fc1e4d62c70b63a19b84ddba8efd822056c,161647.96,0.0335,33.3714
bc4dba397a633fe19ebbbf4e0f28b2ea4cd147c4ed769af04dc4428bd0f50daf,161311.15,0.0334,33.4048
3299e5cc6266f668c80c60252c0fd69e16cfed4ba58e54014c330e19a6ac47b8,161250.2,0.0334,33.4382
b0895b68b4821a1f1a693287972db089d780828414df5c68f2b8637a7e66ee1a,161038.39,0.0333,33.4715
1223a3d23771f503dc54d5e5dec345a5d5b891fe9e8dcdda39e67e4db1360a9b,160604.15,0.0333,33.5048
ee3d69c2d7ba981666805480361866c668bd1b47888a124010582594a0af56b1,160478.8,0.0332,33.538
762c49f68385b0aa46049b76d4e88069a338369c9b5a2e4167a57b2bb394f097,159334.0,0.033,33.571
a0d6e3106c2027ed6b4222776d39171288897b4429c6fe27ca9598886b91b6e1,158493.39,0.0328,33.6038
ab6ac1d9e13d129bf5ac83a6a1664322a26fbb0e784ae41394e3af9f09754a41,158302.0,0.0328,33.6366
ec8757f8d58ce08994478bcfd4be036dc1f701b4bb655638638e72d52ac7f38d,157817.97,0.0327,33.6693
6e1f2e99de49a026b1e8b829fb52a0623b6a180e165065c8bb7f1f4ddaf09e2d,157740.61,0.0327,33.7019
e4be16b698edd1a2f499a040f99f71477671eed49ee9024735d6760305956a04,157694.98,0.0327,33.7346
1047a5571146b29400946cb8c88a092dcb2ea4e6b34a50458124a1fcc8dc3b3b,157473.03,0.0326,33.7672
bbe12a207fdbb76d566922d445f774f19ed188c04fec7351180711086c3dc4f1,157353.28,0.0326,33.7998
83d0f0893441f73503fd3ac56f7dcf1610cc6675ff92367cb10c66e6f45d18e2,156636.16,0.0324,33.8322
a6971ceead29412ae559fe495c5c011efa58e507a921ac194a982f62b0b898fe,156465.7,0.0324,33.8646
d89168ba0961d87fe2b40321c861f582ab3f69ac542f72513e207e525bbd9392,155911.88,0.0323,33.8969
93309b86458a9669418f850cc4e26ae3faaf34955f1c1055198537e991c19fb2,155715.72,0.0322,33.9292
b442efc53389e12fed667dd2f0c87d713a6f4d0f1635f8404d5060a091bd341b,155522.97,0.0322,33.9614
f9e0f583576333f38a8a23d0872f450d1eb63b0208714b3af403e20ac1dae1ba,155314.62,0.0322,33.9935
38a0afab21e27c43b491d05a9d30381a3a6796edfd1d4d9f40097377b061db14,155289.8,0.0322,34.0257
3cdcff610cb918ce11f4e567d025eb91c8faf0334aae61b02f32551f81e9949c,155183.84,0.0321,34.0578
3e9ae956f13c04cc87127e48889b008b1b887d01d8fb28c1cc25664665ef9eaa,155172.97,0.0321,34.09
b8b7f60b48db29a6b39ff6b794b6093afb823825b8912c2a03e564a354db62da,155168.07,0.0321,34.1221
0f42dd8896ccdeedff7c7335eafadef2f52bedb767b48d04eef35782c66fa17b,155148.07,0.0321,34.1542
dce84eacf310abd796e22e1619513b6300dd89871f4d48e9837a93cf6b6b3d44,155146.72,0.0321,34.1863
9cb86cdedf0738bfaa228db74ab108b44b93c94ef045abce219785f1af99aa74,154932.72,0.0321,34.2184
f0a2cb69a4a76852fea7b747dc09d1a24b8cfde910abfbbff0907e0cfb24b2c0,154932.72,0.0321,34.2505
09d716d1f3d54211426f43ba52135b183aeb3a341d39918c61c5053d3a9ffec4,154868.07,0.0321,34.2826
0b56ec77d60988abe14ff901d46ef9e67a912337e7626a2b1d8f984787e2aa98,154793.23,0.0321,34.3146
1693fb6b1102149bd5130f7caa9d827356155506538d3394aa1cf6dccf3f3df8,154744.79,0.032,34.3467
5d6b75c70c954e4d7dc41f0bfab0a4700806a4615e99e1fbe2ac955bd3fe0348,154497.88,0.032,34.3787
67c747b3539d927c64f221d0e18b6a5f459631cf8d3799d3db60593854a35b25,153904.83,0.0319,34.4105
0c01511279be77c8ea86ff178067163f00d48c1aab88befa941cc4fd92b32df5,153806.18,0.0319,34.4424
1ad8537fc348449a763a37007541af38b1a53c8cb1b1b389eda599bbe2658755,153704.2,0.0318,34.4742
9191b15e563862898dd4a01935c8f167b77635aeb4851694159e5aeee84bf30c,153381.97,0.0318,34.506
fe897a27964b897736b8628684dd6ecefa256e12a14bcdd22496cdb05a222849,153204.48,0.0317,34.5377
cdbe15fbbd67f697f846e5fd95ca95d4a6c1eb04a644a2d0458125388436a388,152971.82,0.0317,34.5694
45fa50d504e172bc8effc3d6704ef1502d4f4d1526e92f211f2bdf38d07ab8fe,152829.52,0.0316,34.601
37e5d29fe2b7c413f00c548c9371d04f6192497e5a6f163d02bd9c9a1f6d1c48,152820.2,0.0316,34.6327
5c1ac140d02e815400f8eccf0bb78b9e1098311235d88b5459ad881835358a38,152737.52,0.0316,34.6643
0d2406d8ec340f3cbd940f5858d698a05a651557de43ba515796c17a8cfd82ef,152672.5,0.0316,34.6959
776f2bd69523803f0948b8ac92ef819884055b786854b2adf63163f5a1c64dd1,152461.01,0.0316,34.7275
18258238b98ff16e1ea56f7515dddebd39d7642dff3825852d27fa9920edd8e0,151837.52,0.0314,34.7589
a9a9b39108eda2904f806ccbcd7f12b263eb02927762a19204ece408eeb31498,150498.19,0.0312,34.7901
9f6441284f8d87cc47513ee2d1bd6b6628c7d032bdd65a8ec49437c7e1713b41,149660.47,0.031,34.8211
1dd9b2b51b3b359efd6e265ff5d9e064315e922925eee30594e97ef6745a2a34,149513.4,0.031,34.8521
688e55857bf0d6e2a80b7ad070146d9fbb17a3effbfceb53eba05a403e68564e,149506.71,0.031,34.883
af8a409d7a661c3871989f3156f8ac385fd5050f34046f3ddf093a6709ef2369,149460.81,0.031,34.914
221e275d97e7827e151e9c661406dde91c89c9f42a0ea53adc6c137438b6ebbe,149244.72,0.0309,34.9449
9de59927c4d16529e7d77dcebe60b4b4c76e86c32318efb6b59b0436249b418e,149136.63,0.0309,34.9758
e96ce2cd66b0129af13e25a42570e94238669c572dbaa3354561916954624570,148874.48,0.0308,35.0066
59f6c59d4e41b4a773ee9861eef9903a8ccab77bca9875573f5b971eebff5b91,148234.22,0.0307,35.0373
16d6328b89067b6a72c60b501ffc9305837d3bfe55d23b94666e21fa7a65abfc,148045.36,0.0307,35.0679
1353f579c2b793badf312253c3d5f4c147587196d372d2adb2a3fb137a087ca1,148024.48,0.0307,35.0986
d203934d242cf3aa68e6fdaad7f579b233cd00da591179c0e795ae282146adbc,147915.07,0.0306,35.1292
20536764dcea9937ac94bc7f019015db3f9a31175ac291e5a181082c1eac2e43,147781.19,0.0306,35.1598
24f0e30d0b94b1091290fb4869bbf29f307623f2c9cfe3c0273a89d31e743e9e,147562.6,0.0306,35.1904
af5b947e2a884dc8145369a953422f9e7241206cec8647bf62c252c6219c2a35,147520.31,0.0305,35.2209
d824b99ccb6fd90fe5c616e916c4f1a243164a17d849720302b52af23dccafbf,147456.37,0.0305,35.2515
df4bb0fcffdea8ab0daa66b6402a49490c9c98fa9975af1fe4f3c26ef287ebdd,147066.88,0.0305,35.2819
8e8755d38408f6c02e1264821206c3e76d16a1be56a2b7223a0446be80308bbd,146737.26,0.0304,35.3123
6810845cc67b994e1d85cb384b7c352118b07f1338039820eb00e9f40b3d3921,146604.96,0.0304,35.3427
9bfad8d8ba73446f0c1bdc3ce7c23dfc50664790983006960865a8503ef76201,145880.7,0.0302,35.3729
9be650e0a942e733f0a3271805aae851e024b4c9fd70c9cb7e41ba1e67651a32,145688.23,0.0302,35.403
9c910ac7fc6e1307d7e9390f6574914811a011cca953702f56e51a759d44cdce,145271.84,0.0301,35.4331
adf1730bfaec7f7a17502b27efe58b1e757adab264138d8796e76c99b4d4670b,145228.78,0.0301,35.4632
7b1f6dd3dc6bbed61e268590f399535f8b210ca8c5d3d463c2f4b044664ecc74,145085.52,0.03,35.4932
f9788c802b0595524fcce28bfb0bdbd1b794ae18823a0e15d171d49b4e56fe56,144834.92,0.03,35.5232
bf0697f747e054848f6ec1c7cd6f0223ef4346cdc1f78259b50fa95160811b7d,144819.87,0.03,35.5532
99a73a1a6fd6be2a6d7cd6e88f81f840bcbb0c045883bef3d7e4999d3b190e1b,143429.72,0.0297,35.5829
8fdc2fce49edda8ff12bbde50d065cd2fa320154785025a428f87be6559f53da,143312.43,0.0297,35.6126
33e475ec4324c2d2c777a3a0ec9436287c347f3f3422fa692158475918a64824,143188.44,0.0297,35.6423
d92a5cebd79e4bddd22ec7fd9934caf9294ab5752d91dff642acd606c9907545,143142.92,0.0296,35.6719
d26fbaec14cd3ea905b5d716249056c2731ea31f70f3f85271f30b34852d8b6f,143016.0,0.0296,35.7015
6f560276324a98b18ce3cfa337ce9a686b4e6730a9726d81e6717ae38ee56bb5,142987.44,0.0296,35.7311
47ddb32ad812c609f36c09ffaacc1c5906a11f3b71d81f975fc46c76aa860032,142357.3,0.0295,35.7606
5516e3dbb2eb5245793f8143c5482d7ede4830758e5e477cdc53fe96c6af06a8,141437.9,0.0293,35.7899
7b0714018f79cd515c94f7ed695947e3fb1387f6e48b818ba8d83ee13819a496,141003.97,0.0292,35.8191
8535ef1089f557f019e2fa787114fa1819dadf2106ea8f0b82f86e57f914ea2d,140912.81,0.0292,35.8483
666d6fe53a66bf918a81d16b26e46459dbeacedd7aab0b27e13a9d2dd425cb61,140786.75,0.0292,35.8774
f8b4b02c09cf57b204db3b18aa763786d15574ec0824e3639e10afc54990d52d,140308.27,0.0291,35.9065
00238b65dfa5855953780b2e285e0f0622fad3c5b4de97b010a395477b5eb081,140151.44,0.029,35.9355
1c7af7cfa5e1773280c2160f1603f29e504fa52e6bbe2fa67e507c6d877b0750,140089.4,0.029,35.9645
2e9a48551ebd90da39dd8e301a5c5c07f14458dc9658dbf65ce56dabe170a440,140035.7,0.029,35.9935
b2c25576f9f32a12ed5396ce82375756d55f15de14680483e0ffc568318b7cbb,140019.68,0.029,36.0225
91646f07cedcece313c1b35c0152e32a28583a0ec7752c71f983e57b3e31b795,140002.48,0.029,36.0515
3446365f881ca467807953180f6b7c8425933f6b37b54d2e3d9df9767d706875,139430.0,0.0289,36.0804
b9235e428d86ced3b0f8431a1d6601a5806d9deca19eed385a85fec3a7dcddfa,139317.36,0.0288,36.1092
57122644b14d84a72a3bf0deae1880cfc7b332666413c2285fa86374704b2cbb,138979.51,0.0288,36.138
f65433cb8c30ec1c7d697ac97e795dd0bbb0ebca84e174d39a7308198f0470c2,138944.16,0.0288,36.1668
b821f9bed23a241d0c5dc288477e19eff97ab9b98bdb9c5ce8c4c6c6886d5ee3,138673.6,0.0287,36.1955
c43605948a58310bd481d81bb5d9ebac7d997312d50b9b37dd72b30639100178,138618.65,0.0287,36.2242
3c2a387f7df9a5a39c2465a58b4b48e4b40780a2fc0b18d8f45f60e7ed8ace37,138471.74,0.0287,36.2529
a1cea2dd69e59df9b6d3ab71ccfe6b5d9e464d0237f1d135a11b7bf404f31208,138390.32,0.0287,36.2815
f51499d950d83bac754da5633fc0172254f79d6a54b2d591cb71f28cfd1835d4,138383.64,0.0287,36.3102
776b065a3771373a9f4af8960e3e5e6f4458ba924f87fcb6ad779eacd84cbce8,138293.95,0.0286,36.3388
89e35cb5fd21f57a001f064b8564e0bf87e4ba9de656706a9fb2fb23667b9721,138287.38,0.0286,36.3675
e615cc40ae0eb5c525e244cdb4b30ed76b699a18fc255e8f1808196fe362c2b0,138102.86,0.0286,36.3961
8e87f4b4d7a3ce77ba82b3475ddf7bd504e028c36a265ac1819f39399292a539,137916.77,0.0286,36.4246
9c0cd71f46f1c41662927377c33d61bad000277a8a2f734fdd6957b811aa1a50,137885.03,0.0286,36.4532
9b02f30eb4ed850c22436548afd53e195abb64341733693070e2eaa83fd31fc4,137054.4,0.0284,36.4815
9646bf1c29e34110d5988756df77d2e3a749692934ea98e22daaefaa3c18f38a,136993.37,0.0284,36.5099
823fce11ddfb05a59b4f784be25a236f9e07f5de09bc9f92b9074409fa645baf,136887.73,0.0283,36.5383
2b99cb307356176b2215ecd38eec377fd03caf421ad467b4e0ddaa503716c8ed,136759.75,0.0283,36.5666
add52363c887c4aeaf208b9f927aa9b0a6b2299d437c78b653299f73d6a72e7f,136759.06,0.0283,36.5949
ffca1716a06b8c84ea96f563518b54788ebda45ca30d4d1350a87b272b5717d0,136586.43,0.0283,36.6232
3ac7731f1625648da346bd209f114e9e05dea72f572888332ab4320e4d143b08,136410.7,0.0282,36.6514
676515bd7f19b0396ca2dba758d8c4408508413f3e415123644256fca53339b8,136287.84,0.0282,36.6797
6ca215f6328cbb8a0a9f5aa06450ce3c38553581bca6d971728fc7bf2d60a82c,136100.0,0.0282,36.7078
1cd67829776ad6cc0870a528500ed9352e0921713ae9163cc0ae8b74e9412d2b,135660.58,0.0281,36.7359
9d626416af6f57997e204b1b600ddfaf53ec50cad0b1d848b110a98a88a80c46,135151.71,0.028,36.7639
8cc4e44906b91d6e80bfd4e48b55dc24b3862c0bbbd9f9633b7ecf8af685f485,135085.46,0.028,36.7919
c4dea57dddb8f15c0f21f117fb3872db0554ee0c5c45becdc159cae7a59d95d7,135075.44,0.028,36.8199
d707d6ea4712d68c112da56880905cc47b4eddd3a6d7a1b17dcb16397c52dcb2,134854.56,0.0279,36.8478
f136dba052b1ea475898e39b73dd766cfc177da509fe8cff78d41260ef262f8a,134092.82,0.0278,36.8756
a94c6d1d8e57e36f8203ef7cb6b013b18e1c37188c2e815bdc1c20914d6fc373,134080.53,0.0278,36.9033
6b788910d5b930bd678a7d26eaa4a2db3f57472ff6166a5b7e1b5656beffa51d,133614.55,0.0277,36.931
5daeac19ba27518015110cdac7ddbde96560ba590bfbc94e794fff3ace73cb4a,133592.65,0.0277,36.9587
bfd3bc7d37a29d4fecefbb6f04ea743675bf69e7118f0093b809279466ae29de,133379.95,0.0276,36.9863
b00913505e11b1d3e64ba8ac47d78c1f24505716252cd6113ce321b27e64bd5a,133202.87,0.0276,37.0139
431f823227460f269e1c8d884af04650d5cb040196c61712247e7ecd3106e740,133176.38,0.0276,37.0414
ce576f2c27c6fde6864abde5df35e9b15659ec627f96612d5bfcc53b4e81a2e9,132976.88,0.0275,37.069
7982c4afc377dc7495cb5f7be9ca92b43c1f530fc35b668ddfb008584c1e974a,132616.01,0.0275,37.0964
ae8bfe6ec71a3ce5bdb289e752642fb89013fcb53c6cc9c0b333b23a88c63645,132574.24,0.0275,37.1239
8107deb8ed8b4ab5474eaf062a0f104520115d0d76a89f5809ce29fbec64c658,132572.96,0.0275,37.1513
e8a6aa6762ebab4d6f115f8e1c654dc7f8962ebf4dce923484809016f4b430ae,132551.49,0.0274,37.1788
768b4d1dd28dd4e0e00f21f07b3b4d7a7ee4c42771e4503fdc35209febd7e9bc,132104.48,0.0274,37.2061
de5eea8b6c03db35ae2b20542173ed888753853668ba06fcd8974b6714ea334a,131949.9,0.0273,37.2335
eada7151370a8e85d5ab86ddd05a5d4fc671ccec8cc5005159441c060a29bf97,131833.74,0.0273,37.2608
0466cd9ef0030ac39ad55bb22e80b9e99411bade56e0422c228a77beed89bf0e,131772.5,0.0273,37.2881
13fcdb6dbb976d967dcd83e8ccfd4d4dfc5b66d35f74acdf8814e49214540026,131696.77,0.0273,37.3153
be72e1ded633a1b69a9c41a8b14301d951ae64830d8c188828f87f91b0f336fa,131479.29,0.0272,37.3426
65cd2f667ae4d596c21c755b3f4d4f3d01ba308e93fc875b22c95ed44a753858,131334.41,0.0272,37.3698
616ecaa89e424dfed1203bc6ec3c665dfa1c54f253c5063a8ec12b82138206e9,131296.88,0.0272,37.3969
a462b4960d2a2546393db2708e16c9541a92757d34e08cc1de303c99c509e28c,131198.87,0.0272,37.4241
f0fbfaaaa4c6948e9264e9e2c9cd954541d716abaf1be2635ca2758fdd0ab114,131129.53,0.0272,37.4513
c0338bd1f38b11f432f807a02985a7816d2957745ae64236c466393e48d25ec0,130936.51,0.0271,37.4784
7e5d2581be2edc1c22eaad5cbd51222d00f0e871aa367ace2d1cb368529b3d32,130422.3,0.027,37.5054
7534461e2ed180a8666774a94d6e40dd6370297d37e5ed1300551a7d5f97f06a,129504.46,0.0268,37.5322
33a4c042f6a1d1f2ba14ee68283f4f46ee2289d6dd0583665b633d62b403543d,129124.2,0.0267,37.5589
115c4b1ab010eb48133ecb3884a26943322ab3ed3d778f5e12eb5dc913d0b0c3,128754.06,0.0267,37.5856
9180e7792f7d4dd45ca44032b1b23ba401c4f9680615946b11d31191bfb8635e,128739.66,0.0267,37.6123
13caadd837fc143c21c2a9109b4c89a0e0b90c1a423f96dc2feab6dc3b77806e,128535.73,0.0266,37.6389
d6b9cf6ddd6e648434ae6359a8b0a7a374bb3b8c1be1efa212ad5a99b08556a6,127088.83,0.0263,37.6652
988102605bd430e90c170f2f8925f6cd6abc0c0f4bd337fc9c8c119534fd65ad,126987.84,0.0263,37.6915
4fc08a377578dee57963a050417b5563e6d97a2ba302a326eb2bd4b57c50d911,126161.08,0.0261,37.7176
c9850763b9ca39c39e4cc026c874d2fd6b226c50fadbc605f28fdbe89161dea1,125966.84,0.0261,37.7437
5c2c1cd1a5d9d9faa30d7e7406f1ce1e137cba8452befef0796ad5aa01770bb8,125878.84,0.0261,37.7698
8aef7c40f941428f5a831d67a1ebbbef73e5c4574523a50e16fd9c5b1e5b88a8,125506.01,0.026,37.7958
d22773e13221f1ad31165a9977f78083f282de17d14ebe912bf114cf7325c5d1,125288.4,0.0259,37.8217
42a259acec2f42218877c8b4221de3cc488ddf236a490568cb49347f61a85b45,125087.84,0.0259,37.8476
27dd4e9c012a0c7ebfbd3a9125446cc698a79be50bea9c260ae272a49c2d94fb,124881.77,0.0259,37.8735
fb9a41de6b1406b328b036732e0540a9e307aec584870910e168d1dd873210c6,124787.21,0.0258,37.8993
2bc3d4a69ba6aa5fdfb196256318a4c5275c23697d16f7484f65904592f2e92d,124677.39,0.0258,37.9251
1ab1457b89e603319abcfd9b8958169e4b22a90e775d0dd03e730aea815baddf,124504.6,0.0258,37.9509
e7cac495a6095f6c4d63767037f30da2767bc0360f6f7a22ade8846706904cb4,124367.0,0.0258,37.9767
7ef8a50294924f2814ca603bbc8ef3b284079a5eb5ded406d3165dc82e228cda,124216.79,0.0257,38.0024
4877d88bda17db461c6a3581541d1e5e7442724e1e16bb8ee942d65776949507,124123.43,0.0257,38.0281
c2f916fba85a99affd8a9484fe85e10eba9a65b34bfaf6c6976be6d003991258,123946.83,0.0257,38.0538
681ea97a556c087811c10615222ac512510172c78a297ee1d20c99fa3312bb0e,123914.88,0.0257,38.0794
9ba15be196a51dff58cdff4f344395d1676b32ce6ab6473741fe58ffedfd9b96,123885.47,0.0257,38.1051
1868803e12ce0b849f5524d315c937f5d01492cc9ddf5452344b185f82dec98d,123766.04,0.0256,38.1307
d042d27c9a5b81fa13e3969ebefb86499d71d18db43c98bbf9cd0960073ed55c,123478.94,0.0256,38.1563
f5acc4df63019c7b00260c95a10c7a70147e63bb5478a8c29d9705ac72ca49bc,123473.31,0.0256,38.1818
17ecc991a880d65b689ea59a800b3b555bfefdac486843426693c1ca3b78eb4c,123270.02,0.0255,38.2074
75a94f960fb7bba44577e31de976789ce5a32d7c67f6a9995af4b4aba4b3535e,123091.04,0.0255,38.2329
956def3e2780f54425cf8aa97bb27e285139f8b826cf72146c14aac4a5f12997,123027.84,0.0255,38.2583
02f6f9313dbcb8a37864af3a5555aecf96b12ff45ac92ca20cc80f2c97a34505,122851.23,0.0254,38.2838
82fc3fa98eeee7475797036012a9f235887ecac5a76ec0a1e99c7d6a343bf822,122837.8,0.0254,38.3092
8157fa0972f824453dbe4312bc363ac4f06bde2edf52ed058d88023d967585f4,122743.2,0.0254,38.3346
f2a79c9c2c22abbf67a3c34ffe358429f76671778c467a1bf276c2bfb02da93b,122216.66,0.0253,38.3599
06c539efea7166fcde6e4518c0c411468d2920b75b077211c285c8cb4db5ade5,122155.84,0.0253,38.3852
6b24ba0f75f59ec74444038f2da32bf11099cc17408086ad319c6182fc96412e,122012.8,0.0253,38.4105
564ab1b140c2338b527308e35a39290de6ad8364e1044ce11e6f22cf15f0ba33,121763.0,0.0252,38.4357
7ef94321d8f3063532686593c3694c46be7fb9e0dce82be2e9cba08c114cc344,121737.8,0.0252,38.4609
aa55b15b4c3dcc9e4523dd918718f48a52bf698c1a84b570bca1b691d3530765,121284.17,0.0251,38.486
b7c745c998c73ebc95df748dca7ad56d2ab035816be16c2e4d0092d9886e8894,121094.88,0.0251,38.5111
2830d60207707e4a9a3f2b4edfc850b8efadd721bf5713afd0c25ef0eb9c0010,120886.2,0.025,38.5361
ca73af42b121c8957463ca5f10d019219a35c1cdb8ce7d1301c772a7b26a3fb4,120861.53,0.025,38.5612
07b8e30a88194c0315eb07b2d12262767bb45df48c8fe70234514fc5cca9fbc4,120791.19,0.025,38.5862
4510a47d41ec3d8080357262ab5d3004a1a4eda099b085da00b9c44f5a984528,120698.6,0.025,38.6112
c521aff4469e53b990baf72928d58b667c7a046f549b8fb10945d6efa039c351,120450.65,0.0249,38.6361
a41ee47129a147ee3d7fa3a187a262656bd072d93b84cd604e01126022f23e26,120417.72,0.0249,38.6611
e3f27513341324347a50fde583755f1628436902f0bd984f5068bc0a68d7409e,120292.18,0.0249,38.686
05474d332e7b98ba1b6d7bbc21577ef2170dd4d6b0985c812a3b883e7376ece9,120263.88,0.0249,38.7109
aca3af4252fe6f0d2413b2209af5212eef17162c227d5563a86fc9fd7e82cffa,120217.6,0.0249,38.7358
8804f11be4b8ac2be4fcc522aac366ae777fbbd33ba521907594535bb20108c9,120200.88,0.0249,38.7607
3eaaa3193a890df3b10674170dc3667a331d4e075c33f039586f6f608abe8d8e,120059.16,0.0249,38.7855
98cf89ec5271dc3206877090ea66c9f89341f9441f634c9cade637bcb25adc39,120038.17,0.0249,38.8104
080d8dcc531c23820ee94bd450c3dcb33f337b4accaed987c67400050b19b4be,120022.09,0.0249,38.8352
6a7ad55c6d109b955ac431bd50402ebd33658fcc4adcc9c6659aa74bd418461c,120013.72,0.0249,38.8601
7814403e7ee43a2b38dfa79b7b1d59b1e944fa86a1873545b681045c6dc116ac,119925.52,0.0248,38.8849
af53fc2a23c3ff009e6c7d071d1e9e40a3500a111de8713214003681d2aeb326,119895.0,0.0248,38.9097
2e91982af160be4387217889cedefbce1dabaf226cf29878b921e5e96f7bf19a,119750.6,0.0248,38.9345
ba7126a666fa85e215d53df25d4308c58ad2d67af69ec42a67dcbfc81db96dca,119397.84,0.0247,38.9593
16a6f19484a276792439fbdf42ec9a28b18dad3829d9e060b4a1b3defc51a9e9,119318.0,0.0247,38.984
45198d26cf360d2c10bc3580173a84de1b18dba7d7b8356798fae338bcdc6973,119295.32,0.0247,39.0087
3a01665c8333265eb72fc3867fd9491bf4df70d022d2c7c3b62a8ad27c05d0d8,119220.38,0.0247,39.0334
f73eceda0a1c7f9df672c9c57505de6e2cd5dec611f51dfa2e102116ad64a372,119055.6,0.0247,39.058
9fb538b57953015f4037dcd65992f5dd648e4aa5a934ea940cd1c441d88b9d26,118886.96,0.0246,39.0826
e0b68cce5c683fbcfeb4ce08c91ebc2036526ca064991cb9d5287ad46a35396c,118639.78,0.0246,39.1072
38e88e86aafd5abe0236a2fdfd7aaed42e1c1f07afe6398568e95222062748e3,117307.12,0.0243,39.1315
9b9fbfb39f2fbd0a9498af51c4324a6ccb34bc5f6823439492ce919baa58a545,117280.71,0.0243,39.1558
530fd1b15dc37b46b9dfa3fcb232925acf01017f66fbee7f32472d1dfdd6ce51,117209.7,0.0243,39.1801
da84520e6868492412087438900e1db5d89a10357dd606b349b0497f30bcb720,117096.63,0.0242,39.2043
f57c199d8c0c4b70df2f20461a743e8737ffade81b895af7bd5f510b328fc3cb,116904.69,0.0242,39.2285
0eabaee3033210e15723875c10dcfeb705e2b5820b1560431e6b6fbf3b971560,116857.48,0.0242,39.2527
de22fdf2565fea59d6ee1a68d053569d1841af5f61b3bc3d6c9a79c7d90b7f13,116799.38,0.0242,39.2769
f4da4028134062e888717f65edb32d4f86eaf786454541780311e26f6f69005e,116536.51,0.0241,39.301
cbe7803166b5c01fc5611484de635d54783f72de7d3e2ba2768b9c7da437fec8,116039.69,0.024,39.3251
8bf0c1e5b9e5dc577da47b552e0341514a01023f6c09c07b2ac5ea347437238e,115931.3,0.024,39.3491
45a93f3d8da13e12171c9c4799e1f2e8ea135405471d7912f8e385bf7b8e065e,115335.56,0.0239,39.373
1f132abe7f171726b5847c2005abf1396f367ba67d31e8c4bcf1528609a7f66e,115327.2,0.0239,39.3968
6f814a05e9b06f4e3965b7e1e7b4138837baaf7b2c6d1c59df4244c272ac41be,115217.59,0.0239,39.4207
9b7c90c294682e3bcf9c37474f767950c3937507ba9cdf31b3e56b4e7579d712,115052.06,0.0238,39.4445
9e86c161388daf31e7fbdaba1a527db614312e233052e88f1ea435dff013a81d,114885.82,0.0238,39.4683
26ea2c27bb1f097e985da31125044302b558f8d0b25c81c0ff98b5cafba22816,114564.0,0.0237,39.492
1ec7424f2d757c2cee7cbd6fac202b9ed92f26d3b299d941d393a9aa7d52a028,114410.01,0.0237,39.5157
fc4b34138b9c3012042a566e1930325578b3fcd55bcaf73cd4d95dead4db6719,114276.2,0.0237,39.5394
6c57052f3b27c1f8784a952ce941a0ac99cfed1e9f788a3dbde24f020f86741d,114196.72,0.0236,39.563
537aad16dd80e2a28f01a0f0ea4405545f995cfc8a811834bbc6ae3103fe4d26,113961.86,0.0236,39.5866
96857ea6dc1f99000e6bc82130e19bda7e7b9cd5f72b91085c10359b07d986a2,113688.93,0.0235,39.6102
55d4c458b97342c61815066a2f8252b479c375731f858c464d1048816b68d2c3,113540.6,0.0235,39.6337
710bdabfbf62344d788d227966c19904a099f84986c7f0957c996aab65755324,113518.55,0.0235,39.6572
6d4ec26e2597e6d91524dd22434579d75aae396cc9f8b74856319f5fa1b9d38c,112922.2,0.0234,39.6806
549ddd5cd5f3ebcbd444ed56e991ae08033fe488fc262cb74040f43422cdedbb,112764.88,0.0234,39.7039
3280488c277fd79dca967ce5ce65c06e8fd1106bfe2a3de6ebcd71093acf72dd,112756.56,0.0233,39.7273
e6ce5041ea1ca7f112d0f70a899b0f7783ac6e4262e82ea3cb7416586a56128d,112422.58,0.0233,39.7506
c3a127be985861cab03f4f71028807d3d86981bc3e146a69c172c245317ed5f6,111764.0,0.0231,39.7737
bb8171ceea00f54e88a0e1e955709088223ebbfaab758195908631c25989a41e,111644.8,0.0231,39.7968
50d4e8bae026c099632e39d915d509603c253d28fce7cca31f1d543d6f313505,111212.28,0.023,39.8199
6e56405fa024461bb8a8af8fd585166c874855ec86d7833fa5e5e8784a6fedac,111129.1,0.023,39.8429
58b13342699364a3920d98a97c79b93b54863ff9c0fef97eeca5bf25cbce0d11,111123.82,0.023,39.8659
b8b3a9403ceee5e6e0d0ba51773e6195c2227e0e55dbd9aa348b4999feeb8a2d,110921.07,0.023,39.8889
080426770c7a3670d8ad6b4b25b5a0928d6f24b7776dbeefd7637d4927d29f64,110881.66,0.023,39.9118
50d65da5a5788e6183a480898578d672eb3f1d593a5b308e6e0b971e90fab6b9,110794.48,0.0229,39.9348
c7ac218a3aeda3d071985adcbea942b779e798ea69c5da4862c04743da693e9a,110639.91,0.0229,39.9577
2f560c517119b08aff08aee17cbc92c0d449bc69f61e3d4aa2baa0dcefe585de,110516.89,0.0229,39.9806
9f1c2086f94c61cca45e5a21f3ef78ee48d02bb00ad37fa38b3869b98044e006,110395.12,0.0229,40.0034
c15e160d452880c6a54f2760ddecd856ceb7e4544e7d5ecb59a750ccb0c698c4,110167.8,0.0228,40.0262
faadb326c60196b55c5233c79c7ae265e4f01ec8fb0cd2ebc3138a68e51b5007,110149.2,0.0228,40.049
8622dbb45b77197950bda920ca150d1aee816a77e010a1aafe096bc22dc30012,109930.64,0.0228,40.0718
f6d1516eb024ca9a15399a1192a361542c667a82f6d620933aac7e2109f0a060,109871.82,0.0228,40.0946
ebec33e376fa4082158951fb1e5ae3889c88865a653e9fc56b3655877a305245,109740.25,0.0227,40.1173
092b7c13156c1fe092c4e9442c72f12ec2cf887dd31d2b813ba70105bca88cab,109617.24,0.0227,40.14
0931c64bdf5c1e53c384ef5295ba6ccafe908c94ecc3a2b52ab6bf8590c61e54,109552.95,0.0227,40.1627
ad96949148fde1fdf2dcf1f990eec6ae594181abc6b1d97cf16c377053c2a8da,109510.26,0.0227,40.1853
4f7966bbd447435da038a63e2fd0aaaa25e5277a1b34d2874698aa7ffde26fd7,108803.61,0.0225,40.2079
10a1fbcdba1e8b3eeefb0b2b522fad50efefd05739dc88bc6875876584dfaa5b,108707.11,0.0225,40.2304
fda1edc775c6a4a6d942a0c41de176ad62854a5a32546e330b26806bfeeee333,108664.18,0.0225,40.2529
21adc457471f71da7c22578065e5b8503feaa6c8cd4e7972f2fc95866e74014e,108664.18,0.0225,40.2754
818b5fbc5a71bf09eb314217e97258a4103c0dc422dfab0aa0b7c3f89e66820a,108632.0,0.0225,40.2979
738d21fdf65a2677a9d2cc97d97f15a328cc71cec448fea5cb4f5ddec37221de,108557.35,0.0225,40.3204
00c916ddeb6e0e75919ad8d3b705776126ec7dc476891867588bd39404af0f85,108549.38,0.0225,40.3428
a759716c8835f56043b058813e9d80eecf154215d735315881e6607367417cdb,108117.63,0.0224,40.3652
1c4fa2b5d906e89f2dad3e60c40ff04d3a2826f57efd19ee5f92e069b0bc9130,108064.88,0.0224,40.3876
33137c8a8e5950b0c629c9deb7d9b8b7ddd69b587f46b1c0e0795ae5bb71d9bf,108042.32,0.0224,40.41
2fde6c290c6d4541dbad6e7d653ee9803112e06cbf9bdfc17e05020b42fa19f0,107934.28,0.0224,40.4323
f60ca3814059a20b4bc265db078640ac86218feaf326c3bf4e3adf8d36fd428b,107601.37,0.0223,40.4546
077b9a9a07ea309d8793828b9b8e7b4a299fd1b35677ae0af793e1dc277ec0c8,107408.64,0.0222,40.4769
5151916407f41e6bccf675d20a78372d7860c04fb9f231400a8973f0b7d0497d,107190.56,0.0222,40.4991
3cbc98a67edb00845e81c3ef55bdf075f00887c474ec8162ee4c2accbc755888,107122.18,0.0222,40.5212
279b97bcce92acc92453dee0660cb12bca1ee6d545455c014d8ed54915f93f48,106495.9,0.0221,40.5433
8e1356e37f3b723172e1c074d7fbb89486078323117c36e48f4eb83560ecfdd8,106282.6,0.022,40.5653
2a88c7506c07ba9868bc448485c6a1a73189f0fadfbfec9ab6aad0b59bdee92d,106014.52,0.022,40.5873
c71e1aa27462fc057a3290650076c1cae282bc21c5893883a3b18b70b02fc985,105688.35,0.0219,40.6091
bd7f72904318211feeddc2f57841aa6aa2beba4e4237efede4b799d5f175ca01,104624.34,0.0217,40.6308
3bad7148733980ea461a4aa5553a6891d76e148b3be03a048750009c04867845,104499.66,0.0216,40.6524
9dee8067fbd320bf9970f4f3b91c6acf4a9b0a37c17407fe0d9482e915c49b79,104397.23,0.0216,40.6741
ac6ff346df917b8efcede40e57271887be67953f18f8405eff883ccb2aebcf4c,104289.39,0.0216,40.6957
91115afeefd72e3a989b8ae576bb7b89683c92507b3a9613fe5774c68c6d6bec,104211.22,0.0216,40.7172
d261d103a8edce785a0491269733c474a69233119339bb772e4a1a24760150ab,104152.17,0.0216,40.7388
dfd8bafb83722530d504a7f291a6516f4fb880c167a906e76a2d904539d023ce,104133.22,0.0216,40.7604
f4596b50faac08d4b10d4163e54e661dd1c050cf029aeff4f9a70418028ebc17,103973.4,0.0215,40.7819
4abd75cfd17bfea732d40dd84616366ed3d52b03cd199bcb6b9ba149e54865fd,103916.36,0.0215,40.8034
d220d5e81df836bb258758b3bc3bda67ed31801319f282133e9c4d99fd98e5db,103784.84,0.0215,40.8249
6d7dfe170857eac91f8d4e6862cc211b8296d27fb5df33ce5ebb7af7a5bf3d58,103698.52,0.0215,40.8464
04405c529d5186e9035f93b33da080aec9556e038ef1aa9c693da2f22a55e260,103655.78,0.0215,40.8679
c5ac28e80e23f842f42f4e4677ca80bbf5e55a8c7dbc342315026ecee5dd24b6,103620.52,0.0215,40.8893
c58d967c547ed69a238e622c4468c49d24ab90fdd30b3f34b2345980057bb888,103386.98,0.0214,40.9107
cd22079f3787cce74e482381950856516e25f8deaede4d1caf4743f5659273f1,103314.48,0.0214,40.9321
67f1fb4e412f35e4b8a1bb7014276114d0b27f00c6b955f3c4219261e6cb9349,103314.48,0.0214,40.9535
f927f36baf0965fe09ebbec40c0402b8e25c60a471fa66e6c38f82bf4438f894,103314.48,0.0214,40.9749
b0f3d9014ffb65808d2789c0eaff248f359cb44a2fba971ba03762c198bc33c2,102686.01,0.0213,40.9962
13e2f1fe6853d3ca5dc0ae02bea29e5a2dc2886d51f10632719d0e3024878066,102600.48,0.0212,41.0174
104159ae1f128c43362b3cca8b577b6d4d457fdc85188cdc5684285dba201737,102530.8,0.0212,41.0386
d38fdadcb541708fd1868869120ba4afbf1c80c7f14894cc96b24bb93d02acac,102314.57,0.0212,41.0598
7d3295fffae7b7c2fd051352e4d54cca27c22ce7f75de37696b6d30cb6d83dcd,102027.1,0.0211,41.081
d66bcf1f6b37b75533d7a3d66fb9a6887b51f14e2cd0c72ba3d7120ff765eba2,101880.76,0.0211,41.1021
cb2215131dc3cd9dd91e01da47d16b792ac82768f28d458eb94cbcb1d5c489d4,101531.55,0.021,41.1231
7af68c6f2598bdea11212bee9b60e7b2bc4b976faae241d1c37b52946014872c,101441.4,0.021,41.1441
33366eae4ba812afbdbdf099b3b78789043afb4d019f96ea3d9cc2ad26189fac,101357.57,0.021,41.1651
6b1dc42a333bd330a7a835e0b7ef5c6e9ac1ace47b48d986cf68913977442221,101296.94,0.021,41.1861
c10f3b111a0bcd489043fe4e5a1f7f4449228dedc2f2121de3c13d0a3da5628c,101279.66,0.021,41.207
1e3803e3f3e1f286d8945c5e052b8f7a6e304416fe2d3e5f7be0dafed8a0ecf7,101146.36,0.0209,41.228
c7d77a8612e00d3df92dd833850d712f1cc7cfb0c20153a750be3a1cb2e1be96,101098.96,0.0209,41.2489
8d0470ec9c53d158792a55a10de1108e563c0af36ca99cc6bf9ee48f63a3ddfa,100399.37,0.0208,41.2697
f8e53abe8ef9c35465204de0352eaa9d205cec37a5ca5e84ea3ff72f9e8a6ae7,100099.46,0.0207,41.2904
70d88acd016b4bb5a6578e213ddb92f49e89829540badb13d96a1ebc2c7576ff,99918.91,0.0207,41.3111
58559735c0b9b58f90520767437ea3a42db25ff16ae8f3080cf66eca9bcde9df,99633.09,0.0206,41.3317
ad2255877a0a81d505e874553be46e9dda9ccc1a8e2e3a8b84a362e597bf1b64,99608.68,0.0206,41.3524
370c7f324c6fb005784f667c635aaefdc0e36d452c00a91f76763e0ba4138829,99510.25,0.0206,41.373
118a8fea6e7b69f5dc88d24a54c92c3d38680fd6d0c40deb535dd8556c490171,99477.25,0.0206,41.3936
0a0330b6cc6ac56e67075cb3f6de00b3ef03c518da330ab09666a22da31ac861,99422.51,0.0206,41.4142
03ed6a67f72eeb931f21a1316179881055910a3264a449926098b57ebc86de5d,99355.56,0.0206,41.4347
2885d609d04e535e6d71d7427e829a4aa87cbdf5d60665d8c963509af0083efd,99296.28,0.0206,41.4553
73c173325e4f67eb4e86eb8c888d2c7d0af50a9856afe9fda670902898949bd6,99270.66,0.0206,41.4759
a64ffb53bf6571988d9fcf1c26a77ab3681c5ee9ab24a858afc41a598524020b,99249.64,0.0206,41.4964
4ebbb8c942bf11f227d2423c0a887b6cba29893df74afd61e36d1eee4f901378,99142.19,0.0205,41.5169
b1183d1e3f6d942135a9590c9fdb5bd1417328181d26a7c0ea04f688225986ac,99107.34,0.0205,41.5375
a81e330b1917eb8b8809418819899c6b0bc99beb58641707c3861bc3c377995e,98757.36,0.0205,41.5579
ed1594a32cac525c55b4b3886adfa329182e389e43e7aeb34321ab7cb60bad74,98686.92,0.0204,41.5784
d6d3b4af15ca1a7ba898100388b607d4a1784088a7c1a66b9e15ce2e9e54c4e0,98668.49,0.0204,41.5988
8e91c8b04dd8e025e678ad265d416bcda9bb75ed471c99fe402b1129d1acb5ce,98554.2,0.0204,41.6192
8cf7ccfa4206a7de360a81952b29e2ee8e7bfa40405a0cf1a5e94677ffb739c5,98494.39,0.0204,41.6396
3a662d7b9e6bca8a09f2f5647097bdd0a65bab18991f7522b1c2fc3b982af7a6,98442.48,0.0204,41.66
44412d2c0af2c6c96ed2230af8b73cbfe9e6a8d52471007a6be0beea193d8b12,98437.2,0.0204,41.6804
74e31b3d3e493faf99652cdbc294b72e5fed6031cebdaa09981ad6aa78ef34d4,98358.13,0.0204,41.7007
0bb342907a9a66f5cfe8d332083027f06520beedd9218d9f9803e7c74680933d,98161.44,0.0203,41.7211
3c18ca869950edc2a4576f8a167bf0635314821c726ebdf10ae5f50be358e7ce,98142.25,0.0203,41.7414
0993c109b25a81be1f91c42eef5aa64dc941432476b0ac070bb4b7d7b8e65bd2,98066.95,0.0203,41.7617
a80985789c1c66b288b9639cf51d78793ed482789109d40f8a83ba2dbe3c7603,97947.88,0.0203,41.782
f7191e880d47c916f3db838965cf84fcf45be76b539808c4d623714e7f7f546e,97879.39,0.0203,41.8022
10cccdf1be1b55b781222ba5f860c39b5e6529ed2b49f26dda5683cf4e288427,97700.67,0.0202,41.8225
7366266d18a2ea921e4acf35e6b4ef83dcbb1e332c9cf2350474e764305653a0,97510.31,0.0202,41.8427
0bd0f10e2d9fd74a1240d25866cb0272188f555ad69d871dd40aaf15998bb157,97434.81,0.0202,41.8628
b6dff5dfebe1f64d4fc6546f717caa5e1344c4fb65f07b61e2b605cbfb47bddc,97368.32,0.0202,41.883
05374cdacd4a634be51aef698d62218a4e486a8afbe38db2abf55caf90443d55,97289.13,0.0201,41.9032
da451e6772dd196d0b1481999332fb931ab53fca06d8a7793d9127f24a13eb2c,97159.0,0.0201,41.9233
e50e2df3c5246253683d6f829bc9eb16480532144541991b654b23acd3f9596a,97149.01,0.0201,41.9434
b36a0515270d51a98694ebe1424c5c6fe039015a91d26c88f3f731f292e81b90,97115.79,0.0201,41.9635
3f6cf9d169fb69ce0bd60471eb976e5a29311a3d2b0cb9fd80938a7923d08107,97082.0,0.0201,41.9836
aaa519e82acd58102e44e319f16952b3405490b9c443d44dd01a5d0ccb995de6,97035.82,0.0201,42.0037
ee65fbaffa5773d9a2edf7c0b1dfbe364f87b7ce059e151936e7497a87cf88bc,97027.06,0.0201,42.0238
49d4b0266ec0990d66fd953c63c90f6fdd88b4a18ca13e0a3f9fbb134c85e18a,96974.0,0.0201,42.0439
7d3d68163f091b025ad66674a7718031fad61c643da9055b6b83e50aa968c1e8,96911.33,0.0201,42.0639
ea6af9ff58f33012db82db9ef9e5697db3fbc90d618f5a266c994d2fafec5e89,96901.55,0.0201,42.084
368d32bd299586287434e4444ef888b42c9e924330276395d6ed4836f716dc45,96739.6,0.02,42.104
67bf76baa415c1861d4453d4e46e61e071f8bf29802c6730ef4830d8775ba871,96690.27,0.02,42.1241
ef6127bf0b82cb532e71f583004a59e59d671bfd17f6f7b24f5416d892e5787e,96650.22,0.02,42.1441
f0d0075a6bc1ea31b49d20bc2809618c068e0e5b530e5680107261ea5b290ad8,96423.2,0.02,42.164
ee23ee89480eb4bb746d499010e498a9123853b541f53ff83c337637952e788c,96344.42,0.02,42.184
870f8ed4afc54aca4bc7e3ba73e6bc68de5ff4590d1cbbb805036ab897142f68,96188.8,0.0199,42.2039
8421783fe628becf3e8cfb63fcc19def70622c33ad9d26bf6a10faa3e9fa1d7d,96020.18,0.0199,42.2238
76b7683c49d8ef69ad1aa4e965c294d90bd023eabdb182963e0322e25d5b76f3,95914.22,0.0199,42.2437
881d616b58737eaee4bdffcf28132e003fe68904bb65ccf048af325383860ed2,95893.2,0.0199,42.2635
61f387723611ce5ff161508ad10ea1e330ec0670105e2b7b33e1a2882fa514de,95845.1,0.0198,42.2834
336ced51f8ad327e28cf84e9c17171fc1c8bc15797ec1f78af0690570804cd95,95625.65,0.0198,42.3032
647811c96b875caeceaec1fd91e62e83155829b06c852959e3fb3f5794a03ab2,95616.24,0.0198,42.323
175eba4fe4e6f050826bda47ff24eaa5f963f7d7224a48944669e2de158e025b,95571.8,0.0198,42.3428
9514bce63914612f87b2e1cb2c8353bf4a26f4a62c17d68f942da96e2b7838bf,95472.93,0.0198,42.3625
734574fdac6afc84eb285193777050e5e7c2b2cb4bff304c346bf8b85a8696c0,95425.01,0.0198,42.3823
0f2bf4d79d4015898208468753388b1a9d42019f118fc26659233da65bf8ac78,95082.8,0.0197,42.402
614cb3fc60cb6dc183a042b4603f2a88d5c7fdf4ec626f13b8e5121af01f09ea,94879.32,0.0196,42.4216
3436b711ee59ab771aac2f30ee712448167518c77454d182656b99190cd738dc,94369.28,0.0195,42.4412
b781174a745a4b9bec8f66de3ed854704ee35334ced6fd2aeb2efbf90ef4ec97,94253.93,0.0195,42.4607
e573b30400ec79e3d2de7540fb68b9e233eb0af826d2c3b4d561afd7cab9dea7,94155.72,0.0195,42.4802
07b4339c584101a4fe4d9900a9333e8217e599e4919ab5deb38cbfb9979b53ac,94050.57,0.0195,42.4997
ba2f4fa705956d8753c465d0fb137200995c937fc803b6beb49f0bbd42c63eb8,94041.0,0.0195,42.5191
830405eb4608228ceaee676403418a3e86f564345a994ca7609cc25263142b73,94035.33,0.0195,42.5386
cba5af3a3619a5c0dfd5a876f57d558ab8558f0616bc8e3cead94e407273f828,93980.65,0.0195,42.5581
7e12ef6a654627cda10335c687e0ee94034d8d4ded357e4a156d177f7c15ee3a,93736.54,0.0194,42.5775
7dc0a047fbc382e17d8b65f8ec18b94d9ad8ebfd8b9cdf0ce875d6dea585f55e,93720.58,0.0194,42.5969
a40cd1c3ba4652aaa7150cd2977cfeb6d6fa5df3597be03ab835344ac6c50bd1,93619.5,0.0194,42.6163
7685beedab3ebdc7e8432c45cc2595eaca90c356473996a6bc36852f412efb1b,93392.49,0.0193,42.6356
b15bd3d12e855c7911e69d7517483ebf8a3d70599fd392943a76ce164efe51e3,93305.49,0.0193,42.6549
93c3a82856c50807952878ea0f4df713f8ca7240ce0ee3f9470d6eac2674bbcd,93276.8,0.0193,42.6742
48b1e8d64ffec10aaaefef14fa09c9ff2b3cf8d3c65bf3b1d4d189ca780ede8b,93255.2,0.0193,42.6936
eff82dceb877cd584fb98d49befe485a883b3c3e9d9a791b07057e64d7185f86,93154.77,0.0193,42.7128
52337d39fbb673e57c2606829ed18ca76cbe80ec75696c7aecbc7e1b927f7382,93111.15,0.0193,42.7321
9375ce9bb857ccf347c1ed5351ecd6d2a47516ad9202091fd076489b683f00ce,93090.07,0.0193,42.7514
44af9c3ec1c20054fb35ae7d30f8c0b82c8989360d35e60d22d354d204f31ac5,92939.9,0.0192,42.7707
525ed655ce81e0cd1f2900f149808130d8a19ba403c44bd5122e6f3d13b217b8,92902.64,0.0192,42.7899
b64798e655d67053b49c673f8ded9fd04632f17972c3d9afb30adf98c99947ff,92817.45,0.0192,42.8091
e1f0ab80ef9462e307fb5c8c01242ee1d42f84c72539bbf4b1fb8e1d412c51d3,92756.93,0.0192,42.8283
57f191df477734c770e2b573ecba40d4880765541c9b11c2754284df8a2499f5,92692.46,0.0192,42.8475
8497aabef74a8ed14f961539dc277850aae306d244006af27a3315de6f39ee13,92596.46,0.0192,42.8667
803b10ac8c2ab72d7f369b29e963462f3ce9f4f950c7c6b220e1d04b903ce52d,92314.29,0.0191,42.8858
02960110164fe07f7924d44a698d07d408b73084dc73def4a90ea4373db3bfba,92124.32,0.0191,42.9049
d3d3fce004c1c326c33964d382225412b5ca4466af604b09e28bc604c6c2e055,92105.6,0.0191,42.924
a9fa6cad20e69a84e539ffd67d3b2941723fe985c03b847f519e0c36694a813c,92054.12,0.0191,42.943
f623835c656f3e0d73ac729cd7bde84ba5170bbe50359c206f61ba3d0157d82e,92049.06,0.0191,42.9621
df21d300b6d43ddb2eddb98d77c564d2c0b4a2a52c161e98d103c7d2daf763f3,91859.6,0.019,42.9811
f99ade488c8cd207cf3873eaaf1a55ae0295db7f358c96300ae8b4942eab5f2b,91705.87,0.019,43.0001
56a6bc3c80d16d216dac91bac3a4e61f6640554f6f86d3ffb52966d58bead0bd,91682.57,0.019,43.0191
784acb2ea7e1eba6fbe1efd347017591f202d4ca63d7b4c4bd7cd534efa4ec91,91458.03,0.0189,43.038
5e6aaefe949093c0b36d0f6665e207380548eba40c21e9c73ae94e776602f079,91238.19,0.0189,43.0569
29bb1e1da40c9bb35f5e0eb188b99acd0f50affd9adf932699e02faf174d1888,90993.2,0.0188,43.0758
ae1ae57b9e0c64d63e8c26517937945d6b0c12032c0c8d9a9a79f80ada8f9946,90308.79,0.0187,43.0945
e999912ed082709c8ef1bbf5b27f89d69de1e58574e841ebc1d449c6907b1222,90270.8,0.0187,43.1131
87d11c1a99b39bab4f6bfdebc432fb3a66c5425514002db9a3237091bfe7cd35,90209.2,0.0187,43.1318
525e7d550cbb8374b3eb79dbf3f4ff1dd22befd1152cd9034e4055f591daebfd,90136.0,0.0187,43.1505
6bd3a885f250d265c8c6da91fa2ebb367ae2840d7a4aaddb152a1743942cb779,90034.0,0.0186,43.1691
ff83ab06b0ccabea0557ec8a1361853cd8545ceb4ab0a8ebc887fee8f57c0bf4,89963.79,0.0186,43.1878
7815148cfef9d3b96eb114abd9684a335f44ad640174d35d4655b88452aacd68,89900.73,0.0186,43.2064
71feab71f0c14cb370de1baaa555e23d98f6f822e10fa47c6b02f7309e35ead7,89897.19,0.0186,43.225
7ec91c667df923b79d501b2a0bdfdd2800e59ac0835af1ff9f7710cb41071993,89739.1,0.0186,43.2436
64741ab681201e52b1855e66109df3624c4a89283c20d36279fd789741c9fa26,89720.85,0.0186,43.2622
5c8fa3ea9a9bb269c715b89c084e7a6dc06f9a521a185ba1c5298b95c48e1c83,89687.77,0.0186,43.2807
f7f18b9d6c4bf9f407259e77ea0c861a385859231ef4b95a44a77ca6add4ff30,89482.4,0.0185,43.2993
10f89580df37b7d929bebc4e1b686946707c93b2d838ed4ac8b7276a88860534,89482.4,0.0185,43.3178
9ebbca19177e27cdfc83df224f3c2d1284e12ae80507cfccd0dc673ae340b90e,89434.28,0.0185,43.3363
f2839b8e569f03dbb2fd9dddeb052b3e8567d42e3bd2dd5c79aa651d27cb57f8,89429.86,0.0185,43.3548
09d7cde325188b4e9b153cc1b2589c807828fd4b84c8c7b26d67c78a47e87ff5,89284.82,0.0185,43.3733
45f867fbd69b4ddb80e3283753c80efc53a3b9279df01550de950c0f6da04b42,89244.15,0.0185,43.3918
8d78bbf09be3da2c4420a36529b969b23558eab1eb48fb3ce222979178cf0d6d,89153.96,0.0185,43.4103
e4c0a33647a30423a230c698861c460e7487e07ce9dcc199c3f52137c8565407,89135.25,0.0185,43.4287
f125e67d09f1bc3d891f80806a5a2e91a05e24d6bdc480539ee5d11b945239e5,89071.21,0.0184,43.4472
ab2d0b860673177318e63ccbfef7b9d8084faafd0074b993428a0394fab6f332,88895.28,0.0184,43.4656
686e0243a5c5ec050abb18f68f14db9b7d28a8844c92a89d6ed93a689376a8c9,88867.2,0.0184,43.484
fed301fa1b0f970a94ae0c5f98fce241607395af1e424d8f129be8fd84a4258e,88665.44,0.0184,43.5023
d39ae07f92c8dea207c2979e5f7315b5b487a8c1364c1550217c535fef13723b,88640.48,0.0184,43.5207
c3e3b2cd877cd43257dacb0087bb3541b66b9c7f555e96332b6e43fdd37a4163,88584.27,0.0183,43.539
77828342c371320562dc723e18e8e55cb5502b68c4a54953c1a2bf30a24ffac4,88575.7,0.0183,43.5574
8ea70b349efac794fd1a7df9ccc208324a831669de98336a9cd8a68b16bb4501,88555.36,0.0183,43.5757
07fb32b1fe357f1461660f2e18edcff08cdb0aefc37d5cfba5204dd879593e9d,88445.38,0.0183,43.594
88262c8aea8e32fb7b7c6027d29f7b673dd2a0c4c8818cd799994fb2a7a636f2,88382.07,0.0183,43.6123
1e93dbcb09b97b51c5965361b8ffe7806ee1fa8affce3e41e0a8e0ce09a2b2f0,88297.2,0.0183,43.6306
3fa5095bceecbb0a7d5f73c13ab8b22290fe3c2ba4c8eb15c0a9bf2d3946197c,88293.44,0.0183,43.6489
c380cdca6d6b75e75e0f42f1806db80f885b71d45cf2abe84603c8904819b53a,88213.0,0.0183,43.6672
860299e648b48d973de1846c3eb2450b4862c6f26666f6dbf3f1d1a436635894,88096.19,0.0182,43.6854
ec55a2e2ad50964d0396becbd062e3207c36dbdf4a784d2011c162196b9c727e,88064.19,0.0182,43.7037
6eaaae682610d33c59b1d91734ea8ba2f3c9637882b8b04203891fa34425c893,88051.55,0.0182,43.7219
2df844fe7b330797052de3c2466122ea6ba18bf80b67b626b12c8d31d946dfb4,87980.87,0.0182,43.7401
0029f4801cc292515e7307f4c06dfcaee6932662fb8eae0ec3812be764d5175e,87959.21,0.0182,43.7583
f87e5bfc396230027293f5a1dcd76cda73b994bb738b22d49f3d372323f1df39,87833.96,0.0182,43.7765
8e551475625c7a146657f7bf5921c9820b83fe3992182cd643154407783e7567,87822.72,0.0182,43.7947
283e9a73603d2b8055450e4de194349e0bc2895fae88c1bcf239a4595bd845d4,87794.2,0.0182,43.8129
e94f88cb09861b743f446226aa1c9d76914d0d8e146d2e8ef8fe5cdf1fa55c50,87748.62,0.0182,43.831
b198f884802cc9120fa274e90b4573a3ae1500d1d5419bf61cbb8ca56ce349a3,87729.8,0.0182,43.8492
aec5b8c8eec8ed73624bd4e2cb47a9246047623db4f8d65167528676b34da48d,87722.99,0.0182,43.8674
c347adb27eb771f86428b7475863846362d86edc0f7ee033c4eb0eb514138e0f,87621.58,0.0181,43.8855
0e5c81ceee464db1c0cb9ed801d134fab0dd2a28c0dc62e35aa21a8e13ff0ebc,87581.47,0.0181,43.9037
f91bb6224d36ec61fe50f3d95e5a492be4a7c6b614657846b8762aac95eaada7,87529.07,0.0181,43.9218
dadf0b3149a5be768e757736021ec2d85234c446e9d95179a29fcada3cfda050,87449.22,0.0181,43.9399
b7db911b095ba058a4e0b36eed01ca2f12da11e75f0dc43297104d0ab07005db,87414.68,0.0181,43.958
4c6c5f6022f8d68dfeca848691d28b58d657fff5670d8f1fc063dfaae0e956ed,87388.54,0.0181,43.9761
ee1dca6e0dd833e3fea9f0a080dfada78ef30ad3f75ea6f8f1723947036ee3b5,87373.57,0.0181,43.9942
b6c64bd7c0e67bb7848e46af3018cd3c2dee92772ed1c6362c4c08f936adb88b,87348.49,0.0181,44.0123
dc07223d8695ea1bb1d8b5f39b1bda6d8f1c43fbe5c12d77912efcbc950a1392,87335.25,0.0181,44.0304
a0769eecb4d2afbd5ce38e31493f98c57f56d5136854cf3ad961b877adc85764,87277.83,0.0181,44.0484
cd67b2b44585afcb5c734483393ddd79912235e690cc7a27490531f4b3bf7169,87206.04,0.0181,44.0665
9c4c2f5cb096a40c9677e2ca984eaa037ec65853012769185c2835d47bc51f6c,87044.52,0.018,44.0845
ee1de4914cc26e8f1326b49793b089131870d478714c07e0c99c56cb307704c5,87027.81,0.018,44.1025
b60dc0eeaddd7971d70cc15213c94a9dce070ca407a1c3af137da0ad30533ad4,86938.6,0.018,44.1205
526987668586eead64d79daaf486d82d40c2276a335a4e7316781fc0ac9471ee,86797.8,0.018,44.1385
9c393816c68ad43adcf97e56305613b92e96425d0e3c32f3ed45d8dc25531468,86587.2,0.0179,44.1564
5f38ab32b1e250ad6be00cca8efbedf803302962c9ff301633b7981628b06719,86581.05,0.0179,44.1744
eb1ec50cfaa360c60ebdff8741e52c6f3e87b1beb75ea0f5091d49feec5c7671,86466.1,0.0179,44.1923
95dd22ee13344b73e279bf5d27227734ecb1e3a8a965e638e31db09f4e5b11ca,86448.75,0.0179,44.2102
cc97f84d7755224fc6836ffb96db637e6f020dcb9153d2b735799438cdc445eb,86423.25,0.0179,44.2281
7b2b3e1b7cb6e2abff13eab40a475307b6e775a68667f8164abb12c48e830a46,86368.99,0.0179,44.246
550905b5002d17427ef46912c3ece741ea679961db1f1c3f0d4d50b002afb029,86156.68,0.0178,44.2638
e29d2df9637d917f1be45ac0092d41c786838327e03d7e1896bba95b608e56fe,86109.88,0.0178,44.2816
40e39365fbb42df8788c3dbbd76bf4d59e1368879e84af5ddaae95f4f413448e,86103.92,0.0178,44.2995
b9b9101a7e9c92d9154bca88fe6620da9ed8f7142d32d54e77852cd0379c9eb5,85958.09,0.0178,44.3173
47d6639b4b6adfddcd40f08aa1f979ac3cec744a75ecbc7ba41aa6c5ece94ed8,85944.2,0.0178,44.3351
e16d12cd21f38bc8253f65cc5c0bf4932cf1397ba1c60682b2a99049e0e7ceed,85939.52,0.0178,44.3529
e35c6f27a2f90ca8c2acf9fe1908c821bf2f25a825ffce0cbf0926fccd4fbd45,85901.67,0.0178,44.3706
833deadc265de193550a0b10c1dd0c7d270f843c54174b8ab7fa13c4ef0c7b33,85745.08,0.0178,44.3884
efbe179e5db4abf90df85ecb4e469efca2bb5f7435818b3d5bb896abe11083f0,85711.03,0.0177,44.4062
9251a73d16c98c90774e09558d5e1b11b7ce956357480cf758404321b79758f2,85643.35,0.0177,44.4239
01378324c287ca6dc09c71295add3526867880bf935bd7aee480efb6aa61adf1,85642.11,0.0177,44.4416
972a6520c96503fcae0f080120c28dc4ddb8eff8baca57e1a58e8c0bf75700c0,85521.05,0.0177,44.4593
0118fc683ce2ac05a2f20c88d22471532c993f49c62aa2ae81ef103e5775d4ac,85486.44,0.0177,44.477
36bbd1768b5f0d89fea04e5bc3a86eccf0587d7b83483c1f8d913261bce7b201,85474.4,0.0177,44.4947
dd76193716bf9e005bbea2d23ceb4848385754a8fd64fe49aab9dddcbf85ce14,85441.43,0.0177,44.5124
28b8752bcb50476e806cd6a803f213ef43e50b1c15dbbe1c46b2035e4ac4d668,85438.55,0.0177,44.5301
c46e10bd379c3c813dcf0e75f1e50728a793dc585178e1ebd0231edfb4cfc0dd,85426.92,0.0177,44.5478
d3d10d98c705895d3c54483265cb0d8b8ed7b87be2866fc74d1eed677f5260dc,85335.43,0.0177,44.5655
f8571415e60c448d44701b15afbdbc6841f9e50dcd5194b872f3d4b4406c5301,85288.59,0.0177,44.5831
80883936b7772ed583139e79a77fa9a04b89738381b41e443d877150e6f6d49d,85259.64,0.0177,44.6008
66813327ac115b028480c245269e83112a7f552b47b7dbc268389d73731e4a29,85256.03,0.0177,44.6185
6830b12794f1dcc2d7139751f3256aeee284aa32356e0fdff1140a31367fc0ec,85173.02,0.0176,44.6361
47c64286f808c8b7677e31a11302b257a860a4856aaa9704a7f0a86cd6d8ce0d,85142.84,0.0176,44.6537
c5855cea14922c7a557ad76c72b2692ba04c40b63f4da47e341cffb181ece55b,84934.04,0.0176,44.6713
20f7372b08721802e5303ce6a20cadddd65bc8f5b4807a82f6482e28a12fa3f6,84877.13,0.0176,44.6889
7344c7846abc7b3a6dfb7d2d98dcb40f1b7a4a6b1122a9ec07ba67c6b0551551,84757.92,0.0176,44.7064
1a324d6a0c78762058aac36411ca50b20e9aab588545a30c0ec57f7e1bdcee4b,84746.24,0.0175,44.724
17f56a72708d81acd1da4f50c3b7dd99b950ea1c34b0dda808ffdd5b56680954,84695.71,0.0175,44.7415
375b69e5bc6f540b79239e2fe6bcfe1fa80112136d6325f54db13f265e8d3608,84600.72,0.0175,44.759
84d21e556c29c2d279635052cba1187af7cda36abd2952597aece4c83e3d1c7c,84575.51,0.0175,44.7766
a43db492782b8f6a7b9907c8541b9ea072d6dd2eb3109739ac78c02074b49a1b,84222.11,0.0174,44.794
fd919be88de9608a4e9973108e339d0f49421455dbb2820aeceda6fb50e3a6c8,84172.45,0.0174,44.8114
b06ba7249a1e101d55b2f27a7f1e225f260bceb1ea78d3fa4f15bd074ed251fd,84051.14,0.0174,44.8288
7cb3df814c1511a4500ad470f8d76f1e19f765ada8ae3f5f0f520d0582773667,84017.93,0.0174,44.8462
a043d707d5af2fbbb0e3bfc89a47994746ffb690d9365b0424ebd27364aa38ca,84017.42,0.0174,44.8636
373bdf880cfd831692e5ad1c3a16d5ffa3d5fe59dec4ef90cbb8396f117c775b,83890.63,0.0174,44.881
1599193b712983461eaa1db78b5d5c7fced2569a0397d7b992b2ccc3c48c1eb4,83864.77,0.0174,44.8984
08c6f6cb289f84a3beefea674deba98e485691f1d1cc06df80dd1674fd6706c9,83826.4,0.0174,44.9157
f7dd33855aae999a32f797891312eb930ee065b6b46372f14099ca799f7bfc8b,83787.8,0.0174,44.9331
d3858670d08c4bd686129ca4f637ee9f73c8355aa058d07b2a71cca3be33bbf2,83722.56,0.0173,44.9504
8de66da656568b8aea2534487c5d1c11e8aab8a028f196b338488ebd2c07518d,83543.61,0.0173,44.9677
07f8f32f6d2c6f4aca5ed02d1134b5ad5101257fd1e7de46dddc406f748e3617,83537.0,0.0173,44.985
5a9466f77cd17bcf16d9df590204ee5783c596e1036373a3831c200b24b63a4c,83315.4,0.0173,45.0023
23481e7e3bc0d59b187bf5945cd58a609bfa4eee83254ea52b59beb131f210fc,83304.13,0.0173,45.0195
2d61e047a1c9cf6d7a6e5334cfdd6a769147d56a0076ac400f74b3542a5b10b3,83269.44,0.0172,45.0368
c0e24f700c767063b4d46be19ca76f88e4a26edc519494784a036bbc008b2215,83255.9,0.0172,45.054
1bc93b195f64e012bfa1561cdce3ffe2bbc2330a3149b3df5bc1ee4e2e9da71c,83221.21,0.0172,45.0712
57a94a0fd6505aee006c2fe8c388fc317c89a239fd5fc39af1ae26cd664df4c8,83106.4,0.0172,45.0884
9568d48774b888ef8ec9779bfe69bdb46a585e39a5113935e0453e0a3c71e5f7,82964.0,0.0172,45.1056
7140329c7e91ad221770689b500829b17e9fab4b340c79ad79d901e81d374dd4,82758.5,0.0171,45.1228
344571e27caafa32ff4b30a991348a17d23ea66e8e783ceb517fbc8ceac94877,82752.85,0.0171,45.1399
509554fcf76e747e9f1974e44cbce0a6241a77b34d97c48a1c73104deb853200,82751.79,0.0171,45.157
3144eefb58cc1ef8dad7403e2404f29c31bb1a10beec3b3c1c424b29b5400ffb,82630.64,0.0171,45.1741
492991ed8eb336ab46fe3b53c0a2d06cedf7091c4d62f917e0be7db925347dfb,82615.58,0.0171,45.1913
ccd9ea6588ffeebf94fc328957c2c475347e8e0896684d076e62edf838acfcf2,82576.86,0.0171,45.2084
d503920a42604c8c9796a82fd29f6efa13ec7bfcaacda44fdfefd7d8f5c3bef5,82382.19,0.0171,45.2254
1703fdf86d89e8023f9140ac0de140eae955dc062a7844dffc9eba3f993e19d4,82277.64,0.017,45.2425
fdb34f1ae1a9f4dc70de44c2f72f8f81f7cbc6a5cd7e87ceeb7da1b0e6605f9b,82225.47,0.017,45.2595
69b1f9544ebbfe451b2fe5523a47eb97b79a80773ca167c29ba718f9b517e095,82217.56,0.017,45.2765
476397985a9ca4143e442c653fad36edcfdb1b4243a3d9b651dfb13890238ba8,82157.62,0.017,45.2935
e32f3412237a623a33ecc5a78cda2bdbfc767b1efcebe8484bfee692c068f32d,82128.4,0.017,45.3105
5a44ac656fe77e6f6dd2b0d41dca0073b0d4699ba3d5981e1d638afcda24b2d5,81931.11,0.017,45.3275
23cecd28c4beb6d5c31a318b3d4cfacd40eda3d523e81ad001698da7729f887b,81848.4,0.0169,45.3444
0fb9d1048f44235ddc161f98f15f3cfcaad905d3152a79cdaddf203d685cfdc3,81820.98,0.0169,45.3614
2a1a45446edeb5889435a7ea7b167ef3b5f22e038e2ed2de0ab7221981014e2e,81785.31,0.0169,45.3783
4c9e2f715c7ca158898d73e7079de5287befaa98cd2fe0ea2c3b0d12f217d958,81748.55,0.0169,45.3952
1929327609dff1af763e5212c0db985bca63975376bbfee3502d399ba5bdc951,81748.29,0.0169,45.4122
9460714652df1071e7b23be712dcc516c3f1fda5f8144cbff9281a825df272dd,81634.23,0.0169,45.4291
c6f9103efec20a73ac68e302db0a454909b3a41a4f9c2b2d245126f43be302cc,81132.64,0.0168,45.4459
8de6c4c4e043a20081720a392751eda8396998cf08d481066d8b1331c5b98a34,81107.87,0.0168,45.4627
df641a907727016874bc537eb587ac9c06901e3878cb2e0945b8405a211eab6d,80964.84,0.0168,45.4794
9ac6f42dedb4159183813e5a9e7fd725e5eb691331ad66096c33c72b6c3e93ec,80790.42,0.0167,45.4962
dfb8a9c21e89fceadca8b3fb2d1df772b41b44ecc60bb854d44469c76f916245,80760.64,0.0167,45.5129
0f7f04d116dfeb115cf1d79347ad525f37e1c3c977e79ed2516f5bb6d01a5b7c,80515.84,0.0167,45.5296
058c1c4c43627467b847eb12ea3d0e9affb004fd20665125b7f13428607c1a82,80485.54,0.0167,45.5462
669d78cacaecfef9753376532dceca96bdb9ca7e78f316fd0e9b5e9a04fb98d9,80472.76,0.0167,45.5629
17c8b11b615ae69cb898118741029316519fbe863a579508abbe34ebfde1dd36,80429.26,0.0167,45.5796
7dbdda426163c0a4f1e9cdcd650e1b327eb0209188332165207ed5c44746d7d7,80327.89,0.0166,45.5962
1e62dbf4a69b3c6767dabb0e2454628a3469ec4c7e0b2b22ec9e6df81c232039,80287.27,0.0166,45.6128
059d7001eaa0ca1a6ba3fcc951fc66be78d33e9bc7f8daeb3b4710615b98012c,80218.66,0.0166,45.6294
4d60f7d312d438617527ddb58164aaef00bd156366628c8f0690ad5886bbf2f7,80204.81,0.0166,45.646
b5398e7e0d0eb575f4bef171da565544b6c988f5c8f655cd43f961a030dce685,80178.8,0.0166,45.6626
d5c7e333b78c3d362cd9eb9f96d9b16eda8cc56fc23bf3047ea60e4683a0f9d7,80166.76,0.0166,45.6792
4c7e53a482de95bd61ac717d5d56dd9dfb0fcca987cec46830cf158bcc33d868,80134.17,0.0166,45.6958
078f531aa2f41d0101225a01186347737c05aaa05f370cbb796757b8b18cea2b,80080.05,0.0166,45.7124
66e4a8fcce3fc4014d9681550840b5cc8755e36ef75738193363bf1774eb3887,79925.82,0.0166,45.729
d48769e6eb5371ad9100aab546fe09f980e2c09f0b3ff78ed1bde87bdc934eac,79897.8,0.0165,45.7455
fb87cd34be6fde779d7f832fc23940ddde6455aeaf0678d04f72fc965a613b96,79810.47,0.0165,45.762
93f34eddc802fe107e77f076c8cdf48c393b2fb952d2b27db8fc11a3a29bd674,79508.67,0.0165,45.7785
24df13c831292beede78ff5f9fb1c0f8ee55678f66387de16d2425cbb40cc122,79433.12,0.0164,45.795
2bf135d5518a54cb8bf910ac56c93a0a79cb12f4e1e61ee5d863b9ec4420bb5d,79429.6,0.0164,45.8114
0191dead11360f3d61dc6e8648c8c1f7eb879f0a275ff333940afa66e64c4040,79175.58,0.0164,45.8278
db195a69a4b954d69876b00516b6080eb766f2190c464a3708c09c3fdb3eb536,79161.28,0.0164,45.8442
a76e50ef1d0d79f6a04ad9e16253f3b2aad1fc564a45732009ede96e7b3be673,79088.98,0.0164,45.8606
9d09392bad3148af113b24c36c43d65dfc1462935492b9e2a6bdfe86313e9972,78900.81,0.0163,45.8769
37615242fee4c788de5c01b813dbb334d68d3ca23cd37d88d4c3782733b18679,78598.0,0.0163,45.8932
24a3fa825192d738c9da07f3c549520c7d3c21800b2c86f4e91d560af4a2f196,78564.25,0.0163,45.9095
a84b925257b3fd11c0124a5390e2186e8c487f8475c0ca2ce852972981bd3dba,78544.84,0.0163,45.9257
0ce392437d933c0cea1d8d46e6b8aecb5c8bae3e746481d352dd7f5cd44db87a,78536.8,0.0163,45.942
50580efbea9e0674add49c86c111006e61552cab9f4a1a015468ee990bcb2f3a,78513.32,0.0163,45.9582
e8f0135d2c50fcc5365171e62afe5a2e9efb16267da2e182f16d62469118a3b5,78482.24,0.0163,45.9745
f5cb62ac8ea6a2ba50750bdb6c5579e7165c2a32674cd8f85e8190e1e8b4b6b2,78399.07,0.0162,45.9907
7f12523fee704cfa77b446e194704a6153951e544841524f3ad052164eed784f,78381.2,0.0162,46.007
e18780d045eeb521da91e3c42ba4e73ea9530e3d423b6ec1aea41c36832a5d74,78267.57,0.0162,46.0232
d880df6cde62f2889adc1046a1f55861a40bb21cb038b503bf610dc37d0188a1,78110.36,0.0162,46.0393
4109606052921203b6d6102ae7697175a57fd606bcb564acd35a36e830d88125,78074.02,0.0162,46.0555
5ad2584a55688c5ca1ff2f6274247eac7de987382c97d7c71ea09e7d19bd3001,78070.74,0.0162,46.0717
36a831d93aecbe49e73a8496b3d3167b246ce64ce52017eddb5b51552da29157,78010.28,0.0162,46.0878
fd92d84b0b6ff362f81cb20241fe55475754a42de002bb98f1c0d69546707131,77800.75,0.0161,46.1039
8124bcae1d282a78b87c60e7f478d7509b746478cf6e754cf049dcd830254469,77697.37,0.0161,46.12
3502a5fa3330aa154baaf13681db6ad4e0871a3ad00de57fdcb6db68c9f27f5b,77664.78,0.0161,46.1361
891c9ff924903db533b289c59ca614da87c1db30aebfefe51198a84f0f435bbf,77617.11,0.0161,46.1522
57d9aaa33d570b3362e21a0a8d25c198ad16029623c76de0ba7b5af12a2249dc,77542.35,0.0161,46.1682
0c4bb4cdaee970c3ad27e89b069e3f0e81930a48045aa0e1279c71944d9e91fd,77530.76,0.0161,46.1843
1854df9f3abf9c6f7c9c1e98434e035dab7bb3ba3eb68ae9c132beaff1f67119,77485.96,0.016,46.2003
50b01b6618e8b7471a6f35eeec5fbee2c7f2a717d7da9c297d8fd2088084c926,77435.04,0.016,46.2164
f7c69f21434bc4434b83f5681a0791190eacd5ebf86d9880e9f8f7037b4424f0,77317.89,0.016,46.2324
a3b54a213f291585c4bbf2fe79273694d1b4eec45b8688d64b5d046fdd779846,77290.52,0.016,46.2484
cfd7fec486f1b7f2330d85bef0cae7bbd3e262131f288af8e63e4f4effef84e2,77257.38,0.016,46.2644
a9b4edbfc4cb4c77814861e18513dfc6799d5343f4be315940a4bcd4665abc03,77140.31,0.016,46.2804
a5d27e48f676ba80bfdaa2313ac8b8b52ce4ca18cd2d8433204ad810b3625444,77119.39,0.016,46.2963
119043ef354a889fd6651f44cd66194c83be57d1cdfc5ba2249ebe073603f9ff,77086.22,0.016,46.3123
a748b37aab50c7d6221e8acdce79d4524903963058d7b5ee70c75bce09c8ad9c,76923.73,0.0159,46.3282
00306df5e7008e9691ca96cf4e1008e6e82c98880e7276fe06bfe5874f063374,76923.33,0.0159,46.3442
428585490b9df0c38a3b0faf64cbce4bfc2393134302036dfb7e7a21af0daf24,76884.8,0.0159,46.3601
e04c829bdad0c8ff18bf921015360f0d4c37b0dd671f6aefe33d0ec9252a74b9,76873.2,0.0159,46.376
73c3889178681865aa75644b406588443fb9bc2ad3f07f8475f40ed4205c5bf8,76857.11,0.0159,46.3919
6b08511360489e156cd4a0b658edf5dc30a22cf98ec69fb66f5b195c6b72bad0,76775.84,0.0159,46.4078
d088c0dc1cd5a1f4b0ef870644a613c5cf1067021ae0c3794f56921f2c0ef2c1,76768.08,0.0159,46.4237
c59e704158676b45a7f0625d255d5a4ce2fea628290673db7e4ecac5c2953c9e,76732.06,0.0159,46.4396
66b60eb2338143b7e26214de1e11958febaaac7b08db3d9ca5ebad33379f0248,76610.5,0.0159,46.4555
20a95f49e395fd559f42642221e2c0000fb0678edd02228efc9b3a3a4b7076f7,76602.24,0.0159,46.4713
d30ca3adc1d06f263f87be3ecb9b9c1705715bb1b6b725fa8204c38000727c15,76556.88,0.0159,46.4872
dbbacbd013273584475304940ce1427ce0e09f9ebdbeebecb3269811a9e64f26,76518.22,0.0158,46.503
f91c7e9d3c06c2d68926ecf32ec2044a97592d651099c8939e7722a2e58ef06c,76410.1,0.0158,46.5188
5f2aac42fd23c3a31aa2f471aade53ed198e37f52a83e6294dc21a0b54caaa1b,76022.8,0.0157,46.5346
249110543e3346883757fc7c13a2b9a8bd0478b7ca8d237370a0d96f8960ed18,76005.01,0.0157,46.5503
47fa32ee9fd26f61deacd73b1431cbaf29c732f598877ef79dd2065338b3a3e6,75918.76,0.0157,46.5661
5bea032d4c5b1034d4b61cab86bea4a1fb7aa737990e758e8377dc50fbaf1271,75851.43,0.0157,46.5818
1a1039994e9abbbca509bf28a91798b07333a9474835a232057fe9589251c604,75777.8,0.0157,46.5975
6d39f58fe17132220532fbfb2a55898254a3c6a9b2e11d237dd529f6f9cfad7c,75764.73,0.0157,46.6131
dd5a78d3f387cca337b35385a573c7cc6e7027cf34a8663e64d6c29fa05b25fb,75748.88,0.0157,46.6288
a9ca72f512313be29b00f8401e6bed74bc4b2b44d0197d377fc652318e39bbba,75536.46,0.0156,46.6445
86d2b8ee33a6944b5cd563818db4d2f47b09963ad6448cdebea4d8fc842c56b5,75382.82,0.0156,46.6601
2dfb77e76fe3a22fcddc6763619dd2c9d2ddab87bc6acc9c8c05108f739efe92,75340.65,0.0156,46.6757
93b7f392c1d1bc3d2bfcb517a6532cc06d43804300dd89a6971991092ae7d829,75214.74,0.0156,46.6913
09c305b3adcd423c6f3f61b8aeedc2e2da12b4c080a2506d4c6b5da037ac0205,75145.57,0.0156,46.7068
7b0d7beb1ef562a99e98e933291107f7c4b4dc23c33742978dab971e0dfce6dc,75109.43,0.0156,46.7224
55e2ec70fbe36ddac4cf27abfeb52044a86e44387c77afa80c7917f2b5190c3b,75088.03,0.0155,46.7379
7fe35f89f1af4f080b36180b4ffeed58efdea765d4195d68d97ad12c3083c289,75088.0,0.0155,46.7535
a7c5b07241614974638247de9fd4ebf569cf2e155e7d3892698aeb2d07d5aadd,75065.28,0.0155,46.769
18bb870c04b65152dc5530b03bbf1510a7e230ebb1a0c776f472afbceff84a4f,74916.12,0.0155,46.7845
832ef7c919fd02586b3715df6b1b195d24c3b92d18601c53338cc1f4b3cf13e3,74891.44,0.0155,46.8
2d94f2d8a5e1ba862f72952f5e6a8225364194651a3b1bff3ba8f222a5f9f6e6,74776.94,0.0155,46.8155
911b1566cca8ac8ffbf504826522ea4b15daf811a513ef7595b4bd1a44d82001,74644.21,0.0155,46.831
d75d931e6e8d36016c4f4bc345d8c6569b1069810b348d76ad45739f9f17454f,74618.78,0.0155,46.8464
479c55540ee39b65b971618fde8e9f3fe741830abccaa8186677dff5f15e1273,74613.0,0.0155,46.8619
4f9fe9dd6b3cb22bf0bbe502beffc01a460488dccf985f254873bd91a9556268,74588.96,0.0154,46.8773
4ef41cb4779b2859dc489109e81b28e03da559195bc0ac339107277d3b5bcd89,74568.94,0.0154,46.8928
9d2c7befa415fa9099c009736dabcab0b6208f9a6c7e260c4e00c7bcd54a5c77,74499.16,0.0154,46.9082
25c570d19df52a4577be6e1f99448e4a2d8602a37df37ac4c4b5a724737fa3a5,74237.99,0.0154,46.9236
99240f4e9c6e23f95649a7c83928fd9984abdcd007024e069f809bb9b6a7fd46,73910.76,0.0153,46.9389
b2e03abb85bcdcb3318bac424c187cb71d6e1077a1cd35ce37e2bb329abec827,73768.82,0.0153,46.9541
dfef4fb426d65c0f74854ae47a89d55c4627171afd8ba1477605b4bfb4355f06,73618.66,0.0152,46.9694
bb4895391bddaadead1c9015d8c4df4806458cd7901f221b5c6b92b8cfa9297a,73609.8,0.0152,46.9846
e61e081597f957e47ec3430565c6c9b1828488ba7f7d48260a4f8ff1b9f8fa11,73348.72,0.0152,46.9998
c0b10e66a2450d85b2988e99b5bbecdb09fad7edf40a10d4b933620f95b59476,73252.52,0.0152,47.015
58af26b021fa661104dafbc70dcc0bbab63b95140c402b75c5bfb0cffef71134,73191.48,0.0152,47.0302
902183ed7445683805fb607f87710770aca740e09f6a895ee98e2fd2dccc84f5,73181.41,0.0152,47.0453
f33bbbf4dcc9f1277e68f251a8d07fe6be7ee9d026978a344e15d95dd3400c49,73151.6,0.0151,47.0605
877253ad5160e53ee8c8624c3a9f73cb2bb72bfc58ea4e54210e0db32e6b6455,73141.66,0.0151,47.0756
5b2e9cafaa50f27b634ecb32f995287209ef62f280086cc174edc051e515bf30,73036.2,0.0151,47.0907
ea01009bcb57b2b8c963d5c3a65d8290533023aff5284cd4efb67d455f98b585,72958.67,0.0151,47.1058
230de4c50860a4619aac7783ed50f8aa660cb07215fb01fd41aa5310611691a4,72778.58,0.0151,47.1209
87f98308c9de6278d8fd91da3bc02d9ebcf836cb3555dfb184dc3ef7b5d5cc9a,72768.48,0.0151,47.136
fe236ae0e06cb4384d48b99a1532210e431604f0b05252317d49c307b1f545c7,72763.19,0.0151,47.151
f05e7de0979dc3c40bf13425cb83cd7d140ece71852ea7cace356e87571403e8,72666.51,0.015,47.1661
39e6985e12bf93c66ae1834282d51eb4e3cafdef29f3bcf5a8cc826c0ffc7a7a,72570.12,0.015,47.1811
ff23f8b3bff154d3f613938b35a97daa60343da2debf7db0abe4704b17a43e52,72382.72,0.015,47.1961
f7f424dc17e8fe45807a8d886ec6127c0903bd55fefec25c0bfe666b260e9929,72194.7,0.015,47.2111
0706a96a82baf11f43f9a0e9b806bc322d2cd5466ec58f11dc25f80e174b66be,72140.99,0.0149,47.226
eee645a9988c7834e576197ea06b1f0149816e2f5fea37b26f027cde660fc83e,72063.88,0.0149,47.2409
895b9a0842cbe662b9d8c23a9cce2a62044251574960e6c4ba82e0a79387faef,72032.64,0.0149,47.2558
651c753eba7cbb9e3d7a7ecd0975cb3a61abcd42ec60f4c22de5afa1fab320e3,72018.0,0.0149,47.2707
5b240d7c38cab37c326bb6765e34b539cb05a004e93fb91b642abacf07bc7c66,71757.44,0.0149,47.2856
9236212add2783be987a94e54d05c2dee2f9ae0d6108bf409eeff685329de3c3,71753.82,0.0149,47.3005
4e0dec97df25059c9423bece9dc4d5df49c01aad12c8a40088c4ffe5293708d8,71660.06,0.0148,47.3153
5b6f4f4bba71adc77946c3533021a7a3bfae018b2fc97d8acbf6dc1ed76e782d,71614.25,0.0148,47.3301
44f8c3eada2ff2e69b6ca20527bce5ce0cf575e4438a333a8e09d0f8b99e1870,71231.87,0.0148,47.3449
92f85b850164c523e439009370a48091ac5de41320c3632207a7d26552d95c2c,71200.82,0.0147,47.3596
6eca8b034a153f78d6427a10d3387718ed5caf9e685dbb0d1aa0648435f6f5fa,71096.95,0.0147,47.3744
706244156610a33195875efc55b783c70ee9898782c599a11a65cb3480082ff4,71018.15,0.0147,47.3891
ecfc6be788776f54f50791b6588b5a7ec764e8f83e08db9067500a98cfa5457d,70972.02,0.0147,47.4038
952a3cb25719169fd0ba229c94ad3f0a3bbd4fe4ac18593208b588ff5c9f4815,70959.98,0.0147,47.4184
1fe49a9fc96e702c3bdea31091cf57972dccf2ad9905c489f052705e55551bd6,70840.32,0.0147,47.4331
122fdde9fd599a9484fd6c685d21932d3ab987e3f672728da96aef3cef2cde10,70809.14,0.0147,47.4478
1dbb4536bef39b991d5191f352fb8e9266e4c4c46b9c18b3ec5654e223b9b8e7,70733.8,0.0146,47.4624
42f737c98688c233a09a0a862e76c33da193f254cd89890cce1486b63f0d131f,70595.69,0.0146,47.477
4668c9b3473f09e54e362c4b4554454072d1ac66bb023c747ab2fdeeca48c3b6,70540.8,0.0146,47.4917
53900db6266450298ce4a628f3405198f871554706d746ebb13b3029b80d9141,70528.33,0.0146,47.5063
81ab7f700188c640949da2f95e2c50bd0b6d5418d473c618a14c4fa707efc106,70425.35,0.0146,47.5208
8ebda8015151ac40d60fd9ddcdb5bb601e1c27afaf930a58cbff7199b45df58c,70394.55,0.0146,47.5354
ee28deeee58fc612d5cab19233ba24abe3802de5c56962fa88ebef9c3cdfa4b9,70327.79,0.0146,47.55
5db8c26a90bfefdce90ebec9dc9b26467264816e092bac2c03256174ddd67b71,70300.43,0.0146,47.5645
a35a9e73e5f6439b6a0f9fadbd9afc7da365cd1712340eafb2c75dd81b8d1bc6,70208.98,0.0145,47.5791
aaf9038b520116d98f35ab1823ac387817e67e0bea6973e53bd10b08e8bf07d3,70129.04,0.0145,47.5936
96712ef6910188d6934230c48a87f68da09120bf6ab06a052d765f1a59c3c60c,70124.03,0.0145,47.6081
73bd0db3991ba3a2e71d063caf3e2e3d444e059063fa3e466058c93644b38d00,70115.84,0.0145,47.6226
fe2389a946d7bcb6d5dac3800c709f16f657ea1ae47bcf718139e5ffa06901ea,69985.47,0.0145,47.6371
8b7ed9c9954433344b6089b359f3409db38589f89d81807cc768efce03fcff60,69912.66,0.0145,47.6516
867302cd6323190ba829ca1311e4d7fe3bf48081c97c99a5203337937c4a4c93,69903.66,0.0145,47.6661
1315c02ef378242ad4dc0de55e38161502116a68e37e78788c4fe93194776028,69875.39,0.0145,47.6806
54b7baf7f68c0f7861de85c4e3ed869f1fcbf0e6a7b747a8fb8829901c1a09ee,69874.4,0.0145,47.695
1faf93cf244ed2a9ea47e72839ac0a52c43130692717a65c1ab3d2f616357ad4,69809.76,0.0145,47.7095
e1ee9ef78b7b68f04201fb2a6ba931cfa4c81e7d7fe54ffef6b475b2cb363923,69686.61,0.0144,47.7239
1953c6baf4e5e90734c13f73b41023a0adaad053d61bbd8d34e5e20717c7befd,69682.12,0.0144,47.7383
59ab22523867825824eac08af7e7a07f7db00344fdb946580d5fecea1de0afb7,69609.79,0.0144,47.7528
8016fc7887b9216066d92781d9f60f6bdd2e73cfe6fe8a16b5577e8e34ff3119,69595.52,0.0144,47.7672
b501bafad03000950991cd83ca6dbec1aa54717d1e48c0be6de4e4e98ca7e011,69589.91,0.0144,47.7816
e1e2efcacb8e5c65fe2a8a14f3b535034bd28e7275abd111d6c37da19adee2cc,69569.86,0.0144,47.796
4e5dad17dd152d651f996338a7ef1ea01f761791aa9203899355a6b88e99027e,69566.46,0.0144,47.8104
336fd39e66a611ff94cb43915a9c60733b24a3a8ff0521ae57a17fa3fbccaebd,69542.82,0.0144,47.8248
befc8b844ce2639eb397ad2e2bf58e36e9515beba59d2962bb6552fe5d29a501,69479.2,0.0144,47.8392
99d5390b6f060cdd7a1fd00e70acb0242ffe718baae2a735848c15e22fccb4d6,69479.2,0.0144,47.8536
614b032d70b6d855b21e7d5f78d640ccbeb5d67ed7648c875df042fc98e70d3a,69479.2,0.0144,47.868
7639a00f490fc8222233e964ff613c5c6c4c39c21d4885303f8a10addc4d238b,69351.19,0.0144,47.8823
c5a214c1bbdeb553bd7511a04c78a6216dac7bfd67ebe74ff36c447a8bc1b292,69277.19,0.0143,47.8967
006271c917d13b6726a5085ef90a7bda83d85a8ba5f899514023a9f0dca6dc46,69255.36,0.0143,47.911
ae5ebd9b842bbc817a35364c82dfcb2506692c6ea8ab2d587375748eedbfb31c,69222.9,0.0143,47.9253
0923b433f1e6d5bd47c46b6a4b672b836f5782abac3858126ef16df9b30d369e,69111.41,0.0143,47.9397
d43d8a031654a87425301746f0eabd2ba4685d512db5f27eb4bd6b832aa6cfd8,69094.93,0.0143,47.954
92dc97ddaa2542343ba013e59fa419135bfd0cf12ea4711a34c0d95fe590f5bd,69012.34,0.0143,47.9683
dea1c812f5d9ed3c551ddd4dcb9f25ce4aa4d20a11a7f2d01bc993aac1244ed1,68962.55,0.0143,47.9825
63eefeb45a55b6abf985c94b22f2bd8a9b384c291696c91ce38b8caea3593d31,68938.13,0.0143,47.9968
29921c01b5e65190c10a6686586f6240df9b2cb49a22deed4d72173c3bce1010,68920.0,0.0143,48.0111
8d943ecb9dd5c0cea51e02f9159ecdd58de39839bbfdec270a3110bc6650676a,68894.7,0.0143,48.0253
224297404ab2204503d73c0225dc1f00543001808510ccc44929ad8d7a44042c,68883.36,0.0143,48.0396
04f8a05a39618f4ae5ecdd5747f6e0655a859c9cb71d081ae1fe2b252d31dc1f,68834.36,0.0143,48.0539
95843079c77e539f4163380e4a017903836a501e947a837dd3a5bfabfabb904b,68771.44,0.0142,48.0681
5b74c1295cc7a9247dd25ac83ba1efea4974b65d8ba1410b3aeef5aa2ae012af,68755.28,0.0142,48.0823
1a8efee17f44ed179af086f44520770f170d39a7412bd61f99c25d3a4ac6ab9a,68741.81,0.0142,48.0966
302c7accb3a3e5a12c2dfc523609fba9aa5644e2874ecb5b86fd88a70e203418,68726.65,0.0142,48.1108
c4b403605c5971aad17095ac07f81d9ea4af531e77fb53e5a558b36d6bab3a8d,68686.8,0.0142,48.125
ad9d973571ebc12a2761b5836e6292596e2c90889380f2edb1ad514716127409,68636.46,0.0142,48.1392
625fcde3a86e1093397908b6d9d3826a245fabdc30042e0270488e6c4b0e2be9,68516.62,0.0142,48.1534
ff99d11b3d11067ba8ebd905c23079b4b843a228030783a000ee758bc76c83c7,68343.85,0.0142,48.1676
1456bf9b2d626cedb8e8602837cffc71a4c8e19eb489f4813bede5fed65580a1,68308.31,0.0141,48.1817
50f27346f0146550acdd02eff3cd6f44008e7cc444370f702e5a92ec052c59db,68287.03,0.0141,48.1959
d2bb1d6be17f51eb89207a84326a8ec84ed67a489f496bac5c9db1c90629c9c6,68253.95,0.0141,48.21
1a61abae20332cb406ebff2aacde079d97264ff4b33831e98162031a8a29a166,68224.4,0.0141,48.2241
ff2fbb2c3bff60dda45042cbc05bc633afc1719b19a9e74c55988c48a78c2fc3,68191.39,0.0141,48.2383
3b25e0d5df8f8001725cde4476e96f163548426c2ac14f6755e5285cfcd75690,68091.86,0.0141,48.2524
1a98411d0b2d179bf33b1d7c13687f0524b41973a95e2f3f73cbd8cfe0bd7707,68059.52,0.0141,48.2665
b7921fb277ee702fccd1d7a6327df2892305ad0b413583d08be286c900dd0a9d,68051.96,0.0141,48.2805
5a09a2d12414b719c1b3b9b6f739deb24099c7e571c79ee3b9b478216033eca5,67914.19,0.0141,48.2946
b2eed35fe9ed4347d5b475f4ed0bb8d5b3cf433aef224203e92603caa1bca9eb,67897.97,0.0141,48.3087
aa27191ce8d1ceb918ac8a2641e1bcfd0473c21a072ef93aaa9b4e474b65c7fb,67835.24,0.014,48.3227
45f465b52f2f9c613f00ccb313fdaaa39f579d8e4b5e650768a3be0b60e3809d,67787.67,0.014,48.3368
1d3d8822e48c03b7f65b2fcf7f5200986556c112d7cc829961e67b76f64f8dbc,67767.9,0.014,48.3508
b279ce24853900733b1d832dad7309e769f92e503d919dec4071a79ba5dededf,67732.2,0.014,48.3648
7404516a2d49e31be8dbd8160c09e8a2839accf003405a349544aad434877a58,67708.39,0.014,48.3788
c08bd533b17a474e67f5785bf26c916403c78e098677e958a40114d3d9901360,67624.32,0.014,48.3928
6bbfbef5f3e37c4ba383345d5a396c899c3b7ee022908d70b2125e41af8e30a5,67534.0,0.014,48.4068
7a071b145df5a52084fd2e3978dbec02cc10919420883b87436c635115440d53,67489.92,0.014,48.4208
1e29348f0c1fd72918a1bddadf3792200818b47c50a35338ffe9474d2d9f1a67,67436.22,0.014,48.4348
e46b7ae818063144d3813d969378c9cdb8275b423f5d4aaa64dde01922e7007a,67403.28,0.014,48.4487
6cc21deeeaff4f96d4976f21ec19ac4f08365f7a3596cecbf035304f5d99b392,67195.12,0.0139,48.4626
f302e80e230491b596ce02ffb917608a47dddc64634db0fd1422c8ae2b9e13b1,67192.32,0.0139,48.4765
101289d695216523e501b81798b4aeca4ea0d9b5ac97d7f23fe7295a6cc6ca77,67166.6,0.0139,48.4905
c625ab0e863d219f2125a60589cdd2a64f5314ff4813e5cb99d3d5959e9f8105,67149.21,0.0139,48.5044
23665b590ae3a7741214307d0d7709ff1952c395bc4f2db2dfcf874e06ef5ede,67109.22,0.0139,48.5183
cf3bf7629282ed793c053e6309823af11e8c5d93cc503d5fcd775278dae8df82,67099.76,0.0139,48.5322
1f617464ff4355958bbf2b441df29443855f07561953fe64622b9f103b8943f5,67096.72,0.0139,48.546
ba9843cbd23ac7dcf21571adb85cd17788985cd7c725c3362b8d53ef0bef1302,67086.89,0.0139,48.5599
4fc02476102cc8ac34cc6cb748c6a34a934bec31c1524aaf8431b45be6419581,67007.5,0.0139,48.5738
2c455cf6313570d3c7f08e3b7b6d71395d1bbe6ac8b3428310e234618cc892b2,66947.3,0.0139,48.5877
626271c03e79cea085ac8c4743ab1f8bbf208e774899bc57abf841edcf0bae9c,66901.65,0.0139,48.6015
43741946db70f6937ac8fe209d2aa3519cfeeea8f3df7d47300258f6da79ffdd,66860.44,0.0138,48.6154
a0d9819c456947674a4e0356dbc93efd2ca257a164b5aedb6b8430dfa8ac15aa,66852.4,0.0138,48.6292
a8d693b58a488eb0f38aac8e5a18febd81b46532bcbe246fddd13b0f257528c8,66718.67,0.0138,48.643
142a9ef3ffae65218984ca04a22a1016fb893d7d59f4253dcaff618551166dc7,66668.0,0.0138,48.6568
1a16e3863040bb11d6ff9b5f603cc75e500fdb1043acb2afd64ba506c9c3c5c7,66658.95,0.0138,48.6706
4b62f0ac1fcfeefba149970a26e51131b68243130ea103943cf709e99e375659,66621.95,0.0138,48.6844
c52b59b12025dcb5edfd2bffb057dfeb9c06ff765f3fdab1f5ce4aeafa44b76e,66587.63,0.0138,48.6982
b251d9f357da86153cb3a1bac7bda163eaa380ca0be4ff9ea49d29b6dd59a0ea,66582.21,0.0138,48.712
b243e1959f7d526278744c85a9fe58530c3c0c75b180a11f812dd870315f8bda,66581.64,0.0138,48.7258
03ac674216f3e15c761ee1a5e255f067953623c8b388b4459e13f978d7c846f4,66502.21,0.0138,48.7396
d2557d18de87f85f4429026a8cf797aae2336c4cd620a9ef1c7fa9ffdf2ebff4,66422.84,0.0138,48.7533
26ad411ae1954104b02c41dab4fac442e7a870818ba6dfb8f3a38bfd6a3b83f8,66417.41,0.0138,48.7671
a7521b7b08a98bc6ba63f81fe020f6efcfbb93e922a89fea97e5e1b17061bc6d,66322.84,0.0137,48.7808
dc5798448f0b4a8e12de5a1a334bb2d0398c4772c774ec7052f4499d009f6c50,66194.92,0.0137,48.7945
5647e6a3cdc5b7a7d82fcb63a7415925f503cf1435d97f18b75c058ce2a54aca,66160.87,0.0137,48.8082
64a15794edc37fbc5ab884cddb44c0b109ab8c1cce5f6e8b0419cf4e8e595c53,66081.74,0.0137,48.8219
190b01dd0f625b684eb96b6a83697e06b0766b1868dc4e460c7dca023f0941e9,66061.8,0.0137,48.8356
734fc0ff7599995e47f670b77abcba7bb1e57571966cfadf547d881f825756e9,66046.73,0.0137,48.8493
62410203a1e02fcfc7b7752598579fd8306819c2bc6e0cec895b32ebc2374b45,66046.11,0.0137,48.8629
a89cefe03e9d3ff3fd5542cdbdbee881f74a9e660c2d123bb9426c24137f1b4d,65992.32,0.0137,48.8766
0e059e869b00b2d1e70d2db903a48c4dabfc3dfae6a2361878964a6d2e3d2595,65943.5,0.0137,48.8903
86267d9a4b6e7d54961f35f89c909d327d38fdf355affb9b73b25bca26db2a2a,65913.76,0.0136,48.9039
d8209b4b7fc1a83a61a18611f2cae46298e9f9e110bceb4d5d8d0cd290a8fc6d,65908.24,0.0136,48.9176
3e93d00d8031f6365bbd0c2814d7882398d2a306ecf1dce6faaa997171f92032,65887.38,0.0136,48.9312
5576201b258608f03973eb5a20c14bc03e564214d45340ec65dda16bc29475c7,65815.34,0.0136,48.9448
6538e6433d51966bd727e34f3820610672eec0e6310d823a43492ddf3d67d409,65799.63,0.0136,48.9585
2ff0a29a1ba61052d99d86434430591631fa567862ba0ef1307b959a655e1b95,65655.8,0.0136,48.9721
56d4745172484e1651fdee3a810eb55d9ec86dd45c028da6ef70ebd561ca9e70,65603.42,0.0136,48.9856
0d693ec3b1efb05f08687084b9818746652f65e2ca13632a9601c5a108ee8417,65597.7,0.0136,48.9992
4ba2aebee8540a976a90cd21f6cae2633e8b02c9a37985d2c995017fc41cfc8c,65589.9,0.0136,49.0128
fee3e22e76d87f18394537d650e36daacc31e2650af8ac54806d7a7186a5aa94,65542.0,0.0136,49.0264
623427448d569e1524782c26d4c2977e593aaa624af813435a67903268b38cb9,65502.52,0.0136,49.04
2ab8bb48c63dab2ce8a9ef616dcb2717f80ec9729e82d938b50d5495b9cd9ec3,65498.49,0.0136,49.0535
72dc328f4d560341d9b5dcac758f350deca2fa38021a1448be7155cef71cc2db,65475.39,0.0136,49.0671
b7799e7c593709542ae698430d335b81474203b770feebea6723fb06d607d3d2,65465.59,0.0136,49.0806
de0d00406a91c5255b6b8fdaef9e43f09007a485429d04fc6d225460252989f5,65464.64,0.0136,49.0942
ae828b626876e6f40dcd17a0abece168def6b7a080a41d01ab4df8b21c13dc41,65370.25,0.0135,49.1077
115223659514c60a329a1d0abbcb254f15ed3d04435885c2cb878b2e388f2fb8,65283.19,0.0135,49.1212
7e2981ff3e77337a7ba4b715ee7ef32bf1fb90af93b4d1b12d5946425c6fe5cf,65129.4,0.0135,49.1347
53ab59a2de6af2b680ccdd60951a93745a09a58fddab49c16743808d329e57ae,65126.8,0.0135,49.1482
2fd5e607406d36bed2e0d22c9e117d3d0cf2cf4757f8309f9e19e6a3cbd0e587,64924.72,0.0134,49.1617
284d59f5a91f5e68c4e6fa2e26860ab35abb90a94cb908f638168f3420dc92ff,64916.07,0.0134,49.1751
d06e4394cd407f16440a65f7de0b1d42395ae963a773d6bb4429a120f76ddeb8,64874.04,0.0134,49.1885
1b78dfb14aa5292265db0ac70783b08f271bc59a53deaf2bcf8ac18562edb406,64841.66,0.0134,49.202
94c0417564d70ad4874532caf9cf37a02add9bf045b88156c1bbfa63675e2697,64739.55,0.0134,49.2154
26e968a602c95340ca7039ccbd4955dde68b8e57361f44a539b1f809d77ab521,64722.99,0.0134,49.2288
8538e88517906217ce4afc9a2da023992f280593b52e7eef290f9203192b7921,64689.13,0.0134,49.2422
6763b2f4fb9bb21797d043a2ea127e7c91b97bc62bf8a99ee406479b6f8dc8fa,64590.12,0.0134,49.2555
0b01bc47196f0f22cfca8c5287cc8eb717de72b62799db0ee5258cd227f51427,64427.75,0.0133,49.2689
1f921b72981d42335b99596cafa618bb95bc75cba5140e2535eb2d04df0434be,64389.91,0.0133,49.2822
8602a786a6fade337c054118e794a7349baad0783bd374dcd71dd87d7c529eb1,64367.33,0.0133,49.2955
4ad8435b3a37e07a7753105667daaf8e9e1cfa31b502dba1a9cbf7b7473d338e,64281.42,0.0133,49.3089
5c5365a44119d6bc76f929c9c618bc0b6a3033a88ecd0ca69080a755bdd8b072,64278.6,0.0133,49.3222
403a6064177a024d8eb8cd0b81f187636acf6b083c778f94bc1f6086380f0c47,64178.24,0.0133,49.3355
e963a42f370034c4afebcdbf83099531a8335c0bec9b82e60322a661f0ef59c3,64075.35,0.0133,49.3487
e577af434b8cb6d177caf7083b256cd3e1bce7ae74377ced7da62ecc4c93250d,64034.12,0.0133,49.362
c80844bddce9dbff3d29a3917ab09819ab2ac8cc2b5d7a63178788e6c2bd9340,63943.95,0.0132,49.3752
af7ac54f9696c727da077c09da44247d68874c634e53bc3f63af64010ba3d41e,63909.16,0.0132,49.3885
063ee55f1b17019087d16d8c0a231e7d92b63ec42058cf36c92e881d51050e05,63869.43,0.0132,49.4017
cda46fc8fc904849f5ab8a35dc783018a063a622d528dbf45da2466c2fdcedad,63773.52,0.0132,49.4149
01851deb5f245eebd43c34f670278c7f8a5ee40011e4bcabb652d80c6a9e089c,63744.2,0.0132,49.4281
ca36648a493d3a91c5463f81a0fe89d8d061c1e315a5b4007bec116640b5bf15,63733.92,0.0132,49.4413
cd7afa9808dcf8587df907feed78bddd7a584010543561a57748c8b078c36b2d,63698.6,0.0132,49.4545
b8803509675dc2926ee7327280c13a22a68592056dfe67cb741aa407778f9486,63683.2,0.0132,49.4677
764bfaac1ba092615a6a1e95f710f3cd5fac5cb5c85c257add8f835ba507e25e,63622.0,0.0132,49.4808
1da69a54b250bb6607d061d4fde11bf0a43c90d2cf13c715f7bc88e22278034c,63419.08,0.0131,49.494
9f1e7d452a124938c72828e53f194c8ee1a683da3a47a157df82688c1a52bccd,63402.89,0.0131,49.5071
f96b5b92b3329dfdb1f6e8bbe814e00c0947b32d50bda6ed379307d79195bd94,63391.91,0.0131,49.5202
650c9e11bd7dbc90811a3d5cfbdc56065b2769c62965fa4e8a749bf327a85b3e,63334.92,0.0131,49.5334
db9baa244629572e847dec24d94d398a815044308387890e639e72f473b904b3,63156.0,0.0131,49.5464
a9a0b05b3cdd0ee4e7921d567e6209f0f7d5972d4207389428afcb977570ee1b,62831.56,0.013,49.5594
a43005c6cb1f73fb23c9e287185af8654a81a54b70d20dd8232c9b2aa8bdf646,62753.93,0.013,49.5724
a5c2c675a91abe0c054c49ba605743d8e75ea88f4814b991c2a560516e309c10,62600.32,0.013,49.5854
fbb63904c792c1d8fed07a3cda8ce3eeba4ffacd73345c3593b8dfbc418e3e07,62573.61,0.013,49.5984
45454a3c54633860312841201eced13ee0d6a7015ce2c93ef069d2a432708b51,62474.32,0.0129,49.6113
08762f8a5e206920349d3907535386ef885e51e603a5be89b3abcde7be4c96c6,62474.17,0.0129,49.6242
f477b411ac827c95e817f98bf471a0d930ba11dd38fc69d9a87be4f3d35e1dec,62439.92,0.0129,49.6372
0922788ed69310501eac113b81811d141e1c1bf3f0c93717407bf343e731f68d,62438.4,0.0129,49.6501
bc4eabda558ebf519599382c80f01107e16b8541952e395aba4d9f7d36b56ea0,62388.23,0.0129,49.663
9411665ff78a7161e91258e40a38ba872dcbb1a312cdc1bbf9e98a3b765f1b46,62380.75,0.0129,49.6759
7f68550910c31e1c05384a0eb3c191a4de154e0b9956b0c633434dacca01369b,62363.9,0.0129,49.6888
cc7188fda56e64085e6e685be6b3694fbb10b30d0b6a43ba1186bdde77952a54,62047.49,0.0128,49.7017
2c903ae837b047fdb5399bcc8883342ab398b868315d5c83e63d06f5c49efa1d,62044.66,0.0128,49.7145
fd1c5bcdea15f05911e2132fa1e40d4eb79bfc5e1ad473c6df2ed7087be5e2f0,62032.9,0.0128,49.7274
8cc9f730a6f9f41efb838d9ba70dc70b640bf8de8e1b48a2f1776d86dfb626d6,62028.62,0.0128,49.7402
f7f9622e19f25d1733f698cc9ac9bf1b046d71f3a98383c06e5a4c34d39a261a,62004.7,0.0128,49.7531
f7be173fcd1baf274a2e4955b800eb03f20e12bbe0e625d6ff56d6d8a66b8d4c,61991.94,0.0128,49.7659
2615744a9df8c6362d6dba1d43abe12d1d1234e5bc1e5e1438d235dbd02829a2,61941.09,0.0128,49.7787
295f318712593abd210bea1a7bf32d115936041f2eda833b621bbfbfadfc06f2,61855.44,0.0128,49.7915
f11ff2bf857155d3109d5692642b74b40c94674c63066a9bf959440e242e3a84,61698.8,0.0128,49.8043
7b9a761169a7604d5e4598c86ec8f1d75b757f8a4e692b7d24e98c4243df32a8,61676.74,0.0128,49.8171
1a8f6247b3f2df864f5c32336455319a5e8c036b72e5a54f74d66b4d9eeb89ed,61638.24,0.0128,49.8299
3c784cd9e181a4d7059b72d33837c7290984c26d5badaeddf3547c859440d537,61618.08,0.0128,49.8426
0f2f55384aecc6df527574c5dbc3d55bbb8f47fe294e7ef6ca50d0d8711ebd1b,61604.81,0.0128,49.8554
4c57e9d23e92300b22284106a41948c69714f2f1607486117fe5df2d3181628f,61577.63,0.0128,49.8681
7ed1a09ee08a9175a11dbdf5e252dabb1998786a3009c60b55f339390483f2e4,61434.13,0.0127,49.8808
a6803d61c71db2d9c2b6afa9724a7bf7db7566c6cea35ab665d3093eb9765b1b,61341.94,0.0127,49.8935
67aa7a9330e5ef11d99fed5163718ba36117660ec92a55540641cb8bc99280da,61253.0,0.0127,49.9062
eb8301d71d73d0cb2904597c9d82edb0042d918de2d58e96c1383c1adbe1a7f4,61236.08,0.0127,49.9189
129bd0e9563751e6fffcaffac0affe4ef16f6176389a9fdba590e1ae5c54bcd5,61157.8,0.0127,49.9316
aa6c972ebdecbf43f07d7408ba24b6aade9eaa6aec3e39a182ca4569838ff69a,61082.94,0.0126,49.9442
0020d0d07d3d8ead65c934f93e3e35499674ac1df293af195b5b13bff6d395ec,61033.19,0.0126,49.9569
3ed942e2e1c8757bd280daf0ad10c8170ef9a1a3d24ee32b64c90e791c366636,61011.92,0.0126,49.9695
9f70df2469b1ebfe267dcd9cacbb5beebddc8ba8f320c3bd328373381c1f8701,60988.8,0.0126,49.9821
99d11ae3f3170ae519588dd2f8d1dfcbd86a136035ace15276538d7f340dce19,60942.01,0.0126,49.9947
c65f9f0e245108cb823a71566e2ee9c4811de2da3af4fd2821e6c3c52675e5bb,60894.2,0.0126,50.0074
fb6839d66f5d91ec490da12fb674004d6ee4edd4ce25bf6e8031f5037e0a5f17,60861.75,0.0126,50.02
e7afee403292b071576764221848bcd1400aac46ed45a0fa5e7d2767845343b2,60838.88,0.0126,50.0326
aba10ce896d86a05f278ad206dd16ed6c0d9da2b5d1a0c6395a56558de48c1bb,60835.35,0.0126,50.0452
97e481cd81766c25c00b5861a5ed9d8f2477d87dcc9a21e003c332bb78e5a775,60794.64,0.0126,50.0577
fce2bfcb0f78fd8f13f2d292995d292bad8d1edea6fb2b2009824426b178cd2c,60723.08,0.0126,50.0703
d6548b76a3f8b2de540385c4579738b3aeea6f441c360d23b6729bac229353f8,60664.4,0.0126,50.0829
236a34b8d2bdc86cbd03f8cecbb0b3c996e4b19fe93b532986c0ba8f087ac4d5,60630.08,0.0126,50.0954
efabc46b26e250d9d284bc1851631f726fce100ac2ee432cae2baf70d198a418,60578.76,0.0125,50.108
d75e3d1023ae2d4828b1afb274c62ebbae5fb8112ef0ac7f2afd00d30b2bb225,60566.44,0.0125,50.1205
c10e62b57c28e81cbfeaf63c0c9c45de2e07162e85975dfebc49631882cfc6eb,60528.4,0.0125,50.1331
3f6e4d402f7f95e7c23a247fe70c924334c011cb3fd90e26ba667f062d10f574,60509.21,0.0125,50.1456
d37869e2adddea043af0856e07fcdd638fb95a340b9f98596ec8f207881f0871,60495.13,0.0125,50.1581
ed9dcdad20f6626419ca288100f423bfd5c0ed4f36069bd5abcfdb94dc099526,60482.09,0.0125,50.1706
6822b37f9a6ed60e74bc8eae337bfdb9cb239d06f11cae804fb8d141f0c19283,60431.0,0.0125,50.1832
9f3185715f8fbc9b13274ed7bdb17acc5cff03014150cda5ab0e622cdabb35b7,60423.06,0.0125,50.1957
33ac2276708a4db4ea2e73c4f9072749970c0b6b2d51b65b223bbc8696ac70a5,60379.28,0.0125,50.2082
3c2ac020778449fe978d7459042b75a2ec3722948d9865b91c3af58ce4ae9453,60337.71,0.0125,50.2207
83151157c10d85af7c84657c71c3e3603d955160f0526fce672481da83a2e090,60335.16,0.0125,50.2332
9a51f5373a4c6fd3e1a246a1160f0b3ef5f09b1d9790669206906c1fa2058c13,60298.3,0.0125,50.2456
a694c237d67a55aa24775f53ff2effc964c55ac51241e179f21ec7e9c50b1be7,60292.78,0.0125,50.2581
2614be333ba992614552cf451739077ae226c7d66d6599d3c8463e7e4ac4d732,60257.86,0.0125,50.2706
5055adec798630f1c7967623ff94e24f30733813aa2135f8b8c700ffcb7f34c2,60231.0,0.0125,50.2831
f564393555aa5fac0325b19ab3c4b9bf642423cb9e10fa223074c6bf271ef013,60212.16,0.0125,50.2956
103ab77b6659ed505a3c396e08af22e61355277cc7d2c0da544da33751eacf32,60211.8,0.0125,50.308
baa9452de323e1a202c345b5b14bf07840ab3e585a346267f70997771d1a2ebf,60166.18,0.0125,50.3205
197090471a1619b69ca7390a32e320d2a41532fa8cc31fc73d082abb8a92e802,60061.89,0.0124,50.3329
1f7553a3b4c1b8cc5dad60e2d0a5dc0a7c7448bce79e53300315c698410855ee,60046.56,0.0124,50.3454
e840f24b2de053bfabaca4756f60bdec32480df9a765876df5fc38104c67fb57,60033.34,0.0124,50.3578
9bb166baa915c493b2138cb4f3d78eadd4311ca245aa84a87bf97c930bea4b02,60007.06,0.0124,50.3702
941a250d029a6b990293145f6cd505706d222d12bcb78a6019a9e3c30fc0a540,60005.18,0.0124,50.3826
c6c6998c42ad3102a738ee3664143490262e0549f5603bcc857cf38acd2efd63,59978.93,0.0124,50.3951
b80827674673f983eb0ca4f0d60a3fe3b4d5bf8572f2e3a37db14986b666a470,59973.58,0.0124,50.4075
8cab9953b7892dd9fae7499fb3e1bf13ff2df181bc6147bcc2703fb9c2874a03,59905.64,0.0124,50.4199
257500c719891e02edf8eca078a2eedc724b8cc51a62c9612a2d4b806cdacd26,59884.05,0.0124,50.4323
8615344aec94ab48f0b8a1508be08ecd9b71269c26134215d48d427a75e6195e,59880.68,0.0124,50.4447
ebfc24b941ad2a548fe708c79098d0160428a34762622d285145529e7e05f8c3,59860.8,0.0124,50.4571
d2e240e8e53ba36ddc28332dcedfb01c10adcf22ec40d043e7c591b652078cc1,59818.4,0.0124,50.4695
22ce1cbf2fef0bf911102e62e5b1e074bee65318c5a19ff8fed470043b5c2662,59763.63,0.0124,50.4818
6be8125486690d44edbeb6023adde4b429cebe21dd872bcf77cab53428880afd,59624.95,0.0123,50.4942
9b7b06e8367a607bd7671cb425029af5f239404b6a4c4c0a55758ba1e0a97058,59588.6,0.0123,50.5065
fa7d0c0474213b662f55500e70381c7a283c5cfc4be7c9c21ae74359695f1ac1,59559.48,0.0123,50.5189
71e1f66d057ae161cf415ba7471b3b213a1b629d84379dc4fc4a8164ab98a485,59522.96,0.0123,50.5312
a71b357abdda6213fa660e43c6c891289cbb864398caa927c01bdd6efa0813aa,59502.02,0.0123,50.5435
da8dafd10ffd2665d681a69cc8228624a6af4409b51a9eee950ba12b49fea53b,59459.0,0.0123,50.5558
ecd810aea22b8119195732c9775068cec64798526c506acb8ab4ad5cbc4b4759,59410.41,0.0123,50.5681
85b7926db02fe3c32d49439827dd92f39626fde34fe1ef1beebc4c1280303b08,59353.18,0.0123,50.5804
813b46ebcce878919e0fb7acc56e8ef9b2607305e838cf738ca76e45f58b5e7c,59294.4,0.0123,50.5927
54ce1c1bd21bf51cfa674ba3f93722ab7975345bff2b10b0dea76d86f6e357eb,59273.65,0.0123,50.605
995a93eb1ebbefab9e6bef343b654ef845ed943cfbdbabb9a119bfdd862c68b9,59264.5,0.0123,50.6172
1fef9fcbf324d25916321108a416213ab3c302e400b4849e8373d46e64841540,59262.38,0.0123,50.6295
2bef24e85d27b39f736bed77d2224b8146b7ca102fad49e0b0b4ef179f38bab0,59244.92,0.0123,50.6418
0161d17950e71bbe535009338527bc27eb69d2a50c0ec7c46974e1e4634c5bdf,59211.44,0.0123,50.654
65ac143a74512ed6c7b0435a8602ee3ed1a3259f52647f51a404f5910ef68793,59166.4,0.0123,50.6663
4350d8f276149b1e20717101d811179639e4eb8eb1601e0462bdf740b70a4cae,59125.68,0.0122,50.6785
6b1b0ad0a391ff131cb1990ecf3f03c12e1092a81452be630d573e9d2243fec3,59021.31,0.0122,50.6908
2a68ee53036a8cb3d31eb560b2d96138252105364a4925e160131600d621c1a2,58999.0,0.0122,50.703
7b59fe24106c06b22d698353bc07f3f18727a6a9e1e0422bed4ad7b8ddc83b57,58998.8,0.0122,50.7152
c826a3b1e2e04bc14572bb915b2ad2239dd2b5dc9737369f519ec0d5fb18942a,58939.99,0.0122,50.7274
bf355b05b0def7a87f0abbddc5a823c9e5f20cc883cffbc08aa80bf518013023,58903.34,0.0122,50.7396
1e8db9b3868e12b2c17869bf61b4d72ab9212d0a612eb37afecbac8e1ecab1de,58875.45,0.0122,50.7518
7a68b8111b841079107121960a208ce78fc69e40ee37387e99c419d19fa34568,58839.7,0.0122,50.764
a16cf76edf17c373f634c13ab0eca07de32bc64ccf663e4677e3139d1cc82dba,58794.13,0.0122,50.7761
e91acf835fb6f28ca2db325273375444ca1fde6d48c2914aa38f87b03cf34c60,58775.2,0.0122,50.7883
c50b58f7c1ee6ead7f6ddba9498637277a17631e2c41d15afde6ed52c05389fa,58719.13,0.0122,50.8005
c3ed878b0f6374dfedc38c8446bcec0c6c4463209e841d3e2a7d1b749d07dd5a,58689.59,0.0122,50.8126
9467ff7ac54c9f69438b85af9df0c12db49d57a494ba55f9255fd3e0ea33ce6f,58669.44,0.0121,50.8248
97da3064bcb984ddd776fa93500dcb1e5e7f50f94426742faac47e10c67711ca,58654.0,0.0121,50.8369
4f9ea64a2919bf572c2369907ee106a0785104f7034fe94f314224e10254dc79,58640.46,0.0121,50.8491
fde435889d84eaa1c1dfd8fbfc07da1013af307712465262a837428a07f2e59f,58626.29,0.0121,50.8612
eda2b4c97af53a5636f4f828f03f69e102123fea842e1b4e203c8acf58faa89e,58595.56,0.0121,50.8733
9572f3c7efc4cc5110eaf6cdc26734a4250e6a1357dbd3bdebfbcc67c790810f,58580.12,0.0121,50.8855
48fd75f672adc09385769313f68ac3bc89deeac89de177963601c48fd8e0fd2e,58563.38,0.0121,50.8976
1cd3f86df36e27a62a114905596fcee7ca4b439fe1b88badba2ebe4d716e6bbb,58422.89,0.0121,50.9097
bcdff3b6c61b3df5fcdb64ae48bbca189c368a3324080c91481492dc19d38ded,58379.05,0.0121,50.9218
dd81452a3495c85d14bff39cfc396f684331a644bfbf4b0d8c1ed56f2d98037c,58321.56,0.0121,50.9339
d447357def1042e2657cf86a432e576ff54797efc93e9ac9115d4890e49c45aa,58158.96,0.012,50.9459
cc99a72935180ce3e19bc2092a5887a99483d3ea08ac1913a2b7cf9cddcd34aa,58149.2,0.012,50.958
8f19dc9930bdc5c63eab37d6ea3d0e301f46c2367eb1a04368a41ecdcbd5ee3a,58145.57,0.012,50.97
0ac65b26b9e17458edca308b100b7bb28d8ca29d1e943cc29b10dc888c36e896,58050.4,0.012,50.982
5a6903838df2f5833889cbf45eb7599de9b858bb1821dc321540fb0bf4dca517,58025.9,0.012,50.994
682b368f04715f4701ae3d433aded61acf3c635523f82d7d04887ef980b97e33,58006.0,0.012,51.006
f0bb9cb417b14f650f83ff72e141c5e12620babfbab4ffd31c1bdc03f49563c6,57976.5,0.012,51.018
f1bb2d6246e8182bda612b78ef97192490ebab0eedd2012de81bd483b1becb4a,57931.71,0.012,51.03
6c19f5b8140982648f25307728c54da931f157fa969e1b58b3b69f0567646a9d,57813.08,0.012,51.042
b2945a881b098f9506253b0df3b74b7bfcb6eca123e51335dc44471aa2afc764,57765.06,0.012,51.054
28c718877e2a4fec0181274fa25173af226809d6c782d190691494a903e7b425,57760.52,0.012,51.0659
23448ab89c538a4596374bdb04e3f2d9ddfd45a96180fc9e40d6ece6d94f25cb,57754.56,0.012,51.0779
337ca6fe86493b9fc24b3ac5493caddafde71bf2488297717150be59d2289bab,57748.76,0.012,51.0899
332d39fb87de95316bf6a1680514b801c217a3de2201599c113e8aba7f1ec23d,57715.7,0.012,51.1018
d9ff68c80852a7a89289ed4236e79079f9e584f17db126a25cfea26de24eb67d,57661.48,0.0119,51.1138
9defe8b6e6a426a88e120ee717dcd11a8df13a18b6131650d8d8b35c708cecf9,57649.2,0.0119,51.1257
724de3962dde9fac17d30bc3be7b445cd2d3a3cdb7a9ffab5b10e98c60a2b107,57633.58,0.0119,51.1376
331003ca5810fbd2559a5c290d499cf5cb48df3c9a7bb6bc5f0439898a80b2f4,57631.25,0.0119,51.1496
4860fb4eca2b398d4f5861a83d0ccaaf690e3419d43f4fcac3c52e7823dd43ad,57545.6,0.0119,51.1615
c5e93cbfb6fc7de3ba4223f3aa9ed160ff3c53b38efd1f25c3eb31fcfa4322b5,57501.07,0.0119,51.1734
07a18782b98ab00d4bb36c23ba1a13d80224f7d810a4c0a6c2787bb6782b9b6f,57477.47,0.0119,51.1853
4e4e0ebb25f7147e029b8897b3a3849f33395a4bd51774477bf0372246c75cbb,57469.84,0.0119,51.1972
11d95527654674387ed3ef52cc7881c6aaf355e72727db8c979ab80f9980825c,57447.59,0.0119,51.2091
c906c2fb528b91582b3bad61b6a817eaf7719e310baca3dea1e79c10bb119146,57446.24,0.0119,51.221
7e144683dda013b91f75b7194f83e3a171bd864129205833284ace230997ad0e,57425.44,0.0119,51.2329
3949ac1596ec77106a709a618bf5adcb19b77537ce8bcbdf54ff830169cdd084,57418.5,0.0119,51.2448
5f0e9675dc884462ddfa292c721411224d50459b1a6f58d8c732fb4c8adf447d,57383.14,0.0119,51.2566
6a22ada2e4a8e7f4391fb99b51d240efe8c5de97d07a7569e00e8f41149c7063,57357.8,0.0119,51.2685
f2d96a3c73950bc8a031a6c9be602a08141b0ccb3816643fb46c6d3da90ffff5,57341.79,0.0119,51.2804
be9242667ba6a212de91b07e41983c344667efc7cd554c96e977e4e0eaa94617,57337.36,0.0119,51.2923
c39554b8636b2b942cdac6c1c0cf187201d5fa4a73c85dcc05fa58a0c5199818,57314.84,0.0119,51.3041
b5ca3ef8b161f0a8baaff761608e717312e4b0c60001481c8279a7026bc74fbe,57248.32,0.0119,51.316
133afe77f2fb573e903b246d2233b4e42fadd9ea02a415ec0f8b6ae0e4ac147d,57122.91,0.0118,51.3278
8a2ce3d29ea75e65617e22cb290f95804238d8794268838606b10608739a6d72,57109.08,0.0118,51.3396
c7fe609d7465a2a88e5db550910e189ace4c557a8f04aaa0c6372b8890dedfee,57102.76,0.0118,51.3515
7624598a24c37ba86319c8b4827e3c17d125097d4719c58df9294aec7ffa2bb6,57083.6,0.0118,51.3633
43a0298ed7863ce8f45f36c0d15d8d2fe84c7d1f2a21a87b51c36b3d18eb5622,57079.96,0.0118,51.3751
8a1b57140edb54b33e6213607e055afa1a1fceece35f2faa01bdcfeab6ed5f15,57058.02,0.0118,51.3869
867fae53120d9374c91e84363b13934ac69af96c7962221257e9b5dd0c646987,57035.17,0.0118,51.3987
3f2c5fd448ce29b4f8109f2c4c23c9950830480751c404ea6468e1189bf5d24f,56928.73,0.0118,51.4105
e162e30a5a4c1e44a7e04fca063c296001f26636ecf384701ae17849a4f83b11,56885.25,0.0118,51.4223
7f339365f7805ebc4cd37f723c80e2abd1c7939dd252859cf6a66fa1bb529ccb,56828.95,0.0118,51.4341
b7ee1bf62e48a98339ac2819cf36e78ef74b3ff6699d6a823a34059a18c00a27,56821.55,0.0118,51.4458
baefd415a24adf042bacb8ee5c3623a49df421322c01b780e35e58d19dea5ca2,56715.15,0.0117,51.4576
50ecfbebdb5be584c3071c5c8d2a34003333da44c92018fe2820316452fa5c5f,56669.55,0.0117,51.4693
03dc130d394750910990215aa7506d2ba8c5cde5598068145bbb84ba2ea0305c,56657.63,0.0117,51.4811
a1aff8f4230c1c9d75313de87147d5b3f927c3c9558ba6dc2855bca0e475b7fb,56569.92,0.0117,51.4928
fe86430130c978b2836838c6bf55797ebcd8524f4ac3ddbff81eda0e7687bc2f,56551.66,0.0117,51.5045
79a431fea466806a06fb8958fd03a85e9cad9df09e670eae441eead9a8cac185,56551.43,0.0117,51.5162
10f855dae9a88293d9eb4ebc45bdd61dbb11e8b28b9c55c7810b538b62be2f1d,56496.66,0.0117,51.5279
716948146087901028773003899fd37d3a85181dcff0b9b8bc8753d0189506ad,56440.4,0.0117,51.5396
8041c94e44de7ca9b8570bdce091e02e83c54c484931c3b6f55d2fb0ee6d34fc,56410.15,0.0117,51.5513
ba34b8c347f211bd1a5b624316ddacdc4a788ffdabd5a8ba0744a574318084ca,56404.41,0.0117,51.5629
2d1021bca601667cb3313cabdd9f7cbc8a556d27a0cdf36573f279b088871089,56386.72,0.0117,51.5746
eea282c73dcaa397e3714eadb2e0f00ab549340935afeba1c28dd6448dac3352,56336.16,0.0117,51.5863
3a60dfb475320d92571e9ec37097f44cc50ffe83a2c05dc1f292e635b68ff45e,56307.74,0.0117,51.5979
15ff5e4877eb9326f7929f5950d8eed14b5a524d15bfb248b3c132ea837859eb,56289.8,0.0117,51.6096
9cd5507382cd2f62d1237b0fdc5db09a2b1daddab9712cf6e27828185bba2352,56276.52,0.0117,51.6213
f047f16fe568d8752fa6249402ec37dffe68ada40e574ee1e98f79877c23ccc0,56203.2,0.0116,51.6329
ec5b126e9069bb9d437334a4cb9044ca496fc827dc2b0db77421a04577e369f9,56192.81,0.0116,51.6445
3dc6da2a4b0be7b3fb8f2200c2eacfc7d6f8509309dcf7c0a01f502e685ae4dc,56147.6,0.0116,51.6562
fd4a4df6fc2e0cda5c2e1d08e57e28341ca9fa067289d9b661fbbc00cefa50e0,56099.01,0.0116,51.6678
5c2031a508368d7a29c6a0c44adf665f86ba88c304b1b93e75abe35740fbc660,56076.6,0.0116,51.6794
d5e90020afba7ec495dfb8b55426c4373313ba66370748da227c3df896782cdf,56058.6,0.0116,51.691
22ec0d16bec208f4fc46b7e57202811b0165a1bd68aafce5b3ca9e4b61ca8b98,56049.61,0.0116,51.7026
a4aa6c5efd4516a08521ab18919568fcae3d1df96e5faf24feb7fd9ad681540b,56049.05,0.0116,51.7142
36d82509c5da13628efc398b88ff75d88b864aa751842ec60bf2b0f8c90769f3,56011.25,0.0116,51.7258
48a2ac6b66a6895891095784fdb439e3225a3d87e15658bbd5926407a5cba7d0,55992.0,0.0116,51.7374
90edb0d548b760e009c73b204b6898391478a4760f82195d88819c5c3b885653,55991.6,0.0116,51.749
56bb76fd6da09948d1ea24359bb348aa74f01594243e309c5ac44562622fb3bc,55985.0,0.0116,51.7606
3963a081ed462807f6a4c9d543bdd4e249683a53c818f01220a994fbcd248575,55983.48,0.0116,51.7722
71e5845740d19b2de5dcc278742b87b25a05c961180559b86fafcde022300a10,55972.45,0.0116,51.7838
4cbee821d8bcf0e64560511313b9b2afdff07154eba9d98773c3a39f31764f35,55922.61,0.0116,51.7953
22eb65bd508c89945e9d431757f321c4d76ba80dcb89c40306bb1dd26c9e6939,55911.98,0.0116,51.8069
1467a0b1dabbeb4bc527497b22df720fcd76ff9e0874eb31b19e8cc5a3568fb7,55846.2,0.0116,51.8185
91e09945214939d21e69be33bd02115a43a911058db2cc10700848787950642b,55800.88,0.0116,51.83
8d5c24fb5926acd324d19799dace0d17f9370d7e9a2a2431b7776fd91197af5f,55746.6,0.0115,51.8416
9c13761ea9db7fa5653fd6fcb90299b15a9dcfc78d526c97ab8399bfcf5ae47f,55740.21,0.0115,51.8531
695e47e6f7117618ede0ba1966ea0458e6819ea2a01c7d4715ca5c5ea7aeea87,55731.41,0.0115,51.8647
1858107dba4dc9640b3783f9a069f8fd55b2fab33987b873aa43df23cc574dd7,55712.71,0.0115,51.8762
f22e2c3abfc79b0307fbac99b6a6a8a25e44e5a864668daed4989ae0a20da974,55695.73,0.0115,51.8877
5d6ed445fbc0e9eef42edbf56fb26f1d8d8e2930a950b24f5382c0e56cf0bec5,55670.69,0.0115,51.8993
dd8251627dd217f3b4afbc7009809e43a42afa8385dfb73b3c07ba4e0f8605cf,55631.9,0.0115,51.9108
63520ff2fe10c4b845da9eda2293941147b6b9e0ebfc57fb89937565bfc6ea74,55594.2,0.0115,51.9223
b43f4e36319f56e0716c139f3aaafd27033eff77bddd42a0c96be753e54ebe76,55591.32,0.0115,51.9338
20faf6a9ac81cfec8763d1dc1fdf704dab50219088db29e6ed8ffa17032b2077,55582.8,0.0115,51.9453
ad6976c0a9195d864b339668dfbab9c0edbfdc1505f386a94fcb0368aaba03b7,55567.6,0.0115,51.9568
69b2875a7b10508ab2eb55990abc21718474250f7629ba82806ce30d7b384d9a,55552.76,0.0115,51.9683
beb9b9c238fb334d51024af4b7a40d9cf9e21b6ad3de911e21de181059905cb7,55540.65,0.0115,51.9798
acbb377aef23c069be6e0e3a918febc8cb94efaf4937a4ac3e6c4fbf4f2e1334,55538.6,0.0115,51.9913
9b3ec9ec7f7ecb40e60ad11c8b3a805260a0ba6994cce59a63881f022134fc5c,55538.6,0.0115,52.0028
f0f34f2f212bef194f141c69ccc7b21a2992afb01f0c9d87df524169b57125a0,55530.66,0.0115,52.0143
a6ff00f1f7d0fd961a433ec8db04fdfbd050988e28574c06b92bfc50e24a8b7b,55500.8,0.0115,52.0258
3f07ce3482cf2e60c8854f043df59b19d7cf584146d4b38dbd5618f68a1a6cc9,55473.03,0.0115,52.0373
092158963f0133ee6748d7bc8a22fa31809bb569003b5ced9381ee10b86ba378,55449.48,0.0115,52.0488
46d10193b1112a5ae77a9d5f4bb31eabf8394f5e31039cc2f54f9fe78d3f762f,55397.0,0.0115,52.0603
c853c8b781546674aedf3a33136d7949d190f69f850b7df75d02542394f74964,55364.6,0.0115,52.0717
8d57a399f708ad887d64e9559a8f2a616f7b45afe692414bb345c3e8557d4d52,55364.37,0.0115,52.0832
d5c242513305b5b4fe96b3daf8b9b93fbb09e916e56f58da8fc562eabd26bbda,55356.82,0.0115,52.0947
59b238c00fa316267690e86cec5799dfb0061f7bf9aefcece9f89575a5c6b188,55343.9,0.0115,52.1061
0ae45bdd95b7939dc9ef49c7329cc470b519462175fb89f6bc1a871748a89e80,55297.29,0.0115,52.1176
f2838eb9e6efca34d470ddd3d2b2a899eee1376fab9fb0fba654d8c47c855219,55276.49,0.0114,52.129
e66335c4973247036a73add7f280734ff84948e697e670d6272badb42ec99c55,55266.76,0.0114,52.1405
acb79cead9618cf14e22db5b3b0975c45673a94c19a8354f5b5d75ffd44e326e,55211.64,0.0114,52.1519
0bcf55318ce91216eb145aaaa447739b1d4f3a6265c5e2d2c9b2a87213c1b416,55193.0,0.0114,52.1633
4ee865bce8a0dbe10bb9b1fb491147419ee93d9fff3355d929e7631fea2bddbf,55179.0,0.0114,52.1748
9dfe51c24e72adadaf54e0bb9a30f742c5cef05bca8189e9b2f54a764f347622,55175.0,0.0114,52.1862
40adfc64e87a5f8cb802dae6502ae1ecfa3c5dfe5333a75e2d5734f1293245df,55161.14,0.0114,52.1976
b94e0db7e03dca4a8ac9a94be08e274c62250208d6fd330b84f8c086e88cd830,55144.2,0.0114,52.209
20de8c06fce92c6d42ae85a027be4ce49f2d4520c0391a289c9e8d1f84faf7b1,55063.6,0.0114,52.2204
3b7ffedfd5916e6ee067be68f0deaef34beb18eacf7f7e1be5b3514b8fac177e,55039.49,0.0114,52.2318
985a2f6216b1d7a92d824f17f715fe972050ca6591bf7ff6b2c110f5a721e20b,55035.88,0.0114,52.2432
c4bf0e12d696a5217cf9c62c5f843f65f9a5f31fcf3cadae2210eddf339fd582,55035.05,0.0114,52.2546
a332ef0191f46e714cc5bf0f5d433bd88dd3c38e429091f3dc689b86d0db0829,55013.24,0.0114,52.266
5294c8405b5455a085c7b55cbc45a2b9e66cdf8e4c7c1ab363ca569faaffedb8,55006.3,0.0114,52.2774
dcc4b2fc7ce2c379d6307993e67365e14759c8ef7c7023bfd6246a21ae3a6a45,54975.41,0.0114,52.2888
c1c55a3ffabee792ab2baa049a1217fca74aa52c8da3cca6f638cd0bb9af77d8,54871.01,0.0114,52.3002
294c043755c0f31938552be955b576be103fb54f946cdc36e4af00d46faf6ae6,54871.01,0.0114,52.3115
b72fdb72edcf6af9136f45512204d46903edc71c733db7604d301afc759120e6,54755.02,0.0113,52.3229
d4536d2d9ad4f37acb0e0d97c1d08d64698182945b6c0f586d802e0419dd3cda,54722.08,0.0113,52.3342
2702f1dcbd95d1ceb577561c64ade8a331ee5bda06faf84043dc10227b553d96,54719.7,0.0113,52.3455
40788bb66509edaae785899ce2e4756f433065a95ffb2eb3b27544dcc17edc82,54704.2,0.0113,52.3568
42de6579eda2661a03f898681c1b64696b114b3a81371ba0923d2974b8d01e0c,54697.71,0.0113,52.3682
96043a9a1db983479749c1449fde15d06f50eac54acc1648b8c0b6b6337cd9b3,54690.36,0.0113,52.3795
c7b1f71279cf8ddac1baa19b9dbe8df60a04d4474d49d1dbf454a456184f14d7,54648.46,0.0113,52.3908
240b4154a07e21fd162cac4d9ed3224efd32f214ccd9312d62de19081e0d49f8,54643.13,0.0113,52.4021
8ccaacae70063518d9000b3dfc058d4dd0a86d834cf3b4a21c24ad953453c90f,54586.81,0.0113,52.4134
2ee8f8da85ddc83c6bf8ae5b0710704430ab49931966fde280e50e7753df0f28,54586.33,0.0113,52.4247
f29c30dd2b34f189b3b35b57a066b31657519f0e4dc818d00111811ed06b2384,54570.4,0.0113,52.436
31465651f4e49bb38588498ccb584677e73ab0247e96cd7e44dc6a764a054fa0,54554.46,0.0113,52.4473
0a5c78c95e5be1fe2762ba51301beeeb832a15d353704be4a08cd28ab5614165,54546.6,0.0113,52.4586
236308af6029b1ee7661acf80447b5babbb1bfe45c4c62ca04780a913633a56c,54520.58,0.0113,52.4699
cb346b54fd1016d67b1c7bd885f1f64d88c7930275c920d74725f0d873b2ffbe,54518.61,0.0113,52.4812
f0360e07ee38f2d5db0173fa15567b9bccf06d87d3d94d2bf1a520d2cbe4da1f,54502.08,0.0113,52.4925
18f65fba493ea443ee7425dd154c3aaeb765ffb12ad5f44ed1549f5f3d0398d7,54485.41,0.0113,52.5038
ec844087f19a11a53c8f56d59881b55e091f3bd17e17308d7a6e2afda175c21e,54483.51,0.0113,52.5151
6289a23b3d8d2248cd6febc3364d5be36b3132d60166a0f7f57681a76509307f,54480.21,0.0113,52.5263
2fa12b94d6e521bf61f73c7c6c13a2ac1f1e7dc3036580de97f8c2a526c13290,54480.21,0.0113,52.5376
49f8225b289c5b8721b4fa7fa4577b52ff6cbb264189136951f9eb78fa74075a,54433.18,0.0113,52.5489
adb14b2c50db429a55dfef46e1b77938b808dc34b42a0bfd8787468ff66cbd9f,54407.61,0.0113,52.5602
001a49fe372901bb80f13db01628cadeabdafc7429e3b5793975c375c8c561db,54405.27,0.0113,52.5714
ed37aef4f9290fd1c0eb89072876d4c38e974bf09fcbef8862a0baf829de237e,54403.33,0.0113,52.5827
3d2c50dcc96342fe8fde1ab1678a68d8153f19edabaca58af0db63f6f20aca88,54399.11,0.0113,52.594
1e0a209f18fbb08687256bc57eee6117b87a623477e627310e19a562b85bc533,54379.15,0.0113,52.6052
1f9ccaefb29903e6f9a43547aa12106dad8ffad8b60a4af19878d96a1cc7f142,54371.4,0.0113,52.6165
07cb12bafb24f7d265fc91ac780b6eb02ab5f86043305e57f5c6eca77b7c8736,54289.21,0.0112,52.6277
0b47077fafc8ccb6ac5a2053fe55cf976eb113d8d739c26b7535e0abde65348d,54277.21,0.0112,52.639
c61cb849b201dfea823904b79db2a6f8b2114665851492f2eecbcc00321385c4,54226.4,0.0112,52.6502
3cd703b3a1ce9c8afa51837fc5c091975bca301144a13670d251dde7f74c29ff,54222.81,0.0112,52.6614
6d66efe294a350d0bdf5d9110f49899a443580790b05eb36dd490956b6abf6f8,54174.13,0.0112,52.6726
a2ca0e5778956706fee76fa550af96325a508684a50fca2a6414b90bc014762d,54160.29,0.0112,52.6839
f95de9ddc1a867029c2cf0d1ef868f33e3a64a7bf40304391b7cd4dadf371160,54147.41,0.0112,52.6951
3cb65cad26f0a517866e06dcba59afa4a5eadf832404e0e17c707b928825c144,54078.1,0.0112,52.7063
d64dfb82ebf081d45fbb6682ed4c934e08dc4fdecccddd531845f2a1a212b428,54073.56,0.0112,52.7175
7c338a5d72373af8005a82d0d31ca02c2b36f4c5753e0937d9a51b9583a697c4,54061.32,0.0112,52.7287
b7212d528cfa2b5163cf49311ee0007d80d9e19b6ecafdd8befb4636ecece4b1,54034.61,0.0112,52.7398
58890d46b553b0952b750ede1f7c6a42e35137db0455cf09ee2f04ecfc8629b5,54002.29,0.0112,52.751
dfd72b5978d033ed5aab2edb7cfee3cc5be4c9a3990e14741fe68c2accbfc313,53987.08,0.0112,52.7622
5717b1d8fe4c81ed8e8f1abc411650668fc6a165d39ff60aa64cb595250ba392,53986.54,0.0112,52.7734
b68919084621c306819fccf0d840740a24239b596bf95f6f90baeb780c9a71a7,53963.26,0.0112,52.7846
70e2cc8a8d0bf6e7927933d15059ff4c2cb773d74693050d62919f2c016879d7,53929.64,0.0112,52.7957
3fd54799c7ea0870643cdfe7be2ad2734491c7d9903e71a1260ab34567d8db45,53909.46,0.0112,52.8069
c672f6be2ebe720484b659089b0b0ac3acdde5fbe0ba11e6231559f09611b1bc,53833.02,0.0111,52.818
eded049bed66422bb4914a54c56738f7d9d9add8f3eb16d5c779073df8b4ab00,53798.84,0.0111,52.8292
8dee67122a17bd6384d9e867e3aee92fd33eb431251ead4d870dd796a05da232,53790.0,0.0111,52.8403
4899442e19bbb46dbeb0e72f0cdb1df9b599d9a9ee264ce179db8952cb44ce27,53758.4,0.0111,52.8515
63a8239638cb78758181c0cee3b033a14e2cbf81ab2b67e5863574312466bf75,53691.26,0.0111,52.8626
390797e1f0b8f216b8ec90293637ad63f2c66da4f6a90d0ce4d22c7596205af3,53685.41,0.0111,52.8737
bace33d495e2fe3900a8ab15df9a914000508f92e35df549babb42af0447983b,53678.6,0.0111,52.8848
5f2f77a410920ad2e6cc9b7363010ca58ee461e4cad7b885c370c87b1d0cf7d6,53669.25,0.0111,52.8959
0a7e32fa343a9ed961932d2218435211b92f5edbe8b8bf9f88e9ccc68ead18d0,53663.1,0.0111,52.907
f06b16fa6666c7aecbb8c30652f85d500f9b296d1c00e78282677412f614f4e4,53637.3,0.0111,52.9181
cdfdc445e9147f0d55eb90bd33793a341c3c6f45d20050cc1eb63dbfff578cf5,53623.51,0.0111,52.9292
854bb1ad54221684f26123d8909c9eee93b9b91595b67720a3f496a65ef4d395,53612.41,0.0111,52.9403
fbe10beedf9d29cf53137ba38859ffd1dbe7642cedb7ef0a102a3ab109b47842,53581.8,0.0111,52.9514
eda187f463c0a00eb000cfd479a5a94e0714bf5c0d4f167fed2248f8bb92c9c4,53553.18,0.0111,52.9625
3b391ae723e1203ac5871583f793adad720e81a172bd84014636e6afeded7546,53523.2,0.0111,52.9736
730905956ef9d731e4ad387d729342552fc3608e835f1841f9dd5a4bc02f51df,53480.77,0.0111,52.9847
ead73322b994c11757f62af516538372d5f5443ea8f3cb3464e9634ab3d113df,53455.77,0.0111,52.9958
289b69eba4b8c4af78aa5993b3a0f1a72cd6fa8d02c31789673c21f6b0f964c8,53418.89,0.0111,53.0068
3ec9e6e90b488a278f090778945be5c1c5b2de895ab0bca931ef2cf654736a46,53389.01,0.0111,53.0179
44bd0b291f00af654c109863311f8f980836f96feaabd06b988fb0e8daceddfc,53356.15,0.011,53.0289
1d5c908274006dea5b5a0ccb7f06807832925f883743bfcc47736231ee4d1783,53332.45,0.011,53.04
1e366692de89ac7f8707d129db83af6a6e538c091fc8de69c77747d4bdc2b1ba,53301.69,0.011,53.051
171012c9a16ba9158fb7346114456e749ff67ae83747af444ea7f5bc7c6c5ebe,53285.65,0.011,53.062
ba14ae2196f49055533cdc3d5f33668a074e386880aeee53b0a5639c356ed9b1,53260.0,0.011,53.0731
68f512023c21ee07336a73e8e4d7585965ca2f112bf6891a4943e0c92d58e2cd,53236.98,0.011,53.0841
33fbf86fb196c7f2326d9a7bca155396c8559964c8941e252a68d9c48f231f7c,53211.25,0.011,53.0951
f26151778510b7e02f67cb1abd15bfa5642241039f4b4cae96c237f216d7fcd9,53191.16,0.011,53.1061
83a5d5b5556a9588ecc30bf07348ee2ad8f3cd16dcff8c188bc0e7880b4b16bc,53164.06,0.011,53.1171
80aad9eed63cb583815051d57d0c64bdd3bdbcc70e9b3d813dbfd909f67c5a80,53162.67,0.011,53.1281
8d817f172844b1f3cc7ded199e7c17c91f67be759a9a06c6e74badac2606cb02,53152.16,0.011,53.1391
76437285a8b21ba0d13452922b3f6d9964ccccd22a711cc6ed91a9d6dc25efa7,53143.97,0.011,53.1502
12c7dedde3d64b41c08360a748c54d69ef946add028db2c7cc4ece03cb1801cd,53123.16,0.011,53.1612
f3d78f7ffd202b7ff544ce4a5f2a0cc9d485c1666cc0f1bfcd84943e89b4a9aa,53110.82,0.011,53.1722
e4d1e9d7a5f80764f18d5de1d80180b8723486ab300930eb466b162500c01f22,53052.42,0.011,53.1831
55fbd15425e86815f232e44d09c89c6d840b4e169b231e1f37764bf0beab553a,52989.6,0.011,53.1941
237997d807c917302d6e74d653fbfa4168f00d42b73a049e53dd980aae2a418a,52983.34,0.011,53.2051
43e83c799bc72a73111dfc133eb084b6f22f07018e1859f5cc796d0418208a95,52964.46,0.011,53.2161
f8a42678fdf199311ee74c1989ba4f0d7dcba4c0c895753ab43179e6dc8d6dcd,52948.54,0.011,53.227
b027feeb60b70f0d34ece10aead660113cf06408da4c6477c7b2606839475de4,52923.57,0.011,53.238
ddf94423e31c957ad273bfe8fe7e71bfd6190aa1a20fd762feef48b520431383,52870.01,0.0109,53.2489
c251c0259b7891d0cbff77a7afeb416ace3e4a5b9ed86e7917b62638d7ae5ef8,52865.59,0.0109,53.2599
14b937d1ef27dac87fb7d9557338ea3693babbd0944ed2b002326542df1f19fc,52818.92,0.0109,53.2708
e62fc7f4f92cd9a65e84bfe3c31f6e9bf117b4709067eac106b9715cb5f0fc02,52776.4,0.0109,53.2817
b1d61b24191c03ccb1afeb78b19247b72abf2eeaad5c2be90e2e3337c03b62e2,52769.8,0.0109,53.2927
7e6f4bc699ba0028960b69294c8b6a82cc2db718963f72214d9d3e5bf71e5d2c,52737.76,0.0109,53.3036
3f227db777cc609a126424687005e59f095e81e86665432429284f4baa882789,52694.52,0.0109,53.3145
4b9866a73f96c7a4de45ea7eeeee6f5346318e00e8eba6beca44d995fb7c92ae,52694.2,0.0109,53.3254
f3a534f087a55965b7ed167e66619cf8844d9a51cd55eb96076d0cef164938ca,52675.2,0.0109,53.3363
2e045a6ac04c29092ba8c1eaffcd6fb090e5aae3825696606cf937a55231e311,52611.56,0.0109,53.3472
f9efbff1fb583cfb95fd9710d745095f825989e94aba952904a457938dd94257,52572.72,0.0109,53.3581
c3831970af46a537b7a6b8151303cabbc12c8f96ef2145ab9c7f95e30e15ca55,52558.69,0.0109,53.369
71215269f9175f9d84fd5446f6b3b73155c772eae6245cb0facb44a935bdab78,52532.8,0.0109,53.3799
abacab28fb02590d387eaeda836b7a78bd9cb234288f8ccb880566d79e4d6b6a,52491.06,0.0109,53.3907
3a5a0fec6110a377c9ad90d4c58a92392652192b01566018df85c77fab83e81a,52478.0,0.0109,53.4016
69861c33bdf012c51c2daa45aca33039a335b7ff5cdfce6b16692696775dfd40,52457.74,0.0109,53.4125
a4a3cbd3bcaf7e428dc1b3d4e434db7d8bef4e95267842d1d365089c68c5dfec,52452.8,0.0109,53.4233
a845c13fd8bdb968f3d2b8e56883c5340993c3dd6add0745bf45707ddb044f64,52452.8,0.0109,53.4342
50adefd62ddf36658eb21aaf0084595b815e7b4f6b0a0c6c16f9cb6f3be6ce1c,52451.82,0.0109,53.445
e19bcfafdfc9b1b6647536e9b069a6c151dc5a5950f0f4746c3c6b54a046055a,52449.09,0.0109,53.4559
427d3c46dca1c8e3f2f920c50a01ee78625eeb6639544b62986e2262ab31dfda,52425.02,0.0109,53.4668
3f142fa3f32f20fab6d216565242fa8b5d54bf845f067ba7575d7e9e267e1e99,52378.48,0.0108,53.4776
ef0825aa83d176e856dbe4c1c8338fd0105a89cfe3caf107b556aa54406e365e,52320.2,0.0108,53.4884
841538d60869349a350562c28ca5a08c2b14b160451050e046ace36b33ebae8f,52278.79,0.0108,53.4993
d6328245616ec57e647fc6746bfb8232661be781ee8eacca502fa485f10f4d08,52254.84,0.0108,53.5101
72f417c8579a81e34920207b9bbc43505b45f02c62cb99f233069ec681419068,52240.82,0.0108,53.5209
9b8f7029e6764b35dc1c71eb44601c0f981db43c98b19b85e0192969a92198d9,52167.33,0.0108,53.5317
3695c81aa3965f10bedb50a1bb3ccd3a1bfe4065c404e4b5804fbae2bc83da28,52140.48,0.0108,53.5425
810f1a5b7c69266b20b02ce690ad640fe0a20b07d56e95551ce779271b2c57a1,52134.28,0.0108,53.5533
b516a3df5e1f35b6b3d7dd0fcc306866701320d129dd46fe7ef1ba6d21da01bc,52073.93,0.0108,53.5641
387274a907cc0602b4b82516595b88241796a45bce1a2e43943c721a40411e8d,52025.09,0.0108,53.5749
96dd3a7751581ee2a7044343d025f8472c2b91435f9e09325f218d0cffe73600,51969.8,0.0108,53.5856
a3f2f3ac84678fc72c7b3a3112fe7b0e5f7d18a8d758976b024d8d7dcf418834,51968.8,0.0108,53.5964
a56848d193211e564cfd08a3ed51442c9c39ba0c51621d95f299a986b7ffeddf,51956.55,0.0108,53.6071
4c40492f5038c0e9dfb02af447ee4674eb7f2ff42ffa278f353e008a7f7c5e33,51929.28,0.0108,53.6179
02c29f855420cff8f721008869cc44e59693b51cdb8f732c01ccdfc95ab06101,51921.77,0.0108,53.6287
225c7fcc7f456262ffe0a5d00367c1f64c13bd35cf772244194dc75d7928db01,51919.35,0.0108,53.6394
5a791bddd1ac14dd10eb6be97ed8d800a1853e56980fabffd25f1e4d83a81b7a,51912.6,0.0108,53.6502
d9599dff97b0316fc404bf1b999991334d49d45bfa1b7679866f2926b91ae508,51877.91,0.0107,53.6609
b4456164fdc3e211bfff0f603740e5fd4975357e77997c521bb5232c9ea74080,51873.32,0.0107,53.6716
4a0e0c65e627c8e5975be75b993ab1567a24ceba8f45b9ae1cbe838fda86fd66,51863.94,0.0107,53.6824
dabff924cac6341c09c7398fce4e1d28a0049e0191f3e8fe014b8e74bec5cbf7,51852.05,0.0107,53.6931
54d8164bcd5e46528aeab7880b4f716a03adc532b85028d30ad6a17969341339,51818.41,0.0107,53.7038
91946e456c06dbcac563b9a008c0aa2ce7a39e50bcf4a027175787850fac834d,51806.81,0.0107,53.7146
f4b74579b24f01184daa9edb1156247211fb4f6b67b8ec3b81814e8eeb8791fd,51758.46,0.0107,53.7253
41fab6e2fabb626e37b3fb240bdea740b1f78db92396e3295942e1ea78012dfa,51735.88,0.0107,53.736
3645c41918d470b8f3cf253a2a39a3d7219ac773d426767b37d886c39e7ea3da,51724.39,0.0107,53.7467
0ba6b9140dfcaed7ac168142077b793e9fe5c1070d75f07ee8b80d37d79fb99c,51692.67,0.0107,53.7574
d8f32b05c6cbd3bcdbdbe42b4c38a30b244e964db96cabeb5cfe8fe9d919cfc8,51657.24,0.0107,53.7681
f7459be1428632f57f79ed602821e1b0e0699c9b408f81a90161d27fe809dbcd,51639.1,0.0107,53.7788
69f4efafac7def0e85b1b5107a9bca44b49b5ee0ef894bbeb12ac40a33cbda71,51626.25,0.0107,53.7895
866716f35290f8aa52ce8e79f8badaf2a7be7e87ada9a9a045f18c3339aac8f2,51602.35,0.0107,53.8002
e926230a2584708bf7c63bd90317b6072a350a39ba5eca05db65541d02a33a76,51601.6,0.0107,53.8109
7dcbb94b419d69cdda01305d0881448e0a204beba269f2b507509ca5bfa44f9d,51560.71,0.0107,53.8216
a3f293c8806cd05fd4f97229a7b94ec1e00fe2dba47ecc1d509a46d3f7b1892d,51547.2,0.0107,53.8322
49ddc1e5e0d12d43e4ade5e643bdff9b6596679296b80ed5f022bce33d887f80,51547.2,0.0107,53.8429
67fba319522f3669b75814d02620bfe8d4504b542a78ae1edc4d80dddae971b3,51539.47,0.0107,53.8536
c9146c066a041f6dc252a00fa9a1868b345f76c452bc8ca04129bf5915c9861b,51537.3,0.0107,53.8642
8bbfdcc9137c063ed7877fe00d0090abbd3fbf0b81a675dd5fdf55ba844e6bd8,51521.37,0.0107,53.8749
7b8412a047ffc0f07de6a2e82248b492007aa82cedc7b4979a872d66227375c0,51504.45,0.0107,53.8856
eceb19f28a063f7ca61cfb1dfdbae2a5585ecfef0c76ca2b356c4189177f158c,51482.6,0.0107,53.8962
dabe88ce02d878f4ddbd5bd0a3ce24fea22ed0edf48c550cb40799f3f28f447a,51460.27,0.0107,53.9069
c68a698976cfb65d11624e81a1ff059de425201fcf912293211b3b6aa5187825,51445.33,0.0107,53.9175
eab55074485282a9dcf3a09d2584e6ba952bb0a6c4577fe1ae27c63451ccb356,51435.97,0.0107,53.9282
d480670ccc4380203a1ce225886a4a2096f1a752afc9d7375703a52d418275d7,51435.0,0.0107,53.9389
9dc8f6ef900a3451c3ed6a62afe67ead35fb88e6dc2f3c497849a68cb30444fd,51329.01,0.0106,53.9495
96d29ad66166fc6e9d7c2726a0967697611b65ac606aadae11e4143179c37c73,51307.8,0.0106,53.9601
cd251b864363f2c9c30bf44553a7a9e0297311b0abefcb0b900e77ec32093bb1,51261.01,0.0106,53.9707
aef10f2ee05b0f8d3a962b785fbd27b82dbbe1f0c3d57d92d66bb1bd359f5d9d,51250.65,0.0106,53.9813
d45265ca51455ebcae74e65830cf3abab7d38885efd0d38820b54f2fbd6cbc7d,51242.26,0.0106,53.9919
f2cecc6b2fe73c997962b8983a935d44d09189f48af37c439f2a8e456d2c9a9d,51230.0,0.0106,54.0026
1e9f32f9df2e63e625435f05e80ca3b4c126bf61d7aa964e867f06e793996617,51227.6,0.0106,54.0132
33e7faf6c5bdf59743df1937f74881faac25d29e8937922eccff113bef591550,51205.02,0.0106,54.0238
46eae5d4437de57e0d7434cd23d3c305e0516b7bad444e0721b0e996cf50a1a1,51193.05,0.0106,54.0344
b3a897d45d1679d501eafdbd9dceb6bce07ac87cd3269f0ed676d8335d015c73,51118.64,0.0106,54.045
22d252f4e61fdc36a4dcefbf79a3436bf31494a12c63167a8fb28e0518b5cb10,51082.01,0.0106,54.0555
641cc6731b486b81167f62a17ee0ca3489788215f0a427aef70f587eab5d30ba,51078.83,0.0106,54.0661
1024c87e524fae5e27bfed08483821f4252803bbdc63a621b35d8a3e4ff1ee95,51075.56,0.0106,54.0767
5ea6392f1246e602261353dff2674c0cc1e3d5acc4792fab3a73c5e5a3bd9f17,51035.6,0.0106,54.0873
64809ddb088374771b55a5c6a593302621281b419502452069b272f6c7fd2a92,50966.2,0.0106,54.0978
416f2b736d9c39c0188ca60fb9c71d91b4d5bfa62b63e5ff547f626f01dd4941,50939.41,0.0105,54.1084
03502ef8161d1822a1cf0d92c3e245da15fe7a30e9d0a3b598bee6fb564e3222,50887.44,0.0105,54.1189
c665433c0f20fe009a9eb0789030a711d7d0a97cd69fcedd8aeb367401b3bee8,50872.84,0.0105,54.1294
b3ce85dcc817c7856bf571b58ffa7eaf445e259c1e597b24190838eb1e74d96c,50838.04,0.0105,54.14
b7db057a7a467c786e247a14d7d050daffb6ae6defc38a0b62ec9f961532ca78,50738.0,0.0105,54.1505
d3dfd3b9c1f3d868fdbfa83a94665bbb7262e3847524c3ec31581f0f7f5f69cb,50707.29,0.0105,54.161
b4fcc04f60dace9025b63211f2b6457c5123ba4704a67bfea02bdc2410d545e5,50663.48,0.0105,54.1715
727bcb60daa14514b101a49b9fd580d8f20f5a30e5ceda96fa2879b951a13c96,50615.04,0.0105,54.1819
e9bb4d8fe5e76c2c68e6f0dbade11b038fd8ea6f1810692f1d9895690e60b2f3,50566.42,0.0105,54.1924
7ce12549455d68b3728d15d5b4640b4d15ba9f4911bcf278b9c7f3705ae815d6,50535.4,0.0105,54.2029
0cba840a22b0e75eeaf80546923a2341f0aed98da42efa0ad88cb9951408b2cb,50465.85,0.0105,54.2133
aa6225d1fefa44dfb8ac9f11d08126c5e628f8631c47c8f5dc81bd02375606d4,50399.69,0.0104,54.2238
11b8a24c7d750021bda0b1174202605dabe7c7237ad49df6c9af5c6ef2f6c7d6,50358.4,0.0104,54.2342
760b7d613adba44650a323b52f2fdcc5c684653fbc2c7b438e34a446d96df520,50341.68,0.0104,54.2446
78533c7f131285d4d87f9990395d25b4e856a76883068b6d3d456bb13589611c,50333.6,0.0104,54.255
ab480eb30f2be5dc8c68271f0d5425115fa63a49851de7a63c248f66519ce6af,50318.2,0.0104,54.2655
6b25efe5619658f509f8350efab49864e94943d0bd92d1c857dc77770a8dcb3e,50281.08,0.0104,54.2759
b63117e9afde749868853a8b60caadba93f8b5218416376733ac72cc8c1aea51,50184.0,0.0104,54.2863
39c8d663629c647a1871177326a91f1c493930b081df6fc5977135c078b94eba,50177.87,0.0104,54.2966
1ea66191b2a9319ea109689af74919e82dca1ed688bdc33004d63d3716b9f7af,50145.88,0.0104,54.307
30982a2feaa62f72324acb98ee7f921e583e788dc0291b55d7eb033f4a4744ba,50118.16,0.0104,54.3174
5fa10ebf3bce5726572f0ba1564ec400076516acb119384dd3d39f62d4c4b45a,50086.53,0.0104,54.3278
157d7527d51c1e7c9d9f709277e76e16b0195b1babe76f0594fdfa4f8f955910,50073.31,0.0104,54.3382
ff8d68cc138e69404041852776f999c8f92b92bfbfddc0d03b4040922e8c0170,50064.3,0.0104,54.3485
8e400170931142fb1a3cb44b5b2b481b3e4ec1040a6d71ec7d688b54a80cea2a,50025.4,0.0104,54.3589
c937168aae9f98f7b2b92b3f482375d393ebfedae32c082a6a646cc48d1ae9e2,49988.78,0.0104,54.3692
c9d159839d4251c6185ce7109c6053bacc15b4ace9e5501e599ce432e9846944,49987.62,0.0104,54.3796
ecd2fac48089f9fea2082969d9def25b115a9f7299bc47732cc9bf3e7397272c,49961.8,0.0103,54.3899
6689040ad207bec513ba7cccc63ee3a94ef5e20dd767f5bd61a319000573d0d6,49939.02,0.0103,54.4003
af519fa8711baf0ac1b577fef1fa9b53969622d24a06aa93afcd1c884479f16d,49803.2,0.0103,54.4106
007c07b1a8831dcd7f854f780555c804c09e6f7b73d9214b079fe4e518af91a1,49766.8,0.0103,54.4209
d5248d74a128b1800826df499d3db7eb8bd48edba2b476788f1c0dc57b466c93,49727.71,0.0103,54.4312
c8650c3e0fb04410bfa1358b607c022836e61316adfee6dbafdd61db518836ba,49721.8,0.0103,54.4415
9ce99cb661206b992977a0aa10cc3ff5ed14d6c859da461f38b30f3449b7d8cf,49639.0,0.0103,54.4518
408265b9a1f6c1f618429e6ab5b9518e38af8b5ad11090682555a885602c1908,49589.8,0.0103,54.462
5117c6e717989a148aec88b1d940b752dc23dc4f82579427cb7fa31ccaba4555,49589.6,0.0103,54.4723
8e05b72f828c8410eefd48605eed730f15fce1a0c4be71bad8e530c654986533,49559.0,0.0103,54.4826
5f97be78ad0fdf13abcf369b13e811e5adb9ce87519dbd172eecc2a3cbd77468,49544.78,0.0103,54.4928
3d8f9e15b603daf18643e425e3373259d50427ebfd4b5b4a78c117894374f2bf,49502.4,0.0103,54.5031
0dac7eb2ab3203e6c30e728707b5cc0e57ddfd65767ea320b2834fa09906fd88,49488.35,0.0102,54.5133
db78875343368fd25a5d7b60cdecb1841b08a886559d26a7aaee5978c21c7da3,49458.88,0.0102,54.5236
86fc5ca748ab128af669fb22f3bc1342aec5cd2daaf1d8bb368fffbbf940cc4e,49456.35,0.0102,54.5338
f4ce0c78832012efe7edea8dafdccd297d258e519f929c6ab27bca3855473ddc,49433.02,0.0102,54.544
f36a8be5af4ab1423b150f1d391e58866510e30cd834b6a7c34cc412332a0dac,49414.2,0.0102,54.5543
ed2d04f235eb42298923da763be91ae4b40bd66dc7b90fb3e23f203422f13a44,49409.79,0.0102,54.5645
63bc06914e7fa3f4f987e1f1fdd8b00cc25940190c75f477fbb8fd9e3a201d96,49405.61,0.0102,54.5747
569995c8abdb296e360f45db88683745b30acecfe69d89b196e3472e941283b5,49400.22,0.0102,54.585
d6e3855206919dc3eb752a2965bb0efe7592717d48ec6f9dfa2aa3d03427a823,49385.0,0.0102,54.5952
20af98f236630997242b39bd5e7387e88564c517f0136d42049eba794ba924b7,49344.85,0.0102,54.6054
b52ecd5e53e74704e506453a37b8d956612325d7ce2543b07121f2b2fde66a61,49310.45,0.0102,54.6156
7028dda324de97d457d23586ba85d77cd07f99eeb61e7b749e6d7a4db9deb2ea,49283.88,0.0102,54.6258
7927fb06032b6b934fdca77a0b6da1db33d942da480618884274e185517abd01,49278.34,0.0102,54.636
49b3b93026f9788c316bfc28ae504d1f007e1a19d8bf2261d7ab10a46808d213,49252.24,0.0102,54.6462
fc64aff2d358f5228197b2aeb85288a3555305b1f87cedb903e052fc052e869f,49208.34,0.0102,54.6564
c4a6bfacceffbecb6fdda7a1cfbbd772e3c5d1bdf17fe6c4dc9942df55136b04,49157.23,0.0102,54.6666
82924a8f28e8579977ae03a87d333cc8e44ace396342a42af488e2fac99a67ad,49145.49,0.0102,54.6768
37e000250cbbbcab3b9af9e54615ad1e07eb880b2d98e04d74a5c6fe5848a5bf,49136.04,0.0102,54.687
b13a0b4daca6c7ee7a8733361709b398c42620fd48dc79b862a9e0e4976cc656,49115.82,0.0102,54.6971
5ce4594161813f5e8c9fe79ba1523f392f67b9b62d6d8e66fcd4e1d529271fd1,49109.18,0.0102,54.7073
5f0b59eefcba122f53ed3cecd5b91303faa3f4ebfac1c42d237f5f4edca724c1,49096.26,0.0102,54.7175
e5b78a3a4c474bcecd337100d5cb6d03ed330220a0d17b902f8a4409cce83d28,49071.27,0.0102,54.7276
650d5324ce3e2ed0341998cee1118a29c8c8565ea58fde5470857a3bdd9b8c64,49007.8,0.0101,54.7378
ee13e40e27d9396b21334472680c217c9b5591ceae866b140bb1c2942e8422d7,48997.8,0.0101,54.7479
a5cbb375140f9d37a443475a601d022c958fbd6d6c4b8dc9b966929c3dcf60e8,48981.52,0.0101,54.7581
3bc472eb32a3198102b9aa8e265b6dc7ef3a8f2b7e01b28a31f5c04623c89749,48977.8,0.0101,54.7682
bb5fc1b034f4ede6e75002dfcaa55b5b91dee1c16c1dc6ed10b67316fc48aeae,48971.86,0.0101,54.7783
cd9eb740da35651db9f44b3e2960b4ef2777c5113b781883eac727eedf71b539,48968.6,0.0101,54.7885
b7d028887037b858353fdb5d2716933a467dac43e08c1c704a7df4f3e4c2c6a8,48906.76,0.0101,54.7986
98f46c1e6766b117f39ed26e9bc71a577552ac6ef2fe1d1d17cb9004c394d379,48893.67,0.0101,54.8087
c4bdae5c882588601fd45f28bcdc34f946d8befca0f5435731c4be18d24f3db5,48869.62,0.0101,54.8189
c4ab9212b31a92e9f16e2fb3993c1511364534d87fecd53da28eeda25aaebb3e,48793.09,0.0101,54.829
3a858077a47673f4cd266be5ee7906e43e2dcef035930988ed651a918177384b,48786.52,0.0101,54.8391
809d9f1cdf5712068b3aac77c4cfdc38a829b8a8aaf095cca2a598feaa4f2972,48754.5,0.0101,54.8492
f580d55fa18f4fc014d3fda4ab2c45b00491f3097e9c941da91e1543298b3437,48744.14,0.0101,54.8593
2144dea1bb973aeb6210b396ed1c41b4bf65abb587b775393b6f6b52547531bc,48714.28,0.0101,54.8693
b1296791a80c45bc7d80e3eaa1f565f9bab4bec1a61c8507592a1a288a598fab,48708.8,0.0101,54.8794
277d679648da1f80661b89e38e1f590bae992943b5e416500df9fe9a10202b0f,48705.79,0.0101,54.8895
412f7b4fa366bb5821c819924b6e2c0e4f52ff3fc919c3b894aefe58d9516758,48690.7,0.0101,54.8996
f93f0e3f56f617da59deb89fcc5d2d3d5f4abf9623cead6d354198b628eda146,48639.32,0.0101,54.9097
8f8b505a77be6fb3448355de343571b55e55cce9452e3cefe91c9106e2c39984,48624.7,0.0101,54.9197
bdb63cb6955b619d321a320a8cb96a2612dbfb50be8ac8b8bcf02f2a5c2b719a,48612.0,0.0101,54.9298
b820b0fe4670b1162c5f1f1ef415c4c821f26d4bfb09c97c980b7db8af6511a7,48528.96,0.01,54.9399
5de011c63b73038b6628c83f7a7058592d2ec9cba96e381aacf8f517dbd12ecf,48507.52,0.01,54.9499
cf3e521fc100cb781c60a5e62a0d270190ede2aa76306dbe53b039514eb5e672,48481.02,0.01,54.9599
d8655b427b4945faf9c8b8cdd97620ee076c623873dde066f743afb020f46643,48480.12,0.01,54.97
09e0a0bf2c12252d5e197766d19a80bbbfcba1436e7b83027fe0e17dd9425ac2,48476.93,0.01,54.98
b4294f34dfea698a6371bab1877628e44cf73adca7dd6795d0f90755e06dbb2a,48365.75,0.01,54.99
02ee789c262b6c132f6fef5f80432ff9c30bd847ef0c7543ed9c14041ff16feb,48356.0,0.01,55.0
96ed6ccd05612aa96aae1b7fb70022d2d3ff13a46595aac1649293013d3feecd,48289.99,0.01,55.01
a23827eec87d1296c538471dfb0cd279fe5662cecf6d08cc68b3bd7928f9dcaa,48286.46,0.01,55.02
997bb8ae5d8488de23dbb9a6ba553070b0f54ad8968199ee3363c646d759f74f,48238.3,0.01,55.03
28c9bf14357dedfba260e2b4052cae63dcede2c4ff513bb7da1a2b9215dcbbb4,48237.13,0.01,55.04
769bc9f06595ca32030386bad3fa713d674120545bf55fe662089edc00d7f722,48235.19,0.01,55.05
9802acbce716f56e5eac6421659b45f78c3a6ef029a24a1d4ce1e72a271e097a,48217.23,0.01,55.06
77d20c6f1cb9376a3b7fe57a26c56328f847af95235e2565b0b30d7bc75eda01,48184.0,0.01,55.07
4be5a34f5fc588f22abb3e2d2503e067134c9cd3a3172f6835603919c3a26618,48182.57,0.01,55.0799
21dc7957b54f0db76efc93bf5f40796f19f5c78904abde9f2ba0f07c501b0a28,48140.61,0.01,55.0899
d0cafef02af47779e33fb723f17610270314676ebaa21c1ec13ac804500fbfb3,48034.36,0.0099,55.0999
02e70b474428805138253f9d144e4688ef4f264dd19ae13f8c85fa6ef2afa0dd,48034.27,0.0099,55.1098
9f4e2c11e6c1ef430d01cbb6a937ab70fd7d2a8d393f56420e0638adce49e6e2,47973.81,0.0099,55.1197
1209bfa4b5f711cc67510f3d986ad3b868912c56bf8f21d0bd94837bd4596767,47949.84,0.0099,55.1297
e9850d3ae9801da821aa0216a5b5880a151f68aa81431021eebf77f8342a357b,47947.0,0.0099,55.1396
cfe9f6c2e3eaee4e2209b21c48551479c1d04e1e5d9d538f449273da1678aba2,47943.18,0.0099,55.1495
2b94396d06bf213ca3b70d56bfcb4f797b75ffbbae43727c3989ec8c5e520c84,47914.46,0.0099,55.1595
e353f9238f487c65465623371e50017c6016b40282ac0a24702e16c2b5e94047,47809.83,0.0099,55.1694
23e69f676b40ece4e3ca9a0d4f327db847cbbd3819c0aa80ed7de69fb2fdb4ac,47788.73,0.0099,55.1793
c7225f41ae09b0ef8d7ce89ea31161c2f9c5ff33601fb37686147d83018503c3,47749.57,0.0099,55.1891
f02645d595a3f156e2ccb11334b396a14c75234f93b94878074cc0f73178727f,47737.81,0.0099,55.199
18a9205e62341c912cb5fc5e1a45acd4e8f21ad9c3b4cafedc7a265daba10cb3,47713.76,0.0099,55.2089
241b614561a6b5cacff8178772284833b03bc2640ac02ecd3d03207c7e07c6a2,47712.52,0.0099,55.2188
04d9a432d35eb35d1cb0316204bc16b154fb9d22afca995d634a94778ce2584e,47675.98,0.0099,55.2287
d46d7d6b279f0dd7ae8675c9090c95f5190fe241b779102780f21b2525a7522f,47652.39,0.0099,55.2385
43086d953bcc428c4a8bf097446b87d9f577a80d4bd010a4313d575484cc9f21,47605.41,0.0099,55.2484
038daf42967a231b861496022fca17ac25b11d3a6124364abd48eb0a05cc2e3d,47603.9,0.0099,55.2582
b559210e95cffb00a1470ea15505c9fa30b8168d863cb9ddbbcf345210ffc6c3,47600.2,0.0099,55.2681
549fe3fa89d7e0ae584c0be00e1bea0571f4b152598148c6d08a7915f08bf201,47574.98,0.0099,55.278
617ff99c2f2510313981e36f02758c5771bc975d7e3596c751e3b362b781f460,47524.5,0.0098,55.2878
20ea404d4ffd62dc786b6b82ad6b8a56593b1b6c1263b73b74d61e5563752214,47502.42,0.0098,55.2976
6ff6af709651b6e4f4b19fcd8bda663c0ab7b318738de98e22b50936f8e12854,47383.81,0.0098,55.3074
f81fec142c4376deeecbde811a0b459de793dc469a6f0576c4f067eb974eb4d1,47358.54,0.0098,55.3172
8ea3ed54aac1de37a9a30cd47ba22432e3fa65335cc155ec167f88e2cbb71739,47337.56,0.0098,55.3271
4ab6eba6a57b6ac5d216cbfa363637dbb2b6d02ac3ca1cf19a6880fbaf38a91b,47326.5,0.0098,55.3369
0c75580b9d3cfa6787260e4a3bc70c216de024ffd59f8e5dc23bef02c8dcf529,47326.25,0.0098,55.3467
8523275b8c9e4f7e15daab73f52ebb4031ef937ca2b6cae2ad16ef1228e16da5,47313.41,0.0098,55.3564
b74444abd9c62e5de3faa26f01a9fabe12b1914243a5568cc3b718602c12cc6c,47290.31,0.0098,55.3662
4a65a40427b1669ecee6e7c99f82ceb8af737be22fd7e54cbdd77125566fb45f,47257.96,0.0098,55.376
cb86783958a1e4af618dc17d48cb165ae25200a4a9e71103bb6cf309d6fbe4a5,47256.84,0.0098,55.3858
0b3238d563ed3ec66dd2b7d27c47b472be5fb8803a3e58cd1d47b5f17bf467bc,47245.74,0.0098,55.3956
d214e0826467b3a072b65868aaf6513d22e66dc3712175634655939e287a6b8c,47230.6,0.0098,55.4054
1b35679954075d3c429b8030abc64cc60eb56e742731644ccdc913ebd8deedfe,47227.68,0.0098,55.4152
129450f8aa1283fc0741dd0967b9d12edb2abbc54e6475351b70b67fdd728846,47225.76,0.0098,55.4249
7541217c68cf3bef077fce68da50723f2ffed7faa0356c9f3be970da6950f280,47201.81,0.0098,55.4347
86fa73f7273d8d1137e9a8bccaf5c1797418ab7881e51684ea969741e91094ff,47173.81,0.0098,55.4445
644e1086f89efa6bdc7404a281b99887a8fa9c426ee08e5e788d9b051920ee44,47173.81,0.0098,55.4542
e78ade91a0871b5028c74aa0c7be53d54c3c00563fefd5f320d80ba18826f590,47156.5,0.0098,55.464
d61954a0ef20f006e44e0b1aa800e14fda4a92460cee2384b787b620ac82b7c8,47130.09,0.0098,55.4738
b39b096ee998c4853ca3da30a92e607f667224c3b459681c9e6446433007414d,47061.42,0.0097,55.4835
1ae193535ad78c02ddc06607a6b3960e7fad3fa5891ca5d8e31c0d9d73afa5d0,47053.81,0.0097,55.4933
d44c40c940a8517117d32b9094457dfc788068fd9f5098b91d2a2d3a413a2631,47045.96,0.0097,55.503
0e2bb4f62a7cd6940de56d98e585f90dd4de07e55e115d72633310016afe52a5,47035.2,0.0097,55.5127
4309229fe29839838fe13050883fb800e358e036e7c4cc1932ba573a687c807d,47030.24,0.0097,55.5225
f575c72b92762fee6202c8aa2a28f83271db30d499dc8bfd24f702a0da720617,46989.11,0.0097,55.5322
da607f38c10336f9d930988899fd8e74271e6ff67f037322e1e043afe5d993b9,46959.21,0.0097,55.5419
9d89890e83d8e4a96b89128e8589c7a9c5a27b9339281a7c72df326ee1bb9bac,46951.08,0.0097,55.5517
e0e836669f74e49d588c176d9d5d97088fc3c255fbde03ea9e0c4ee3a6ebea29,46950.4,0.0097,55.5614
5f80e97fecb6ecb4206bbdfb8c5d348ad548d45c90173208ffbd3616888a555e,46944.03,0.0097,55.5711
8f5ea07de90f28ecab1d1416a4fd746e9aa9dc14563f7f2d45fd7e9d9643f5cf,46920.83,0.0097,55.5808
3d8559f838ccef87db33e646b4bf8a3325efb7e6fa7e12cbc1884c594279c910,46902.64,0.0097,55.5905
0655be1cf901ca6632741d26e58b1506d77af66023d796701898997528d3a3b5,46879.2,0.0097,55.6002
0b04d3bdfbaf1c6a365265e122bdff49c8b2b4c33491af3bb1d176d0f65d0b4f,46867.71,0.0097,55.6099
e5e980cfe7db897609b1793d222ec5bf48b5341a89ba04889f14103692627a93,46820.08,0.0097,55.6196
95bc766c9e7189c561206f2f83e4ccf6e6f329e09b21a6f0e52800e9f0562060,46791.61,0.0097,55.6293
ed7841674a6a92708eed1416db6206916811b10d3375a571ce2eb7139457e98f,46739.56,0.0097,55.639
799bb10d6c76f3cffcf33b1c681bd5079d97361b68bc85d9e56ccf7e33be8d94,46736.15,0.0097,55.6487
95a2336d764fb63fe4c9783c5bf55477284d072223c76768e8b129bdb26d32c0,46697.63,0.0097,55.6584
5cd006b363c96a254c5cbac36221f7501cdd86c1bb4eb445ecd851897cc33b2d,46673.66,0.0097,55.668
0f2109d1aa6c95d7d655affa99b0f3c8e6c48ed2f59065807d912758f97e8dd0,46666.47,0.0097,55.6777
4b03acd8712cae8a0e44b1f40ec20bec1ccaf3602fa79b85c8e4e41e73474879,46653.68,0.0097,55.6873
938f11f9555010ffc98aa3a0b8aa0c80e0f17346a3093ab094d47d568e7159ea,46632.96,0.0097,55.697
1e70ccfe5ef434c5a8da7485ebcf6c78a45069cb0166db545d0e55100eb6a650,46571.18,0.0096,55.7066
7b2f79f60d8cfdd86f4f5cefe59d1ec9dbe69411f74086abaf9312030698af35,46546.21,0.0096,55.7163
f6feb94d2105d17d71f8f60ef0ed465113fcd5e880afca83e7073a329a6ee1f8,46524.58,0.0096,55.7259
62bd71b99626a1b022bee8da9e86954df443efb4791ed460966766145db6b4f8,46509.12,0.0096,55.7356
d51aa5e77254e3ff0f67f8a9e65290a69a9271157812cd17b1c353f167397867,46471.15,0.0096,55.7452
90e2f295160680afefb2a8a3acccd291d55ca68ad24ecb40acdea650000d2d3c,46469.4,0.0096,55.7548
94255af455e008ad6c977627182b1e9a530206b06e3fefb4b4550c43d6f341f5,46291.04,0.0096,55.7644
640229926541000385b8433be279fb67013d246dba28512003ac1647885ee44d,46290.62,0.0096,55.774
92c2f3cdf1c8bca5afbbcf96dc242109e21a026d158bc3be0429c31a71ac22ec,46268.0,0.0096,55.7836
62ba5ed214fb9acb0ed9a0e32986dcae53da06e01e8740fe8cecb2622e2ae346,46250.92,0.0096,55.7931
0f82a109a76f4991601531abf99155c4a94ba06a448b24fa4599336272149d6a,46250.74,0.0096,55.8027
1626160c297be3345e82c8af8f7dda1bc65c3394cc5f5798effb13fcb077d166,46204.49,0.0096,55.8123
06b2e24e28c7365dde5cfe981b961f81974181ae3ff53603484431a7c664883b,46197.2,0.0096,55.8218
185adde76c71e1ed512f15ba5a11cf551bb1efd9737afe1e11773f2a4f65c25d,46195.8,0.0096,55.8314
16ca8088b666ab297a0d7aa8a6957f4428cbb91e84f9e66b386642c423a1241c,46186.72,0.0096,55.841
77a24e047e0c95fb44ca88c2da56037de089454d64c242f1329a8fb2f9242dac,46151.02,0.0096,55.8505
c05d29ca9fba513b78585a76c84b85c28842b88452f76ba430ded943fb37c2fb,46137.44,0.0096,55.8601
5059616cb24071a706c6d9fd3c2a367dc900351a78c74c5079d3586957542abe,46123.95,0.0096,55.8696
2d48bf8cf1a47bf283aca0443309d057f4d0fae633569e79c005243371a6c3aa,46123.09,0.0096,55.8792
eed74ab7a43ad65767044a4cef135722b45e279dbbf82176591d6391c45f2a87,46116.0,0.0095,55.8887
a3586514e477d5e1700d579d73a073faeb99dd736ec62ed96c5992bd85027c9c,46069.6,0.0095,55.8983
1af33dd0e047bc96e5515f4ab5ebbe45baf40bb7d12324dd6b083361db6ca56e,46044.0,0.0095,55.9078
89ce3f16041446ee6dad5f8952f9dbc5c1a626ad595f5211a9a89e11db6bc59c,46042.52,0.0095,55.9173
00d024888584f0cd3e21246e0c46af308f3e02094cc1dacbc96565556680ebca,46009.57,0.0095,55.9269
fadd71f100fb1a4fc66cb762366c5383f6f7064eef0d5f3f7e783b4068eb80b8,45970.61,0.0095,55.9364
22fbd779c8f39b0bb95c57b0f887cfe32177d60967aed977a7dbd9a3da820c0a,45935.96,0.0095,55.9459
822b89a8ad7eafa0195bb4c324dc8d8d52af4635c92c28b059a1813703ba6ab2,45929.8,0.0095,55.9554
66d5fb001b20d294f2b4476376bb00f01bde396171d8ffecc41868de256804ed,45929.8,0.0095,55.9649
222b9d2e3fdf2e52bf7acb5c4db83f81708075e8c9c566985cb667aaf45b9d73,45929.63,0.0095,55.9744
445ed87fd54a28f64d807f317a933937181604de0ed4b5e9f31690711e1a4e1f,45921.85,0.0095,55.9839
2af5300d5bfd0f8f414bca33716e27788a84969c7b43f72092a84a89ad32f86f,45908.7,0.0095,55.9935
41d17a78afaab5766413591b053a715343a58668d3cb594f431cc199360540c3,45906.32,0.0095,56.003
a801c42abc64f99767138aaeb11963c4e725a0d0b6bfb2851a0d7d66f876c2d7,45902.55,0.0095,56.0125
73a5474356028d8918344b724129ecba7c452172fa697aa179813c3dad700fda,45894.18,0.0095,56.022
452a504846f293fbbbd84834933d4768434c94039dc5565b9e04a79d4e8b4ff0,45888.52,0.0095,56.0315
959ee296304fa3546161067567685d8c41826c7332be3340a4d9bdf358bce350,45874.45,0.0095,56.041
7c7c6e45cff642b42672bd420dae4e61261d4c5077081e0bcd1c63c064a3e18b,45872.8,0.0095,56.0505
d2c9da18e41aae4b25348c098022921862e18bd6e7865664e47a93cb203fb535,45853.98,0.0095,56.06
e4f660af7a208f123b0bf83b40c9bc8aef081649a1b8c09453ee9817b98601bc,45852.8,0.0095,56.0695
d367f8fbb55ffbe8ef9d3a54194d96748ab895a6ed32d40a081d3c08c885a49b,45852.4,0.0095,56.079
9c9fa4776fd1e24ba879fb403b4c092e5d307e0f4b3ef401034c8fbd01be2963,45824.85,0.0095,56.0884
f70d622fc6d85333cce183e1ff40f62c9e60c5bc0f7b5b8c7b3655e6587f45c2,45820.5,0.0095,56.0979
c9d99708e7a50f8081ca88e51a79bc18bbcc98f6d8a71513d746b122abdf0fe6,45809.59,0.0095,56.1074
32efee2e0860ab6e97148a19a1395628f0aba8fb6704502e9f425e41d9e89d92,45802.96,0.0095,56.1169
83c6f8dfaf42e020cb78226cf6ce88b3319da6662896b9cc876b828880faa235,45797.8,0.0095,56.1264
76bf50c886acad309eee4bb50f72fe3a9dcd21335c39c38ee065a73ec8f562e2,45784.21,0.0095,56.1359
b69095c8e21318fed1a52aea2850cac0ddad66fce3a8ec60729a0ecdb9b5a305,45780.12,0.0095,56.1454
b62ada9e9f5c079b1a421d9965b8fec2c326781b6c9015c1a958f9946c021813,45759.6,0.0095,56.1548
b097e8fa482c545002e8db1afed0eab9198b3db290385c62fc8d14d1306055d1,45750.13,0.0095,56.1643
56064aa38f88dc8efa0ad74fcf8e2f7c8a8d43836a00e988277baeab76ab41a1,45740.54,0.0095,56.1738
a78e582910355bd86392bb59f2834e22a7374a35f62c3f40703f13b6c53a41d5,45735.04,0.0095,56.1832
a3e26f4d98febf4f82c9c0195fb3abf2420194c127969a0827bd4b40dce051e7,45724.4,0.0095,56.1927
d8ed7e3c6e5fbc3f80daff00ca759f1b20c174cdd3c0f43e7f687cf78cf721c9,45670.26,0.0095,56.2022
95c700c9316367a907dea78597d81307f9c8a468be594607884834942c597e26,45647.56,0.0095,56.2116
12cc541172749aa28f24ba213e98e0baafb247b51125db680016718270b658f7,45639.69,0.0095,56.2211
2de9ba28a2b61c46c06309c632b11846468b99f01b2f282e76e03fec7bf25b7c,45635.23,0.0095,56.2305
22bb576d8362763236027669dbe9e4b1641c66dc73b585cb2e631b1b02cbf1df,45627.67,0.0094,56.24
38bf605fb5aaaff349e88ead925a9e541b0d0ad1e196c7484e94bf8ea28db165,45615.8,0.0094,56.2494
42898bf5643445d5ed75e9241894b9291401b072f775f7a6d3e5bc679567bbde,45585.27,0.0094,56.2589
ed4ccaacd3f9e45268203408e353eafac5484f18ed3d4836fd3c863235d9f214,45511.8,0.0094,56.2683
793da1cca60e6348a54fe93247229dc5ca48fcecbf0e245acecebf9bf5ae44b0,45505.53,0.0094,56.2777
f856bf26b857c531376b0c7167ddc159a58388b74922eb0893e4bcce1afb9d11,45499.6,0.0094,56.2871
3b6e4736e3ce3ab6b2de00cce5303b3faf7149d8a8e0ee7cd053a48b244df531,45495.0,0.0094,56.2965
5092c37bcbc9f0fb33cb0f9cab7aa5ae94ed0f1219773c380b143b7c1224d01b,45486.66,0.0094,56.306
163c36143873795c0e16b4d1349a01dd46fb3f290b67b21bc2c2a0c8b89f43fe,45483.6,0.0094,56.3154
efe879bac0ac737b8a9a4b6190ac15c746361fabc3756e1664b21eb5d52bc32a,45462.86,0.0094,56.3248
ff94d1c38b7e2c110018fca371df86d705967b54b475991536095f5736e3278a,45456.36,0.0094,56.3342
3f8dd3fb2d28f6f0dcea9c80b4ee967b329abde21b3bd6e32f4cc4f6a75937f0,45454.48,0.0094,56.3436
2265610a47811a8e3bd6ef55ba5eadb1213ee670430df6b54e737d4a84b0724f,45444.4,0.0094,56.353
e6f03d9a75dcac3604ad86ea1cbf873cc7b3786fb8aa490700b7073556e9c1fa,45437.57,0.0094,56.3624
f2e1bc14dc9949927cd840e6aa1553792ae0d1f6f3df3f39fe439392130434e5,45412.2,0.0094,56.3719
785c8aa72668d677e73a0c00d4b842bcde771719c47079712aa99cc39fc122ab,45390.28,0.0094,56.3812
dbfde13472e9bb63e0bcfb3c8c6531822968174fb6c1f0b793768f636cad1f84,45381.75,0.0094,56.3906
99998394c6543c668e242f9f62fc7ced995d63f4531eb03f21798b13ec318fed,45379.99,0.0094,56.4
8e2c0386ab0d198758a1f18f4218287dfed3deb1f427d32c2e58a7866e427bd1,45375.14,0.0094,56.4094
f6f54e8c9f061466e307136911cf94b5e10501144ba7af4310ca504afae16f66,45319.82,0.0094,56.4188
ae01b5f174367484c53e59a384a1f4fb6c2204b7495cdf215a1ddd5ffa30a28b,45295.4,0.0094,56.4282
e2ca9028d59be200f342a3513b9956c5394c483d155592c97b7c90e85e93b688,45258.48,0.0094,56.4376
cd5f8c49457e207b81ece4f09406ba00df1e2ca322ced267654ed2770fb2173a,45237.2,0.0094,56.4469
9cc3d31dd0dcf47d4e6d35fd9d6ca35333b0b6e43c6ceea8405c2f107fae3478,45223.1,0.0094,56.4563
1385222d615f4fcc99cbc5623615e94fe6d425b0d0d8f22899f3812a77ff6f06,45222.12,0.0094,56.4657
79dd013a58aa49f8556d4a8586d4dce61713113e5cfce6e37ddd2ade0b9f0e93,45192.87,0.0094,56.475
53bf3a57c656a5f47e52d7f39337dc78ff223e398750e07be8918475e791765f,45181.68,0.0094,56.4844
a153002b1272a3e6af9ed064e2f91f8003490eab909b0bc501388a694794600c,45175.58,0.0094,56.4937
ef370563f81b66db1ab9024fae21fc92656bb956aadbc2474492bb4fb8245474,45168.37,0.0094,56.5031
83de23fcd580bc55174462f4f1d26545c65cad6a599202ad1bac991900678cf3,45157.25,0.0094,56.5124
0627c5d1c94e113805f0d2b07e61a8cc129836689ee86beee20d652f82c49876,45143.79,0.0093,56.5218
9480aeaf005cde9cf9dca33df271beffdb4ad7031837d418bb26bb58e3752510,45137.28,0.0093,56.5311
5b8126682c3efad5a3c99f67ef97984c9a11fc0df0c7f1f92f51a3ca6b440a15,45133.36,0.0093,56.5405
a4a96d31aa60d09d09d5fa01fcdeb939276c6f570c8357749d50b1f84aa447ae,45120.4,0.0093,56.5498
b994b27b6a92c7c6072b7847c788f97340dd90a9384be4eb635e6a8c8f99883e,45089.08,0.0093,56.5592
86b227c0a83084a23f14c11187760a698750ab7e9218830d1388db29ec3ed49a,45087.57,0.0093,56.5685
ac691d5c9901ce282b70f123124530bd9d8dd6158e2d488f14623a63adeda492,45080.8,0.0093,56.5778
4216f46c1b1ddf03c640ad06f5bb74aaa07af19322b3aa853f8952d8dae927a0,45069.8,0.0093,56.5872
11c7b234a59de50a0b16a10f1940a2793cdf0414b67b7ef5538986751493e0c2,45061.93,0.0093,56.5965
5a48eed290f62c93553855c36c964e1ef16603d23dcce371a1b2ce9a3857d0e1,45045.08,0.0093,56.6058
ea943ab685f814b84e847669c8b7d370bd15485ddf9b79bbdf80be464904aaa0,45038.6,0.0093,56.6152
1d02e659054ee2a0c667fea2bdbb3346a942f80b2302a2eddd77a16a01c11f7f,45024.63,0.0093,56.6245
e23db58d8c3339d8991ac5ff23dceaecf1079edbea13c6e87fdd9bd3f7972bfc,45016.8,0.0093,56.6338
24e88dca16eb41496b2273f463ddc83a6d8b3e5f303fd960527b60910d02c7f8,45012.72,0.0093,56.6431
b5b73a69873c47cc587794a3a9f9a783cb094df83e233d8e74b5057893b518f0,44995.08,0.0093,56.6524
988f330634502170670c4f45ed717d9e292df15e287d4608aece2f55fc16e45d,44985.71,0.0093,56.6618
6e788ff322a7a9f570ac2473c4aa1027e152d12efd3f13facdf0b14fdbc6ac0e,44975.54,0.0093,56.6711
6e1de0504e0dfd558cbca9fb57801e60838b4af3d93ef59611eefaea441e8dce,44948.61,0.0093,56.6804
93678d29b2cd73e3f5f6927304e2355d76406c4d4fd2a9fa02c8e9ecc61b8336,44947.5,0.0093,56.6897
1461b8f0947ab73aad684f86ecf219aad3e977e103a3b6f21550eb83518a046a,44941.17,0.0093,56.699
02bd0a40831cf275a1e7b2c3a15a38dd5b9ab8ca8cfbf1db67ce724165f25650,44913.99,0.0093,56.7083
24f1875dc257c9e7e849f2ce396cbb909a9116fbbb2591ff8016c376a71914d6,44870.0,0.0093,56.7176
92e5538281370ea4bafadb4dacff6c9608ccc640e0f70d4b7c28a782809e6a3f,44827.59,0.0093,56.7269
4734580a0ea94b0b1af520a364d5da3e8b5cd9260c3cd62b898c4854d846b385,44819.0,0.0093,56.7362
01fc17925d670638b1361340a28e814cefcba30e21fe3ba1ba556caa98f29bfb,44778.32,0.0093,56.7454
b7404fdd5bb9ff20764f94ef6e5c734d42dc4cddd005f11c943959141c4c3505,44768.0,0.0093,56.7547
3246a36ed6ac10bdaf16093083cb8f59930f320fd8c2f53e3f46437ddc8fd199,44763.24,0.0093,56.764
f23b7024fb36a4f107ebc774c8a2960364dfac8cc768a3f58ed4fb1baa8ccd82,44761.41,0.0093,56.7732
dd7a0bb1db3c404e514d61d0b8025f2c0a6023a17fb74c4461c38bf951d9ee47,44749.6,0.0093,56.7825
49e41888e2b65651b524964a44d9c0ee53f293f2d2ccf8c385b33ef1f5659224,44740.97,0.0093,56.7918
e084ef94976aae90890bcc8a0bb0fb5bef307611871d8afb4797de16ad474d4d,44682.72,0.0093,56.801
d4e5af7958f501c76a991e945c417991c0fc15efeaf14e787c6ae5e33a432151,44665.27,0.0092,56.8103
937c1e0a87fde0b945ab6968fdf04567f65ae50df58dd35f628321b518e7b7b5,44630.24,0.0092,56.8195
ac622ed8c0eadd97615522a73a9ff18862303a1ff1b7ced0bd90985a8637e81a,44626.41,0.0092,56.8288
6dfd9d97502d751109e542d97716cf9a38a444ec1e8cbf874c61db1d334fb231,44620.8,0.0092,56.838
fd2e211ebd2ec54efd0ce4701e2e01d7d6a180ec90e2043fe73c06ff15bf5168,44595.72,0.0092,56.8472
0a34a26bdd435f2563fa758ff82df04cd65d4d4278fa7b13953c896a712fc6fe,44583.15,0.0092,56.8565
1be8865c049148d2c384ed1a319aafe6fd36255db20a58bff6a5baa8c13b0042,44572.7,0.0092,56.8657
43f28ea26534f54c9c3ab84fe5274ffd4c120a1f32c85db4cf878add7f71a5db,44563.12,0.0092,56.8749
d7e9fc5e675d2e64d708ec76718cc70063bdb65691e0719aa09f4518cf76f883,44497.74,0.0092,56.8841
5109b68869d3eb5f5639ebc6f4a910ee50a4292fe3d00e52fcbadc4631bd13e6,44493.16,0.0092,56.8933
86e302bd651776cfce82d36dc860f9990e842815105f65c61f9661b28a83e27f,44473.41,0.0092,56.9026
ac5b55bd42fd2b2c8b8b2f94fbef30fa36f54b95479425601442376b0982ba55,44467.3,0.0092,56.9118
fcccfac4e50f300310697b4f04278de55dc833bc0b5468d8f182d41e984ab10c,44465.59,0.0092,56.921
b2c4d492964124b608f1ff51e98630fccf6e1f5259caf09e5734c1caa6c6d7e1,44447.28,0.0092,56.9302
027ca7be876f936dbc4d1b900b87d8003336c7949e4c6ae4820d39bcdd221794,44447.0,0.0092,56.9394
f9b2346013bc1ad0423ac6284e0fd4f4c4ad019ba03a36fa38d14b6edf23689a,44412.1,0.0092,56.9486
380569e3a3dd8c6f73c5553e787807fb714141033b3ebf9b9c9eb954a281dadd,44409.16,0.0092,56.9578
839168defbd8f9871b49ed7d38514954b351bc0783177f3c9c92b69f75a2e14e,44387.41,0.0092,56.967
9f21fb276d9347aef139c3b59b1af18d040ad9b784398db8fb4ddecf8b907cc0,44372.6,0.0092,56.9762
cf152111d2a532f2ff13fc1b05d4f7f4a9a5edf44397d57ffe68eb599270e67a,44369.63,0.0092,56.9853
e75ed3aaf1c826d246f9af3d11c8d2b3fbc5aae34050880ea1f55f02e6fb2827,44368.0,0.0092,56.9945
57fe0b49a5599c4287287c3e848de71de22ca31696a6f3e68b2f7fc160367e27,44350.7,0.0092,57.0037
8a16f6c8171ca76c9afc39f1f31e0fb74617b22512cdf93b69db9bc7d2d2aefb,44329.01,0.0092,57.0129
d1d5e9a3c48e0b16177d9d8e1aabd0302cca677a59015d9b6521dab7571ee0f0,44322.0,0.0092,57.0221
8bef9035af7006c7b39fa42153da941a2510759a81c92c679be1ac255c2c6d85,44311.41,0.0092,57.0312
5aeb6a3cd644361a283be0c00cd899b99ade2d94a41c4b6cea628dde72af77c3,44305.47,0.0092,57.0404
df1b343a9d1c60c3aa3954ae8f38476c35d1c9c99f5a2f470cf91294d832aba9,44302.19,0.0092,57.0496
d792afa5e09cbf549b8d8ecdc6990a60f445a9093cf5da9cd1ed54e2dbad399a,44299.18,0.0092,57.0588
f65321569738c6af0d7a8a35d6c75844bd0038430b0d6e472d5b66a359103f6f,44292.0,0.0092,57.0679
4c4233878ecdcfa92d46f57062a5e79d9b2a52ae6573a04467c584e995e1d86f,44274.76,0.0092,57.0771
f498d4f456ecde8ee58123af90f1aba1f1680d016461071deeaeaa7c97c19a0e,44238.61,0.0092,57.0863
2dae7cbe637cd4939c34de54f0b31483c9599065a97add6714d98a68d3148c63,44231.01,0.0092,57.0954
e2c14e52d6297ec58b4342d8907bea3e3791a56128edd49690f98c586f693c06,44227.06,0.0092,57.1046
58046f8579ab4f9fe2c6a16641e2735a22bd18fd62d7e21b0deaeca528da673f,44223.8,0.0092,57.1137
c8394dee80cfa094468ce9baa36411dee4460a3ae8e5d6e322bd00ac4de4b32f,44223.8,0.0092,57.1229
9db7a7bcc15f390d76d27ff4fb665fd6e0004272d28c7491f0b04fbcf172c5c9,44223.8,0.0092,57.1321
64921e325c8164aeec83fe582014bd1fdbf28e330417de23c888e93c1388019c,44198.01,0.0092,57.1412
e8c3f79748ed0a21d62270a549df0b61c32a222d6a2e590c8fbed46415a05ce6,44169.41,0.0091,57.1504
122b795b3625d79e9023321b414d913549bce78131a0c9c7842b7753745cf9e1,44163.3,0.0091,57.1595
b5bb37c7b49268f86f79a275472437fcc4649a43cea5247789cb766889ae1f05,44138.4,0.0091,57.1686
a13c40dc48ccde428f77b82b258f317d0f3b91e11b6e669ea5cc70c020beb031,44111.01,0.0091,57.1778
ced3cb8cf71da54ac2712fb49b0ca1e51b103a16b8fe8e52436935235ac22ddc,44106.0,0.0091,57.1869
cf0c5a6849f2e9b1048ec856b5c861f9ec009c5b86749fbc9b95b20d6f03bcd7,44104.86,0.0091,57.196
168612f450360f1976532c979541a5d265222e22c24ff3787292bbaa420abf49,44093.12,0.0091,57.2052
497ceec836fef5be0d3973240af8ff894a9edc1a82d8854a11cf19dc0b5006ca,44084.38,0.0091,57.2143
81aac30822ec09ac4ad93fc37baf9ec0b8924808253f91f6170266e9dfcd0f06,44080.01,0.0091,57.2234
243a50840e1ec97558805587231abb5803b660385d16657476b76f8ae4d49e13,44077.84,0.0091,57.2326
c9ec0e65c02f3a5daf1970e013d67c5abbb0b435c81a3ede0eefe7972be9c6a8,44073.01,0.0091,57.2417
b996bd85a6726025bbe02b28aa55fee97509f2e61c5c8d82254f39e5f9c9d6fd,44061.34,0.0091,57.2508
21f4e97237cc16ea763cad77edbf2b8bebfd5b3217098cbb4c892e926cf01759,44051.01,0.0091,57.2599
685115744c86e29dc4bcb14e725b09e2e04cc95cc1046a962710f8ffb27b670b,44051.01,0.0091,57.2691
4151941b08b651ed8237ea725673ffba4faf3200f20d15ac6d6b0b0f1d8449b3,44043.93,0.0091,57.2782
254b42b0af5fed37d550b1f597043b06368dbac2f5b835bc408283113a431b9b,44035.92,0.0091,57.2873
5c233e6a53fd19fda56ef1b37c62660974239af5f72038faae67600b4260119a,44007.52,0.0091,57.2964
05c42d000770d279c40c675cf606593ed1fdcbcd4c6a66a4a540f96c7eb80bdb,44000.78,0.0091,57.3055
9cff1e1688e26a8554a341514921d145994711829c46a29cfc878a494f9cdb51,43999.24,0.0091,57.3146
8da46d09a87e336a33857ee67faea980af2321a0625563dd413f2515587f305e,43992.6,0.0091,57.3237
6324ccc391d2083934e140d6f53250ab0f08d6ac4c1c10724685a576e7486100,43978.24,0.0091,57.3328
5a95bf6e0b8fe09459195ba6b3d3286113e7765888cb8d8643e45ead59eccf62,43957.58,0.0091,57.342
baba472b1e23d3e8a89522f5ecf78ea35388de9e93e9d05837512e8203796c03,43944.24,0.0091,57.3511
d50d8ea32d67d5120a3ac346c952311f36c8375979ba7ac7a2c6fd0ca7388357,43940.9,0.0091,57.3602
a80601f9e9d23ddff1d7018309ada76d0bfabdfdfae8b43b781da28907a2a30b,43940.01,0.0091,57.3693
ea812c9648bb7a4fc6efbf28eec1f797e346bc2a0318842fd59c2999fa4179fe,43938.01,0.0091,57.3783
71594f1bfcc76b8776c24ebabd866979ea8f82a8ba0f4b17e8129a5d4f946df1,43931.57,0.0091,57.3874
4c9730b37e88cc23d56b1c866fc800defd3e0deb8447ff8ff96f93b3cffdeefa,43916.46,0.0091,57.3965
0d524ae88049aea2806d1ff9fca3dcc18b1d299147a0ffcc8de295a34f10edc8,43887.11,0.0091,57.4056
09cef7ee50def77b280c611c85136385599825a3152cea094ecd73db1d03a480,43883.51,0.0091,57.4147
c5c16a116176d29014c8483b3ce6d0749adb0ba9a0e30ff3770ea63ba8e0f07c,43879.26,0.0091,57.4238
b8f77750c6bee30c96d3406b073a7e4ec4031de4d1f459704e6865b0b90a1eb5,43872.3,0.0091,57.4329
0693afe7d66cfe24eb66ba754a140bec31d3a9a04fdff37ce56a6aa52c74febb,43860.92,0.0091,57.442
0a59635067cdc6fe5bba0f7a9db17ffbeb80703ec26eb795042fe6abfc6a8481,43857.61,0.0091,57.4511
973c5613909906d0871c87121ae7ad6da230e891256f4e8f6828cf133eae228a,43830.61,0.0091,57.4601
3ceb06a7cc6793786b77c4d1de637b761f7595f227f095e96b8e17bd48cd46c2,43815.01,0.0091,57.4692
887d44f96be38d98ecd430443699911b78a71863d6e267d4a3aa929a7e497321,43788.74,0.0091,57.4783
3bbdabd6753e11f3fe0215b95fade0169fa5f3828eb233d951558ffc14de03c7,43784.61,0.0091,57.4873
8bae730c98836c1d90ca5c002b29686b3e2049e80fe85ae258257799616df8e6,43756.2,0.0091,57.4964
09a93aff6e824cf836a5cbd47f7c01bea6dea87ef5bbada30327b1059d11ce71,43730.43,0.0091,57.5055
452334beef08bad5e658fb19e6cf3be52fbe01dd11a4601e1f7106d26f635a69,43724.69,0.0091,57.5145
c781433fe30fcbcb1835f3109d1a01035c8ed5d1e267a4e6e81173353c3025e5,43702.84,0.009,57.5236
f94f2bb3d8a14f160c282c1f2beb9e144935656e0105133e0e21f00d707c9018,43701.41,0.009,57.5326
ab4f9c0529db63ceb7eaee5f3d2d35164df96271fef4ab0fadae554272a86e5b,43701.29,0.009,57.5417
9f3d0620dd15bd7b489c93f1a0ad7646f61eab7b70d462722629203c808da1a4,43695.96,0.009,57.5507
9f156633c8a760c50092b8a5a5e25e7b5c17070abb8e4731f1bbded129998936,43695.76,0.009,57.5598
03d7be2755145563ffb1edd37de0f1d667fbfd26ac9d58f9b3309b5e05084cad,43675.99,0.009,57.5688
24846e7d2256985acec1fee9cd93447070b62088e34d775908dd8f78866e86e7,43673.66,0.009,57.5778
24c988b91198d30f74508ad11558c9daafc7556d72c0b5a567e74a13c1f39b37,43672.84,0.009,57.5869
c12f78509d8572fcedc308d5ad9b2ef28992b58a8011951ae23434e7eac6df8f,43672.34,0.009,57.5959
cd2f9592dc3efbbc148f88843b421cbc149ce2feaacd922935f635e754325b8d,43668.61,0.009,57.605
70e824e211e80dd4ada5f445598ce213b5149e8a75139f0c0ac95baf9bfcfa38,43663.2,0.009,57.614
069d999d33552b5b920aa161d9aeb9345649f436a2d70b3c07a688aa45ef0a4e,43606.45,0.009,57.623
047b85cbfd438853617138695460042c2b0716a7d45f57538707ec780e18a938,43579.8,0.009,57.6321
c4431153a15bd5b6aed22d64bf817c7e5ba4a499b87be8262b9548cdec3ed6ec,43578.55,0.009,57.6411
e8338675f798bd5c78ae315eb50818f1526ec290fe708d419a951a2a8e7ce582,43534.07,0.009,57.6501
5483d3e83b69013a17c3c371c1ef1fcc4552a054161cf7d914fca8c301eef66d,43479.11,0.009,57.6591
d65492b41db8eb06da4980137b54401330d301ffbe39a69d34321e3d68498b47,43416.61,0.009,57.6681
98dac6ccfd18dc5b62d04d81be555f7299d2d52431ebf2f06883973e0e7a2fbd,43366.6,0.009,57.6771
1130459468051f2f3ac6242da903158fc0c4d778e663367ec5ec8675ebfd8382,43352.6,0.009,57.6861
45d7502e697c0fa66753cad0162074221bfab203cba22ac10fe78a624241fe15,43350.99,0.009,57.695
728c9fa9f5b3f18d8b69699c4d318fd19f93dcc88e8fa6da35a31cccd51c202d,43339.04,0.009,57.704
3b56bba323c0a55322555b36b63f46147b332b9573efe45e15bb440288ea6e0d,43313.21,0.009,57.713
25bc89f96a40f172aaa4fed8a4d3d6588fe4bb9c8cfadb80ec6f35e5ad5f4367,43310.56,0.009,57.7219
f5301a1443719688dfcadc2ad47b0daa945c32999c5b96c16204bdd130489d09,43301.29,0.009,57.7309
cb05f3e4d6e1815f0db01ecc57a79aca718fff9d9d590b16d9015bea437fbef6,43290.76,0.009,57.7399
52d1098b4d5123965f0854ced09d3d2ca987cdc28bb679da8e7b4e2b5cf6b0e9,43281.79,0.009,57.7488
d39fa093b0bad20a6ea3006d1e1eadb195f5d9ff03cc9e5180bbfc9cb416a585,43275.8,0.009,57.7578
d6ec32e416368b8873d5ab41ee04144d9bdd4a004add4c5e1a712d5a471dcd00,43271.19,0.009,57.7668
20ab31f5c2df8237a1c469e80946f8f525c2e7e2f2033902d8f2b317ba159b16,43262.62,0.009,57.7757
1ce480346b5b4939ee6192a2e4ab2f8424f830ddf3e39292e800f269b4ce97ba,43251.33,0.009,57.7847
64b55994f711a2b68ddb7548faeda934e66794da91b454feedc2cf1f1b5ae7db,43243.32,0.009,57.7936
6120168f66014e70d5d386a3cb0554d520831969958180b09282e592c3271084,43232.6,0.009,57.8026
6104091d1be71f00ec5d6657332f7662e03a0f92e31ef11516658c61168ee8ce,43232.6,0.009,57.8115
3832ed4590c02b17f341fa09924a7e696798f6b68abad0fdac6195654582c9ee,43229.51,0.009,57.8205
e5ad5a84365a04a5ef31f295bb3da3d3ef14e02c2be468c8e2ffd4d5b7784fe6,43221.34,0.009,57.8294
f5800789ad8b1c5f867a51d60cb1aed011efdc574fcf7b1269d73c22cdab69b1,43215.25,0.0089,57.8384
8d4adb7f18f98ed4ee55648e71c6e13abff123e1dee1456cdb8d1505c0cd18a4,43202.08,0.0089,57.8473
37c5037a5275a5b98dbf45122816bc05456d8d11f0598c0efd181a5a95b4c851,43146.99,0.0089,57.8563
77434aa3cdfad01ebfb2284765d7c5cd679d225221b8a013c79e3dcb7acb39de,43131.21,0.0089,57.8652
534d1d243ba7fed7705c76b685e07857fa2222e4ef3cf59812d66e5df8fadf2a,43128.43,0.0089,57.8741
a9ddb0d522e8c7a998728ecf16e9b3859c5e47d5a6a3d222c16d7245b29981f3,43085.6,0.0089,57.8831
7ad67d8773e0217333dc48c5922633c141d5debdde377db5a6d1785da6c1eb02,43084.61,0.0089,57.892
947aa6bf3820e1e37e674684c02567bfe1a36dc0a4ded5fa85a1437e8d2b6611,43084.61,0.0089,57.9009
002f2d44a05d1eca2efbe8db1e9a434d8f98f33d2de2a1e4bd226ce456c5d8a4,43084.61,0.0089,57.9098
7f0c46e400b9ad0679cf1ac4c66c8bfb17b1170f22f8e3682be6bb6d34514ea2,43078.0,0.0089,57.9187
ff65c6c5dedcc2cfbf586c0f5e5de25135de23fac6029a8d61b1ff73ac599685,43032.14,0.0089,57.9277
690a752d08c929484856714c2af111e4786e913e32e6b3ffff45c068965882aa,43008.7,0.0089,57.9366
cc4e7b177390576d0311e52c62db5db27966da275ae66cae7d9c351fc121d2ca,43002.92,0.0089,57.9455
4ef9312f6fac873da2ff64ad9d71feb3b41f23b669912caa4b13d49a1e245e78,42995.86,0.0089,57.9544
705f52a83830274c1857af243e91c2b30b30b5570d711e8ae90da248d1b0811c,42959.62,0.0089,57.9633
5e51300c7142f508e910a018b5abb845d42a9c410e2f4d0a779a7de351a33b1c,42956.76,0.0089,57.9722
782a00499cdee0a54c38f19f056c7d829aff2d13c15e9088cf72462c0dd770ee,42951.41,0.0089,57.9811
fe12def7e16dc8881c350219dad01f9c651ff63b1b6756a3ac656f099604aedb,42951.4,0.0089,57.99
970168b0150b72986815c07e82efb482c24e8240c7060cd33b7becda091b08a1,42941.6,0.0089,57.9988
7e3ab82d79bf20cbb93737d2a9de1c0ccf38ee9dffeca7562c46bde27c27415a,42909.0,0.0089,58.0077
3154228fd99256c3d67d9e262abf378a9dd361f32ee1faf2da82e479ef452f0e,42890.6,0.0089,58.0166
5e5a7e92cad289cbfdb0acbe8792084be6ed6be495d531163822d2104d58d353,42876.99,0.0089,58.0255
7b8289908f3a0296255d130f46e1ff7d9a9f598ff42ea1e05b7eb8b54c51f139,42855.46,0.0089,58.0344
8e1e5fcae72a12e5b7171314d496ed6b2d81e93d3f79cf66bd41c48828a623b5,42852.72,0.0089,58.0432
70a183e42c9ecc0b7ff359d7b4b84e954d6cc05641fa9267a216be56eec20a66,42844.65,0.0089,58.0521
85c525b08f8384df6ec754acae1007d543aa91c0bfe32705eda1db48fcc8ae15,42843.76,0.0089,58.061
3d1e03b69b753ca267eb1f84c22bc6f11a51e7718a071cdd95327ad27ada34ab,42816.72,0.0089,58.0698
61c4f706a6bad2cf75b316e018181b9b7127d0320ea7404d4daa5ef030df1847,42808.6,0.0089,58.0787
6caa59ca056af111161f6845c2cc34a208d98c8a6c2531d2956efae597c3d970,42787.99,0.0089,58.0876
113d9824e33db9063d8cfe5cd82a7300ce7aad59e86a709e71904d6f23ba265d,42765.72,0.0089,58.0964
692d0b757fe32c6ba43efb0bd2d2e237f9bcc8418fcb6aafbe73fec912b30e93,42764.05,0.0089,58.1053
369fb36fd73d11fa59d4b8fa2002395c4d2debcbd6dcdefa8379c32589851c79,42759.67,0.0089,58.1141
6fdd9b073bc00a5da50bbb71825e6461116845cf1fbb3c84cd22aed47a75fdc2,42748.68,0.0089,58.123
289ca1f47b3e6500bf9bc5d5f67e0fc817b584a893fc16f5fe875571affe7a04,42731.2,0.0088,58.1318
5b43a911719b40be018cee8697a4da47cd60043b75392e5864d5632cac66f00a,42722.27,0.0088,58.1407
1461ae2b15263327837a429c49f0cc6ea29e321d8edc028afc4148c7c2ae8a43,42693.59,0.0088,58.1495
e6fa4d3060a13aa971e8851eeecadfbe9588ccc5b03ba46045f78296e750d46d,42692.2,0.0088,58.1584
6dbefadceac90cc5297dfe20b30a947d5078735710263b64d0d9db3ef98c2805,42681.41,0.0088,58.1672
c2fa907643eb61acb10dcbddc56a534a51d9e147d099ce2733dd8945dc99b5ab,42653.04,0.0088,58.176
78ab65d6b03f3eac9c31017f404e345f4a706169f83a956cfc62506310cd8fa4,42651.64,0.0088,58.1849
96bd5ab567a854b1f1e749dc87c1c2460fd2c24eeda5b7a04ba4df2c13c03c33,42651.0,0.0088,58.1937
ef9decf33b87ffab7a209ee06cbf152596b01367aff785be6c329d0b62dea786,42638.3,0.0088,58.2025
d022bf56f79aae0d0b8a2ec19681ac81216caeb713ec0547f05d59fdf8e1f081,42631.72,0.0088,58.2114
68c9b48e70336470fe9570ce19d8eb09e6a8c49fc1c12270c369aa046f77b94e,42614.2,0.0088,58.2202
a8be64e70f364c4da2e197f09cc71d30f67cf442b0210b9ab3ff556b4b6aedbd,42568.67,0.0088,58.229
8741ecaf78bdc08de1a1b2f392e20d20dde80e8f9b2adab524aa0b00a6b5f923,42528.89,0.0088,58.2378
917927c0c341c3dfde3a9c86b4f491496030d7a303a161dcfe3c045d61c78825,42503.43,0.0088,58.2466
c40391b61a4ee4519df424f8fa4fcd86324df5b50d08817065d5291756a53eb7,42492.53,0.0088,58.2554
ac2836ba82766d2a428a213dfd1162bf71f8e398d77210221c8bda76f03adabf,42487.9,0.0088,58.2642
2628c213ea477f8b0c16c942971a7471a11dce5be7c6c27939f3d66b7fe7986c,42486.97,0.0088,58.273
f81fff1525e0a8594edd1afe430553cd812732dc0a9a2c3d830ba8b018cd1819,42465.4,0.0088,58.2818
7e6e19beb588a91bbdeec98086aebcc33c2893c8947b7f81b1d77371e595a896,42450.8,0.0088,58.2906
0d896ea8735e25f3e8aee720ad6f17463c06e5737903ebe7d92bb006a55d0af0,42437.37,0.0088,58.2994
23970893bd1683056543d7d3f2ff44340720dc0987d64b93dc32d338c528ab40,42432.63,0.0088,58.3082
f4a4133caefc3e0cc489504e95761c112752ac2058242887e3fd1da2227b809a,42428.63,0.0088,58.317
7f8a561473b77299f29af11b5daa582f99d600aaf92912c44e7bc142b262550f,42414.67,0.0088,58.3257
cfee3ac6a7a7cf85239c393cf7eb4630df18ad2e3d859dab3e78626f0c6b09a4,42410.4,0.0088,58.3345
9a6acca9447b9011a8bccac7d51b7a54ba22bf44c72645fb1d95e442dccb3b2c,42400.65,0.0088,58.3433
0696d5cba9eaef5fac2506a55c5e974fd786bfb63e254364da4379e4e4ad3c93,42374.0,0.0088,58.3521
275839578ec60b5084d5e18fccb01310e9f1b78293cad00bec043945e0f3e629,42338.5,0.0088,58.3608
5f68880b2920a664b6e2dffe6eb096cad95e8ba38fe3274f75ecb568d4cdfed9,42329.35,0.0088,58.3696
e6a895cc27f49f907d4279ce4aa4f8609f40c77e44d64917762492156a4f080b,42328.28,0.0088,58.3784
bba38541f8adcbc60eba90022d05127508f89858a4b297a411f75bcd1a56a084,42274.0,0.0088,58.3871
c2dc36978fa3da9486771ec43b1a17b1807eed043cbcfe67e034e5ba3b176a56,42273.42,0.0088,58.3959
19fb0be06eeaa9ee2212f358d88b2d5d9faedb2fbf7b3b99f17c4a80ff85461e,42267.88,0.0088,58.4046
b2f91139a107e22f6fa01048e0c708e5fbf6d30c70dc8822311ae0682db8a6c2,42261.19,0.0088,58.4134
927726df29dabd01661d3a2a5cc5de0bc1dd27ce60a3a5787771f6cb0bbbf486,42251.72,0.0087,58.4221
5214d66710a61e72e7cd52f2a07b414be8aac7843a51b412ed0f9c952d26e96f,42248.0,0.0087,58.4309
b10db4706e4959f5365c8e8bbb1046cd5e36c4f3fb6e48e612f6651a69f5a252,42244.57,0.0087,58.4396
b78c88bafd7d29baf18e83ec96570abb5d0ce5f41009f6c7a8bf040a11a2eac0,42240.38,0.0087,58.4484
25e2252d57cbfef8aad7e662df30d6a4c1a8258a0935d09616994c21aa1bf565,42226.4,0.0087,58.4571
6529120fd681fe931ed948bd294547f9db461e3b1a7b6af5dd13af97c3dc92db,42215.2,0.0087,58.4659
9700e9c1f5d555265f7673ff3b3937496346df78f47794411a08ccd662e1ce63,42214.81,0.0087,58.4746
eac5b4305fb7a6f9e80e0aa3009fc227d5594242c8ac6f14f99fd29bbe1a4918,42169.06,0.0087,58.4833
11c18a37b0751108c19df786e0d6406d8922a9f779421a9797f7414994a2fe5a,42154.41,0.0087,58.4921
ddbabc768080942847020c3cdf7c266684d7432d089abb412613651e627b674b,42141.5,0.0087,58.5008
2fd9c37f06d70a3cea122a8020dec901acb22a22f332362cc786345688a4d7ef,42136.92,0.0087,58.5095
4b8fd3274206f8e6037ae10f3bb7f3279e715d0f4b0542e5c4d17e30d876ac9e,42116.99,0.0087,58.5182
bf588bdb1d0bfc1af7861d622ce89d57c9271f845f0baed992516ddff9eef5a0,42112.68,0.0087,58.527
697f0a5bf265ba165f7c0181cbfbd6c6e76152a9e79c7b6f3af3e444c8c38abe,42108.57,0.0087,58.5357
de6740041c48d94cae32bd6b11cff8264946f1bac76cb420d8c7e57f1b18280f,42094.36,0.0087,58.5444
c143bc06055da759d99e56383ae3c0c55ecb64abf25dfefea185c6ca3f4f86b4,42093.99,0.0087,58.5531
fb3efce55d8f9ea4490d18e10782ef708027cc82fe1518ef1a551a01980be900,42081.0,0.0087,58.5618
4254c8baf61a514018cfa4d15f5846a971d38e86591ea3d293916739cedd93cd,42077.78,0.0087,58.5705
d29d53701d3c859e29e1b90028eec1ca8e2f29439198b6e036c60951fb458aa1,42053.63,0.0087,58.5792
0905b79844287f4257aba1f0319e0779ad4d3ae66be37b371ff24a782c0f31b8,42042.0,0.0087,58.588
8d3640840276d6f17ebf65f415653839608ca97ce5a42c1bc2e20a66028565c1,42036.08,0.0087,58.5967
5911aa97e81029142195be0892d471b7d9ca9510d64302735a554feb94113000,42002.25,0.0087,58.6054
11d4ea560ba8d2cd4812c6e23f3e9e108f3ff3939eeb094e3bcbf9a912ad838a,41989.2,0.0087,58.6141
65f0fc5e6f5e982856f5f49963f61d8149f563405db5a6d98e31de4287720380,41988.8,0.0087,58.6227
4281a8b54c52a805365d17cf3af43f45f60424e18e854f2e0936c90c45515ffe,41973.36,0.0087,58.6314
04491ca4698ca0ec8a4a5983e5a1a64f643cf576375dbceff0666ee21ceb7de0,41970.3,0.0087,58.6401
4ef3bef436c684691ee49003a6de5db3c077c9231b7848a6a7ad229a55fa8b76,41955.64,0.0087,58.6488
1036489e29951d0620e8818c0d3a2f5f06f721f90ece3a57c38ae7b4c6e747ba,41954.24,0.0087,58.6575
7fc4a4ea13cf3fa1c70231daf29a60e7a503c968774626beb3beecd4cf5d8e99,41950.7,0.0087,58.6662
598a6ec521a523a6d6477da440973d4bdfcfdf9b6d144bbb7e7cf78b3ac1e40b,41917.8,0.0087,58.6749
00342e84644844dc10a7d75ed704e703482165ef475ca041c5b360f97ed8a348,41895.29,0.0087,58.6836
3839421648b482e1eca155d592afbf19530c77a71f2482ecbee01af322cc57ed,41868.73,0.0087,58.6922
6fb4775fed7293b1da12333ce782e879cefce4ca3b83e12628b1a54e062606b6,41868.4,0.0087,58.7009
af327fd6f76045459f5abb2a7b9e1a8d8542ae117f1735c45cd9f60e4739dd51,41864.32,0.0087,58.7096
702151d017b92c0ed90b53ee1bdf7b4a3c2b44dee71bcc4e06123bd5aa50fdd7,41861.28,0.0087,58.7182
d0c7a2c571fc659803e3d18b3838d012600bbe444e084d09a89ff6999211a2bf,41831.6,0.0087,58.7269
3749aaba23398e30fe8aeaa01f72d9f745793694de21db5ebd6868a2d7043ea0,41810.83,0.0087,58.7355
85de5cc85943f2701304ccf0807642855b15b3b4ad45f9bdff1d9739cb7fd98e,41804.72,0.0087,58.7442
9c9f876168f3578d4d1b037fcab2d0437a6fd054b3d7fbded28ea1826567226f,41798.12,0.0087,58.7529
85916afbbd2dcc32e2f73c8cfcd20184e3ee05fb7414fa217fd3e7ef30e2e920,41788.4,0.0087,58.7615
0380f0da63ebe77f8665c8a294811d924b5e72d6783b40f3d188bf9f55356e89,41768.8,0.0086,58.7702
b36b134965fe0dd1f29c1c9c6ea5c506dfef211db203a56e6b5435b47968c226,41765.13,0.0086,58.7788
0a214dfc6eb9f0e5aa8b6d8196896824ae5fd263ad56773045fa13d98e299c4d,41741.25,0.0086,58.7875
659f527bd61cfff62d46306cf59213f7d7f1ed69e1c567efa2e25c2180549c64,41733.96,0.0086,58.7961
177138771f3de548c17a688bb6169d65f3aff07e8dd3a5a45234f91d0b30f947,41722.54,0.0086,58.8047
e52a1cea58f7af8a20a442ad33296d0cca68aebe535807b830c1ea20b2d4882b,41710.0,0.0086,58.8134
0df07ea12b8842ad09c88bc9790e3ff4e4a785dc8aa736dd34385cc68ab9bea1,41689.41,0.0086,58.822
f1a3c778723535e3aa768fd773410544f3ed7c5df328ffdfd58d2bfaabcefb9f,41658.0,0.0086,58.8306
70918c5f3390835499edb6e793ca076948b62ac9beec79ee6c3d2efee29c802b,41635.35,0.0086,58.8393
451958dc2fff462bc0a4f7e2f0b06090d30a063301b65e5a61780da8cb2396a1,41630.26,0.0086,58.8479
db57df67824a348a17cea1face0ec00cabb8ca6c21b6e76428824cc0e3cd1755,41597.41,0.0086,58.8565
7943f35aab52837b8e83d5f3ecfb953b8e22b31291e0dfeccee029f53269b380,41584.2,0.0086,58.8651
fe014334f9e1548e76532e3ecd7b34a9227a0a698f9c18d0d968c898cf00aab2,41561.27,0.0086,58.8737
ad09de1c5ff1d66c989823e5164374f3cda3bc1068f6265700cf75664e2108a5,41504.8,0.0086,58.8823
63d4119dba77c77b197395761a4055a2c36dde1b732de4cde17c3139ec8ece82,41502.46,0.0086,58.8909
d89a5ca635358804f2d986838a2526a7d06895dc717258b1b1aa5c98514264c6,41494.62,0.0086,58.8995
07a31d6b46ddd2160a1c6c69ff068a13e620bed480c304c0e3bb554b4dc65421,41489.12,0.0086,58.9081
2ac6562d183761517f91fb3ea041661af5f3ff4b449b1fb98579dfbc89a5b781,41485.45,0.0086,58.9167
aa39f8a21fa11d7a607d9c2a10c60d714f1ff7851672cde6cee4b5a5ccbf53c3,41437.58,0.0086,58.9253
1d559eb6a0ac36ca5ee54f20732ad6de3eede1c872d64c2b5a253b2f68f80ebd,41427.6,0.0086,58.9338
d2799e61c6db45cd2d7260d76fcc71c34d713a081185765b95e449bfc68bf1c0,41427.6,0.0086,58.9424
3ce7478bc40feb50eea8b6df2ab788f7f055c9a941dca673950b5932f30f6209,41415.87,0.0086,58.951
4f939a6398e824ce88cbfa666f06888f8195ebc4bb66ed3c4f4adcae7f186be5,41412.15,0.0086,58.9596
ef4e0f8057856a37ec62fc16e4bfc4fc9a071541b883da3fa8d33a629a144feb,41364.9,0.0086,58.9681
4529b39367fe76d094920c431464c19403fc1b082ca38f2258e4e4e3f759b746,41347.96,0.0086,58.9767
8622186d20609a1f58623acf2a72dbd4c052cb0b5b3d900d20c2dc2538555d9c,41328.21,0.0086,58.9853
34ebcb797210a274996db6b28e32f2c703344155b5a9a8dc5514f8bed6c40cea,41311.36,0.0086,58.9938
2d836bfb1da47f274ad274186e6cc1025e23b41c03939145836e0fa97fb68f4f,41308.59,0.0086,59.0024
1171b73c59dd3de9d9a8c975a9a18c4a9af596a5d2fc2aebd6b19cf11290bcf7,41302.39,0.0086,59.0109
9381f861440e9eb039f0de997fcb5001474b09014cd64e6d1791997729c50cdd,41293.24,0.0086,59.0195
046214cb566ceaaf2155c6b1d2fe5cd13fec9dc4366f3b47f4e2179bda77d2af,41283.6,0.0085,59.028
118e93d3cb938069231afc3c7e7e6679c1c57f6eed752d82cf5fab9d61829746,41273.35,0.0085,59.0366
caa1593a429381c2d30370b08b6d3a2cf20666a3678eabdda3e5bf585fed8c96,41261.0,0.0085,59.0451
c5f89ad7a849c0dbf32f90bee90002487e40067d3b19671568442481ad3f6a69,41228.4,0.0085,59.0536
21971dd63f395f07efeabee88117b19695de77ebb58be3fa8fa2b323ddfe7c03,41228.26,0.0085,59.0622
697a2d07b6af383507839d16ce298b70dc73e5bcc387a29f2d98617be9ce34ae,41222.88,0.0085,59.0707
41222b2eecf8aebc6ed6bec1bf76eac5ed9d083a25abcbbd4522bd944409b2e5,41207.79,0.0085,59.0792
b91c5182587410e622b012c2e6801872cb649be424d484653b7dad05edcf650c,41197.6,0.0085,59.0878
19066de1c3158144f4d8ee7e22d0b9c710d5682eed7ae28d3d8707e5bfe0f3d1,41165.5,0.0085,59.0963
cee9810abe735c7a0811a332760afc0a23b5a33d892619927c87637c44994cae,41165.2,0.0085,59.1048
8567d6f9d9120b1a967f3bec3416ceb94590c04f349ec9decb61ec70b0b31420,41161.6,0.0085,59.1134
c624a74caa00d39de93568edbb7fb86bfbfb8032e1d3c5a6abf1a43517f81b3b,41140.5,0.0085,59.1219
bd7abc2ef3e4e02752dd27c48feff03b8f5147df89804dc0ae3abc81a5d7bde5,41099.64,0.0085,59.1304
b4c7fde351f7f099d75aa63de6e9603a682eecbcc9d8fb3770b8178d544010f5,41071.7,0.0085,59.1389
39f17f202c51f8c585926e84824f337fab8a8e0e94e05d079ca928aa77d764a8,41071.6,0.0085,59.1474
7a6feb9d5f3b5e538b1fdb95011cb4de5ece9120cc2a6d7ab639b8cc30485822,41052.55,0.0085,59.1559
3096ac1f1da6083ea93799e355cb30c89329f5b2fd5fc689bdf785a50fa60c28,41019.25,0.0085,59.1644
d8ad1e8b7378e4368d4af6f2a24fd40778ca2a1a682f047f393521432824ca89,40971.6,0.0085,59.1729
6f777fcc3de345607ecfbfb2f4b5cc476a1e9ed1e6623ecbd767a78a7e26b078,40965.0,0.0085,59.1814
b152d259baeed6d3c1a0f2fc408302ac0ce7dff1ea800fe3722ace8bef376f1d,40959.13,0.0085,59.1898
64a673b25be4eb5ec2a903f08de167f4093cff4ca29b19e76af9651e1b1accc1,40906.2,0.0085,59.1983
2d54aae5137fbefffe39f60555b13d6e5634fa1dd1ee1a65ca08ee76953f5da1,40891.16,0.0085,59.2068
88d6eb8a3b271c8aedead1cf21cf38537ae1d301c0b3c0f4f86cd40ab2e7f961,40840.96,0.0085,59.2152
b9e744bbc655fd92e7c84a777e4467e72ac0b224e3614ace5e4d4bd56a4363e9,40824.64,0.0085,59.2237
10e28b6cdfb774351d42f6eab3e2e28f46075aed6ec690133da586c9e65f642c,40816.04,0.0085,59.2321
3a3afb877c414d876f02f642bd2cc404e4e24da6cbeba4f6f53025d9d0c87a58,40809.16,0.0085,59.2406
6a18dcc01effedde061f3a8442aa728337e3002dc81807543714218db33a8fc5,40808.29,0.0085,59.249
7e44ae7f1b15da52885e0bda6e2036935f18a47053c88c8d789a70310ed64757,40792.23,0.0084,59.2575
d44c9c1a22bc381ec66285b8ff41bbb89cd7a1c08bc78a3faba6f2dfe704ca44,40773.01,0.0084,59.2659
6de54fcce5fe47a5e787ee68d836aa9d6bf670c921f02bcaf3d2c470094400be,40752.08,0.0084,59.2744
55b4110e394986e803816f942c14ca70e3b61894ee03aab4056f949bf819cdff,40735.29,0.0084,59.2828
081584d93934ed78c0ec38cf4937f62a06620494ed6ace8a98b16cdd710c0d78,40729.92,0.0084,59.2912
d8a90abe3ebc7ceaa38f60fee89e2a8e06ab5ed8b14a361d14a25ed952bf72d0,40663.48,0.0084,59.2997
2602e554c2e1b70fb62522447a3fe4cecbfd3f26e2584b1dd09f319d8b9524e1,40656.6,0.0084,59.3081
9f4961a650832224a6b16c9a7e4b531094d40b9f8756c4210daa178b9d8bc595,40652.4,0.0084,59.3165
5c4c9329515e5407b51c8b63318a8f7e5392680670991b706d2351564c0bad36,40624.0,0.0084,59.3249
43d7ba5081a386eff3a1f1dac9c75339db542861a7e6231e61325c1c98e7810e,40623.6,0.0084,59.3333
25974e54ed3d51c6c6363067e7edc5c1f4fbc7cc08f640252e7d4afe81d86825,40614.22,0.0084,59.3417
27703fad6325244b723b762162521afae99900894aeeeed09f21cd076ed5d162,40587.6,0.0084,59.3501
2659f0a2e381012132f514fb900315e3636f4875d99d76ca5cd93478755f3515,40566.4,0.0084,59.3585
d1f1775ac1327fc68a4e0a3d4eef9e450429cbfc8ab3fa9a1a39dc8dc67749a7,40538.24,0.0084,59.3669
ab37e46df55c2198186eb1cacf6f0cff15e048fd01d43f1cf8981d18a4ec62ba,40505.14,0.0084,59.3753
50c5906fd8ae5227ec43f223441fb43ae0a4d80ca749b5899992f115850588f8,40503.31,0.0084,59.3837
597a371197b3f462d9cb15b3e31eb2b994de5d27d70fec852f2ee635394c46ce,40499.94,0.0084,59.3921
f960794c707e303bd72b4b6310f9b7f1225eb341940a3ec9555a204c53102fda,40485.6,0.0084,59.4005
cd1b7e37a4a72406008a3d077b2b39861ac9f31a1ff31743a41a931584771d14,40456.92,0.0084,59.4089
fad5b3f9341c1dfd1a4f3092fc1d6b422f467411fbdd76f7d581b1af353aa6e6,40407.2,0.0084,59.4172
8ae37bccbe85fb78776ce2334b53d28fb08657eea4e2af0400d6b841c572ec4c,40403.19,0.0084,59.4256
006f3d49e901c2fed451170de92883df0d3988a5052a72f6c6abc7e0a397246b,40397.4,0.0084,59.434
2e83b2af49f8172895d791b9321b4f7899f1186df2c9cfe8fdae85b1a5626419,40331.09,0.0084,59.4423
21b7a8670ba98162d7f16d11d07df508bd008fa6516f35abb18fa848f975914d,40305.61,0.0083,59.4507
9967a2d7b0429ad815faaacfdbc6f3213ffda575d0affa6cd8d66955edbf3006,40297.71,0.0083,59.459
4292f645de08307ea8eea8cbd0082505b51ff473e853d1b0472c5417293c94af,40285.6,0.0083,59.4673
5cf30e49c2352e095daa7fb01b147c43c636a5faf592a3c475dcd2b84d31cc8c,40262.4,0.0083,59.4757
31ee4bd2dc44bb65363473087e725648cc23080bef9929c98ff6565eeee44e14,40251.42,0.0083,59.484
cfef5dbe1e73d20745ed2b463d05507e0bedef4235dbf2fc293467ff294f2090,40234.4,0.0083,59.4923
aa1dcaf071a7a8c8bc7984728621a9f96001e503f1b1a8b717f94c8a8bdb539d,40223.6,0.0083,59.5007
3f3bf6471e3f44fdc826e237462be7fa39ea47652b33c5eda6f1ff69b05226d5,40212.5,0.0083,59.509
bf22c6d09965dc0b8fa8175b8b28d71eca9e1f80f66fbb38b7ccd1eb380182af,40204.5,0.0083,59.5173
e4aa16ab30b91353a6699d31a5c47f40ae3fc013418450d984c0db870bc1c56d,40203.04,0.0083,59.5257
a58770d5a84f559f4f1b461c9d3b2a5434bda7b9e3d06ee8dbb30fc7c636a0b5,40185.48,0.0083,59.534
c01993f632185a29861f5f6fe5e11c15829753968c2ee927930ad50b2a082b15,40175.99,0.0083,59.5423
b6bb9726bc717326e6cae3afa060caa36b7d236cdbd78bb91ef6fadf220e8bcd,40163.57,0.0083,59.5506
c8547c65abf1490f23a7d502dc645b9d5d82f0adf2eabee02f7ff3d393ffe939,40144.48,0.0083,59.5589
8eaeced73616477f79c100bb6c71bf34e2e292ae1320adc6620d98b7dd852c97,40128.0,0.0083,59.5672
d50e2ddab87499b52be9af4559d2f7ae0b7028d806417550d51a65f52eedfb43,40119.72,0.0083,59.5755
e237847e391e6e44f6eb7fadd938ba3fe7a87d2c053d308f50321efda0d56e89,40117.56,0.0083,59.5838
27c82ab2c47d5ab7fdfe6c5d0903985bf9106cc3382b8008c8c88ac93c301ed4,40114.57,0.0083,59.5922
af78a1288d446c4b5e6dcb0bf33017e4d790bc10c4f9422e45cabb67ccbbcf62,40113.6,0.0083,59.6005
260b6160e24fcc4fb3968bb30fea7be6f9b74f6fa25557343bbbdba71484a814,40083.09,0.0083,59.6088
d2c722567777c6d4bb380dc7a7fa246627650aba1122966b526658f76a0b8616,40074.79,0.0083,59.6171
ca6ed54d76ad8798fb5504bea8ed781fec1fffcab82ef42f7a92d16b69cb5407,40024.38,0.0083,59.6253
86f31c658adccea85d3792908d4228ca0ae038c7018fce4ebed43c9febc1294e,40021.5,0.0083,59.6336
f19c01bb9ecbe16b917cbf4ce079851cb1747b76cf7528ded0e622994b4f2680,40020.0,0.0083,59.6419
152ab801a2ecd4eb1f51f6416c23d10ea084f1433a146d5756496e00a90cf5a7,40000.0,0.0083,59.6502
6446d376a92832f0ff586a5fd08973ffff2a439ed3aa966d6a53fb0837a58e01,39955.14,0.0083,59.6585
95b69d8abfe9333d9dcd71e4bedd785859413432548931757af22f3453a9eca2,39951.74,0.0083,59.6668
fb7473d654b8e78e5f76ba17b7dd9e3a85ef152f6a7cc72c8829454154b6f13b,39907.42,0.0083,59.675
6c0ccf06ca3832df35618cb7ac9328fa42d3eef521b7eb079caeba31fcedb1d3,39894.0,0.0083,59.6833
f49ea77f6d2d59a677a3df6aa16f1df36f7df172a82be543f98fb10935a2fd24,39874.08,0.0083,59.6915
804586ab96e9a31f9b30dc3de7917d2295137b6ee88b9fcff93923a7d76955f2,39853.32,0.0083,59.6998
e436e5e62078257cf0cebf01573e198e9c4eb47bba61e65402585deb8b2adc36,39852.35,0.0083,59.708
2e2b2d0391cb9953c059ee5b72b83ef31f50ccef6966c5d8c8a63385f689eabf,39841.39,0.0083,59.7163
5ed7f7666e51f9a69aaf9be6d18f0e4fba01b1ae778f18addc5bcc4a71bcc5bc,39832.85,0.0082,59.7245
8f8aa2ed5ba68c1c1cf6aaa5ea96f0d949d5026cf37d7f2d1d181aeb92bcb579,39808.0,0.0082,59.7328
9a6fb821d25f75490c596c08e375d83a8b2b3ea1a7597412cf0cae53d01c7ac8,39776.26,0.0082,59.741
f86686790eb807cabaaf72c127216af76e72ccfe4ceb9b7c05c82ce17847047b,39746.0,0.0082,59.7493
a3fd74503cf8f6991a6e380314d1e00549f7c3b257d5fb207fa3280e415deaaa,39678.6,0.0082,59.7575
4e0447bdb87b433a33aa5a815399eb2135f7a7639c143d96266d002d7e31f8f8,39670.0,0.0082,59.7657
4870cf275fec15bb3ec7d0c49b9202f43369933cfd5e9f162387ccb45151c810,39653.0,0.0082,59.7739
525a3ce3f5870c9ec05144f552a8019999a21f52cda8776f7b8a18abae99ece9,39647.69,0.0082,59.7821
5ac42ab7a4a26ae2a2c0eaff59e8aafa5c746dd8e25ba457bac108c00654067e,39618.24,0.0082,59.7903
8c75a9caf68bf332df5bf3714dcfd4e9d1b5088b42f0cffec88ee78df3670977,39582.92,0.0082,59.7985
83f93c9e171547362da8fa9e3ea0bcc528b61f7a045d40d187f4b843404976da,39582.7,0.0082,59.8067
e7ec5f709c9da7ea988f767ae995ac90a654ea17cff14d440439b4d10ea891e6,39542.89,0.0082,59.8149
55110ef275455e102155ecc38b10a8c0d2e46f1093fdf198e53cde89fee84cf1,39527.79,0.0082,59.8231
ce9dab18fdd6d0704fe9717fa99adf9b1fa4143d175f24ae83488c527d636e26,39526.31,0.0082,59.8313
3e6bfcda089c0989d4ba4b83e3565aead8440e35739604ee6601339b477909b5,39519.0,0.0082,59.8394
f491b3f2ccf793518d52aa844ca70df7a6e11c2d9cc5d7240ba9a224a5f6278a,39442.69,0.0082,59.8476
04b827544728eecea59b51ead815035bc7748929a0effc094902f8ec7415fa96,39419.92,0.0082,59.8558
5af37d8ea6a41e65eb19caa411634589a898dbd4fa0895a1a7329ebceb46ed56,39366.19,0.0082,59.8639
1b6b2e2f79b2c0a1518a4c5d8ff045e5d573137135bc9e36cf92ae962462e56c,39362.12,0.0082,59.8721
a2837754d69558f0b3648730381a65e1cabf28689939745058aafec6adbcb650,39339.6,0.0081,59.8802
a6c454cf50ce4cc998a6075347e7f17e62ecf597ee98ae89c3bb469e60f25b99,39328.73,0.0081,59.8884
9ed5d9ab59c17dd2eeb8ddef0ce973b818983eac7c97bf918c5a1699dff9e6ef,39323.39,0.0081,59.8965
a3ffd0f34ca2962bcfe325851c89c4ce8d9b1ed3d4df0cb500af21019f0b925c,39313.4,0.0081,59.9047
d27ce61481fbe4bbf3ee825b5539ccc4c81f4d2e7403a1f2c53a993f25f2da13,39297.42,0.0081,59.9128
9307a6d8bd599f70a51c3e19e4b792a68152dddb92f0cf1eb6fea0694f2190b4,39289.32,0.0081,59.9209
30b7906938f129c53213bbe8721f8d620dcf6cf89f52142691c0195f499ecd7d,39280.87,0.0081,59.9291
d597da39e5c24ef7b67ed7b9f16979c7865ed5f9222ecd1d376efd1b4a9719d9,39248.8,0.0081,59.9372
666e4297b0b63430e0291cb9103c66af066e7ef996fa87e137ec9eb07f180237,39227.0,0.0081,59.9453
68fa1b55e7df300ea028e37d2404b5b389cb4a6ec7f3a9395e645c3572ccc711,39196.84,0.0081,59.9534
596c7a684961bde5876219f32f57375ce373187c612d284cf45ede5f85d7d222,39196.23,0.0081,59.9615
3e4e36e1bf9e642a77e46f07104d0f41706c12c8524474a668cccc69a4cf8a72,39194.93,0.0081,59.9697
344234051287c68908afcaf3f96a4eac73288fd244b65ede6dd9612c1d00821f,39192.4,0.0081,59.9778
90d6ec95844cceaddcaa47d8c92bac441bea9bbb1dca113864e90ca12c09918f,39179.86,0.0081,59.9859
965d0fead327173818498938e6397f9e63b6a733e3623bc284f942bc7954ea21,39165.6,0.0081,59.994
ce9c2cca1c42dbca60727e94e8ff7978a92d5682f09cf6e3961a9b08a4a9f2fe,39143.4,0.0081,60.0021
94e85801281db3eefc21d6586d2a76050b182645a224fc6656b296c15610323c,39142.2,0.0081,60.0102
038d55bfc8e5bcb0e32464228274c8692e9d52dca4fa1a34c973e2816ef6709f,39141.08,0.0081,60.0183
a16be4e9f5cebcc50ee054851e50ef83e15670c7965cc71053cdda42badbd87d,39117.41,0.0081,60.0264
e403190875ba8fffc6e758f876146776524252103b34454ffbce6181874a0908,39101.2,0.0081,60.0345
c2f5848cb55c43e2372e894fb5f24c1d9f346a4fbe1ad7e5ce062d9a429780db,39089.2,0.0081,60.0426
a979a4a08d63881107d67f10fb18c3ee239abddc0ba787933655ea12f883d864,39076.92,0.0081,60.0507
2f2bac303247fe8afc79b58a2ad608bb3a952da08676108575d1fcb8cb408934,39069.49,0.0081,60.0588
6250050799d18105e3e79c7e1b94dee28ac1fbfed47d3f0e655b2a78bef431a4,39067.87,0.0081,60.0669
5269c09d3380b24ef42daf2a3475b8ff25cdad256f14c3412ae7cbd95c2905ed,39025.85,0.0081,60.075
c59b591552811ffa9925dc4e289bcc518c211f42d05f4b649a1b78ce451691d9,39023.0,0.0081,60.083
92ba2c4582ed8033b5f6c8f5101a2c6c3aa44a2b2bd9aad7adc1d18e4b3a12c6,39017.96,0.0081,60.0911
4cacd28bfd3905ee5ebdeef1ca0d5747b52e24ee28775a6599777b6891a716dc,38975.96,0.0081,60.0992
ed0ee2433c93331a9a3956768bf23ebc34fc4a285ddedebfbf7d0799da9ddd2f,38972.2,0.0081,60.1073
6f3e511afc05ba55dba968dc65865a03e7352b6ec53c0f1d8315ab24ce0085a9,38948.62,0.0081,60.1153
ba79b55c343887ab12abded652528f8eb4e292e70907f4c191ec8a9f80232658,38947.01,0.0081,60.1234
7021cb32b8c23332c0e6ed3503fec566911ec79de81ac04ee333a060bce6cdec,38935.86,0.0081,60.1315
c608dc8b0d69f10512c269718bb09c0eb401a70ea639023101064a186bebd620,38929.64,0.0081,60.1395
6ea472ee2a92ed203febc2f98316b0873c1f5e7cc66d65e8cceeb878c0330d9b,38925.64,0.0081,60.1476
ec2d09bc4e1b1d8077a6f836df2d6332ee25afd18ad5d81692095da7b6bea941,38918.55,0.0081,60.1556
e784b56d9f03c63ffe0061a9062fd60a8494693f2c5a9b459023745b9dadb148,38917.79,0.0081,60.1637
3bbfe89e3cbe469c6f05375a83ebf046668e198237a6919b2560bc1689fd8448,38907.2,0.0081,60.1718
4f0b558536bf8080aadb759500af07ca9c8dc1e67045206901f3e2ab5587e1b1,38903.35,0.0081,60.1798
9313c5d84321733d8df5586a93ed6dba0c2b821641cfff87a370e401b6cc2c5d,38899.0,0.0081,60.1879
f9167ec52d1dec7e449a2e98bfecd7d46860123ca2b75c2d62b6f7081e838bfd,38847.09,0.008,60.1959
d9a3eff40d65b36627feed61f42476dc82333c5c8634db86568623096fe5fcc9,38841.2,0.008,60.204
d18df42ff2c6f19264a3a9840b0df0267396d1ef044e1f5ae07593b8d8ee5a24,38826.4,0.008,60.212
c6bf8be3e38a8c22f5d53a577a129c377b0db99d2cb47ac84d2a4b4215e44f40,38826.4,0.008,60.22
2b015149a825389348418a399dd7f93c40119b7a3c06694462d1bd2c7580c544,38788.9,0.008,60.2281
3437f404a13643ecdcae8180bee71621dfcba6e509a3256f67b75fc24ff89514,38771.3,0.008,60.2361
c9783b9feeeda82172bb5581f024136d03b6294e7d2974f920adec512540afa5,38771.0,0.008,60.2441
91de3ef55fa44297070fd7251b6068e0e714d1f369521b4d5439d5115a669b47,38765.47,0.008,60.2522
2d77fad70961ab6e6088ad1872ee32cfb67395ddb16aaaae3c1a46707fd7c063,38764.0,0.008,60.2602
3b023c81541b0bceea9ba55bad9945d72347eeb328b830ee08fa662f9f5a48b0,38736.9,0.008,60.2682
3a63057ecb123da632334455183282f5df76e9f54d2d2cae1362ccbeb9a1ad59,38736.81,0.008,60.2762
1e822676139cc7728c3ac3a10d75f659a90f4df7501888ff4f28aaecd39a807c,38731.5,0.008,60.2842
af5ace818a670389cb76740723e092998fab96717aa35bcfa2092e0702d9e05c,38729.0,0.008,60.2923
ad4be50f2e4941dcf7ee68cdbd14addff2d863981326b142e92135a2d37c8907,38714.1,0.008,60.3003
c09ddbf38ee08ede58408190976da61dbc8d4929097ba91deb6f8d09bd71eb1f,38695.82,0.008,60.3083
beb6fe99f884a60c632c1a90522c425757220ddf036eb2e2d91b805375e7975b,38672.28,0.008,60.3163
5deed745d864bf300ef96eefd92c07339328d1d57cb6f970979b6365e50ee4a8,38660.22,0.008,60.3243
1341433ed5d85adfedd2a68d17092dd20eccfaaed8513abcef3c2727a1eddb36,38651.0,0.008,60.3323
4ac61e8940e3eac80f89069717872cca56c6c96a1789dce5bd343e4b07106c42,38637.95,0.008,60.3403
5ee05d3ea03e4b09d998b692c4a7384231129dac166e575b1ec0642fa92511e3,38636.74,0.008,60.3483
c242e1498a4291d7f63d6457b4eae7e962c2052ea3c9f93d23defb0966d38b13,38622.2,0.008,60.3563
4909f5b69bd3f5d7eae3d7ff4c857220517fb48d6bd121585ba66a484b11b701,38606.6,0.008,60.3643
8bbcaad31389e6a917e5532301d87854b6bbe4244bb35c2855f4420c076a3629,38603.02,0.008,60.3723
d693da3b76269e07b803f5ce629b9398cf4500c2181dec5416d97ac0439f2ef7,38594.99,0.008,60.3803
7c2df6a2b87a90dd5ee0334251d318c98e197b30edeb13df8feb87da210ac3a6,38572.84,0.008,60.3883
1b3ddfdfe5eba8a7628f138a6216a207f1929cf973a31f0effc12bc92c95ba89,38567.32,0.008,60.3963
8feeea5dc0e9e2fc7a1fb9519443fd59e90a62073d95b2bdad23e6ae295c272e,38525.0,0.008,60.4042
1f76714b4652c2ed9892145e727031433a8c92e6cd6a2f119fd99c91e6036c4f,38497.75,0.008,60.4122
acc63a2999bb2e6baa75d490880c86deff267b4b628d2ed69163249839d1054c,38490.7,0.008,60.4202
2e619d63c39dbc9f4d6d874a0aca23f682625ba2597e9c902341eca9702508f8,38470.53,0.008,60.4282
b553074272732578f17fed3357c1825d7e5add59ca6dd467cfb205e97e9a57b0,38433.48,0.008,60.4361
3f48388279b83c3be54bb71f250cc4b0bb5c86d6f8f2938039e6ba8e0916a92f,38399.0,0.008,60.4441
3e219b82535d87cd3f7f5da358cab0efb70789be51340300e674cac01bfe8ef7,38396.5,0.008,60.452
0b946833adead37f9c7917a1a47196ab32e6032ada77c3fee8ddaea35424f821,38394.71,0.008,60.46
3b8d431cbee3182d06225f9d5ab51f5806e8042f145e0ad0e37d98f56ae78f3d,38333.47,0.0079,60.4679
1015dc44f346b1dc34be423c1603d5743b54aa0d3625ebd58714e963205e8546,38332.78,0.0079,60.4758
ffdffe074e4a603b151a5f0248f7b10295314f9430a7a35fdaf2764d858603db,38316.23,0.0079,60.4838
2227901b07139c971674ec6059698c2f534335e2a3f1377f45abff4632b71477,38305.02,0.0079,60.4917
019e22e2ca21e5a5c159e0b3720eea24d368c2d2561bd4bc55ccb2047b88d655,38218.0,0.0079,60.4996
f8a4b8e208c4355d9b5d5591e2701ca8fba8e769c8cffa88ea1c4d80990931e9,38209.8,0.0079,60.5075
b6fdebd0d2020360df9623a311680d6908e98eaa7d02e5282876e6e4f07e212c,38198.47,0.0079,60.5154
f87afe134edc006372146267778564b56cd21fe812d9abc2bdfd7f76135791ab,38192.47,0.0079,60.5234
817ccd9b892763e42844c5953712fec30c2e1f5953c0ea3cd06c03b0dda61fa8,38170.14,0.0079,60.5313
3cbc1c33381a164729dbae70779b7e465b0d59abce2e1a286b593c9fac1f1307,38154.99,0.0079,60.5392
c7d0b216951c68c129a3a9256d2a9bc5cbb7754181b1571e4228946ed653e952,38138.4,0.0079,60.5471
3b71f64526ae284249fc7f4d5e2d4a509b5f5e634ed2adc2e389add74655c794,38131.0,0.0079,60.555
354fea442b0c7d26585c8cb2cdbedffa936d7b8d10c6f8b78c0206b9a188f633,38124.94,0.0079,60.5628
3fc57c23dcacda7e5b40e79a3e5e7a9388d1284de2db64d8bb4ba8b6b15e7461,38072.19,0.0079,60.5707
2316976671a73ea948095bb2eaf9d3103787ed490c154f3bdd794a14bf5135e1,38054.19,0.0079,60.5786
194f020a4391a4d1e2060ce931573e9ac394f65bdf17c359146ce7241d5e57c9,38043.6,0.0079,60.5865
23d295c44f2728bba07d3b40fc25afa0cc2594b9c73fd30add3cab40acf7e7f6,38041.28,0.0079,60.5944
36da2371589734ed751d1cd2fdb6c392e77b403e7cde8dfb3175ee04effa7acb,38039.72,0.0079,60.6022
fe95e3a14c671a405fb4b8e2db9398e51774e415069d1739edddaf8f834b1a12,38034.8,0.0079,60.6101
a4e137a37f9f7a3406f3aba2efd6e04aa1f40ab7909a6baf6066250f0553add8,38034.63,0.0079,60.618
49176c138173f526d84e37ae6f5e9ae9f2d247276ce9be87954cd75f7ca78da5,38033.96,0.0079,60.6259
7c8a3a7c6892e47944f23ffbb35be2a794e7507676a13a0390e92495c29aa2bd,38021.17,0.0079,60.6337
374907e4c7dbd31a5f360ea64a97fd9ad709cc6655a71de6188e1ce699e61c99,38002.76,0.0079,60.6416
88b236075034e862dce330f1b20f9781e62fc9ed4a0f78ba7834804da5bd56e3,38000.0,0.0079,60.6495
b0f89df76099e6f9f81b0ff05ad6f9655437a96bac4870fdfff22bf09a321ab2,37972.7,0.0079,60.6573
627218eab92617dace9a7d9d858692e350590e51510d3dbf370097de56e9bb78,37955.49,0.0079,60.6652
c460eb609ed8ef244c77d76b360e8d1060e17c167099e5d8f836e11bd7c441f2,37928.0,0.0079,60.6731
4dcd9ab4d330a07e1f1c28e2ed518a48eb2c1e06834956da0a6345e7e45ef475,37918.02,0.0079,60.6809
f4e4000e773e7629d4e226562c43a2d3d10a745af2f6775053201020c70f4db1,37883.72,0.0078,60.6888
7f68bb41dda83d0f70e9e631dcf40eecda4ef31dcb58789938b5089a67d65558,37858.61,0.0078,60.6966
d1aa2565ffc7b130cbdaafcca6fe00ddc47707470f3c9114c74b1bb55c9d999c,37810.31,0.0078,60.7044
924dcf8df1d2b2fa84f8cd91732f63ec1fbd3c3a63829f0e3d7d5b81a396b2ed,37770.97,0.0078,60.7123
bd6adc2efbbdb4836684e95bee26022c069896776cebb01c7f847ff3503cff9d,37752.0,0.0078,60.7201
cb6a15b6f8fe7ac7cc8ec422bceedf9db1a2e8f74713b08e3b4d1656169dbfe0,37747.44,0.0078,60.7279
63e279d3b2fb2dfec1e55a85dc698253d316f0fee5c5364280a532651d25b680,37740.41,0.0078,60.7357
0c34f2e0d206e3b68b040d71a0caf1d66eceaae8e8000c04ebb561b094320205,37724.4,0.0078,60.7435
9e7f5997ca2552b42fcf57d87a40fec4ec21732d228a305ca942c38185584256,37717.8,0.0078,60.7513
1a46f45c880de8bb6447e50b90baef3085fbec5d9b42f39fa4e20b681f97dcf3,37714.31,0.0078,60.7591
56f5100a7cd8962d5e79de71f5008c40df1764c97712bcc9005c180b374cd7bf,37707.27,0.0078,60.7669
543436ac8509a8251d0f527e8452faab83ec81d7d8feedcf54d2833b5cdba92c,37707.07,0.0078,60.7748
847eddd8e1b08b66e958ccbe4dd82c3f19be86325956b873b9cc55e201d0ff4a,37694.32,0.0078,60.7826
3c9d76b5ae048c6adfe02dc1077ac06d73d91e8be756b9a0afce8b0012c107a5,37669.55,0.0078,60.7904
adc33355f6c3330c82776784df600af76208f9320df9761b9fa72eaa9ae1ad30,37659.66,0.0078,60.7982
9a2d1ce6e52181ce6183a8d43989947addff9536395880ee8bd3a988320642c5,37651.72,0.0078,60.806
e85aa94cc75b7bf9fa15fce0fac2205a03a3938ea8873cb6de60e75bee89020c,37643.44,0.0078,60.8137
173599a726f68ff587d7dbdc3374ab65ca83cd061379ba233f5253a5d5701df0,37639.0,0.0078,60.8215
f43d97697eef9dc5710779d3f4aeb93aaac4a07dc2f16d3f3e3100a04e4e231e,37610.0,0.0078,60.8293
2c863365d8480f3724984a38cee0593cc8f4d62a3ecd940dcf4c8c168c96a364,37568.39,0.0078,60.8371
00dace71c78c97cf00ae43f7dc8c9709a36e284fea0c0c6ecdba1b4b1c93c39f,37549.95,0.0078,60.8449
fc2422f2cf2a7f9316e2aca855c64e6e8ccfe8a22b2f761a438b0815dba9ef47,37531.6,0.0078,60.8527
4c1be9903cbdeeb6db29885f542d678fa747619cbae214000c0cb6f399114452,37465.85,0.0078,60.8604
60d0f0c4b8543332d8c376a48a8d42488391674898cfb4002cecd784c88c7dd6,37428.52,0.0078,60.8682
598444848fdc97026816576eea3511a5e7fa5c12451fddf00e285f88c529f323,37425.13,0.0077,60.8759
271c0967ba7b4bfcd66df315452cfc0b859e4367236b81869c69b3498feccf5c,37404.61,0.0077,60.8837
2931fb7f1026db224307e7aad35a269c99d4325361fa0f92b51fcd5e8ff4640e,37392.59,0.0077,60.8914
a09af566e9ae31ed0ffd919a81cf7fc475891dd80cc697ba1382e489d09f7692,37377.23,0.0077,60.8991
496dc9e47afcb716edba788c3e525a0927130c7513b2feafd507465206da3af1,37356.0,0.0077,60.9069
bfde8903982d44909f0169d04977b4354f5d34510fc56b7e0c4967a54f7ab433,37338.27,0.0077,60.9146
5367700e782ce082a09f8909b06a65f6d651b7e47a5eb0250c0c8d32eb7aba17,37327.4,0.0077,60.9223
483ba549546e2f7934fa8b0e41d70ca305a49f271b6999b88aa13861b444baef,37280.0,0.0077,60.9301
e5c610909a901039836543ee12f12afe05180ca10fac222d27ee80abbb50d8b6,37278.37,0.0077,60.9378
ff71c254ea06c43376b284bf38e9828c959c709fc0ace2965962b66c15e51f5f,37267.89,0.0077,60.9455
7a54aed0605183747ae67889c62030e6b600172273cf8c85e63ca69bdffcde13,37191.38,0.0077,60.9532
cccf24ec0800efe21543ae8b105876ee3ceb4aa9f89dc87e4e3e07edf5e56aad,37170.99,0.0077,60.9609
59d35ebbe9ed21d5e7c84dc5901084746cb5b09665dd941f32dfa5c8ff8b7843,37128.16,0.0077,60.9686
5c48cab71765a8ca2bbcb08ce0503875de522689fb73d7dd915d99f61eb7fd2f,37090.0,0.0077,60.9763
f7739f5cf8537c3a241e9c86cb40e75a805c15fc2eb207a47c3d60ebb2d4979a,37086.21,0.0077,60.9839
a710bf225447097180323fbaba0da53502459e3cdfd8322f5a0600b1308390b3,37070.57,0.0077,60.9916
df53bff3f47db001c6773e098f216e70841f9ce220134d49596e6261b0a34e5c,37055.28,0.0077,60.9993
146c60823efeb84f58c1aaeb268085fe0c317dbbc6a440d1c5ed7d078e4ac649,37030.13,0.0077,61.007
a2e1edcd1628e685a0100c273f6adb05a3c1bcff5893cd10dcaa3c7994e89ae6,36949.2,0.0077,61.0146
3c839e93983b4f2d1e6cff13908559a40cbd31598abd33038107667b8e28e5ae,36933.0,0.0076,61.0223
830cc692bb3fa15be399796190c925982f6f610b9b05d3c9f594f4d690fe99fb,36927.83,0.0076,61.0299
95fe9dbca9580a7bad707336f1f358a991fd66ee2a2a5480c62adeff5e7113a1,36918.61,0.0076,61.0376
97ce7034cd1d2661d745a03075b45bb9f658719fec892556ccec212a0445fe29,36914.28,0.0076,61.0452
c1fdab6d3e0903497ad56d33318b1502cc6c9312f923f1c4e12638e8de108c00,36899.2,0.0076,61.0528
05c2c68e4443ea9b5922b7a8b1c01a860067d76077ddc5cc9626367c54502815,36879.34,0.0076,61.0605
0f661cd0d6244e17f4cec649ffcaed76408f00fddce84dc0802c9008cef41816,36866.73,0.0076,61.0681
20badf766cb49c5d37bc6ff5f8cc655626b5465fbda95915024a5313e7553b2d,36863.2,0.0076,61.0757
08cb2bd320e72dae51d2eb044478d31889dabae9ea540f1a2f77470d0a0f331f,36842.96,0.0076,61.0834
3ca00dc64e341188ceefdb71c2af55bb627b3a2b3f746288cb1d263f74728156,36822.75,0.0076,61.091
72abf0c7da6dc69c7e6f73446fd4ba428357a5b6cee324aa711dea6f27e4dc66,36818.74,0.0076,61.0986
0378f08659cc69e8da84e327fad94fac9808b74abbae5c9c83d914ba1ad85c66,36810.4,0.0076,61.1062
9d0fa6dc0a6c9aec1bf46e17f058764621ce0dbc93256a495b2b20af738038b7,36804.36,0.0076,61.1139
b8bcf858bb925ac000efeb0aa7a4d176226943fc558d591c5aa17a17079720fb,36738.36,0.0076,61.1215
e658a8eac67db161bf7b7985f23520e7f700c0e2c7e276f78dfb456219638ba2,36700.23,0.0076,61.1291
c4ca7b0f4c2cdd20cf2051f2a12d1195eab468882b7d87c35db0d2eb9eeb6431,36646.45,0.0076,61.1367
91a945ac58d3a69940c48ad38aecc50f7bfdddfb1e05a58b8ff11a1be52d4a50,36616.87,0.0076,61.1442
3e5edd9e8f44bef121ac4d51de556755f2f7bd01487448c300d2b1bfb90d55aa,36598.52,0.0076,61.1518
b7fdb84475a06c4559e1f084c8c1f81522c5dc7e9f79f648c3f7955587cf204a,36580.61,0.0076,61.1594
6e708adae3c35451adb6eeddd1d610b0e2badace2c93846d442a395f06c21e2b,36573.66,0.0076,61.167
321c7a3436b7b34ee9419ea5874c96558491a66f961cfee1a11128d63a0ceefc,36571.82,0.0076,61.1745
b9dffbf26270ecbf0eee60ea4bef2dc643bee56f174ffd02b086e49ca80c535d,36564.36,0.0076,61.1821
e055978fa3d2f795b56f6ebb56e7b38040b90f7d71d66539f6fbf9d5f94253f7,36564.36,0.0076,61.1897
23c34d0a9557ec34e03ed4da729b05411ed33ee9b81ed008cdf0e51521ebcf83,36545.78,0.0076,61.1973
280aa659aa3b5a31185dece9d862920f15fa1522f955a905baccffe34290f46c,36536.65,0.0076,61.2048
ff74604adc844681d3ee102983ff53ec0448c0a115bf47655f783fd925c5326d,36524.85,0.0076,61.2124
7d6a7e63e404dcaf430e78722957682f03ef493d750d01e8a3c84ce064bb3018,36509.4,0.0076,61.22
ee5fc5c6ea135dd715f48c1207b233d9696542042c8cb7a561e9742b9d833fff,36498.52,0.0076,61.2275
26d821e967597abd93e28bac95c1d65c3e5f47458fa8ea9803faaa6cc39fa9a9,36481.08,0.0076,61.2351
f58382144823114a4d32aeb2e567597ab3516296ae6b199a7571629e98661e23,36456.25,0.0075,61.2426
c1f896110a98c78a4d12a13b572b3c6b3a6f22d8db69f218a2291bd1756527dc,36416.15,0.0075,61.2502
61572051ce67424e3fd75a331d54cb37384bdd9787df9327a4e7e0c03f3f8682,36390.55,0.0075,61.2577
451a82261ccbce9454955efb4254bbbcb13fbbbd2bfeedfa1c73276d9daa193c,36379.91,0.0075,61.2652
4fcda657ec59e1d3a501b5423879f13693b2b37680baed094a2ba36897d1e01e,36367.73,0.0075,61.2728
6bdb0fea1e38fd5bb10c680b68c03ec21281aaa9c2b3a14d50d6afcd3c3db057,36351.38,0.0075,61.2803
99fd28499ca2cc4979a08d9c72758e31f6786c5ba9bd2274fbecf05188544d9b,36308.52,0.0075,61.2878
ffe11f9a17f93eec10ecdfff4adf379c131a02ceaaf73a5e8a86bd05f54f2c69,36300.5,0.0075,61.2953
a14a3fa341c3648730a8e06f2a477e3a039fa528dca482758b11c38e98c5e3f0,36283.0,0.0075,61.3028
98f3712f9193e89a4c8504cae9097583a1b7cb194faf0f5e84cbbd5da96d37d1,36278.34,0.0075,61.3103
d8ffba32443645a414b3c6d92b39605e5f0b118e3fb26fcaceab358de7a7ddb0,36276.24,0.0075,61.3179
0658ecae0d882cf540a3398f35d8f976bcc56caa3f8025f257c3b17e68c1a591,36228.35,0.0075,61.3254
a2123751d2f8da79f92acf323686b79186a524f5dd678552e1ea354896006141,36223.29,0.0075,61.3329
f4b4089ad8da74f241456e369d2c829c1a61e91ecd3b182d4bcdeba21beb903c,36204.75,0.0075,61.3404
5b334aefc305aa48ce7c2d379cea72b616b8c052dc63bd8ad5738c92154d32af,36203.55,0.0075,61.3479
bc8aff3c5940425986351781664ce1c9785985e39a09fd43105513c021e21f12,36194.54,0.0075,61.3553
8db3266fc101c6cec5bbe9aef021be26981e8def41f8b1ebe3b41575468f6ae1,36175.54,0.0075,61.3628
dc294ce5d7bf1c15b26057a119fd2ae5063f6c239e8ef65cecef5b05a734af64,36175.43,0.0075,61.3703
d30b944e7db2cb1a6e93ea5d003ac89727c610b7633a5c1fbb9767acb11fae66,36150.0,0.0075,61.3778
3cb57fff60bb702ab1c769d1c54bc6598046ec3b99e628b6549b722410d2be18,36141.75,0.0075,61.3853
305257cbdfd07566a7b8290dada22345b0dd9c555e686440ab93a02c894811c5,36140.68,0.0075,61.3928
a42024a7076162fff4dd8342037b3ea03ad77c7428afe336e6a04e5a6e971a66,36095.0,0.0075,61.4003
1ae3feaee84eada7b0356bfaf5ed7b27f9d393e3b70a3595dcbaeb61fc3e6528,36092.36,0.0075,61.4077
277c784b35353c166ca345d7b343833887f37920e771a0a947461252d3123fe1,36058.65,0.0075,61.4152
c2d1a48270373f68f12101798548bfb5a6456b0f8699bb37807963a128ad3a4c,36044.74,0.0075,61.4227
d0816f23473c5b65247ed4aa0aa28d0b2b4e407491ff25dc85118a439862bc28,36042.8,0.0075,61.4301
0a5ce65bf698864bded849ce9d936f48ad8f3ebeedf196f735f3bdf059ba1155,36033.91,0.0075,61.4376
45250e3b310fea12c5876bd30c5363224e528e63bec199d863e048cb2be7bf51,36024.0,0.0075,61.445
184829bff83655c000a927899e83426c1a023f494c487f2026e92fbc8e55041e,36006.35,0.0075,61.4525
d1d7f056ac50052f6f118607588c495603037234c5fe927a398591e6fd523e88,36000.0,0.0075,61.46
42c8683eb431be8d20fb64cae8acafca7a9d96a24855ab80529df30e2034b28e,35972.98,0.0074,61.4674
05eaad379c0d1cf0158973944407c205eabb646eb26aefbb29d0ad992372a66e,35966.92,0.0074,61.4749
e2f838b0b49be2901284724131b79d826a6fc8c52c341b9850ad4a828ad8dac1,35964.11,0.0074,61.4823
ff3a553562c001fa7e84a11ec8261bd1ee3b00bd961ae53dcebab2699672b2af,35947.8,0.0074,61.4897
50ba43f0c61a3158796cf54bdbd2b88585bf18e83d43b2ff70b5b22da062232a,35944.0,0.0074,61.4972
77c0c5a86241cf6f7d021994b182fb1a8366955aad6acbba06b158a7f1d2e45f,35909.6,0.0074,61.5046
e51d853d4508558ceb3a5de43c18a170a5128eb53432786ed1f1290b7b564e4b,35864.61,0.0074,61.5121
85d44e57966df1b2a9d4e669bd9b8eca73d820238912394548ce1e48698e4b6a,35812.99,0.0074,61.5195
ecc139bcb7bac48a9cb5745e2175b08f34041b3d86f34b507430c9a00f1ffb31,35775.18,0.0074,61.5269
57b192d62a0b6ece0195424e1ffd6ea9a8f868ba78bc00dfb798289b94362236,35758.98,0.0074,61.5343
c6dfa780ebdcda3130b39468a52f4d80eaa7c4c8d2bf20b546f2399798d914b3,35694.99,0.0074,61.5417
30549e7a3bb9ee12795709e354ed7264372de37d157f2134f77028c26e71f0ef,35674.15,0.0074,61.5491
d6fefca594bc1fee117ff295c3dfcf34718c688dda7ea158eb075427da5ab140,35672.0,0.0074,61.5565
1b44e75778c49ae1891052b114b364e571eb46dbf4af347789f1f826972043ed,35671.61,0.0074,61.5638
562d72e4f0d0f23acfc41c5267c76e5e00e00fc8a1f206fe39b924c2d7ead3e0,35667.99,0.0074,61.5712
3a55edfb639b38644a17530f3ea6a079bb1d88ec0f7c0eb29012aa00d48b7c88,35658.22,0.0074,61.5786
dbb3717f670ed57622806d950fc93c74dd5e65012b49eef816fb2c23be4a42ed,35649.16,0.0074,61.586
3b5fda3454b1c15724416e235d33684d573bc4d807418fedeccbbe95dd139cd0,35640.0,0.0074,61.5934
9f46b015774779c3542ae95097d638a1822fbd1774232997fb5639217bb48e1a,35638.93,0.0074,61.6008
e03722144479f67e7cab79d9fa0f5678b9eda6eef685718e2dd4dcd79a9bd88a,35570.53,0.0074,61.6081
eb122aa1fa89efad381c03d240e1a69b71ab4c9ebcd79d21355445262e77c925,35563.65,0.0074,61.6155
00e5c847e03502ceaf554728d6b8c27cc20f9dda1820f72553a25731b769eb72,35550.94,0.0074,61.6228
5a49e350ba2320152e1f13eb4ee2251414f83b796b7d6909a6b090774f9ae77a,35520.2,0.0074,61.6302
b2e2a13dd490319467b6bec6a48f762667101b4da946da908f6698a88e732cf6,35516.4,0.0074,61.6376
f2f115afa912371671be2f7933c7445ff89f91a2ffe84db2d050aa3a987d2700,35514.91,0.0074,61.6449
591ebf1e215bea906f30593f26ecd41afc6595ca4ce3b3ae2afc7a1b01679fb9,35493.2,0.0073,61.6523
e4f57b784e3aa50d5d2abf3387337c8167fbdd9b9296f763f36b8ed4db028ac0,35482.93,0.0073,61.6596
05fce37126febbfd6c308b17bcb35135d3e502acac6ae60ed27e8c5aeef214dc,35481.84,0.0073,61.667
ddcc03a4def8e102f93b2a84fad4e3365bea9b1f8bfe71b37dd100044591fdd9,35433.5,0.0073,61.6743
d937b2350521376aee6513099f24eb98da49cdbe3c0c502163c3dc116b4f9b4c,35420.3,0.0073,61.6816
7ea5348a299f3fc9c4ffa1e610686a26b7e5019d9dfcf3b1bc2dcb64da258c14,35411.71,0.0073,61.689
06433356877eb7d3205e245e9f88e2914a1eec6d1e33ae76fdf71ac3eb55e215,35402.6,0.0073,61.6963
62a81882323366c2528198b195fa93b4ae954d82d68a648be2f9d7e32d9d819a,35385.55,0.0073,61.7036
2932ffb84cc7993274d6981b9532ef05f4eb2ef697fdc803ba565fb4fa8c5aea,35339.26,0.0073,61.7109
a76ca3599f686dcb85952fad6d13a1f9e64414bb931033b7310f7c64095a1f88,35314.1,0.0073,61.7182
6c3711ddb559083c46f43398f6098c321bc1eba6ca8e22e9c0a1a94fa31b5ee6,35291.94,0.0073,61.7256
c4e31ff8be0c44d67e6cfa064c5520a793ad5b398caf9967a765bd285bf44406,35287.63,0.0073,61.7329
2afc1e5f13e72ea12b53d3005febc339f4843c41138833e2549d383c181fbcad,35250.9,0.0073,61.7402
1a0e39da62fbcf375aec2a9e3f84acd8f81988b88617ff5045d01e97a21547fb,35194.8,0.0073,61.7475
4cd44593553139a62e5ecf43b35140e1c84b2f164a4b07118d8e8b264efe3011,35182.36,0.0073,61.7547
116ce667b79e58509353f8597c7a9c0a188087407821f87dcec434178c92332f,35174.37,0.0073,61.762
a5c89167db053da8686ab3119d1fb6c450be1476bbbf10a571951e03ecb69dab,35174.28,0.0073,61.7693
93c6ec1086072fb694099a9e688a70873229d77f9a4bc8257a60d5c71bb5e75a,35125.71,0.0073,61.7766
8a47830a151b0896ecd61b48ff91e24a8ab274c75ce762709d9f047024fd19df,35108.28,0.0073,61.7838
cec20901f6982915979f7a5ee114682ee2bc8a9ec3d446d4dc5266838aa3fc0c,35101.36,0.0073,61.7911
3d2d181d21a5970ea22c0130d5aef242eb3202d4c5aa41df0214aedd6dc460af,35099.76,0.0073,61.7984
577af6282cee3c00998621c64d7c66a8e1e4261c2dadfd5a74a5ca46e28777d5,35074.41,0.0073,61.8056
e76e169dc650e97ec007e896412a8b75dc3d979a06dcaea3ef5f09fa4c0bfbf7,35036.0,0.0073,61.8129
44411d39168f082bcd897b83a0b510f5d0e429e596a3fed3478ea2eeb1d25e0d,35036.0,0.0073,61.8202
9b8bc70a7157cb4ae8712a23476fd320e98bc25ed523de6443ab3e9611d7f583,34991.94,0.0072,61.8274
7f419d425673e067757e4f7c6f400db80da921ba595a57460a1b1b283068832d,34980.83,0.0072,61.8346
411f02401504129447dfa3a64d6cc1c8e2d958776d1c2478b786e448627275ed,34958.09,0.0072,61.8419
70dc2203353b44ae6d1113f12130c93b99ea4a0faa612a61212d924cb2e72017,34924.47,0.0072,61.8491
e2f4b4b39cd048446610634e29fbea7e042decdd8ec9a7c72447eec25f9f5fa7,34920.8,0.0072,61.8564
840fe317333b7a669ad212141ac1282ccf8175d782fea554eabf5f20125c8174,34913.46,0.0072,61.8636
5cd54287eeeab5a24172a3b8f29cd4f3bea98f39b349b5183d7da7d4365f104e,34873.06,0.0072,61.8708
5439525534ea081a0d1922d2e71a625bc4ec77c00bba337734cc7132249d794c,34856.4,0.0072,61.878
b637867a6fca38fd2f388553abf0768840d84ded4b335ce23d97e708b7a502c6,34856.4,0.0072,61.8852
0e2b39c6193e988911c172b46d92d72eb1ceee44e7ee6d5473a39973886bc241,34836.4,0.0072,61.8925
bff5a2235ed2cac574e830c4371c551946a8c5e06798ea43bf14b2601be08cc7,34827.6,0.0072,61.8997
aeeb5b62231be4b475e51a9ea63e377e5632ab8f02d5c51bde87f947955f7f52,34819.18,0.0072,61.9069
65acd6ada26035cd1e63b54e3d210fab736e1172ba00b083eeca6a607736f41f,34798.4,0.0072,61.9141
b742b124eebafb067f42771877ac4325a84749b133f154d58bcf94999ce68575,34791.4,0.0072,61.9213
ec108147b6310b5ad36627bb074f28d4c3d8aa60100f6a4bf8d89edbb5e70e61,34790.92,0.0072,61.9285
63d24610bb92e28bf2a5b3d6da062005028fc607175baf606f4bf62ef51b8e4a,34757.2,0.0072,61.9357
6b6b2430bd9a304eb767932f51b7ff1e74b59bd7668dd87d79957c9a11cda9bb,34723.16,0.0072,61.9429
a3ccda3ee0acf3f8ca3668215e12cad6c077b7af4eabe7b9210ae267e1e134b0,34657.78,0.0072,61.9501
dd04d14921b94a89a5e4fe69f17f5e4e665917ae89bd43d1698cd91baf77a225,34643.56,0.0072,61.9572
de96fc81addf733cb73f3d3b88c69a8939a676292121b91ddf3046914983886a,34638.45,0.0072,61.9644
17b23f1bc44e9bf60f6c6481e036b890b9061ffb542211a5f70d1f5389bb6ef1,34635.06,0.0072,61.9716
314998eb4a8e8052897684f2f620025403883b5a32319f1c341d2ef4830739b0,34627.75,0.0072,61.9787
978f777c01489c2232e32e3bcf6cbd72edadfb77f4a973a9d7c3faea220fc9c1,34608.4,0.0072,61.9859
301c8cd54877a13f91db1ddc0d21f1488d5ae9501cd1e73a36c9ad713d5d674f,34587.04,0.0072,61.9931
343accb1e1ba76da584290b0fce6539d3b7e26dc0d3f86c0a8cf3e13952ab05a,34583.6,0.0072,62.0002
8d28a75f94bac780c4ba7dc159a529a43352858b3257cbcbfc9ea6524f6dfc99,34568.34,0.0072,62.0074
148f6d1b8cab38891747dee992af860d1e67a15fdf3f9167a84ec68d37ce3e7c,34562.29,0.0072,62.0146
c517b9bd96e07aa5aced9de57d41715e64055fea3fef47826a62207082d7a2da,34544.41,0.0072,62.0217
6cfffe1bad30ef2fc60e92eff9a6ed3d47cdd7bbe8795153c0e48e8c06a517db,34531.12,0.0072,62.0289
74eeb20cb5f6709c9406cca19d660c0b7fe52406fd2d358f3af735f6004cef42,34522.81,0.0071,62.036
30eb9c1c95faf8b114fda76044720e65385fdd7f6fdc8fa113088846b22adc5b,34492.4,0.0071,62.0431
97aa3bf500a936a36cf5c91afba7e95d9064b5095d4549740eee0da58ba6a357,34490.54,0.0071,62.0503
96045f346e5e9377014ef457ad954ec0cc5f43ed56caa0709122e324d2f8cee2,34487.07,0.0071,62.0574
ac6d4da42301b7e6718f2d16a47635e1fe18d1b95bdc565c071fb6f04cfe87fa,34465.71,0.0071,62.0646
6f3934eede1d319a813b47975f5fa038f7149ef9e39901c75e01c55c320067b3,34414.3,0.0071,62.0717
696ecaf32582d0d8e1106d96eb668a107a9186a4ced47a043c1ee08c4cf19824,34411.1,0.0071,62.0788
cde3a92071bb8d9707f24a458548577462392e5e9baf6c162f509d9a92beff3f,34410.0,0.0071,62.0859
d37fbb06388ef92a074bbf502b808936f9d3478aad35814cd3e6163fb712a3fb,34404.42,0.0071,62.0931
927a3b0796c3fdea762a6a517a7e4c575473a0cff06f306493643070a773cc87,34352.23,0.0071,62.1002
c07e992a49594ec2e5eb2d1fc700db2399fd4b24304d900420ac59cc7a8b7793,34322.15,0.0071,62.1073
72b57a049cdfdfb5eb081752d6a5e3fecf34ea0a50f92ea8ee5dfc85dda9672d,34294.85,0.0071,62.1144
1d296b89d83f2d2039c6fe62f8a576fdfeb1a1e81ef34f2e867adabfcb4ee325,34276.07,0.0071,62.1215
838d17688df84805135d23d83cc5c81ba644945f15097813522e27f0d2b6ec86,34267.75,0.0071,62.1286
1c2a03ebb18f47d3b80873f29f0895182447d5afa6d81d94dc8dac179a9b56b6,34262.92,0.0071,62.1357
632df45f674a3a72cd913c348a350e5c54348d8f42ce8f9b0f6d85765edefb7f,34259.51,0.0071,62.1428
9a5aa87eeb7fcbfed7c326ed480725b8868e2cad76436752292d5118a029a68d,34255.57,0.0071,62.1499
daefc1dc47e20881bd6b1acbbbc3a3aa579fdf607ef3cd6e7e74a56e92c8906c,34247.34,0.0071,62.157
ec77c53086e2dd77af164e5ba4e71f753fa23a88fb66fa0fcb29a8dda089b39c,34225.86,0.0071,62.164
a33ab3f5ea776e0aa554b542adf4abe23948fca5bd5705acf2235bb0981530d7,34219.66,0.0071,62.1711
664f390ba59b250ee5d6a5d851e51cd240cacedad493d84d7d51d9f2b54c0c4d,34198.4,0.0071,62.1782
e0a7978b0735eb2ddb3b7f22b1258e3d912a2a13fe650833af24a12691264196,34179.43,0.0071,62.1853
7b22c49c9b09ec9ba9f0295e632c950163dd355549b7e5665a671690e9a96c0b,34164.25,0.0071,62.1924
7749a2d9aff942ff6bbcb41e549f335d1af078754abb46f61c11e594c2d40b80,34164.07,0.0071,62.1994
8ef8c191f2e6996e5aa2061354fa9581dea5b5ea7334ecf8d7018db50eecfacb,34121.78,0.0071,62.2065
cfded4d13d043d1e8f3e8d707f2d804c194c1582b7740a953d32015d1f646d02,34119.96,0.0071,62.2136
10cd928e6c51d842629fac79860d430d085dbab93cefa1e9aeca502eb7b95a67,34100.65,0.0071,62.2206
b4a91ebd0f59d43e25594a1c0598e6e6862807fb9a47332d58afa6d8167e059a,34084.96,0.0071,62.2277
f0ef434e81e06f96410e136018e2e0a060cc5c61fb491cafdeb7067617e8b076,34081.2,0.0071,62.2348
ac6330fc42696eb15c9f11317a66016ab3f40e1f28a7191c17e9d29333a9b19e,34020.2,0.007,62.2418
84b9826bb1eb74687bf627f11f1cd6bce2e459e0e0956cc845e5039250516ce2,34016.99,0.007,62.2488
704e6052f66045ed20131261da1177893f20bf9711d461385d9518cd222dba6f,34009.28,0.007,62.2559
8ea0ce9b970a1311a6d02b7a050d2e3c72acc8713ecd6dd26ec98401049f993f,33966.33,0.007,62.2629
6f01a90c6fb52a49d08ec0970d2c1b86d2891c5cde88c3e5bdd3791b90c3a2c0,33951.13,0.007,62.2699
711721bf91861e00be16778c5f41859b10bb8504b81321172f7ee95c2edf1180,33890.48,0.007,62.277
14d0701c6f90ffe05347f4c379886a65fab5af63026650323eaee11538cc2c00,33861.06,0.007,62.284
82cc8b8b64577b79668990034280417e32ac6f6ebf5d43c377a312ded6fd4d03,33859.94,0.007,62.291
ee7484f7b8d2435a9f49c02bf7123a7f08be4c3f660c9e4183cdc74e9c27a923,33859.86,0.007,62.298
33feb74a6f74679b524e0d5a1fe901770d20a6a57cfd9cf20d5a88caa46f1fd5,33851.8,0.007,62.305
ea659d29d3aee34fbb5f435c73836b8afc201fe6eefd22eb259dd627c9e91b5e,33843.56,0.007,62.312
d2801f480755f27dd75a957a029facc244e97799b1a212188fa813978dc7cef9,33824.82,0.007,62.319
0e285f4c1029b32e92acaa6d57007b2251ab027fd53e5a8468df6781e8bdbc83,33822.41,0.007,62.326
247c4978ca7bfcf4df24ef01ce8420b912e19b8db5a3cab70db31b644a72b778,33795.91,0.007,62.333
8686ad70f7bae62bcbe3c9990bcd40c5111d04d4fb7a47231acafcbb08d6bc87,33786.6,0.007,62.34
0ef725b613b77c624dbbf9b6b764a6e2db0a9d100f5e39ff7fb3d85a1e14061c,33760.02,0.007,62.347
fa014137b3ea9af6a90c0a86a1d099e46f7e56d6eb33db1ad1ec4bdac68c3caa,33748.81,0.007,62.354
245b9ace2701b0abf8b18506ff87ac83403f97ce8b22fd1639154caefffc0851,33743.95,0.007,62.361
ed501fc4f5a09df2ead52202de3c22b3b75d6a43c0b1e121c8dbeb88bda85381,33736.5,0.007,62.368
d38ec0ce497e4c487b00507caff93e7075d394c06c5617cf9651c3736b2958f6,33733.36,0.007,62.375
89d2b7642ad0b6bcb83df7294f86dc1d1070c2f565b8960e5069fa975ed7b50b,33718.92,0.007,62.3819
6bcb77fbd8832f358109f3f7e5d5ddb524af1fa4b1418a1f008d344c5edddc52,33712.4,0.007,62.3889
cdb621d71c16d4425b6b8317df3c87cd922f54d2f7e704f96acc26d2f7bc2769,33686.0,0.007,62.3959
7c8d8bc4d1e709689cd306b4aee58a27aac31b2ae07f9374d7e269b9ef2d8ec1,33682.4,0.007,62.4029
b131620529cc66e4a37d2ec93b4cd3bce261eedf971f3c85ffa291647cf0d82c,33667.46,0.007,62.4098
e2b68cf8df34f433cb236c1d89bc71b9639499981e03bd76b24dce69ba670f26,33661.86,0.007,62.4168
00b362199c13d51d3acbe46abbd8c1610381a0ee525c26003588838c01987b6c,33651.1,0.007,62.4238
ffec5a403491ed2777eed0e556798b37d55a9999c3a02b310603eb2d8e3785f9,33626.77,0.007,62.4308
8c89de5eec043b678be1f375ca8d865fc455f7d1e889b5187a38ce01a51f989f,33596.21,0.007,62.4377
3a5c3b82d568e1972702caa7e81f7ddca401eafd75e08e4463b545d37b076ffc,33562.23,0.007,62.4447
380e4b705c2e9802c12bbb40e213ac3f91113b14b6e342ebadc289b2b200e70d,33547.94,0.0069,62.4516
633eee784c9cd2beaa51aec5c6459389d348d2ec1b5ba67d33631d18631f964b,33543.62,0.0069,62.4586
ee5ee733186b133325b67d909ce95dd319e58131e6dd430bc23eca15c9c63da1,33533.6,0.0069,62.4655
6d010b96b021d734cfd900d9ab610683c1cb9f2feca3cd8af101d4930633c851,33516.71,0.0069,62.4724
b3348732b39523c86409bfc1eee42f0d4fb4e02e51a67c0f4415448a9df7804f,33514.82,0.0069,62.4794
48e9988dee4c444064d108bf1b5eafd4a9914f0c86918bd7a49ea08acf7fd46e,33512.71,0.0069,62.4863
2637be2339416c8cf9a9a982364fe05ef79d65e18c5164f74dfec0bc4d6859f2,33497.6,0.0069,62.4933
c9d7406a1ec632049abcd29ff4708cb5f762c311525f28fd4c5ab90a0767d6a4,33482.45,0.0069,62.5002
ffd3db343ef016497275dbcb43beb4222a04f914606cbd2242cc25e7e46405d1,33420.72,0.0069,62.5071
8fa17ba093e80089b89d20fde4cbe6e9faa83c21b1fd008c526bcd71c0a2becb,33417.59,0.0069,62.514
a6de7576c850b7c7e979c0521763483a821f03d70fa80052d71a33b27b6e8a65,33407.7,0.0069,62.5209
b978240f98d43bcf70f8414d6b5166a843caef6dbde22e628f941640f5c24e34,33382.29,0.0069,62.5279
c0cbf8653a8081bdd127d532323720e7e6f26bd2a261f0858791eec43823e38e,33376.57,0.0069,62.5348
362d76bd945b46b93ff96d98debac9b9cf8ed53dc7a2361ee40d3090fadd68ab,33330.75,0.0069,62.5417
d78c7543068746d7951f66ac8b319cee27f5d9c190a73b6da560a73c4c3e7a05,33330.33,0.0069,62.5486
3187a1b7d9d0e2c4f3617582240f4b70effde1542a5e52bfc86519bee2903eac,33319.46,0.0069,62.5555
f2d2c18a4e62b4f4d40a52e485d857b0f1848bbcb7933288aa513d6952629fd8,33293.36,0.0069,62.5624
c8bb0d56e4a7039389b3d750402b067db25fbaeef5acaaff986518a5c3326950,33285.6,0.0069,62.5693
463fa93603ee1e88e1b997717d4ca9188dbb13f52337adde695e5d1fc94bacf1,33285.6,0.0069,62.5762
94c7660d05a7f46f3929eacbf3448bf925cad15cff21a8e41226ddb89abc3983,33281.15,0.0069,62.583
4e47285a2ada6a6ae4e977c41d2554adb3935d09173cfe1a6df908723946538d,33265.7,0.0069,62.5899
8a689b36cdd2f222dd4d2fe9f0ed74291443f39e3d394646c99cf163dca47273,33254.05,0.0069,62.5968
c32a985c24f019d78cec6bb53f37eb264bc0a38aa7797c91f02c00b981973163,33244.22,0.0069,62.6037
86d94caf9646ec92064f8d846ca11b551b66d7ff621c35b2480d0ac0feeb9be9,33238.8,0.0069,62.6106
289576e6e1142e172b98c35fb6b4ff4947b9c9c932c8f347acf61138fb2ca76f,33236.8,0.0069,62.6175
ea68ca65c4022230917af52af03a31d061af136a391461be8379445cbed84804,33191.22,0.0069,62.6243
f223a8aa38b15d2ca352d8c44b5e1c3c2f048133464b66cb5331ead109efb5d5,33186.38,0.0069,62.6312
c7c5c62d98a9c079d67c85648b3087e1e889e9535999e63601ff29c9dd05a5e1,33178.68,0.0069,62.6381
016fbf41e4422867ebfdde82287e81ca63c9c6a5735fd636d342aab9b144fcde,33176.7,0.0069,62.645
deeaaa3986c6ece8c3ceae14c85754c98867a84c6caf1484a796ff239aac7fd5,33174.5,0.0069,62.6518
f9295021e739598bb57c0c160e672a269f5f3d9695058ad993155b362b17952a,33172.8,0.0069,62.6587
f8687441daaf8e05d1c512796a456705bccba55bcda0cc55af31350f3bc769a6,33125.0,0.0069,62.6656
15593191b8af709bbf157f055593d22078bd1e25d6c3dd598cd9a5323e74f09b,33113.85,0.0069,62.6724
69b3ff1f725ac367ef586a92bfef413f360782827085068f347f210dc8d6475f,33093.41,0.0069,62.6793
392a7ede35786bf9df143ae2e3e07df72e4f7a91f0a29d0497a552db733d2894,33070.5,0.0068,62.6861
cc0efd1e256c0f5f8f9eac8e315c8fbcae4accd8de3d5318ee18ada6aff69865,33017.34,0.0068,62.693
b2fbe1a911bc9e199d6f89c7b53f80c3efc0e093f977d4be915ab6edc1532e99,32996.39,0.0068,62.6998
1796dca1af6088a56fc3099228ec4046b54c6d56485aede0730c7648bd826222,32985.6,0.0068,62.7066
baee199859952fbd56b0456b9cba56ac48913fc32c4767668e11cfc7fedb04e4,32979.7,0.0068,62.7134
d8df61ba207f241905cbaf209a267f67889669fc367818892526167095c1fd4a,32943.91,0.0068,62.7203
121fcf1975f33fa95125a9f64641bfe4b17a037ef6c3e8f02b1fbb551f5cb5a5,32936.0,0.0068,62.7271
f7298948225be27bf643ab6ac049c6bf953ab0d6a9513786a49692941142169b,32933.53,0.0068,62.7339
3f7dbbd55f0ca6a34bf83de352fe44b54e4c1d07bbae4fae12812a03c67905be,32923.7,0.0068,62.7407
9a8c1111e27694e995bbe5f6585832494de5e0aecacd7193b4f18637d974c436,32914.49,0.0068,62.7475
d0ef99fd770e9434c0261a788d8c4151f548a4b2fc6d06362d26dcb5cf8ba409,32902.4,0.0068,62.7544
9091b64c058dc8f48456bc7eaf376e81f345bd3dab9cd677b5466f187c058d51,32898.38,0.0068,62.7612
950344aa4e58663c6ade79f1811590ed97e48c23129797cd7cba271d9fde8583,32894.8,0.0068,62.768
748970bbb91b62746544d6b6d4080734b3d2aa9760aac108028edb45fd5c1d69,32876.11,0.0068,62.7748
db2faf1f8ff42bcb8ea60dcd4df8f13094d0d00b3ffc7d05a8b8303c1c0bdd76,32872.4,0.0068,62.7816
b453296470f4056bbec018bd86bb2c805b81c8ff1ef05c66a4f6e5ad5805f9f2,32869.6,0.0068,62.7884
75923b6524bf2ad0b8f1236da2cb10055d753a9387c573bf692c7979356d8ddf,32858.95,0.0068,62.7952
7b8bfba9e462abcd8c979bdc15ad96242f1817dd2997b7c7efe6df1b372d7e35,32848.71,0.0068,62.802
295b376264589f63d9397dce21b3f200be2dce2c3b9dd8790cb827d00d498eaa,32847.42,0.0068,62.8088
d9dd82cc0bf2a6dffc8e495bb6ee73f4f65024708872effedbdfa620f3a20fe5,32840.76,0.0068,62.8156
8d79ea15858d0454aed2616c9d56247aaeab94090b8b97952118a6a6d896dc7c,32835.76,0.0068,62.8224
a0f699e0566e362bf6106fbde8e047bae1c207c3189c2cfa42653d5a45289539,32829.92,0.0068,62.8292
25ca410669234787cea7f0b291130f0c51b601d106d2b2a17b2b93b984324f62,32828.82,0.0068,62.836
cc0fbd76e442d990847e437626300d0679bf22feaa1092c815a3c72cfbeecda1,32818.35,0.0068,62.8428
b96b6f71b5944b8100ac0f32fa88b78cb053f94efd6201cba3609840c20d20fb,32805.4,0.0068,62.8496
2f8112274a302a147ee68770e072896baa0cb63c15055b9c4cf919dfc969b886,32797.3,0.0068,62.8564
5fedacc743911bb029ad9809b0a46e24dc32d25b3476c5cf06e317de5d0db316,32731.79,0.0068,62.8632
8671aa283928a6bacd7cedf104128de64dece7034d9ce8c9398aa18957ac64f3,32702.9,0.0068,62.8699
d312eb371bcfa29bd5f668f2fda24ddbfa2c5235addb5adebd99254cea13c217,32702.9,0.0068,62.8767
e3f250a4fe87cc8ad80e9fc3aa6c66b5c527a78fc9853e82a473f3a16f8d7bb7,32699.75,0.0068,62.8835
cb52ffb98eb4a8c02cf9007f032c55fb7cc7c3d9dc603306bdd6dc1f050e658e,32690.5,0.0068,62.8902
15b12f16c43234bb2b50928a0390b1334fe55e989f555c8c009630899d42dafa,32683.76,0.0068,62.897
c611d248bca55c58ee091f335174fdd1a5c0e260ccc8151fa0805a784eac1a69,32683.2,0.0068,62.9038
1cbf23fea78869fd790271656a7c8302bb905b9b1313e2fabed06d40e3362f44,32661.0,0.0068,62.9105
aaa105f9a3190e0f6f52a2e5bae925cf7ccbc765807861981db5e2e208c46d52,32637.12,0.0068,62.9173
64e6d2c7a593bc53890696c54a608416b2ec3976ce7f5fb377ef54b8b8d32774,32616.01,0.0068,62.9241
eba67ddee82e4d6e102589b5b998e4e91107f6c10d97cdb2fefc818b710619bc,32606.75,0.0068,62.9308
306df203ec163d2ad7e9cbb7d8ad4d98ee94c39cb2c4c011ddca19ad996e1c1c,32605.15,0.0068,62.9376
acd81bde81bd8c0985fc234730f593f313b0531d8afaca7a25f09440f6eea829,32578.21,0.0067,62.9443
56b94d597698ececf1c1190916d383e5a1c51afa19ca8abec190c234f22869d3,32562.25,0.0067,62.9511
e495391458fc929106d34cab466a1a9dba1d643eb6b63b7a6139ed06df23088f,32548.25,0.0067,62.9578
d0ee29c235f5096e44ebb8344820482c4f37af6cc1b079a11e78d80b326cf453,32548.04,0.0067,62.9645
fb83b59fd6cf72882c7f8c64f8ca2757eb8fba822adcb8fe62d6b093d3382046,32512.5,0.0067,62.9713
a1ec76e96957dbf56c5bf8645d40e8e83036a5b8971dc5b83167a05206f23b13,32492.0,0.0067,62.978
08e065b002542679e34e1744f0a4569720b305fc784d0ec5bdcc282b5a31869a,32486.83,0.0067,62.9847
08bc1a4223b9ed44b65e7f7da0a612f1a240a547d989dff1f2af132c49267dc6,32465.8,0.0067,62.9914
4cddd55decc9c4690e617da4cb68375c8e65972edd2b10365984109a58e43b12,32458.5,0.0067,62.9982
97311f3c6df32824bb4f52592bb88a3151aa9954d95ecdf5b02577b4502423b9,32455.61,0.0067,63.0049
353a8c003a2978292d96b53bd7c3dd94f756fe6598e190696aef813615d4ab70,32437.86,0.0067,63.0116
e754308deaf5b5c1bc163de5a6989c937bf7e509b92c75471c84fc08bc205bde,32409.5,0.0067,63.0183
82747abcc779f815a257708469004d459e70da40a5faa22c870af9a59dde74ae,32397.06,0.0067,63.025
83b6a94e5ac0abfb56c8a8ee568e3e9f86052b0f96ae92b560f1155bb863130f,32396.82,0.0067,63.0317
128e7339aeb8c71d2b6bc92b4ca198768adf4d26e6be53b985e8113db55721d1,32389.26,0.0067,63.0384
706ecf5a58fe36208115c8d784c997ee1a38e24ebb5f9bb5b3ef9648e859ac22,32381.0,0.0067,63.0451
a1145ab8f35c4bdc6332e76d4caabb42fe2b938b403b92752e8443cddf176d31,32338.1,0.0067,63.0518
a5135672fe3eed8225ba82feb977c91a0c992f2f9853560a2e58585bc0661610,32337.36,0.0067,63.0585
9eb87b6bb30bf0b6976e52a4259e175fb798991aea2625cb01b42199abe02afc,32334.0,0.0067,63.0652
22cbfdf6f6b2a05b3f7c91650cfc50082409c1f24c15951ad10b28517786dcee,32334.0,0.0067,63.0719
df8541c1c7a18256000c16a29cbe46d19c9b943b83eb3e0984307a85d7aa34cf,32334.0,0.0067,63.0786
0af573b33cbf0e8fe9c48f07a2d65776f09487c90322f079ea1cbb0a5e529f9d,32324.5,0.0067,63.0853
dccf6929757962e6ce098e7a1055db051f047c2f366ee75c26b12efb8e2fb63d,32309.7,0.0067,63.092
9bbdfde8443f960008e0f86b62ef8a317a56b1da0f1d89bef65693e66b7f7a9c,32309.7,0.0067,63.0987
a2d467794f16e99ee55d94a0dcf1a06d718c6c694d1f172ff51c8d8695294b44,32309.7,0.0067,63.1054
08c72cf4e35d6c1bddf629fcea35794dc7a20a4b3308a24533bfe99f7abf6494,32301.81,0.0067,63.1121
5986b06f35b31d9a0f031fb968278861a523519be3227b5fea22d20c2cd65796,32295.75,0.0067,63.1188
a5b02c2cf6ddc4b170e20fdb17f3baf023fc3e66adcb600a4f31217e764cc2f8,32287.52,0.0067,63.1255
bc6eb684fe3107cdd6075d681c3592c979ecd09788f6dffe0cdc3d1b207032c0,32286.32,0.0067,63.1321
fe8db302d58f796835dc0a2b9cf74daf7d5954a0cfe74764e56fbec0c63545b8,32274.0,0.0067,63.1388
6b3e2ec6029efb1819e07bfda8f3a68c32ae070673e0ab41782ae1504eaa8e24,32269.38,0.0067,63.1455
783f713a2696f3f26ee8f92d68560c076df80c937e3e69949a0f78b72422e5ee,32224.0,0.0067,63.1522
4e92470f2c0a41fcfbbf43e857541ea6c6d4276bd4af8f02c9417fa8bc87538e,32224.0,0.0067,63.1589
c03a017f0f20788bd67e6a4ed71ecd2111f17a892aef7bea010874d319d1ad49,32224.0,0.0067,63.1655
4cada2f21a9aecee953fb6b3e892415351246b524e2a6413dc9edb8ba7542874,32218.04,0.0067,63.1722
0ee5c96ddcd221c2270e59c200fec9764331156dd30cfa13c16d00988d3d6304,32211.79,0.0067,63.1789
4968612682e2aefe33603ce6070acc99a5ca82c229f4176f9a91131bd068ae57,32192.76,0.0067,63.1855
b2f0edae56f93fa66b89f895160f117915ce33799f68352f2ea4f72e084275a6,32189.6,0.0067,63.1922
b399953ce412db6d42171440bc384407d2ab173786102160f475df966ffdd4a7,32180.0,0.0067,63.1989
389ea52cbf951ddf691706d2c6f6b12603954c28597a6741e69dd76e243cabe1,32179.5,0.0067,63.2055
f9817c9e8326adb25981aaf485ae9c1725ace0b643faffba6531ce417b49c022,32151.14,0.0067,63.2122
cfe1f107f155b1d966073660659507447389f16c80bbc8a2077b0f58bf7b3eeb,32145.39,0.0067,63.2188
64c18f00124d2694c5fe28c54bf0158a7b9001da324c67433635e7e58e1d79be,32134.0,0.0067,63.2255
1a2c6d60fea2e910c20ee70079dab4751dde186c0c03a5c5062a30077e63e9cc,32107.49,0.0066,63.2321
9a6bc07859baf8be42bf78f24b337763d87684bd713aa3722ca1e510f47affe9,32105.43,0.0066,63.2388
72db8b6afad44e3a9df25a0af500d5497bb73ba8881975297b921311eba08ce9,32079.43,0.0066,63.2454
e8ff6959ae679cd411607b1cf1057793202d45d87857db709644ae929a40b168,32060.8,0.0066,63.2521
30da1def5ebb5672736edd2b5c5b8a1f815c6c8e9a7c287c0906fcc85eb7a6f0,32056.93,0.0066,63.2587
ba9d36437e973e26ad1d843d3386cfb8324d686552ee65f0ba6555ba3fd92e48,32031.0,0.0066,63.2653
0809014959513700ae52b126bc218e45233e7727c01c1e10f77852fd1e06f54e,32016.51,0.0066,63.272
2bf20587c827f0aee1a5af82e10a387b6b4b1b9658513350f3fb8162496c3fdf,31998.93,0.0066,63.2786
f133eff86f3028a2be0637f42efb4130ad34525594ad2d8c6de854850b47384e,31965.0,0.0066,63.2852
a5f9673ae5d62176b550631e595ea5384682631d64b93177540df298a2c7b63a,31954.55,0.0066,63.2918
8d6ac6deb7ea2f08c0fbe202612ec32ebd9aef5a13772ba91c33ac59947259b2,31953.23,0.0066,63.2985
66536cadef3e10b7876c2ab1e015e55dbdd7726b1449a03693acc94c93272c5f,31942.06,0.0066,63.3051
2232a5d97a4ff5fcb455906740d1d2c2416a9237db772fa04bd68ff369d0f13e,31920.08,0.0066,63.3117
51e25ffc18a521750356f072672e8aa4ac7f2ff8b60b26a937a8e097be471009,31887.02,0.0066,63.3183
36fc893d9e5027cb833f063310d7e62b3c9ab14b60098ff11bc79be0563530a8,31883.1,0.0066,63.3249
fbf351b21f1b8b429b27dc4dcca183c32ca6a6c5ecc7e75314eebe838b9174bc,31873.68,0.0066,63.3315
c0e3e2e2b5141e1c224ec583441c084679e4ef205cb28eeddbbfa60e7e1e5cb1,31870.0,0.0066,63.3381
a68f9d3a8633966708b42a6a3b54df6676e830a769ae0c18e7d32a9bd24c1351,31870.0,0.0066,63.3447
594d1f37b8acdacaad4cbd0a7682277477a1982528cc7030ab51f62f3cf604c0,31867.25,0.0066,63.3513
517b0e71af2ef2430a877c1bc437338082ec82148de144e57786aee1d7742e7f,31864.07,0.0066,63.3579
e18722edc71868b4f9eab34e8144069e4d952b6c10a5668c0ec7b27011ec4407,31857.86,0.0066,63.3645
d70784fb6cb30f4479b1f3bd97a0fe386d06265a976c6f5ce4918bbb100344fd,31836.13,0.0066,63.3711
5fe4d4bcf88035b241a488335879b2af93da2d270a29f881e8688947226d8081,31829.6,0.0066,63.3777
425e5d8ce4c4294d2f5b28ed1de75d1d0b3e487c834b36e6ae4613e03ec4e3d4,31826.66,0.0066,63.3843
1dff3ead37b9eccf68b19500330640bf3bc0a9de4c135687d79b52c8f99534d3,31826.0,0.0066,63.3908
42858e9006554294c8622cb2d6d2dd21b46bd641ce4c5514f084ef3670e38fd9,31729.8,0.0066,63.3974
3e1668565065422b8477dcaaeba0b36f6c98b9c9ab82e414983374a829756c1a,31718.5,0.0066,63.404
79d64d4cc40560b58723a0ac78f2399ccbdc73727fa5c4f50d3df3ba4b9eb8f9,31717.69,0.0066,63.4106
14104c9017fd5f7539e5b8fbe8f0b7e0642fbefe8b7a7f5bb4dde156fd2530dd,31698.72,0.0066,63.4171
3a76fb68a0e7501b0d8404a52eb9a341200ff8a03535461f1a11114b724c953c,31693.9,0.0066,63.4237
a29cc3edb65fcae58febee6e200dab1660dfee5e582ddef67539c73347e50023,31687.13,0.0066,63.4302
5ba6e7b7ec4f8a74eb53f5058eade0784525319da6f68870011dd69008b41176,31679.9,0.0066,63.4368
ec83ffec6a86af4053e050afd04f0f04e02b56c646ec130f78da87ffd4b21aeb,31672.32,0.0066,63.4434
ddd0850687ae458c0fc29c1cc605ffb04cd58f81074c84645d64d129e113518a,31669.78,0.0066,63.4499
087cfb8a3c25584f83106ea4e59cd41db79d540017814f69c7f6af3c077150c2,31661.06,0.0066,63.4565
ce9bf388b0cbc52a730ac98d037e4459c17586c0aa1629a0eb620b28a8dcbbdf,31640.45,0.0066,63.463
13aae429e57062cda54f0b8ffa51436359479bacc61904b4e4343e1e817a7f02,31639.62,0.0066,63.4696
99f326dd35afe5835b069bb0997c4befa598092597e7e7036b3186c01d8bef69,31631.07,0.0066,63.4761
2bed57808955d29fa39e5e5e0f6a0d86d7cf13512b1403b756ed73c52e4c9c61,31624.0,0.0065,63.4827
f58977c79bf2b7d5db80213ef812f4b0ad1836b9c5066a808f325b200c0d9236,31620.46,0.0065,63.4892
abc32cfe58fabd83aa43f9f5eb3ae83b91b78f85d3f070c620afe80ae2d3d9bd,31617.3,0.0065,63.4958
2a3251d4f111df708c338dfaa1c425f06fe051f53388d0edf61a703e718924ca,31592.0,0.0065,63.5023
3b5a42c72d429452253ab02fdce4ab4757d5eb752b3a668a7a0a153d910ec570,31587.25,0.0065,63.5089
9462492f44100d71f96f735c415b792f45c5f09afff4ea3e50a50f401db8d550,31583.46,0.0065,63.5154
4ed6f62c49783866891f3200946a5720f15346f2778ef9dedee42d7447054a92,31580.98,0.0065,63.5219
bf8255bb391806a75986ccf68b9d95a83e5184595085665bff8af7bf84b0560e,31569.87,0.0065,63.5285
6680393196770bac0ee7cbceab9edb9173ad9d3e4984f9715f2fdce71c41a415,31566.93,0.0065,63.535
2117f22e0124898b5a359345466f8985c413ea98f70d908ec0e471beedbb7e5f,31553.64,0.0065,63.5415
074ce0bfae8835b65e5c5e56da5b9afa7b8c2ea7fa63803c396dd605661645c5,31553.19,0.0065,63.5481
0ff03ed32f9cf4266272c20378a3c7ae7f87e61229e3a641c6445c97b256018c,31508.59,0.0065,63.5546
6015a0f142c004e4e6ece3658ae5b9ea138d57350d996734accab3ee0c694af3,31490.62,0.0065,63.5611
d98c012656eb0fa366e14ec9fef1f0008178bc4e8ada880b06d4d412058fb62e,31486.43,0.0065,63.5676
ebd22f69f96b03ede2cb7cf4cd24cada632f0941bc2948e3f738555baacbdf31,31463.98,0.0065,63.5742
285b71922aaa01d870483d3b4f59e4a61c2057e1476854a810f387a1d2317806,31461.3,0.0065,63.5807
2e5b20ce96c53f3de73447c1e96a9d3a5db45d2b0554e92eef9be3ec27dddefd,31451.88,0.0065,63.5872
3e82190ca0e2ece54f691f2fd0b2e20ad347be9be6583619be706c7cf9501900,31447.07,0.0065,63.5937
2cb794e5c076688d6149b863441099ec43c905acc856fccd89b6fce0b387f620,31434.6,0.0065,63.6002
f3212c99b416ab00117208d9bc364a48e0cfacfb8c5c0b79ea72f9a02e4566ce,31427.83,0.0065,63.6067
bbb603768ad27149c4bf6756990051c77e10f41db3a7f41f3de287e1cc849daf,31426.25,0.0065,63.6132
8f66635632b1ae3e2e7d4a9b88d9169a47795b9f059542d6e44fbb89071483ed,31417.08,0.0065,63.6197
5e34285159a05c4a635860b6f8af378e1c82d026899e150d9713818754a89a2d,31396.0,0.0065,63.6262
c464e9d57895d7b2dd737f29349b0bf4a3f68121d0c341d8a869156c4411b5e2,31395.37,0.0065,63.6327
80cf25de955fb2a100e8fad9311c7c0cf966abcac81603c185f29420f76061ad,31395.2,0.0065,63.6392
78ae68902a6cbdba5ca4dcb5e6bcb8dab90694ec3cc3b79a6ba18b471b753c0f,31392.3,0.0065,63.6457
16a7ad4122aa8c3d3ed101139063e4147c656efbbe01c6e09e75d1f65a821393,31389.52,0.0065,63.6522
bd5e493a97d37a606fcad6f61ee8c14d27d71597bc2a5d8bebac5eda8c668039,31379.31,0.0065,63.6587
4aaa86a3db3bd4a755b9241bc6d2ede958ce8391a5c6583bf887766811c5aa05,31378.56,0.0065,63.6652
55fd646bf8472cbb282030a16ff6dc8b1c41e198933470ba873669129eaefa0a,31357.71,0.0065,63.6717
14606a4167136f36308c084e066dc68d155b2a895391aea800be729b017af956,31352.97,0.0065,63.6782
9a806b8edf23b53477fa00d1f5a831dce8a8a8d59183dc35d07bc8299f5da832,31349.08,0.0065,63.6847
047e700b47df5320af0f7306534d2b038f98f73d1f74a8943a06f1c97b4f46cd,31302.0,0.0065,63.6912
7dcc221dbf14e8a00a013659e0e20bc8dd20cbfce0d703a9b6ef1d844482a60d,31297.61,0.0065,63.6977
b3ffaf1639e09bfdad714c58e94969a128c737acc7c833ea2cc80a5b22f7c569,31259.84,0.0065,63.7041
c27ac9467ed04d6b326f17bd86c329c488208ebf53fbe371a87d3802ceff54e1,31252.32,0.0065,63.7106
db1a7ebf37273c8ce6ffea674fec9bd3dc16fb5d94197f3886ed41f0c59a3de1,31237.5,0.0065,63.7171
de2abd5ee0371df00d880788f72ee7de78eacc514c028d7b90cdd9afd54f8f94,31181.9,0.0065,63.7235
fa9ceb11355e09c68b9f21ffd95b8d01ed181c1bab07c5118d56d3d522230bd0,31178.25,0.0065,63.73
a1b43f8483f2c95924b391e89d49cadccc10b8111432b3a9bbbaf8d33088b9ba,31173.8,0.0065,63.7365
b0859e90add5907ba912a63777bb92ae61cb529e72b6c99b5e2ac517832079fb,31169.84,0.0065,63.7429
4ab40dc73e7fe7f747fd21d5d8fd149d759ac48f74142cbc50ae5f5a3a714d23,31160.41,0.0065,63.7494
c892858860d75fdc376fe0ad27d91df91d4b68c31b604d869a6d90f8e68f3d5e,31159.32,0.0065,63.7558
a8ce3b52741e62a4824769087bfb64c3183cabb6ad623b157569de8b8352d6b7,31153.02,0.0065,63.7623
442281750b54dcc176a21dc40b1e70fba9487e346bcd3ed723cd4d02e0f7d48e,31117.26,0.0064,63.7687
78611747f738ee603d2663feaa61885fcb70a96ac7cd48b3242acda0120e7c29,31103.2,0.0064,63.7752
35187e1ba95d56eea6dd4ced09d1e05c277cd9267153b190565edf3fb44bd988,31095.73,0.0064,63.7816
a96bd9bf02d027f8e6407e74ea036a938738a4d7262c88577b7b960b698c3e77,31076.37,0.0064,63.788
feec5a8cde0326626fff635ffa95c868c2fb661eebed0ee79751894eb5b9678d,31071.16,0.0064,63.7945
3d865fe3f7fe50d8a698c788fd48d7d77e2ab0c265a8f8452213aed317e9adf6,31066.36,0.0064,63.8009
6f839d908d0bc5887f9566855d2648e84fa908ebde4e867a4be3b7365696d568,31062.34,0.0064,63.8073
84c40e772dfe7baad49d3553e08055eb7e5eb25bd05058e474e509119a8d87d5,31060.6,0.0064,63.8138
76c6defaff76315254b5ae875bbcf5ce165656418413f8abadeffad5ea799a56,31046.0,0.0064,63.8202
e5cdc0b8362eb40e4249da81288ead0d6cf903fcd9c3a0161d8e755ca9640883,31043.6,0.0064,63.8266
974d424432f0fd3dd95fc69630cf883294d8e2a520b9efef2c9954d105b4d642,31011.18,0.0064,63.833
cffcb1b908adf1575bc4d670ac91fc0657cd1921efa32f138245747bd9320dda,31007.58,0.0064,63.8395
d97a10a3c7ded0b2aa316be1531820519ae39573c976c9c6514b2e0ab802f53f,30989.87,0.0064,63.8459
63c2925f4be7651e792c33f23756024a678ebfa1b06802900e0dce3fa13e29cc,30980.69,0.0064,63.8523
3ff94dfc54560ba00e1dcad8790be995f7e60f36072906a7e2d88923da566fa0,30977.38,0.0064,63.8587
7b6afe7d69518d0b29bfc65bcb8693df866bd8aafd9aeb3db40007bb7060adba,30973.22,0.0064,63.8651
4f0c59beadd2ebf98c1d3b01286e57027e83c730947cb26f888892213da04af6,30954.01,0.0064,63.8715
c4f325896ba9fcb2cc6c5fc289f6ef30c4b1db744c00fd4e3fa615e353e1546a,30948.3,0.0064,63.8779
2af3d1a5fa60e210bc9e2ceb8d7b0ee597de9d92d5e0e7aa8812cb2480ab724e,30934.5,0.0064,63.8843
4679a706b00fceb17cd6d6a3e148c51852d4eb3ff24d65a1cdc680715b47b360,30925.5,0.0064,63.8907
299107bd9cc0b445346308513df93fbaae13533cd875c23f1d5e80b6d5caa4e1,30895.96,0.0064,63.8971
c4ec073c5633f05a2baab9db3d762112b02d8f383021ad2d83624f7beb0d1d96,30887.58,0.0064,63.9035
b9ff1c3b1af35271e872dc2ed85da9fe8721d192363d3f7e72ed4cc47c853773,30857.29,0.0064,63.9099
75158dd3f6a022faebec180248d9a6c342a95a09b924cc15950ac68a1af0d50e,30853.55,0.0064,63.9163
24517a7cf8e70b2b9c347284f112460b180e5207465299b9283b694ea5a2a690,30853.2,0.0064,63.9227
eb0a4921b1811953c9a7c28ce92e2b7910c68af6832d1991b0ad271530030384,30831.75,0.0064,63.9291
2576c059bc8a17348e90d1fcaa94cf1c4aadded20bbb18f6fc3d9edae02e5a33,30817.09,0.0064,63.9355
3b1502f09d3f43b8b1ba1d5d08cba1777053b95fe68193510f74b5380470fafc,30811.61,0.0064,63.9419
bef28c4f9945a2466fa547c13a4e63f3a3cca89fb16fe9ee58a28d6a2ed11de6,30803.81,0.0064,63.9482
07c5ed72bb71b72171fe5c61d56f224f2f82edcdeb442caa17c863450d90e306,30803.43,0.0064,63.9546
a83b5afb89d74663f43a9cd60452c3d1e73523be53c3396ae78fba56ed1476f4,30794.48,0.0064,63.961
cbb2d8bc1509f31949e0568b04c28ab91865ba18c99dd59bbc5e95f43444edb9,30789.56,0.0064,63.9674
ec941a4bc0a248c427a5a8b71e0296dc2e4d2594d94563d469e2ba873a3113fd,30775.61,0.0064,63.9737
ab85cc35b551db3ab97c84c544b0833032a1bd7b94831ca6cd7d81dbcfe0870b,30755.88,0.0064,63.9801
98e70f1617af8ba0dbc867cbc32622b6eb7961ed48719b9c2833c34e8485d2e1,30729.04,0.0064,63.9865
baebd86b81a61766ca52ef58d902886b44a2166f653975671ceaddcdac3c71bc,30710.37,0.0064,63.9928
67782ff35a6b79608e0b29d75135ddf2446202b460f08094771478fb70557bcc,30685.09,0.0064,63.9992
d6c2258ab258bde6dea60a613f09f434f65aa1234cd809a5a7ce261272861a3a,30662.56,0.0063,64.0055
8caffd060ebe16e406771fed42f900dca3f5e8fa1fb1eed4db5a1dedf76b1ad1,30662.4,0.0063,64.0119
8049b46405f89cad966b1949d1a16d6410ae42c697233ca1bb03688f433c6be9,30650.89,0.0063,64.0182
200f6b28b189366e7e80e9c3ae343d7c1e61e64be4fa73e5c354a20656b69070,30638.74,0.0063,64.0246
0ff6b8b9782d7460226c931b60be4d8a4774169f256fec453d31d1c25773ad50,30629.25,0.0063,64.0309
0e90b8e4fe12cd922864113d5d2da06b01aa7ee95b71bb2323a9a6ed18bf54dc,30629.0,0.0063,64.0373
b67b21f4a4ac666ccbf4a61d5dc9b01167da55049060203d3e9bde84797ee39b,30609.87,0.0063,64.0436
a7bab4bf64368ca354e311a2eba8641a9b49016f1241f90f55578ccf97466fee,30601.4,0.0063,64.0499
0a30a24279e3132780136a6ab5f607fa547bed38e75f0a5ee4aeed1921561b45,30595.38,0.0063,64.0563
cc65c10f71f4de9e431ae0ce750da082c3af2901c08d6b6712d7871e595cc664,30592.0,0.0063,64.0626
33e851d674ae976ff7efcef73fa5418cc1f82ff3858bd5eaf6c35a74d1aea6ec,30570.55,0.0063,64.0689
60d4330d7745ad99f6800ddd6fffa1797ab61727b58371664a61cb9fb5e205d7,30565.94,0.0063,64.0753
46dca3ac6d1da89ad44355e87e061edc02008733708444369233f1be4c919e0e,30558.28,0.0063,64.0816
96020c634de8ef88e2933308a2b0fb0ebdd67951e77d69ed36e1c62823dc1193,30556.45,0.0063,64.0879
88da2566de9a2202222c2248c2eeaf5e589b30556d95e2cc3de195b6ea89c0a1,30510.7,0.0063,64.0942
885dbbd2076d9bd681f57c07c550101c941816c0e8b01dff4870196625bd4c44,30506.2,0.0063,64.1006
3b003ed654a178709f6b3a41e1e05372f27bdb9b9875b5bb320211538d72d4ac,30505.12,0.0063,64.1069
e2035edf86fb2bec51876bf7a5e72569bca63019633bc4d8d5fa7afd0a066b37,30501.24,0.0063,64.1132
c2cf38dced0498604c684f4f95a52fc74d9175f35cac887ae15ca70b7fd8d4c7,30483.7,0.0063,64.1195
c91f3d450296e2ef85b2a93edee73c2921d3e2335db13aeec16b74c671b85eab,30459.33,0.0063,64.1258
37fbd796e3072de3c5906b946d13081a769ff8e962b579060fc2f972f3497ab8,30440.03,0.0063,64.1321
c3f682fd5f0bba502e0e25f3437626c41cab6fa2cff0799e62248c3d83b4fa3b,30435.45,0.0063,64.1384
024d6b02e6f11d963343e8c2f4bee3087feb2f2d06db4ebcfa76336f3ef22240,30427.87,0.0063,64.1447
5c96ecad1522b2041d1111bb1985792c385bf6fc8a94596983ff22afd4f4bdc1,30424.45,0.0063,64.151
6f6c7c62713a5a0aea7375b2ac71d6121704910a7a4dfbf5d330ebe065bedfeb,30417.4,0.0063,64.1573
96c8b50a6e5295bf34d608f3cb2d743e1e53449265d0bbe032db6cb2544d547c,30406.14,0.0063,64.1636
c447a9798eee4b896919342422566439593383c713455b1f9d36ba29dfc9975e,30405.34,0.0063,64.1699
3c8f26c414f6280f5a49d9d3ef232f979d997796bf017afec19f7b4d92e40b6e,30395.96,0.0063,64.1762
6588dabf3a9b2b544dd4385ca975906e3fc64cb5a6d3133c96a95ae21d23f8ad,30389.84,0.0063,64.1825
58614fb029684f949c9fd42143ce0f70214b9535cb30b905da801fadd08815f1,30365.58,0.0063,64.1888
8fdb67b61595a3476cbf1b3c66bf6abdcf8c6413474d318c0370795d442b0b31,30347.9,0.0063,64.1951
c710e3cbf283aa87a5d6aa8823349edbe13e966cb8792d2be99970211292f584,30271.82,0.0063,64.2013
a367ad11a690949920b5e28db3c6d6c7a1346878c2a562b7383cf23c993591c6,30266.9,0.0063,64.2076
47a0a884b7efdae0d82719d3377c63a9b1e29f7f87e20ddd25d31a461b11c128,30260.6,0.0063,64.2139
799b5ced401d15d869f3f1b811e03a76fdb772dcb9c07684fb5bda9dc45a1cfc,30240.49,0.0063,64.2201
785029e0a9102eb36eb5b6319d546c8d760df57405be61ef9e027ef53bd4300d,30222.95,0.0063,64.2264
cf1ba1f2c7b14d439fde61c793884126bde351f22089deae447ce1b475576673,30214.46,0.0063,64.2327
f4819a889da0b98fc96c3a29837eaf9256a7c7a44e807d6b1537ad3b04655097,30209.15,0.0063,64.2389
76ebab0cc74520fcd698e2cec96e8a3a5d4881ad840426564d25d4f19358cba8,30198.46,0.0063,64.2452
84de3d333dc4c6a2e16fe9c647ee299d32d18501d5d5f142462d7f259c74b21e,30188.22,0.0063,64.2514
6cb1b15affcb05dc870ee632f6a7ac700cd394157c07b265d90ac453935bfa26,30160.86,0.0062,64.2577
6567e1cc874bbad2dd7fe0052a304af3e7d31c8c158ad188fe97fa96706dc10d,30160.4,0.0062,64.2639
7c0ea7651c0a76469734c2a7acc413a1492f4a732714c3fc077887495647c472,30152.06,0.0062,64.2701
16d6705b999ca3c449eea2a74e8c4eae26be7b7482978c4519ac6575257499d9,30150.83,0.0062,64.2764
2d3a29593d2b721987bc85ff4ac124caaadc8fd8f1b81d0b9ca44cbc9c64ea84,30131.36,0.0062,64.2826
5910e995e626c00e53e2456094f40e5a6bcf126d72e1f185e80105ad13c8784e,30129.12,0.0062,64.2889
2faecd2b1f2c9628fd0ab0068287fbe0a3c5f2156f21e2c5724e3bffaaff5979,30125.77,0.0062,64.2951
995fc4b2f4be11c873dff4533c67a449fde78e9a58b703105be473da17329ac2,30115.11,0.0062,64.3013
2a346817758aa3aa33ae34f5850c5deacb721c778ec5f425d222c2f0776637aa,30113.0,0.0062,64.3076
f2e3d659cdc4ced8802bb59ee64c20eda3328ca4b49e2b1e05aa14b453657b4a,30112.7,0.0062,64.3138
250617d59fcb8c13a4fe9350b10dd5b42015d4e3ba07a1fb36fd7e720a3d0a4a,30109.99,0.0062,64.3201
778cc21b038de0a66f2cf926290c554c6d8f18af255d9fc1722a19cf4af175d3,30081.84,0.0062,64.3263
dfd1d20758277e0fb244bfff42106798c35cdd36410d00bf25939a96a59dbad3,30068.4,0.0062,64.3325
8ccab92d4218b454faf454319ca156d65b696c2392ea83a8c5989a5fd0599f83,30067.07,0.0062,64.3387
11084fe8d7ee1e3d4d8774d03f673fde6a5ffa183de105b8da9cb3560af9610f,30061.07,0.0062,64.345
9d55119de5fae6cadc48bc6fd1e67cd31a684333e664c02b9155e5ecfd1c3d97,30056.0,0.0062,64.3512
ee1b05d9aaf1bfa815ff47742d34817f234d570f64db11c7c7857cad83e8b4a7,30023.09,0.0062,64.3574
258889be7ded28cd170f40a0b43fcde4ec6fb4fb731ab1bccaa9c6d90da4ef3b,30005.63,0.0062,64.3636
814af303c6571606bebdb0907c5df5bec567eb209ef9fd41e1a9b9b8b132b3c8,29994.4,0.0062,64.3698
bef9a0a8c3394f1281af051249063a69b57bb94b099bae2b49d7ecfe135ad811,29994.38,0.0062,64.376
79533ed69de9e01f8cb8a17ca027a8e9a5de2e1d0191ece04b537cdca431c98b,29993.38,0.0062,64.3822
77ebe494da50919a94b1751f8eaeccd1db843a1026d8971dc38fae0af463d658,29984.16,0.0062,64.3885
c14ed1ae54105a24362b7a40bef6c8ede13a910667bfaac97b78cdc6ba7ab931,29975.8,0.0062,64.3947
c8da4bec5baa0611fbb8de208486cb2a23348f9b1cdc46ada015822362313521,29963.0,0.0062,64.4009
d2225fd8b9cfb598e42117af58881533a317ba7dc80f5820ed32a7024e55b253,29963.0,0.0062,64.4071
40f84e9e0c8f230280fdee5d21fe06af8a83621565ae1b2d4cb64de62c642b4f,29940.96,0.0062,64.4133
b587289058093246565001bebec3b4ba4d5dcf7c30bc4f6411992efd6936d2e7,29899.54,0.0062,64.4195
df5b07d9227f5034e10f9caa2a886ee0d4797b142ceb7375b1bfa664cae41910,29888.6,0.0062,64.4257
64fcb1aa835a106c52784aa8020d87f94cf5a9640249d3d9f40a77d1aba051a8,29878.91,0.0062,64.4318
5b7fb45e8435b428510a8d21330577513d177a54ba188d80bc9864a3ef0ec562,29874.91,0.0062,64.438
1de34911ede794938ffc864a2edc692f150da68f93f3c2d0dd6cc06c04330cc5,29869.77,0.0062,64.4442
4194c7e9a701a4f9cefc969032f67e64f9d7950809e4a55d88670ac672bacfb7,29836.04,0.0062,64.4504
f82575781478af1f61e7fabe0affb9671753cf6b21007cfb74fb6eea63b26f2b,29826.2,0.0062,64.4566
669fb1472afea58dad73786dc48f614a920560d63275e3c490b404b955d14585,29821.8,0.0062,64.4627
c9edf23c57d897f6875702d2dcd84b19cc3cf3c348575fd4c0e2c26fce36a52a,29791.95,0.0062,64.4689
afdbb1fbb556ee758ac82da94cb90860c38463361298e9f96de8eb10f2d9fc95,29790.47,0.0062,64.4751
9f8997443b02f1af08c5a92e0070cf550d9c4cc3bf0fedc676782d7ab9ad911d,29786.32,0.0062,64.4812
1112c68c10e430440a40866e117977a6388faa12583020b53c0b3146fb290e73,29785.72,0.0062,64.4874
4f8ede8e6668d18c0cc72c03a4735c728a7ac1f128dd8e1d3bff1c333b06e453,29777.74,0.0062,64.4936
7329aecc65d2e4d2dc36d3c2d98268a5ec5ffe5e3526d11a04861ee02269666f,29770.19,0.0062,64.4997
4bef61d95d99ead56dd5946539b5ce2acc50c106fc3ca451bf7ddb0f0ea37ad7,29762.89,0.0062,64.5059
546c7593e042edeabc4d9d2ce211ac1dfc1e1d83e456ed4b52c7c4a214ad7ba6,29748.41,0.0062,64.5121
bfbd1315b871feba324d744314a7ea888cb6593ff43655e9ff8e2a27bb426c51,29740.0,0.0062,64.5182
4592ac8e9438ca832b905bd63f38872d8e85069962303ca7fa2c426b0eb0211a,29719.42,0.0062,64.5244
57ca8070379dab6545e5aec8b1d14c92b65a978bb4e1dc43f3aed0949c09eef9,29718.22,0.0062,64.5305
83f1995572cf7a83673a2c31ab06c0db4f7bc489e03dbb18cab5651033fa499c,29703.88,0.0062,64.5367
1044aa67ebb6748c198cb87c2e0e467e2701c7296dc8d5a49892ba730ed6b879,29666.29,0.0061,64.5428
22226cc9dad375b342c548864eb32cbe702fd70f9795e5bbbbc56a21f2f1e099,29657.87,0.0061,64.549
7fbbb9aa3ef480426ddc4bb8d136b5b899f651a2d00f0d447bb2a6241086d6a7,29648.14,0.0061,64.5551
7f887e602c0edf3833eb06f1317e22d2def105dbeff53d46501e8764f05f9635,29632.3,0.0061,64.5613
1e1f030524fbddc904863c84315469c26cf4bb9bb830508ad459328598caeefa,29609.91,0.0061,64.5674
7c79d796b39b1362d904e26769dd84838fe75ce25ff758cd177495419dd83b70,29605.13,0.0061,64.5735
41af3dc82b41256bc44521163ef40daea77fd1be562388f911a36b378b8f75fe,29593.42,0.0061,64.5796
8476ff7dc56cc8a51240d540c3a91574b0c90718ac32897983a54664486ccba4,29593.23,0.0061,64.5858
677cf186d9165cf65bedec3fda846e61e93caf4ba70bd66d5d5f57f48c98023a,29576.88,0.0061,64.5919
4edcc9f8a794d1b041ab928539723e5b0f62b121fe0002d562070791e6fb65be,29539.18,0.0061,64.598
e4f37e47c974db4f1048458a3ec3ad26c5c919eadc9e2cde5abbf1e68e01c9cc,29533.69,0.0061,64.6041
d12a4891fbf81cfb0fb5383b313e4fb499ca245463748fd4b509ce0359e44625,29515.3,0.0061,64.6102
6dbfdc02a7021eada2b4d98c8d5fcd432b7decec32a9cbbff95fae5725afa886,29505.28,0.0061,64.6163
0e57cb5a34287a9e877b3a5aa48f95ba9ada393f717e7e7bfcda62cb88d5d014,29483.6,0.0061,64.6225
b130aa9f7bafb5ec954b26d937dcdedba718931099853f204630978413b751b0,29470.93,0.0061,64.6286
30fb93fcfb4ccf9786d51907e16fd6de6894cb751e0a06b0b595481f243b962c,29460.6,0.0061,64.6347
cce62d5e64ddf1160e93ac6f5f737f6d616b217d4dd6d4f048af2fe775a747ec,29460.37,0.0061,64.6408
c839f1dfaaa97ead6ec4bd94f5ae5556d3901b760d9d1fc28a5038f2ce383c1d,29457.43,0.0061,64.6469
b4e59288da371adb63645667442c2b832a742836886994e5876c41e3b85c157b,29447.35,0.0061,64.653
e94541b75fad5bd5fc389e7783ca6c71a80432e92733246c924efd64c2a0459b,29445.62,0.0061,64.6591
5fec96c73e23172dbbaa8ae4151d6cd4cfc3d3435237db5894236ea1de6de941,29407.2,0.0061,64.6651
fa01919cdcd3e186fc531a1785e0cc46b3eda4687b1284971b383845cf8e3852,29399.95,0.0061,64.6712
ce522e6ce73b4eb969fa239c3df709e7357b134090fc6d6d10acfa3c7ead62a7,29393.2,0.0061,64.6773
452c2d58aeb2ca8708f639ee6a1de9174a9ac3883594675a77b1e2a6862fb8d6,29379.8,0.0061,64.6834
dc270a6339f5dd9e5a80165408c5973c3a4707a877353c8956be8485dd3b60bd,29368.07,0.0061,64.6895
01e32bb2cf4b2e0ea1bebb928a54958427fbb2c5ed5a737ade9dd8afc90d9da6,29365.0,0.0061,64.6956
0808addad8757e4ff3dfc5f2673a5823d9ce6a7c35d4d4c74ab4bd2114d043ff,29363.28,0.0061,64.7016
2551aa657ebd4590a3b33f7a0b92180b5a158583ec14caf7b2ee0f20a6f8f4bb,29358.15,0.0061,64.7077
ca4fa6a187c11daa06e466578881ff0713043d9a8473c95557b64315281afa54,29354.05,0.0061,64.7138
22861e25d38de20d2623f3e460545fbc23437d3e4ba06a1bb77fe992f5fc3bbf,29345.63,0.0061,64.7199
fadbd170d13ed53143ca8ee792f67cae5dfafbf6d277d7c85cd1a33c8a8261cc,29340.0,0.0061,64.726
85997f71ce4934dc271f281491cb350e70f4362275e20c481cdd663a796be428,29334.8,0.0061,64.732
a9090c6920a25a8f0c85f4d4a837ba66c78006834f63b6781fc7ebf2a6dedec8,29332.35,0.0061,64.7381
ba52e55ce383e3b2c033c969cd8c67d973abc3b9bfd3ba35a43daa37ab921187,29327.2,0.0061,64.7442
296083dbb17e3445351976c6b0aa8823d91a2c30ecd83b4ecd811cfa98e7c02f,29323.2,0.0061,64.7502
a354935ce43a2ad0b56e01a00e0becf067b51e0fd641f26aeec027258b875e1d,29310.4,0.0061,64.7563
ed2ea8d3ad2a1e214b921a8ab971a86056e4cbaa0f4e1376aaf349b1914b2964,29305.8,0.0061,64.7624
96b2d22a32f3143c708c354a9a70181f24a45d167a59eff21d4aafc946c68ef1,29296.88,0.0061,64.7685
9ce7d30e168ad319839c45b896765af3088ddce9092beebb8ba3cb4470f6c7a0,29295.62,0.0061,64.7745
eb9d04152ceae9ee1530306282e3294b2b22dd97e087dda1ef81fc7369061f44,29259.8,0.0061,64.7806
ddb80d59944fe7f4a40e26d27d73d7dc6e6d62896e1daeb268f3c23ca7565707,29234.38,0.0061,64.7866
ab8d66e45c1e4c7e2557d2d7aa328d901e24581ef3bd8d322475f0eabd118092,29229.48,0.0061,64.7927
94211c3112f89de19446ad792da6b46d4146b99e798327c88a91bcf61ce945d3,29229.3,0.0061,64.7987
6810483fc0a1361eadf2c2c3b5f3599f8eb8f78aefb6225d8b191699ca998a2c,29224.4,0.0061,64.8048
20a3318174764abc3498180e8e0e162f3d3244e33eae2f632922cbce717f9a86,29212.32,0.006,64.8108
f966a2130311a919bb7bf16c7632e412e34d3f4a081814ca8b81a0c26beb19f9,29204.8,0.006,64.8169
59ef29381c37b186f7f6f7e806d5b57da741bc75e18b4bae0e660b33d225ae91,29202.8,0.006,64.8229
5a6954149f88b98328925fd5edbafc10768b686c1eb6ecf34119b1085b423305,29202.11,0.006,64.829
03170c93d53fb0647eb0aaf279aab89e58e8b852de3a58eea96e43912cd0372b,29185.35,0.006,64.835
edcb996949fa522775363ad6226ffb4aea749f80e9693bbf79a700915f06a24d,29182.7,0.006,64.8411
4b0bec0b928497e541d5dd07507491a752e15a50c071f31d5fb2a2444e32458a,29179.92,0.006,64.8471
58f2142b26a1a9f68e6a304600a755a0ef46137374848712b76d06eb7c28cedd,29171.16,0.006,64.8532
25802d8cce05c408be4884cd0b9a5897f44a4f7abdb32f22fd9b2d5865d1264f,29168.8,0.006,64.8592
46445d04897e7ee8ea946361f4027810e65a2a6cd710809d7745fc05d8c00f3a,29166.4,0.006,64.8652
9e60465021092ffd5b409ee82f6e6155ef9d5c358cca9c4be5651a3960c86dc2,29153.2,0.006,64.8713
1d080c35f4c01a5de4e8eba7a90c2bb092c60c6fc74e2d95c68776107430ccf1,29153.2,0.006,64.8773
af2dfaf7aeffc77c3aeb0d7a2322a657a88e2f1c3c3d7a5b365631abc36b104a,29150.62,0.006,64.8833
7db4abd45be414fbde4e9effd44eb440100552e311d387333a31089b57e2bc51,29145.96,0.006,64.8894
2dc46c78281b5c547aa826bdc36e0eb9dc1914f3f6275066fc1cb3d39a018a97,29136.6,0.006,64.8954
fdcf5c044327b230c24fb0f6c6c64929cd41f4437c1d75d0651e7721127d2e52,29122.9,0.006,64.9014
cbf862f5a496259c1a93594ee2cd6c9625c6653314fc08f062e41d452ad7ba24,29115.8,0.006,64.9075
851de06e0f9df4d94a6e78d72677e0d064a858c095bd251d5381ff54e04ef8a6,29106.92,0.006,64.9135
59a644d8036ea5895ded09fb99908329178d91f646c0c3b00a9e8cfcac2372c8,29092.2,0.006,64.9195
3d6015a2003d5baddd7a2570fbd3ac1cdd2070e55bec016a144543fffbca781e,29077.36,0.006,64.9255
c883042177ad4ab155fbe710da640d0a217fac940a80480444fbba233df0fa53,29058.83,0.006,64.9316
4d03bb2e76822af0c19b9d1679eb8f34281a7e4bb8f66aae7bb21cd330239e8f,29055.68,0.006,64.9376
6572468572a876b0ff0790150162ef0c22b1c82c7f3bfa5479fe994005cc26b5,29047.76,0.006,64.9436
14b35f4d4abfcb512685b5537d0dbce92b1be469a5dfdef8193200c7e14ffdb2,29035.32,0.006,64.9496
29c7b5f0fde6a71ffc32c93bad6fa2f12b546325cb9cb76c78004088b72461ea,29031.76,0.006,64.9556
dc1df999de2b09c26769b1be40bea74003fb8f32f2607d17b80d9246005311ef,29030.4,0.006,64.9616
29c95d4558c224eb6dbaaa8f7d030c44f0bd369b82287e0b2d73c206307c9cfc,29023.34,0.006,64.9676
765c35147e1bbba7eb3390169d7a2dfeec8617b96b5e4fcfed68e0cec075aefd,29021.62,0.006,64.9737
c6d58fc941b7cf6e79597c68fd112d751bc7e16498a3ef11dab50223a62ec28e,29018.94,0.006,64.9797
4339d19eff9666ff8d934b0c3fec626918f6ac1b5eae268be50c26d249f95642,29016.8,0.006,64.9857
f133345b5b2b4efc78611eb946ccbd9b6adf93a1433b59e3e8b7570ed0143fe2,29014.0,0.006,64.9917
32e56a1ab9ee06913c42aa0ae98daea0ae6adf80a7d97f695c1848b75c50c15d,29010.86,0.006,64.9977
93c0ead5719d6f48341d48615b6cdbeca64575ea4bbd2d00dfa1c7eefda7eed5,28998.6,0.006,65.0037
d64e3970b11a9d1f583ade561575c8b113db2f5668cfb4bc829e08277ac92085,28982.93,0.006,65.0097
8e5aacc57ecb502ab40d372b6c0ddb91288e5ad8c83ade834f3676e3d043b454,28980.29,0.006,65.0157
6f3cd9223eb9d88a5d8693211d7202cf305197c99ebf96ba17648d14fa868cd5,28977.8,0.006,65.0217
9371fa697cef68f6207078b1d53cf1331574384a181773d1dde18018d01759f3,28977.34,0.006,65.0277
65b0a1b642f58ab67dd4c27dc7ba7f44503aa8b9520647c6d4fa127e04891553,28968.92,0.006,65.0337
0eb347f69bb93020ee69562a78c760c26c66632ac84a419c32977bd065e35cde,28965.73,0.006,65.0397
a03899e7dc8ad9e459315408d3917b41660fba86b83b1b06523fa7f6c4a5b2ef,28961.05,0.006,65.0457
8c604cf5e86e1957b10689092400ea3297ffe036e14e1be7ac8f7b0fb31848bf,28949.33,0.006,65.0517
f1916530dae6514fd8ba7c17eadab5ba6739cbd9190b7f967adbe8744748c539,28946.28,0.006,65.0577
4b2f6f4c10bc97e43ea6bbb9692bc02a8c25e9617833adc932dd7e364ea599e0,28941.82,0.006,65.0637
4b36c5901678e3dd263d070f1fd6317c4730e4b9983e9ca1bd4db7c7d635bf0d,28939.86,0.006,65.0697
001a1f58b07a82e84a15b7babdf0745abae24878a095399cc0fe8395f8367c41,28914.0,0.006,65.0757
989e7d7b198a3acd3bb90750530afce7ed4e953f97c9545d73e2ccb01a60674a,28897.2,0.006,65.0816
f59a15702b2c7226e7e43d04ca57680e54368c32a1bba53bf37ef5af3aecf722,28896.66,0.006,65.0876
cc084884fd848c47bc9401908caa9fe948a07d8b4c4105745b0c721b201592a6,28890.63,0.006,65.0936
b6e31bfd28d8875afd5b72f7d1d55d84ac6e2f55cf8d62db0fcfa3e59ca17b3f,28889.14,0.006,65.0996
c0e196bad155e5e7962cf2e8d2e54b89c52463ecabc7e0e80d9ed856c0f66954,28876.22,0.006,65.1056
f43315105389c5096cd7ab806159f9ab0b5fd4b63119c46205472eb24c44bcaa,28872.17,0.006,65.1115
6bd15758669b5a46fc45d928bd96bb2f8334115d9c981eb514a5cedfc96a0d98,28868.71,0.006,65.1175
7b06301f60c06ddbc1530c08b7c2385c661942afe5725ad76a04070c9116e783,28854.6,0.006,65.1235
2947f5fc259d47d17656da4b4d341493d462d18a8ee743ff1d19e82a8c19cb98,28847.77,0.006,65.1295
20cc65d69c282fa4d5ff43be805be25df7c36d642d226faace0b8343824aed4b,28824.92,0.006,65.1354
0fce6d3ce46de525c0a62f08d354ee244b693fffb1aac037d58c39d2bf1cc4df,28822.0,0.006,65.1414
f408d3706eb987286510b27e08116ccf04ae209e5a136f6de34dc9602ed9c4cb,28813.39,0.006,65.1474
17022e19a7f88c5c3214100d8727117bdb2dc0efa77a50d5263170b73a4a4c22,28808.16,0.006,65.1533
5c02d5f597812ec913ec213f6eeb0e4338e96f84725e92bbc8bff01a4597f3fd,28788.19,0.006,65.1593
11c0d56ee71665bfe766f1a57c333061cb34d747204264191ee23b775e6edab4,28787.8,0.006,65.1653
7e9605654eb46dcd54bf4560a788a6d4d6c244970eac3f92942116fcab8dec47,28786.95,0.006,65.1712
301432f1377a50d542f517f558fab3b188dfbfe2423b32690b868a618d941067,28786.8,0.006,65.1772
ec073c8ae9c93a2618a29a3db210a116075de890dc8fecaebbe3822cb40f060a,28774.61,0.006,65.1831
c487e60d861cc55fc8e36b0db8282f346850d14641bf97fde18c6d7e567d0b06,28754.38,0.006,65.1891
96d39e91111e08799fe370972d097a1028560b84bd642cc204c6a1e3e57c353c,28752.82,0.006,65.1951
f587e5b67ecc019e4a44827e7f0ace40cc6a00b678a854ccc0a3b4de654b1b53,28737.07,0.006,65.201
987b1b75aad9aaefc31d2e9077d224d00034d62470823ca188a1ba292f80b9cb,28728.6,0.0059,65.207
4fdc57f0802b6649733c0f32f0f1ac8762fd931a9e6adee0907687872d4c5612,28727.16,0.0059,65.2129
7e0f21a92cb5538c3572847f018f090c76873949170c316955cbc41b32f7af67,28719.93,0.0059,65.2188
3ab6bba275f0ecb53d1cd4589b66ec38807f79802ac0259a0197844a01261f55,28719.17,0.0059,65.2248
439616062a474b74cf0ddb309c3378798f180aa690f125e2991b9b7ced5da28a,28707.2,0.0059,65.2307
e2973f00a047a9d9f8c37dc9422a27a01111561056b8cbed01df7b74300a9f1e,28705.28,0.0059,65.2367
42ddb802c2128caa78a472af8ade2031cecda37ce31c289137c401a31a9375e0,28701.63,0.0059,65.2426
72103e00168c0b76061e54a93ec1bd72629abe364bdbd4eccf7c30495179bcfb,28678.0,0.0059,65.2486
d182fff262637622e933500745fe49fc045465290c56c19e1e205d73961d2881,28667.73,0.0059,65.2545
a5f8b775f7bbe5e27d0a8672248d5f171bb52796c9f3b977934f76147cd9c6a1,28666.24,0.0059,65.2604
f7b08af364f025f3d30b69140a71b47f95997e070b37c0edad3a32ca26602e86,28663.22,0.0059,65.2664
f8b76527459aff954c140fda1c94b681af1a0b9c144f721417a2d6363f44dcb2,28650.0,0.0059,65.2723
48c0ab8ad130b9be35babd28053eae3449650151892ecaccba45c3b6dca9fbd7,28645.0,0.0059,65.2782
810d504f25728c1dc301049769fd446a3e5c5ba94b5948c7e9fdd50d453fb719,28640.4,0.0059,65.2842
5b2326e0c894dcbd2431a5efc15863c3f8aa5a2ace4d0dfd4017c25c4d7d0bcd,28620.78,0.0059,65.2901
614979d3f3e282b09267e48a9dd6cf6b1d8a20d072e1953d7451ac2add1c3723,28589.6,0.0059,65.296
52eace297e10adefca0068b6bfa4bf46436132311f89a9b3555a8de238df3760,28575.45,0.0059,65.3019
5bf5878829923ae77bfe8e791a85b5fb5ee2c91dfbf684bd8acf4d54acd817bc,28571.41,0.0059,65.3079
18dd84060d41f52bc29ee8bff1a7b40206acbba2b4a3e90f6328ddab03aab53b,28569.0,0.0059,65.3138
bc01d12eecd6d4c5b2bef4bc487f308735ba7f449ca6d0f572ecd9521968d60c,28559.73,0.0059,65.3197
a72464fbffd235461f4c258af1565a85a582f8eee1f5cacb9cf94a9c7a8b9e56,28558.41,0.0059,65.3256
bbad91c0a4539962ff6ab9ad294b4fbfa023fdb60d704569f51353f4f0becb21,28557.52,0.0059,65.3315
fef3fd5be45d7ef77610ec649a5a9fe00ca4314a232b2c5f586a6c51dd593bee,28551.07,0.0059,65.3374
645d6152a5c5cdbedbae60cf953b801467ffb19c421694ac038d8931fef40fc8,28541.87,0.0059,65.3433
0f2daa48b9263a8d32d5a44b81fb570d78718223dddf335f6c397833d234f35e,28541.0,0.0059,65.3492
39618e2884106c4dbf6f5cc2cb739eb50ac42c3246ba8f2c7584da1017dc288a,28519.81,0.0059,65.3551
cb5e73861987160596b1f0426fb621baeb4dcce2f26daf7e557668f42e8c9504,28517.26,0.0059,65.3611
806e2a9ede2c5f2a532c3e9bbb874174916c45c0b92df359e6fd170854145320,28512.4,0.0059,65.367
3d16110e8eb0bedb49e603a8677690cb90233e87175d898bf3e18bc26546bff0,28509.4,0.0059,65.3729
9043c252bdc288d1d7de4599c33cc1e8fc550422a56502cfff9d925abdd396e5,28507.0,0.0059,65.3788
f2314279a0671becf7da9e23b8bd44d8fa978765119f9ac7cef16788ee9285b3,28496.63,0.0059,65.3847
b6d0f8617d51a8db5f785374842179bea9f11d00d647ef9b1e5f414ddbb0ee93,28489.37,0.0059,65.3906
37b8ad882798001c6d30880e84b77fba9417abe3e4f055a1ba9c72fc7e1471cd,28488.71,0.0059,65.3965
496d0841598d83fa29dc95d85023f981bd77e3fc7791e04fcab98fb33c0b6167,28487.56,0.0059,65.4024
adcb5186f2640b5c2cefadd2659f50e5be3e0183ce2370afc2955e7f60b8cfad,28485.0,0.0059,65.4083
291af167f9690b6f819e3bab9c5f248ee0111e646cd7d333d9b05b4ff63e0990,28483.37,0.0059,65.4142
03247327c38580ec9008d39ea610d178c9425ad4fd0336dcfd79440232f049c7,28446.05,0.0059,65.4201
cdb7ce74bf414d60da8439778c4027db99c84b1fdb0397511f95ddca37df31bc,28444.99,0.0059,65.4259
0427b4c9c8048a210eb5bd9d328630086774beaa55ebc85cb80a6bf7bba84400,28428.04,0.0059,65.4318
1a267ab80972ba68b5df8f340624e3e043684f2f6cd8eea25509711624d635d4,28420.4,0.0059,65.4377
8352f9c5dda1e9c166743894e9f2e7f88f43a97e94469545e826941786cb1073,28403.13,0.0059,65.4436
9e023cd65020ea2fe9ad0bc05735ee9269e17fa4a045f5c9da6147a44bd433ec,28398.0,0.0059,65.4495
9b4d28af6f8b426bbc5063849c3d93a5b387a6eae8846976297a6d8dc2c67ae4,28382.61,0.0059,65.4554
8262d9b0aeca97387031f8de866c95a2b13307c85a66ea526119f9839ff0ffbf,28382.61,0.0059,65.4612
bcb447058eb10cbd10cd5753580b589f19f74711de8c2fecfdf4a7d49c50aaa1,28382.61,0.0059,65.4671
bd8ef0ce62eb364f8435ebb72bacba76c16fb7024b14a0397b071ca19700036c,28382.61,0.0059,65.473
445f0f7b6d728901761838c2ace4a50532bb93840e3f3a1c3c325a9e4bb458b6,28379.05,0.0059,65.4789
b5f7591236a6115079bf21a5cadd647addfa576073dc35c8645dabe75b8cc692,28377.91,0.0059,65.4847
b66dc7ea0d26fe41adc649d3eb900ba23243d51f4372d4c2031bc04ae1ccc8c0,28374.32,0.0059,65.4906
d551e76ae642dac5fcbedea15064b79cd93a3475de079ef20516ad73a1a8d43e,28372.43,0.0059,65.4965
62013ff8eab1ad6e0cc012bf3914f879d31c828568803ef1c2b44b68a8414e77,28364.06,0.0059,65.5024
0922e2b6dd921ceded315cc39240bd2eac7374b80529082526a8912f3d1a5d04,28344.6,0.0059,65.5082
63f4de7d1f341e9dbb6dca1be5d48de85a9d838088fd55eab82a2a6e868f4528,28330.95,0.0059,65.5141
993776cc63f423682929e5d3158562702c0dc6891c9f9b770d6c130079a84392,28330.24,0.0059,65.52
662f237b3836b055653349702cb5a12babbde0c1a080be4b8f065a811658f125,28314.46,0.0059,65.5258
d122b8397e590052a5084de26f83bd671f13e8be169ebb65d5eceab44de1ef48,28313.3,0.0059,65.5317
6cbaa6aa6020a9db93fc3ef05ff78dd9ac5c8dfa4ffc6baf32bba0bc4bf52aac,28306.21,0.0059,65.5376
303d0081aacfd821dbed95d94230441b567710b19cbab98aedf4abde6d1da61a,28305.2,0.0059,65.5434
cf1cfba70e0ad4e291bccc7394ec4c44a762013073116f45adf368d4d0f0965f,28300.6,0.0059,65.5493
fb9a350363372149544d77d58360461ca9003b7b9fad79fd2a9aeeaaf55a0477,28300.46,0.0059,65.5551
577dc16068ea27cb562de4d49777ecd651ab20456cd0c77e7d691108a2f88f19,28276.34,0.0059,65.561
ee188544b97467229c5700189b729cd8355479f262a877e116bbdec5f2149e12,28262.48,0.0059,65.5668
5ce5e0cb558935d2cf1c2175ebd47754d3fcaf853292803a5b74830add60119d,28253.92,0.0059,65.5727
ce854d10799e0197b2f4f38c2f652174d9b758542bcce828e93e3355280d2faf,28249.51,0.0058,65.5785
9022007433501dd3ba2d1b0a65de1646bb79ac901ba25294f1341c0409dc4356,28239.16,0.0058,65.5844
0001da624eada828c3f744b73bacd8e15cf0d3e288bd092d68167dd1bab66e76,28232.49,0.0058,65.5902
9879945dc0410e52d41ffb9c869eb7af1adc613c9f07e57a5870b51510fcfc28,28230.25,0.0058,65.5961
51aaee0c6d9a886dd8ba3608e4f6413334ba22a53cdeff0a48f066d918dfb274,28226.15,0.0058,65.6019
31b7eccb3d6f3ead5636be07351aee50dc80f3d3e046b4453e47f699e0c44638,28180.99,0.0058,65.6078
720f4b195ab8333c3f782fc8e955027b0a366b8113170b85e923f1510ff8eb87,28165.3,0.0058,65.6136
c366b7d2508c0711416b564c8d401eb931e262fc1cba4f8df379df986e889202,28165.09,0.0058,65.6194
2f5d1a57447bf8c7b05874163d76ab4f0709e33444217b30f66e7233223a0faa,28164.65,0.0058,65.6253
93e66c1c9764c58928241f4ab0f181dd6590ac82e3bb9b0d4f4d64d76245e3ad,28155.55,0.0058,65.6311
4f17b571b85eb8533d5ee029138813dc9ef7f5a4f01d97e9b772155359c7f3db,28154.83,0.0058,65.6369
4a971434dbac1ad58e145f0989f6498755915f7f1d2962f9573509b8a171bade,28154.61,0.0058,65.6428
174ba430355448cb076e4f3a0aa7f79a730683febc1753ac8e2b146e74c9f17f,28153.2,0.0058,65.6486
774f5e95969a74559c3ce8cd31c3673ad2e70ab503ab2640adb4e2ed8c5a9814,28151.9,0.0058,65.6544
8d5ffd6c941f7c4a5b4aef3a04267949e22c4d8d08e46c2f459cb60439dc14e4,28143.95,0.0058,65.6602
d06ee57190131f99e711b4ffbbfb9180b194405a00d48f5c9b32b20f5b807700,28137.8,0.0058,65.6661
50d176ec169eb5fe51002bc4ac53962394e13f7556fcd0346874b48d71256933,28136.21,0.0058,65.6719
60b9474de7188407190a590e6b90882ba39188b6254287630ee34ce535b6510d,28135.8,0.0058,65.6777
57a83ae7501c8f07a70abe51b8ee6f4beb5115d3fd47db987b1460e0a02b10da,28133.05,0.0058,65.6835
e0525d064efa377bea87acbb2bd607744919e756d34405747901e0914b81b6a4,28132.21,0.0058,65.6894
b73df1d6df7238573e595e5d5213d581556abb168cfe0058009cd35fa1edf974,28129.39,0.0058,65.6952
4155b5a9d898bfd17210f97b787a5a96d5ce6f9dbc2c694af14f548eeba161b1,28121.08,0.0058,65.701
26421bca266feeb1f1728c8cfe41eeb831cc3f008ca7d9df77628e5ec4bc3a40,28110.2,0.0058,65.7068
daf905783d3049dabfbfa1ce888ff0bd592abcba3549e9ae4e8c9ad3d23bafeb,28107.62,0.0058,65.7127
a6984cb77a1ed1ef3f40f22736d6b07aae2cdc4691c0752a7155cf4f783a76df,28106.37,0.0058,65.7185
45163a8f4f3f35860fe19ab400abd559bc1332981ae7f47da9d8cf45b6fa5d23,28105.01,0.0058,65.7243
9a7b80ae5acbfd867429cdf68fc5320e7230768dfe3c7efa58fcc4573d59400b,28098.3,0.0058,65.7301
7eda417b6d3a1c32ab2cc705039e6e02d84b33f64a021551582f0917c8e870d6,28072.48,0.0058,65.7359
2aa4e29a07e5a1a84725d74645483eca295e72204ca30fc540e15a206f5e79df,28063.46,0.0058,65.7417
ae5ade0ca1ff93ecd5bcf7cfaf6ab3e6b35140af23e8bd9889c5a19fc671ab44,28061.91,0.0058,65.7476
077ff8070e85db889c0e3525407264210e0d11f89669c18c4043a8c19558c452,28053.91,0.0058,65.7534
fa0a6d6f9974c0916304f51becef26c6a675a89300cba81938427b38f8ec384f,28052.51,0.0058,65.7592
685c455785d26375ec8cac720637de5758523d212031d7d9fcc32528ac132234,28045.2,0.0058,65.765
87d0d6715ca8c381a76c970a6d1955ac9117ce77f76f3572ddc422dc29cc0734,28040.0,0.0058,65.7708
ffd29cbab2e6c35fa09c835b052a667d6b0c9dd13fbe3d83b843707630a04d4b,28039.46,0.0058,65.7766
071e9b7bc6aac889ec53c05ced4ea073d8ae14b30d00fc520c2ae1e2507c115a,28037.64,0.0058,65.7824
e0ba496be2ca5d4c44820076c21f3dfde5ee5e1335befb65d1626839d64f1177,28035.08,0.0058,65.7882
1a3679a9c12fce2124835afb61931ceaf63fbdd1e03b3cea7a2943effbec47a0,28032.44,0.0058,65.794
9d49644a8465e9d3def2624a375cfa535debefd0d35e340789e8ee30353eeab4,28027.82,0.0058,65.7998
8bb57b0d5bf163748a9a8b7fe923a6fb86bdf61b207d114948e1b8e4cb4ffd4e,28026.77,0.0058,65.8056
6ae7c382218c9429216cb19594188185a8e5c7a25728ba80996a1389bd1714ae,28006.63,0.0058,65.8114
3cdd745e381a90526dded709b4ded3dca0b7d4373a3d3ccf5237bfbf99d4d0e1,27993.43,0.0058,65.8172
40f80270144b8f25f2928a5626ee97d33af262b4f5a3e6b8735a96459a50fbbd,27983.0,0.0058,65.823
ef4e2b065d8db07b13876b6806df314197983e96377a42c87821ab5b38da3fd0,27979.06,0.0058,65.8288
dabbaa6c83f7ac6f63eebc7d96994d8fbbb384103bb478e6798bd501d5d3f432,27978.0,0.0058,65.8346
47fb02010e7f7732ccd3db01b40a4acb02b0390b29d62a4e183552f747c33dde,27976.85,0.0058,65.8404
1c27b1eb9380a3f9acfa0bf07b3dc831200e9a8f191c62ad7b391b3e84cadf8f,27976.64,0.0058,65.8462
986552264fcfc748d472d8aef0bed001491af363bd7fd863008e8729bf0f1bc6,27970.56,0.0058,65.852
29c677866050232434eeb8daeb49be4a98d77ac56446e901fbdabf675a3efe05,27970.03,0.0058,65.8578
d1e6cb2d59b08f2ef1c57595e52632311e4a56f9719dba31a99703b79c0ef23b,27965.91,0.0058,65.8636
2e752f78d48d246eafc40010eabcb2230e8c95d3f8b25f1de4308e524737332f,27963.71,0.0058,65.8694
7a734e080d031820a6860aee6a87bbfa7a087531a912a7a8fada363f236e6505,27954.92,0.0058,65.8751
86f6be2edeab4622fe6e019213d2786af1d15c71356f4fa063bb428536f217b3,27954.7,0.0058,65.8809
bda1da2ec30c888db35a790bd052a069de890cec3d5d62999dadfa12e08d4818,27951.89,0.0058,65.8867
1cd22bec982329944220aa38b5c38f2454f6f3875b88e90f1782108fbcec7a59,27941.25,0.0058,65.8925
e8bd9223fca67f88a463651d6bded1ff9527b991d68287e272e8ded61b03b05c,27935.0,0.0058,65.8983
58c2b2ca1708cc4c362daa7f956c55b7106ae8cacf6ee3cc6efcf926374df5c6,27934.95,0.0058,65.9041
6181e9129b6b681c0e0c7ad6ed7a99c1c0c5cd5ca5021867dfc897b7d774fc44,27929.98,0.0058,65.9099
f085e1dc18e49feb11c7fe76e7970cf79b9114869799bdcd7fa36e53b1b1298a,27925.67,0.0058,65.9156
a7aa22f53800e60409032d8ce53cd96ddd064187291a40915781c6779421a1e2,27924.59,0.0058,65.9214
76c323b9180a4644f11f46d740dd314bf62ce10f54a5f2e9419a6ab9e7c93b1e,27916.26,0.0058,65.9272
e941ccbee6bba6d125a413481b8d293778d4096b2ac503cd664373c87dbb6b2e,27915.17,0.0058,65.933
d96bb17771c1572c8a78e467fd6bbd821542851595f407f1b8a8980f942e7d69,27913.96,0.0058,65.9388
814ee8a15f35e13b115cd9da972c83e51e0be529d345f33144ede95623dd7588,27909.92,0.0058,65.9445
4f24c60abadfe2208bc301c72fa2d99765d96ed336c8283ba87174fe8a69bd70,27908.0,0.0058,65.9503
ab7194abd9a696cd58f86b7dea8245ccd279eab8cb0f093ff7614e7bb392e700,27907.56,0.0058,65.9561
cf588e241815d8ca7d8d59569232d65d4f4ff840f229bc3e4d6c2afe5b1fd955,27899.95,0.0058,65.9619
10768c26fcd6821ec7ccac19dbb327d64ae07e9e53579db4c27b55b246eccfc7,27899.1,0.0058,65.9677
2073fcba010540be187f5ced01a4743464f24ca9b9fd9b237ec93023ee899ba6,27898.0,0.0058,65.9734
569a44928fafe4d28c017c1cadd6d215445e1cf0ed30fde757df4cb7d4704937,27895.15,0.0058,65.9792
c4660eea42036274004c309e280761727eb6265f6adba90aa03734349a48c380,27894.6,0.0058,65.985
f8df3bc0a7e4e20249e3977f95ec30a3fb01e97d351148d8cb103c7cac16538b,27886.0,0.0058,65.9908
a9b169132ea7267edc5b2c297c347be939d4fcd2fad7ce157f73a4a104d49639,27884.29,0.0058,65.9965
84af44e587022f5e1179c6a54577bc5e7ce97076e943fe1d00f93c5265cc51bf,27875.01,0.0058,66.0023
5edd6b7ba99be850ab24ef3acbb3b0de8f0dcb9a04e70b819b87ab641c88faee,27873.07,0.0058,66.0081
d72713c4c67a128d63c663f55a3d2a241bbe10dddf345948437141aac6f9d909,27855.2,0.0058,66.0138
e0e5cb3f4d61bd02b9c38dd947884659ca273a2d67b81191ac9863ad369713f2,27848.31,0.0058,66.0196
ddb0ceb297bb582787c137a7cef18aafadc1d816b49e85174b41bb760f0671b4,27846.46,0.0058,66.0254
42db65996ef1dd6118d4429eb5a024a5413e6be9a65313b47792757c2213b805,27841.58,0.0058,66.0311
73c21814035b95a57922e9e449206787238a88d2d2aae1fb341a5aced9c4a95b,27837.2,0.0058,66.0369
72cedd8bcc916b9c91c71438cdc70ec0f4a976836f882ea1a993a00e19916cbb,27835.14,0.0058,66.0427
8adf869b584f13e0e08de0952aca7e76800af8f8faa362380e6b0986d7644a99,27829.77,0.0058,66.0484
cd5eac4a5cad9d64be57eeff55dd628cc7d905fcc6d7d6cbb8e39c20504f23ad,27816.93,0.0058,66.0542
c0352d2d0abced0dc5e97cf0c7bcc8d24ee940b82a9022e8938758378f6f15b6,27816.21,0.0058,66.06
19f1669307d35b87c0f700a323e63f997e6d970ee4bf83c3d0c8e83b35d71d7f,27816.21,0.0058,66.0657
25b964b104e0f2e3a1769da814075729fc95c5d5f9e0ff3c24951517e36e01c6,27816.21,0.0058,66.0715
6aed93551d4b212e12a5e5c0737714efed0135012084e109694f92698360654f,27816.21,0.0058,66.0772
77719b8a6dcdd1e5ad06b4709d6b6a1e9fa0fc76dd7f4c30a7db3d418cededa5,27816.21,0.0058,66.083
edb4718ee8ae4dcf446403ebe27fa1d1780310d7e302059cbd27235cb9d57ddb,27816.21,0.0058,66.0888
1fc702029fb4a52067500c8afdc29070424c2b2a4d221cf0ba7c93786c47d311,27813.14,0.0058,66.0945
1ca78f20cf29d58b4d9f98d577a15212cdf277d9e945bd93c5435edb223689a4,27802.38,0.0058,66.1003
76811150bb3fdcdb4466df2f788db3a7a2c92c6651c5d9d89de2ca168f8ffb3a,27799.78,0.0058,66.106
78db60c3b248bd7da45f1045c0a066a68fca02786096de2941e9e37d11534dfb,27793.9,0.0058,66.1118
1b5032d6c4e2122b8ed4d24db70d8a437f274b6a6dcedd59a277ecd47e512579,27790.92,0.0058,66.1175
67f67941171cac1dc9a60ca4941a4edcf4ebeeb458c9f50fd740ae5646071884,27790.8,0.0058,66.1233
5f99dcec8b69e2d4cfe4a104ba6a255bfcda0c82bb4e5efee806d7cd7263f58f,27784.35,0.0058,66.1291
2841a9acb1385da919fbf7fbf98f10088edd22852e1f936c00f19d0dc85f6ceb,27779.18,0.0058,66.1348
1224002e412c6bf38b1940dcfd1a3926372366321b490721c7ea3994a12fac9e,27771.29,0.0058,66.1406
17674037374e43a3e1e8e270800275c2c6038d0cd0df46d0b09ed6ac74336ef3,27766.51,0.0057,66.1463
26ec403730a8b927e377f6cd6da058ba4730758db80fbf97eee4886c79dfd9a2,27761.8,0.0057,66.1521
88eec16161ef13544c2ecaaf4c3edb220860de9aecd33d714fe0d0afb7395f6c,27752.67,0.0057,66.1578
31ad20b1e1c254ae0a596aa9f9926bb348db6fec7636071b2b242bff20690ae9,27741.3,0.0057,66.1635
d6627cc62cb074f591905b3bd20c79cf710637477a53896e1daabc4705e2403b,27735.06,0.0057,66.1693
8f4f076c9884a4ce5347b32d38b4d6789bd7aaf6e74ef0b3ff5fbdaceb5b9df8,27728.17,0.0057,66.175
f2eed538f6413ef048761bdfe8c349baffbea91cf71b0cb898f26e108337fca0,27727.9,0.0057,66.1808
2be8ef0e6d06b3733e5b9fe109a347aae088670564b4c950515986abbc730a39,27725.12,0.0057,66.1865
08daab238c54b45d987a2536d944a955ea1d7c72cb4dfe0748d2e3667975ae92,27715.72,0.0057,66.1923
09bb37725cb4e761064748fa68f1b070363fbc6b3e28fa0184a082e3b6111aab,27714.8,0.0057,66.198
786cb560d6b16c6eaae48e3dda2527cafa1e2227e8c24801a2871bb91284d243,27714.39,0.0057,66.2037
96d17f05cb0e3915a7d82193716bf4680453c529cbfe7d91ac227a4525ab8a99,27712.17,0.0057,66.2095
92575481baa5178948a3873d2fcde7131d6d5071c22b1b59420b6013a8d4c8af,27711.72,0.0057,66.2152
3d48c535d39e37fec30d2bb2476ad44b144844f946a2094a23694638ef3dc502,27711.49,0.0057,66.2209
3146a84443c52cf364c559e8b2734d153169a46dfb26fe377cb7e262989febf6,27708.21,0.0057,66.2267
1892849318457183a60c1f0f50fd37f2c336cabc372c07c09278547433527bf6,27708.21,0.0057,66.2324
783bb850fadeddb59eeb59cf6f8af5ff0a9ddfad2d8d660f5147e8739fc835c1,27708.21,0.0057,66.2382
b3e38a672372594839632669999f16fe85d59382b90e6f6da82c4b36b9f270ef,27708.21,0.0057,66.2439
c8cbd3cf23cb48915041f2cf6ea8daa6e1284fd3f0c2832c8222bd0a921cd3ae,27707.2,0.0057,66.2496
32e1b2d8fd50cdd10592acc6f3c93499cb99fe5f149a0f3a74a585786c9a4405,27706.48,0.0057,66.2554
3764a86c3cc0f632a3a188e44c4c727ffb53d84f3e13b9131976ccfc57cf5d27,27696.76,0.0057,66.2611
998877679a12f7572c8a75172bfc5d4b909d333ecc2ddd4570798c19772f20ea,27695.91,0.0057,66.2668
04b1031d06ef616d459dfa9147bcc6b471c79ccc004ea308da2a942aa76d8fd5,27695.91,0.0057,66.2726
be04e5bea87a117fde459d14bd39e97479423b98c8b039c7d6da763883ed0a86,27691.53,0.0057,66.2783
75b84a5a2c1e3d7e233d7447c7fd4315060193853f01123df35a6e941f163e3e,27690.79,0.0057,66.284
fa7476e5c9ed99a697d6a86ee9d7be3e6635e221732b89366d23d88e42d9983f,27688.21,0.0057,66.2898
84c60e563934531546cdc3c8f35a5b31d67121c568f238a6f39daa3444b76196,27688.0,0.0057,66.2955
d9d04476ba7871797298e1034a1104c67a3c9546381f2c57019703aba732bab0,27685.39,0.0057,66.3012
d5cc4fa74f87618d5744464267614950b9838ab043be94f17d6f365700d45e4b,27685.39,0.0057,66.307
7c92417af4beba2b3435cc7f1d3f1b2719d51e2b404375ec9e40daca8fa1dc57,27682.68,0.0057,66.3127
bb714868202223fbedf76d38131abe54be3b78e08c7c00d6653400ce17301e97,27674.53,0.0057,66.3184
bf1cb5d8f64be68b9981d56ab3ec46e0c112bc2dcbd70aad8349d1904b0d9791,27674.28,0.0057,66.3242
a2275f16fdeaed34da8c746b74fd64d6cd3c42a2b3c1b3f1e63f367a211148cd,27651.24,0.0057,66.3299
3db492a18801754d6c365adce09300eacd1b266350e2f58c1959f5548b022348,27649.8,0.0057,66.3356
5f1b6730f4eaeef0b8f9dea69f86c0369b14ade5c8d3512c06ad05c9e60257e4,27645.96,0.0057,66.3414
c0eb0392ea3397545eb04f1dbe239d92659d0ede548bf6d076ca096db96a76ca,27645.72,0.0057,66.3471
00ba71e9ad75845810a18fda1c3e35946e0d5c2e89a019996f4fddaea2fda6b7,27640.61,0.0057,66.3528
9ab70a0ad5a45b091be0f338ddf960bc3bf4bb101bff5bd083300aebc990c614,27638.99,0.0057,66.3585
dc6130b9b9f0e9d6b524432598c0f987b0b6622ee01da8c3edf5d51ba3eb7586,27637.8,0.0057,66.3642
f1579b37c950f901356fd49213b8e8d73ad1269766027ecf886e5012829f81de,27633.05,0.0057,66.37
414f8c9e1a7283e7601721079bd728aedf65c3f4a2d48c3b489e41e3c455be72,27632.0,0.0057,66.3757
db9fb06ebae8bc3aec6d521f6f2c6f4d1b59784985149855aabb479c73e42162,27629.37,0.0057,66.3814
9b6fe1b0aa1a2173cd72462d787b167a1abb49039bc1db61872ee83a34db8072,27627.23,0.0057,66.3871
4c6cf32766fb1323c121ec171cab9ac2ca3f1ea6fd68211fb795e92393297a93,27624.39,0.0057,66.3929
45d6c5319298c475793d4b018f817e7fa83f1294868b836fbccc5163f97139d8,27609.8,0.0057,66.3986
0ea755a65e0eb1a9395b8c353a78b9f5ba3554071e8abc614d301731b607121b,27602.39,0.0057,66.4043
9582d99abcadd5d28e9d618655a165a08dfe65cb5f41bc31a7b25f8b1697779e,27596.23,0.0057,66.41
886976aeff99c160cb71f0548507f933efc9641fa732ad026680f88411275440,27587.91,0.0057,66.4157
4bf9ece0d300e8b3cd94ad86827239ff485d7692c42cf1fb9e76f50904cb0880,27587.91,0.0057,66.4214
8e475c8ae4a2439acf55c8d75a940fc40d8f1dfdb90f285d12815c356dd1ac59,27587.9,0.0057,66.4271
a9048a618c9d7d55efd37dadbe3d7fd125e141fc5ece8f2d9a0251d4a19f7942,27578.68,0.0057,66.4329
cd89baff515989abda66781d630cb2f1282e2fdfdbf6dc9441d3011af47a2939,27577.35,0.0057,66.4386
1a46c9a9d2181448e0eb8f0c65a0e7ae34d2796006102f6e64cb0dab342b2664,27575.63,0.0057,66.4443
1901ccba7651a898d436532c3b670acb62200220cb2be39d139adda3a520b6a0,27573.39,0.0057,66.45
5e53940c9050cc7a9978a7385a293ba32f795682e0eef1932b01b49d29b54f3d,27567.8,0.0057,66.4557
96828cfa8e7771f23b386849d89c37513dfa5f7f1a3388253d8145f424e3a2f4,27566.92,0.0057,66.4614
24a7594f67f6bdf5d00d7a29a7b60419187adff077987d126d4785910c3485cc,27564.16,0.0057,66.4671
b2f122edad5cdd28e1ce930f0b883c95572cb3d223fe75eba99aff35336e2bcd,27561.07,0.0057,66.4728
d8daac7b2b1a36afc2bbb511be452a2b8ddf9edf0cd74d5660ecce4ab40f936a,27560.5,0.0057,66.4785
32b24f3717a5fc0adc6a89f0e855fc1134752441bb486896234dfc6165e672fe,27559.28,0.0057,66.4842
df3691db8b46e43a5b5eb8a327ca543dc603605021e61ad4d61f6dfb4c0e03b7,27558.22,0.0057,66.4899
26e71111a866694f528c7d5a8b82c577e505131d22ddb93956798b2517e35d02,27551.79,0.0057,66.4956
13bcd4a9c612cec56e75ebc904af427a548091ef3cdc8c88b2b9e2a15b9bec2f,27550.78,0.0057,66.5013
acaad713730d59aba4e256df63ad877c873f82af5c8ba713a2438dc67c05a500,27549.33,0.0057,66.5071
489d5b6fe022e446a7fa51d529e169d8f32f3b11192414ffc8f5240928f9c5e5,27545.0,0.0057,66.5128
2ce8d1f8f33b6b50a0beaf76b55a15d53e676da75126e185017e19a4b4f341f7,27541.5,0.0057,66.5185
8dcf5624dad1a36d2cb8f1f327b6f249a2705cc993732e421e4683cb796d6807,27541.5,0.0057,66.5242
8f2a4664e9123b6e634b0e1220d674ad40838723018312f8c244d3cb16883df5,27538.52,0.0057,66.5299
1c02320f5b8273b7f71c5bca7a95a867a8943c81312dcab1777e96e2b77c2152,27535.18,0.0057,66.5356
17bcef2b83e98410c6e2a1db76a2495e23d61fc5bbfafadba60410d778758be6,27524.79,0.0057,66.5413
dd8e504773d7c7863741b158cce347aaad4fd13338d5be2d7bd41c7df6508974,27521.19,0.0057,66.547
e11485d6aef6eb4b4894efe26b4325d36df26509fc9a38e11c4e8ed85fb8ec80,27512.5,0.0057,66.5527
59cf8dbdb74491f4a999f214a2aa3aeb28ec7dc904d97a2a0996f4e5915cb0eb,27512.5,0.0057,66.5584
a0e2d1759d50c64323915081b974778fef30602b1e1576aad674f08f0fe4e303,27502.88,0.0057,66.5641
1cfc0e728d7d533b9f7d28da27175eabbc444155ef226e8bd8ecda42003967c2,27500.54,0.0057,66.5698
9760260abd77f8176ab110be68507ee50b58b3eb5c89b58b547b30f8dff120c9,27497.07,0.0057,66.5754
eebb05d26c12557054f3a8ed027d9a4dc33871188364dd9c5ea3f5ca600e4c18,27496.85,0.0057,66.5811
09e3fcfd02290ae5ee6dc1eea4b4ca30abce60c6f8f9f256d8774880c9a5a4c5,27486.04,0.0057,66.5868
044bf64408e5532e582e924550ba1bca95e5d73d33f2975ad9ac8ffd4de16a73,27485.85,0.0057,66.5925
978560b7e99bddfca2410a7f79c3be226f9932ccad7568df4a61760acd5fdb77,27485.85,0.0057,66.5982
413eba4d8b4a5f7fe60ad37769ae8dab5b2808ee97c1080a5559b6a74fa50373,27485.85,0.0057,66.6039
b44292434c42121ec62616c76c97b84e5dffb17671960457b19d832f3512f9a8,27479.56,0.0057,66.6096
ee25112dc3ef60a0a50aa53e15c4b68662d42fac4961f8ebbdbcbea570b5eea2,27479.01,0.0057,66.6153
9d2e22ebb75ec017565c82ca09eaee1aba15fc107a1d9b0f892fc755221b4177,27473.25,0.0057,66.621
c1946a8a4d076472357a8ed14d6a381c1ebf263b2d7ef6a99e80b098a00af67b,27470.63,0.0057,66.6267
375aa3e71c2bf76f83c6cadbb72172d06324b360442c7d85d79a80ee1c5c176d,27467.65,0.0057,66.6324
b8326a793fb6c1071e4ada5768125f44af96deec33a1180ebf745e5979e52a3f,27465.32,0.0057,66.638
1acecd5baf6eb5c60515c2bef56397818bb58131caf195dfa78b58855ca4dff1,27464.08,0.0057,66.6437
7049dac8ebb6f0a0ed08cd640cb9c841ae97c58963c5b62daa8d33ca68f5e5e2,27459.91,0.0057,66.6494
b0d62dc8dae530efb924f3c7670c9a5994fd95dd95fed8e7b11df4327c5cb2b2,27459.82,0.0057,66.6551
236d8b16a52dfa84312f89ba6ff2f3c3de13d8bdc4e04e6dfa69e58f71b2f288,27456.99,0.0057,66.6608
73b462959f97ac16f16145b8cc8769d9966c7282739aa760159146dc705ba77d,27453.86,0.0057,66.6665
d25a36cb2b14ef6a171c575ee56edbbbbf263a1a6bcf2b1ca0fa344840f4f97c,27449.57,0.0057,66.6722
3aebd599fb002ba61035eb84a1b0957deab3c2494db82e232ceaeca5602ba5d7,27444.01,0.0057,66.6778
15ec023353e31002175f10b772878a51f370698f59ef9a9fd60a4aad20da3bc0,27442.81,0.0057,66.6835
927c48d382a36696749d1ee8093a86006b5dff01657f6e39369e5afd90ab7c05,27438.76,0.0057,66.6892
abfdac5d4e2db50c17610e52835501161a52242e10a47d79d0fe032928daedc4,27433.56,0.0057,66.6949
13d2894b0b94aecf9781eded2d241968d4900f250f67a57953da34db51936ad0,27432.59,0.0057,66.7006
4ba2cd499caaf21017a353c215467c363eb0bc37e1cfc2ec2112be28c73b86e2,27420.97,0.0057,66.7062
f868afbc1650d1421702a951a965edc7bda62011e83d024062294f7a1a0bcaad,27417.2,0.0057,66.7119
d8459319765c06435b20874c44a2f0e89e4d4c73966c91cc88a2608200b3f42b,27416.0,0.0057,66.7176
73096c50d003a1c6fad444cadeebcee094deaef6c07f2998861a5eb1cca83f12,27406.61,0.0057,66.7233
1b66c8817518e24596402837247d914215a80c3c66831260fb51a51ac5e43609,27390.25,0.0057,66.7289
0cd2504d464252dc7b16a06c3f5efc5eeb481898dbbdfaad233092c3f1c539ab,27388.43,0.0057,66.7346
02c0fcfa6dac893b2997ab5e90844d57ff82acb8e9c0ceb2a5bca92a7cdc6067,27380.44,0.0057,66.7403
db42d6b8975790f785a767eb088a0704528ac7d96a0e13689565d4a840f68c1a,27380.4,0.0057,66.746
ab53551e2190602ccb8aea8ff343a91ad262f6a4d354f249e3fd8870461494e8,27375.82,0.0057,66.7516
804ea3055bf532b2ba772669d4ec710fc4689765e63bfc15aebb471543b7118f,27375.28,0.0057,66.7573
53192a290b6b1c3d2c22ddb3f8b0c44969a05ed3598b0181bd3ae2ab74890305,27360.0,0.0057,66.763
66eb3286592fb6e51afe30a3bba8b24ebec13c4cac245304cdabefeb3776cb03,27356.19,0.0057,66.7686
539dee26395c9be525510bc7ab660746e71f7dadbd25232aadf5482b26066576,27354.59,0.0057,66.7743
0933697287d80cb9f1d755394709e670ccfa88b946318aeaa8640442999b771f,27351.15,0.0057,66.78
cee6f6c60d44ae2f9a612ca8c3416f652405e42dca3b030676d8d75a25956a9d,27345.55,0.0057,66.7856
f7500c369fa6175939a9c1ea90b89ede41b5ec882f66a741299d7581494542d1,27328.21,0.0057,66.7913
f201f62d8885917eda28f81cc4f8b9edb61c7240b65ff586afdc4d296edd2822,27321.32,0.0057,66.7969
2e2216dffe41b19d14ee0596175da28e7a6c8a32ab334968901bc86207142b9b,27321.04,0.0057,66.8026
d8ee3b2ec0d889cadeb9a08342ebd011ac0430e6d8ceaf640765300a6103c1e1,27316.95,0.0057,66.8082
cea21c292f7cb0f5720cc92deb604854b441bcec1664969bb662e23b334a6596,27312.12,0.0057,66.8139
6671ff5a39c8e41c4f13d73dc9440246f8f1df591b77a2e8995cd777a8fcca1f,27311.89,0.0057,66.8196
048b6178b8aabc7fe2c63e8da9748b6981e91a3f2a8596e5a4d65fafcf634e2d,27294.8,0.0057,66.8252
21d1d9e9b41155547d97e8554df2aa8fa00c586d74c1e0837ccb8b374061663b,27294.8,0.0057,66.8309
3031c7c2531239f4e954cbff7ed912492b4898ee68d8709df6ee8f35b9c2fb40,27289.76,0.0057,66.8365
a5887fadeb42f476a26beb0c479942187e7b43d9357d4d69737d43dd16ffffe5,27288.0,0.0057,66.8422
fde5ce3edcd981daf1dde98c0dca15611c3eab82bb1dd4722eb3bd1b1fd9bcd9,27285.2,0.0057,66.8478
33b6dd6f7ba40921a62ee274a71f7485d41e58336f4ba1430b511a15f97318f2,27280.79,0.0056,66.8535
7cc513c5383abfa9fce0c00b0db130a76f0ae6ef85889c12156f30d9f40258ed,27280.79,0.0056,66.8591
c5d8ade3f636064dfbfaedffb84e1cd282d8614447b66391a785695fb325148d,27279.6,0.0056,66.8648
51cb01d3dd33f7e5132f61a268f1112815314abc84ea35e8851b1cb65711115e,27278.89,0.0056,66.8704
c4a5c9718d15da6c658a4e1c2367592bba7693cec99effbde71a0a3eb2863662,27272.79,0.0056,66.8761
cbf504809f9351047db3ee25017d8a7adc8fef6f08b7353779d8652de6bd44c5,27271.08,0.0056,66.8817
4a1e15bd3ff001ddd205d2b06ddf2e2712c9c83ac8c7f5cc9f4dee2afff710f3,27265.8,0.0056,66.8874
03b07ca887edb311bf70d7dc51a802539c73a404a23f3a2b08cf5e7a04128336,27265.8,0.0056,66.893
06e347e126d7c6240a55397f1fd2f932f2cc19ef0f3ff00d23c99e8dea752759,27261.59,0.0056,66.8986
6bf4d30ff7352a69f035719ac30d6803329dfc4ad75ca9d79a0cea091913e9b1,27261.27,0.0056,66.9043
025a8ec180fa8839fa209991e5e525c61a5e21073fda7f4f44ce0741db8dce71,27260.68,0.0056,66.9099
03cd258553db26adab88c29fe06b329a1df798202f905e221dae84044f9e7609,27255.49,0.0056,66.9156
86f846ca5bdb12c0755cdc16ff93b975c4f5e97a3ee90106748f1704c468033f,27253.52,0.0056,66.9212
ff46909199e0d91c76988a79511e3be09978619b673793ae742edbf0fd5b2c59,27253.28,0.0056,66.9269
a9223cd4c6e002e4a9d0bfaa77913ceeb3938f4fe1bc3641e94a08dd58aeb1b5,27249.44,0.0056,66.9325
62da5956da04fdedd0ff08a3f8c812793ef4219cd0405d44bf5412f3264fecf0,27245.95,0.0056,66.9382
6e199a9a7fd80221ea864aab1c8007c49b728fe6ec68548f5cb6b4955aa9ccb3,27241.09,0.0056,66.9438
596ac042531948389ed1c173b483cf82ac6a413e74b1968aaee1e4604c4dbd25,27240.01,0.0056,66.9494
0a456038711245dd4072fafcbe63b6a34258d7ebc87753839ce17e42d512dfe7,27230.18,0.0056,66.9551
c3b436dc925930fddbf5c3272f1b1ff8abacb4fb826e190c2591518eb066338c,27227.18,0.0056,66.9607
22adda6acfbd213bfde9e38e781d2516291c3bf4ad3c472cf4d30966513e991b,27221.09,0.0056,66.9663
e84848e817829b5cf64c515abfc985a8720f24bd058b30105dedac46ef9b8899,27220.32,0.0056,66.972
35d7fe226b23481e0e22d8ede0bf014e84fa73e6f550533ca61bb2d04ace8552,27199.0,0.0056,66.9776
77ca61938a968f6f5f7bb0dc49c8b5204757f6981e02f6de4f2c50f19441c2ed,27198.67,0.0056,66.9832
a686d1f560a364bf5f8d892501b5aada9fdadd14bb070a91a47b064152feeb9e,27196.49,0.0056,66.9889
1ffaf0a253194fe3c8e4ee1a1d109c906c1fcf5f6ad8ce44ec69b9cc37899a0e,27181.4,0.0056,66.9945
a4fd26c3dfa1cb95eeb2fb9ecd717d47c1097ffe1ba5f9517c04945596929af4,27169.4,0.0056,67.0001
2262d492c5ecb5bd773642a99c2ca7a8c49b2050738f3b18036ccb9aa1106353,27155.88,0.0056,67.0058
7d21a5a4d373ea1899dba03b3dd953272f3fd42dd0d26f76f954aa0bf6684d6f,27155.19,0.0056,67.0114
648305ed5764cdecf625031f4cb659e836d673933e0eb9a1623d784ee1023f20,27149.19,0.0056,67.017
4603b3cd33829335985a4ac79392d147b001f3bb534b50905caf52087a106d21,27148.38,0.0056,67.0226
2361bb37825eaf369aeb70617cf4e1595fb5c79200a18b93c81955a4f3538a4f,27145.77,0.0056,67.0282
81237e0a46a931c54df43bdef24cc35c1aa9d130cbb8adf8f739c38c1b29b452,27145.09,0.0056,67.0339
df0bf2fc4285035c7f9b0d9602d8f8cf6c8090d5052ed4d7d9d69fef82a73cd2,27142.11,0.0056,67.0395
c938a847bb0f4a9c0fe4984141d61269a103a83b3edaab6706fe41055b3c9d21,27139.55,0.0056,67.0451
8b21d64a62a0f0424b59df7f04d1075806d8d65e3ada60e1cfe1982b0d36e809,27139.0,0.0056,67.0507
17354f72356d03471c7d78d82c6bde16984f09ec4ae47d07d30d6fbffa820ccd,27137.94,0.0056,67.0563
1e609c6353a3aa58790f945e54b8b1965c93abda2d6b7e0228a01eb2abb6c204,27132.66,0.0056,67.062
8003017f365ac46a0de4dac5bb2e461d72668917b2eaf0fe2b1e2ae86df0466c,27125.03,0.0056,67.0676
7abbafc037a77c5a321f412e68872b27b2dbbe96bdb00d8751a7a786e10befa4,27115.15,0.0056,67.0732
2780e4e81e6ba434ac9eeb6f2fbba4bb10e9ab5abef13662bcaede6bc5389bda,27103.56,0.0056,67.0788
de1d3bfcc04b57b3cc5109837389addff32f26e565dd88d32007261464f8b99a,27102.1,0.0056,67.0844
0cb12dc58d0a36c6982ae07f53b99cc81b037f5b41d1e1ad232ee74af240577f,27086.34,0.0056,67.09
b93c1b49743736fb737789be859edc09242fd143902fdb1b8268b967c0d979fa,27083.87,0.0056,67.0956
4e8e66ea5be860a4f75b13453d70dfb2b31e811e0178a8993cd1fd5457dfdbca,27064.41,0.0056,67.1012
163a21d386dd585e9ddf597754e1c911563684b1045ed00d768ebe06a260e264,27051.0,0.0056,67.1068
e0520dce9187caaa5c03104c9a48ad6759b9bfded857d9a42b0601a5b44cf4a7,27047.19,0.0056,67.1124
daa32eafde4b01291ed32a23b7402b951b7bdc7351514ef77eab0b79edd7dd8c,27042.52,0.0056,67.118
4f297e10eb0058a8d19c443222afb1846d8fdbf287c9b433a7ed11a94a677b0f,27040.22,0.0056,67.1236
6383583fd2097eb4a682ef9f2041e3b826d273a01f2baa88e69befd3f9977e89,27037.7,0.0056,67.1292
8c297d59e0982eb83eb13e27350bc1c870acfac5230acd88e1442f862f1cdb7d,27037.53,0.0056,67.1348
821d6ceae6621e0d6e06470ed947e260a1fb116aeea3c5acd63a07eb36d36da1,27035.5,0.0056,67.1404
9c3fcbc23d3b4dc35dc5c43d18d235709bb17f372d1ba9c2485d62b56a34b29b,27033.2,0.0056,67.146
d4b945f152d9d0bb5ef145afa0e72d209882be1d56d4341d0a3d22ff4e6fd923,27026.2,0.0056,67.1516
0bbce3fad396a0ccb4795b186cfd3e75bc97892d7e8ecd3fa350d62c987517f4,27018.0,0.0056,67.1572
4ad13973586f84a5674cd9799f9de31d55db97d216927fe842375253b49ca843,27014.44,0.0056,67.1628
17c8f99ab239ca344f59624bb723d61355db5a57f39ec325d1963824609f73c0,27011.92,0.0056,67.1684
9edca6813e645bf2118a42c5c0130a5ccf04631f66b5be329a0f89627573f3ba,27007.04,0.0056,67.174
83e0417744e01de62b95e74e73bd75f257c76818047b01370dea2081424f5352,27003.01,0.0056,67.1796
a17057df867697a3b69851d202e49c2eea16d9d2174e15735ab7a809df20094a,27001.8,0.0056,67.1852
b79fb61d1bb4cf56c17ba6a45b27d660135c90ed53a7357677fdc2a195ce850d,26998.87,0.0056,67.1908
39d90df44ffa40eef039f62d3ebe4f48def8b88f8b98e9082303f51455400416,26994.03,0.0056,67.1964
29db0c6782dbd5000559ef4d9e953e300e2b479eed26d887ef3f92b921c06a67,26993.16,0.0056,67.202
69376a9f46719f6067fc5428b38d8fbb2f76e234c60ad914ec6bb7d3b3d94896,26980.3,0.0056,67.2076
3f2cd2e54bfee3902fc41c0fa32def53318ef7f711c42e90538408991452bd08,26979.43,0.0056,67.2131
7f9a139a3c85a7351e252f6d5fc39bc3cf6cc0234ec8976a7b35833f249d3094,26974.33,0.0056,67.2187
53252540c19026c854ff75aeaf71b714255ead397f9e663b6760c96c3a4a63ac,26971.9,0.0056,67.2243
1f115ef64550a24f7a5d4d11c4e6e2b2540be2d9e1fafcd4e8ac32ce0186df15,26967.91,0.0056,67.2299
1dc904c7420ec9a0e5d78b7218bd03c82b744f3650fd1a87239bd2581fa0b1b7,26955.08,0.0056,67.2355
96d5fe4db2b59bf32bcdeee33d5b116b3df7b18001d99358db02a7447059e3bd,26952.97,0.0056,67.2411
e49a1d2af110317c01065ca2a0b8011bbbbbe875a4ff6273c28f6216da751d3f,26931.56,0.0056,67.2466
7a99d4de44ea0f72668a650840e662a0376d7a0219babadf1359763d76f55065,26929.86,0.0056,67.2522
dbe8bb107bf484f1e1194c8a13eed48c01b688d06f40eeb17cd25a57a080ea04,26925.24,0.0056,67.2578
84aa3ef304c946a49101e3d2f49af102c0c2f34c700c37cc5e0907a7989e9268,26924.87,0.0056,67.2634
308e5ec4c899b56e63e73687145e7261b45deaf550d2546a04b505ffd46a45f9,26924.25,0.0056,67.2689
53970866dbd8ac52e9cbb7e309b0d5c4f1caa60e183543bff0514008b44c8f90,26922.3,0.0056,67.2745
bda55087e80555c9f77a59a606ed9e8e1248f29b369008e685614662918f8a03,26919.19,0.0056,67.2801
291595a0b8ba979bde3a8e6e2df8ec9dd9518f93422912cfe911a53493c7c04d,26919.19,0.0056,67.2857
246f7e22790b156f7bc7e02ac9c83fe26c6f055d345adbab5997a690d0e53a96,26917.83,0.0056,67.2912
77d580c2120ac855b6403ec89821bf2d1b2a6edfeea2324206fbff5fd45c3a07,26917.52,0.0056,67.2968
705d6e2cad4971d44625057010ee127f95ed2302b39403ecffda09f5566f3699,26915.03,0.0056,67.3024
ed20fcab446bde5f78cdb04fbde239debc71e2ca666633ca659e9f70a72ede2e,26909.19,0.0056,67.308
e999b857bad3352fc7b1174e04298636a574c151dd86d5fa7b762e10c9ea9582,26904.67,0.0056,67.3135
8dd1ef312d92d97f20b759469d5fe0237e952d16c8848b4160f5ea1ff518a135,26894.37,0.0056,67.3191
0a4fe56918f0b8a9514fbe9d7007d839c51c581e7d9baa0278010ffb6642890c,26892.86,0.0056,67.3247
afe4db1a37b62e1d0b40d69cbb24b46dc5bef51df33507668483388f6831248f,26890.21,0.0056,67.3302
b81109bf12d91433a05e9a65ae525c04a6f6606f6c8465eaa619fb174770a0fb,26857.0,0.0056,67.3358
6a76b15a4d43392e69df3ab422300d09a413d254ac60a0e45b86e63b8f9293bf,26837.36,0.0056,67.3414
91b005063b5efe12f3b5d05954ab3722ea5d9333d279beedbbfff5fc11439fa7,26837.36,0.0056,67.3469
7e2d9ecd4bd8c83d3b155cf81b38bae7418d83a27dfeab91d09b09e7d466a714,26835.72,0.0056,67.3525
735d05fd2602e3b4ea077804ce96e4c49be0d45c45e8e4446bf9314ec9677876,26834.06,0.0056,67.358
bcaba0b43f45dedc1aed9970a0d580043a6839ac6f345397a2dde0db9bfe9639,26828.28,0.0056,67.3636
7991dc207fcb4b06f63fafb2bf63cad5ee4ac9099e7595e730e14f9f74f09f9d,26824.71,0.0056,67.3691
e99a6c867589c3a54f33454347e53d8439d4cd8d12b59abb6230caebdbca5e22,26824.71,0.0056,67.3747
3a084b49b3a816afec72889640fa1fa41c252dfe7f8bb9d9d30a4eb73f5f1f36,26824.71,0.0056,67.3802
64d49058e869656aa5c7bb3ccf7aa879cec8883958219dcbe827137c7eb32a35,26824.71,0.0056,67.3858
64b06fb1b50ebd07acacd18f549f1110b41685adfc664268b547a0e225be83ad,26824.71,0.0056,67.3914
70a0944b62c32be99c4e830176da435901713d9c78cee9a592dc5feb61cb2c31,26821.89,0.0056,67.3969
bb2a7f954b57ec6cd9014da4abb3b66dd9253a881147af279076d024d1f43dba,26821.86,0.0056,67.4025
21f1476a20ccc6c4e10fa8730d17fbd2c33601c64d517a4cf780e4fccd6fcb0b,26821.86,0.0056,67.408
74c1eb38c0970a3377e2b720dc63b6470b7dbebc539763d0fc7af6830fba8a4b,26809.52,0.0056,67.4136
9712c6ce730c4fb4d5db4d43c021417c2ef7c9b8b32f2b03da71b11d62726d52,26809.52,0.0056,67.4191
188c369bc8b11cd3115a77baf758e619205c105e5be37839509a2a6aaaa676ec,26806.19,0.0056,67.4247
5110d20c17ae2df398e674e3dc1d9805a2f20ef3ac0ce5cd1309a1657fba19a5,26803.0,0.0056,67.4302
c7a82b22a058a0e3be7cb480d60f3b51f51e2ddaa35dec2bd91f161242727997,26803.0,0.0056,67.4358
0259aa78f7b137481b4e228aef4706515e17e099afbcc3da0fc1f9b231dd9bfd,26803.0,0.0056,67.4413
8d7c97286d4e0cc5d985bb5d64d2effa001b0e95075ed078318380aa718ccfa3,26801.86,0.0056,67.4469
70a280399911150196ea289ee3153cf35ff3589928464bd9e52a490b7425f1a7,26785.48,0.0055,67.4524
027251caa767b7217435d4fa5f35dfd0104fcff87513c787c544eb9ef990332e,26780.82,0.0055,67.458
dd814370e1232416ad98e2113655a8f6930b81326abc16ae0ed765a81bd4beff,26780.25,0.0055,67.4635
3599cec3f470b387978ebd0c6275be430ddf1272fe446a5be452f17dc58be3e9,26779.64,0.0055,67.4691
4473f456f15d5d02e028fc0e39fe495b882c2250501246a9dd07366506a33d69,26770.51,0.0055,67.4746
9b06324ad72cdda182db5aa390082876ee2dbe446f738b044a0b1daceb91b1bd,26768.86,0.0055,67.4801
b6247acbcbf0eddbf48e8fb32c7c98057ea3ba064d6bed52771cc434c0083649,26756.64,0.0055,67.4857
8f2543b1c4e8fc70fea80cefe9539b1d07ad98d6dd828f72354c389bd7ae4a8c,26756.33,0.0055,67.4912
e439a815ffbfc28faf5418e68422e41417ce4e6ee169b5202523ae9443b6bd77,26752.02,0.0055,67.4968
053a6bf871d005122faa60135430172690add8ffdb00894eb74d05b3e1840075,26734.48,0.0055,67.5023
d8842c75bccb4011889ed4c8513ade230403962bb73b4f4d4cb7402ed3ea3a9e,26716.71,0.0055,67.5078
976d0f95e6b39a3900e825459116aabee94fe7fd9559945886ffbbc769cc68fd,26716.71,0.0055,67.5134
271a843bf6ac29ebc88e2478da135beb6afad828b3f9945c2a2a7eab9dc3f4fd,26716.71,0.0055,67.5189
5f93230da0c7dd66d20f077670a66d392521ea71d58a65f684063f4670c5b606,26716.71,0.0055,67.5244
59cc76de3a7d0edad144a87a118afebdf2e1cc07978dd01711c4a58b22623962,26716.71,0.0055,67.53
8ead36a2b03d1a1f6c4d17222c452ed1d695879fe818e77328f45b04ac750527,26716.71,0.0055,67.5355
aa3e969f0ecd0c82c20af173d2b0ae2c26c54eaddb50ae1e0d3200333366756f,26716.71,0.0055,67.541
c64f4a65e1696f4790034b5a377af7d5feae1fdec918194604cf3fde780a8e41,26716.71,0.0055,67.5466
a918c3231c1b8e73b09e86a2226fd47e4f930218b5734a3b55b86ab36aebc81b,26716.7,0.0055,67.5521
1a2cb6baac5bb2a434ef440fd64a514976caa2ea6bf26c11e13457dc771b8960,26707.15,0.0055,67.5576
f30b5c6ca089215150edaadd12e8648ff82648656f500ed8e00afe236df3f2f4,26696.71,0.0055,67.5632
5a5d660386b4619714d9072586b6f36bc55782c188cfd862c358864fb46557f4,26696.71,0.0055,67.5687
669441a22c23114756e34e9290e12cafe6486b716d957d91bb5a009fee02ee06,26696.71,0.0055,67.5742
02bab5170c0ef7d5ca4e87b5a179a19d6ea233c6c0b5fb7e90b35272af18f5a8,26693.86,0.0055,67.5797
74f5833eb8560616a93337864bbb6fb28b1a46a70219e60046ceed03b53f11d9,26692.2,0.0055,67.5853
bbf25c892d7af233d78f9d5668f46888e44775917039a27f56e29f8cf0eae29c,26687.6,0.0055,67.5908
74ccd19c966bfeb07bcb413cb221c9ff6ca637905dc1a3f7c1672c1990623d94,26669.3,0.0055,67.5963
08a790ec59f24a6b496ba0f7c2ecb6935d2dea304ffb4143b4c7d6cbd6dffd3d,26666.5,0.0055,67.6018
a28be8429284035a095fef7ca2dfdabb8168f75b52b93aecb9e153cdf6333b53,26664.34,0.0055,67.6074
7ce8d5a9c8a15dca6c99a712ecb7e28f62fef2337e5bf173358f2daae26ea057,26651.96,0.0055,67.6129
3c8ac47a21b1938eb5973c657b8f911310fdf32c747ac897dddf8fc82e9d13cc,26648.76,0.0055,67.6184
4c904b061e78af9fe01ac7a655e31b50c7f41af24204124219a56ff079974788,26646.75,0.0055,67.6239
34aaae43fed5b909212218bacea5a72001397ac8f43994f603d75874b008d534,26646.6,0.0055,67.6294
0e486ba69ae4bfb7cf7e88879df9bdf1f13b5cb5474eb17c0bdf70eb6b4657c2,26643.57,0.0055,67.6349
7ab8d42c00d244f8da89d7d42fb8daa4f6b71fe38c3ca9a898aac22bf990d944,26635.85,0.0055,67.6405
24b136693acd1cf38955a53b177da5d0442443f7dc87dcbd327a9c2df406771c,26632.99,0.0055,67.646
6c62572eed0a9417f9026eb123ec89179e7659c26bcc10b23a5210db14be5d6d,26630.8,0.0055,67.6515
0ac7b1eea0f62f3e1e4f2b7ee2e93de8d133b0eb97d90c1b1b3219997c8f132a,26630.34,0.0055,67.657
15a9624d3ffdeeba42c15e26071aa17d2d6911c0d449bb4763eec1bc8bd09d00,26601.54,0.0055,67.6625
31a7c237fa3f46ab7284c3cc6f982026bc7e96f1131722c501e48fd287e991cc,26601.54,0.0055,67.668
cfbfd34edabca836410bfb782547d3456b095358519a3aa2b213d99868964e0a,26601.54,0.0055,67.6735
970c08fb54ab6c6be3e4ac5d79c011fb871c213495b9959fed3fbfc527056e04,26601.54,0.0055,67.679
aadfe7d76bfd1e1293767ef7f7288b0e22432228a43b9beb9be308e512923626,26598.05,0.0055,67.6846
8ba28d14512bc53cd61b303cddc093bdc662f974142b13cd0d09f2b106f3eaea,26591.54,0.0055,67.6901
3b3b4d89c24e30789f7f68a30b66c4f1f70da9b419f5d3ab778277a90eed6443,26590.3,0.0055,67.6956
8b582d09a199575be4f3a0d822542387eab159ce301f380eec5a4d34abeecae3,26588.71,0.0055,67.7011
89f62900d095df32bf43fed42579ad0f1d8caeacfacb697cd66d6e2b668dd03a,26588.71,0.0055,67.7066
0551661608c23648207cfe43056e0226ed7e2fc5a5a6d62ab9005529dbfeb1aa,26588.71,0.0055,67.7121
1e4ab80e7dcb24178e1a0d1e1b11ecf9385f173f1c5d2b6b2fd6d29e60cfad32,26588.71,0.0055,67.7176
2477d60f6e3bf6331b382c0e43045eadbf30ab7b58993a026c95c83c83581de3,26588.71,0.0055,67.7231
426a61c1e98bd00fddc4bc2ef86b23b58d55e787a37fc717402c7df76ccac37a,26588.71,0.0055,67.7286
5e046cb8120d84c10eaa6a2d23fb5ff109d826c5c3a2ad7d1c1e3f9cba05c634,26588.71,0.0055,67.7341
bf66a5465efe275f7d4c2fb48499fa42d1a213a9896cdcdd7b375ce00e5d03f5,26588.71,0.0055,67.7396
c2d85ce47df07c556d0cde60501a48426d8564fcfec14777397ab493993706f4,26588.71,0.0055,67.7451
6cf6da629f443b598ecc7bb039dae419283b8d574f1e6958aedd1fbf8a1a867a,26588.71,0.0055,67.7506
6d617b3af4508ebf6070c127f283002b29b2d07cf718020e0e3163c233e6b54f,26588.71,0.0055,67.7561
f8ad331085d2c98397f000f3e24db02f44180aced5e0124f015d63367706d3b3,26588.71,0.0055,67.7616
95fdc618500e9409d2a5a32eff6802d8975510da92dc01fdadc21d8de8526f50,26588.71,0.0055,67.7671
986a3e4123dbb3a9640e7eee9a25829da41372d053ef3d4393c000ebe0af8aab,26581.5,0.0055,67.7726
b767b902b6b9fe6e6b0c94c206d4012aae97b296ebe9d8a54ed9af8933b94842,26569.56,0.0055,67.7781
98cb333712df737b30e4affe3bfb038c8fecbdf9fc3e8f318158ab8b413589fe,26558.64,0.0055,67.7836
9e03ea965dbeca27843090f7e98ea1d0708570b5d00fb07ed39659b5812d740d,26555.87,0.0055,67.7891
659bec18f03922a6cbd7df36d9b9a781975701007b2d9f15a0da6fc544bd8678,26544.27,0.0055,67.7946
52e1844734ac68c7f143caebbaa07d17894a83fa0cebd02955c798594bd165a0,26543.96,0.0055,67.8001
95cbc31383529c7a76cc5fac76430cf2f3a69086d71195afc2cfca41c4af1a18,26538.0,0.0055,67.8056
9f3b3208ee7d085f40ca1a6c164a56faabc0226785d0b172f892e9ff0bcc2b22,26522.96,0.0055,67.8111
3581678b6df8bb5710f6ebc893fbeb719076b94c76d5f67f56cdd53da109d76e,26521.42,0.0055,67.8166
fdfb7109754098784907a94b8128172fe52dd9c408b4ca12934384c768f11573,26517.8,0.0055,67.8221
b641ccddc9d945f1b6eeda8ffc26d09be3c1fd107e399b889ddcfd6cfb79e81a,26516.68,0.0055,67.8276
c43608df0ca0a26fcd825108814d6c65e45b9b974f36b06ff2bbd362f7bdb96c,26510.64,0.0055,67.8331
6190520156ca2be2741e385983f35dee1c3203a585a42491c835e7b5cf1c32f6,26510.44,0.0055,67.8386
f2b0ea3a6da05fd785427fa127c5f1d430f63d163025115bbba9dbe271208837,26509.66,0.0055,67.8441
eeb80c75a0300d1f8aa251a2e11bd1e1927d4e62c67e34ab331dc5df8759e58b,26509.2,0.0055,67.8496
ea2d4d88165470eb02fa242298311305f8bff73405760f7fa5972b19a00fcfc2,26509.2,0.0055,67.8551
5f096acc4fe42bd401147e8cb2b98fdfa8fb611411afce395a26b9aac8bfde35,26509.2,0.0055,67.8605
6f13d076f6878b80729cb483fd17f00594841edf4514c8a356fc808d1fd27fcc,26509.2,0.0055,67.866
7db27478b33e2d56769f6e8f60f6d4078054673980faf6ad3d0579e696969200,26503.57,0.0055,67.8715
e30bc50fa831d668bbc6ef3d4df37a61e9bf82d52fb2f7e70be3194bb34eb6a5,26492.09,0.0055,67.877
cecb1605361044c71c4ac9eba293698e7b09de59f4871c6a7a76055087fb955b,26482.92,0.0055,67.8825
d21431dfdc1489230471e939c2c33abacca0161ddf910f71ffb36b0174ff6493,26481.98,0.0055,67.888
4a05da55718b8da23d148d30ac56b06d930161c03cf4cc4a62a4af6e46081892,26481.77,0.0055,67.8935
159f9424acc7d36329eff4ebc1c40b89dd3d2d91c6f98c216bca7b82cc712012,26477.0,0.0055,67.8989
11b602962a0cfb6da69844bbb2fdc912c58b2ddc7bce17e26d2031311b0a42c1,26475.2,0.0055,67.9044
bcf70a5d17ae7f711bad579932934288bf60881f97456f134682cf1384ec45e6,26474.4,0.0055,67.9099
ad1286a3f36af8dd461be03b04c97158c6e4e161223737a8952ba610a3ed04cf,26473.54,0.0055,67.9154
bb6239b8ed4bc5215cfe74973f39905533e79ee7b8235599bc76117110d8fcc1,26473.54,0.0055,67.9209
7e29eec04c47bb09f22a6cb1e243892c7638d879e65c883033b3e1ddbc9a7bc6,26473.54,0.0055,67.9264
c848d8c250858afe426c36f6e6f987d58db4d8b1a9496a495500da7b023b46f9,26473.54,0.0055,67.9318
2f4b55eb73b95ec891912d0f76f628db21e7ba56fd204f3b81edee6facdda8c8,26473.54,0.0055,67.9373
5cd9aa7dc387951753194ee4fea451f8698bbbe1d657d05e3c99d562c0cdde37,26473.54,0.0055,67.9428
64bf2ea57b767de9437c63af39243b02b69be6e09652f2e83e26c8b84a534b8b,26473.54,0.0055,67.9483
28bad62c0c68ae9a36b6e0aee6d2da101ef2f05f41f31ff7b71325ad55da3f30,26458.8,0.0055,67.9538
4cb84a5f7676e03123b5fe1118c6f6252f45ede0bfb6df7acf51e33873919b5b,26453.8,0.0055,67.9592
be118bbf9fa9a7c2ea85fb1cb16cb920d0af2e5a36b67bddca679b1f463367f6,26438.59,0.0055,67.9647
03c52e66795c1500ca8f07be729b3f42c12e7f1b331bca5fa756fff107588a5e,26423.5,0.0055,67.9702
b6fff811e7c30afd0f95317949c2aafd10ad9a0353c9745647569c88bb177165,26421.5,0.0055,67.9757
1c9a597d82d9345dd497dc0cb4345a5133d86c5d5763ab163c1f16b97349dbf6,26411.35,0.0055,67.9811
27dc38afb858b6943d4e6b5e2b0ccbf625a42b879ad4e44b85b054e40ae65244,26401.2,0.0055,67.9866
1eec971bb3094a8fa66d04c24c1cb00a81e329ed279830bff9439bec2beb1404,26401.2,0.0055,67.9921
87a8c2f92cd0bedbb7a8c41449ea7e86d363f5caf9a32f0c89aaa2d293fe6e72,26401.2,0.0055,67.9975
df4c1c7f5589fa35f6590d7bd49b0eefcbf6c77d8e43c5ec93aec8acd2fe0607,26401.2,0.0055,68.003
12627dba6df6a04e8c3317b4318f92281c4d709d813c5f9e649f23216a481998,26401.2,0.0055,68.0085
087d18479bd08cd10807610abfa2427b54f93e48bbeff73b90b1ae5e1266a293,26401.2,0.0055,68.0139
3e7b88f65ff088469dbddc917ad81ee2cf03ce6998f1cd3741c5e6c4a58613e1,26401.2,0.0055,68.0194
2f79102d20d9c0c0ac28aa446826e5f01a20e5ae1de747f1a2b7b2d4b83a640e,26401.2,0.0055,68.0249
c3dbc514301e472fa1dc87b892a3894d3a54962b5d5c8efd36e9e217830b2282,26401.2,0.0055,68.0303
c7f9c72f3134ca0478e5e52d812fad3220e41cff419ba8df6312e37f803a9c78,26401.2,0.0055,68.0358
fe3dc35eec4129c46690194fda999695474d1dcb7f71fb3ff1b8e65e4ab42c49,26401.2,0.0055,68.0413
e9b633925958512072dc3c6a8acbb38dc13e91074dddda5b6a540e65c6740b8c,26401.2,0.0055,68.0467
1724d7333046d2818a4a1b1edf16da3e4af6ff939f16f790f3d787909db9194d,26397.38,0.0055,68.0522
293732069e4d9be82040a58b94745a74562a30c9ca415e0c57b9f295cbee5302,26391.43,0.0055,68.0577
56cb526958a9dcb1f31194d5ce602a15e591b4b9e76bbc8597e2644f46443270,26369.66,0.0055,68.0631
0f8849d01de2f9708f7c9fa97e216821db70f70f0839122a398e7e4f4bc327fc,26364.42,0.0055,68.0686
7a73c197ce4192292b5ba1767bdae8944c18768bfb9877a083289bcf2f03626b,26362.4,0.0055,68.074
fba9bfa941a544b1a65d0423f6288d5bb1d51d6742862b3901efcbe71dad4c62,26362.32,0.0055,68.0795
65450969dc167352116b8559b75b3ab7be7b963d4cbbe41ccaffa10e014f7d49,26339.48,0.0055,68.085
6c4439d29c3d2af73986ec1382231a6ded3ac0c9d5ba414fb36de7c66326fa07,26334.4,0.0055,68.0904
684cddd802c2395757a5aa61268030f06cb59e1f42a5fcfd2e5a6b3752aa1c32,26325.5,0.0055,68.0959
003e916d494775508fcb8ae69f3813a4e3628991056f5a8de4b6df66c4851c61,26321.0,0.0055,68.1013
1c00647fa72410393ec40ee939c5e976e55692b9b104ff4b918d53087a2dcc9c,26312.48,0.0054,68.1068
9732140790c8130e2702c69924f070b7118da250e1bc65245bdedb5b304a81ee,26299.25,0.0054,68.1122
fe8c209757023043ebae46ac6b27403c43cd38adcd2959a89e9a2020f3408afe,26292.83,0.0054,68.1176
012e9a6e4abeaddd0d075993827f2b5af2e4d97f5e97e37fb4498501f18641c5,26289.25,0.0054,68.1231
9f976bd5b0d1991813201f2b2d38ef33e3fff8eb3cd97b599a78ff8ccf624bc7,26285.99,0.0054,68.1285
f8feded281268ce890a531bb3e98d66c02d4c771ab3157ea37e8aa40ad80b26b,26285.53,0.0054,68.134
ec472d417fa6d4bc855a209b50e43e0cf58a843d84e8ffa3155a0ff5532f452b,26280.76,0.0054,68.1394
b4e304fbee6cfcd4c3acc56e96a1c786f7d813e76808713f8d14d3689502e376,26278.09,0.0054,68.1449
7de2cd8707f45a41462c7bd279df09c71a0430e89734917368a4fd5b7b04c85d,26273.2,0.0054,68.1503
c0fea1b272f682f8ed387e17ad24ecb211c99a31e33df16a793f5ad69b289c75,26273.2,0.0054,68.1557
d0bb783268266a8c573f7ed653cc551d01724b1011e1c5467ddcb966d87028bf,26272.8,0.0054,68.1612
5646accc3fd05513b614fd0b728e512c7d6da59e0b7109bed84d45545cb425ac,26271.15,0.0054,68.1666
58258af22a97f6f56d4578099eeb63ac42fbe4613d23bf51483ade0e688ede1d,26265.03,0.0054,68.1721
fe34c911aeb4dea66435d4aeae6a7ee3ddd8879271e4259baadc2fc5472fa30f,26258.0,0.0054,68.1775
a3ba0c15e09b206e211b47c2bbef37b7fc22319e7774251bfc4bc50c70cebedb,26255.4,0.0054,68.1829
634f7dae8ecc33f2b939b1be15ad24380aababe436f4e6566c45579d4ba4e550,26239.99,0.0054,68.1884
86a9025856fddda864acdfb975b7b0459c6354acc5e9f2321e0dc9dd5f525313,26231.6,0.0054,68.1938
53c99f4072e43311dd25a42a03822c5db0f4afc5b1e9cd9fba49cc2ffc4d36ae,26228.91,0.0054,68.1992
2a015b748783f71992b9e1d18472647a3743531e8b84887578ca11772dc1ce8f,26226.04,0.0054,68.2047
89b596e0b4d7573c32868d48d90014d491247280a7033f4361619d8264b7bc05,26212.5,0.0054,68.2101
92e2ef6642784341aa19d965b69ce4aa7fc72eed46047db1152827f73f36a722,26190.84,0.0054,68.2155
e1bae58a672b4d2a35adafb161dcb64c5a565f2f1786353db4225fb4ac3fbc91,26188.78,0.0054,68.2209
aea3d010d59636349f85bdff2f6a76f2622ebba985a642556e6f30707e58df5c,26186.0,0.0054,68.2264
68ee2cc1599a78ba28c2be3e548bf3b3a991b47dfc6c04dc43e3cc3169a40743,26182.79,0.0054,68.2318
28356e7b6b98a190a59c9ecf0569e5f78255136753ffd4dec318f405c56cd421,26156.84,0.0054,68.2372
fe7b12c480f40a544f6c2c1654ffbe2ea2f014005790cab22b7327782a5a6055,26153.0,0.0054,68.2426
193d5efd70b164ca7b0c19f8a589c5a7b2c03f76e3d6fe57a1994f27dd0f99ec,26151.82,0.0054,68.248
4b0ff0b31149285a8b36ac6b4e3fa30369104954433ba007f3edeaebd25184a3,26150.4,0.0054,68.2534
b5b9600af69db29a6459fe45f09fd8d0ae1e1f8ca27e9b5d7b969c555630020d,26146.95,0.0054,68.2589
ebbd0367022690456da07d7e062109cf5541c12054cdc11cb4ed2d781098203e,26143.4,0.0054,68.2643
854081f523227b2b9b19b5c494996a77abcd20c79c4d45ec7fae33aafd638db2,26143.0,0.0054,68.2697
29a1d84b789666a0cbbc3e70857926222e0a6239ba23fac52f3be581176e8521,26138.41,0.0054,68.2751
ac97f34291b461194b4a24bc0332352a529c69342a1a57a82d1c53b1becf6dc5,26129.24,0.0054,68.2805
b0c4160dea42f302e9d7abf7afc026c8ed7680421630ad9db28f0aab8f892236,26114.4,0.0054,68.2859
fbbb339c341ca8c45d21ff187ca82207d505a78ec15f7f1ae8809ff74db5ca28,26114.4,0.0054,68.2913
92e7ab23e0d55231373bd0019e474ee754f3983797cc5ef2b6177f1700b45c9d,26111.7,0.0054,68.2967
57f61fa642cb94666ade1de305e8e1dd566294330fc2664f0bcdf33ca231f094,26088.73,0.0054,68.3021
bae62e626d075c80d5f97a038edfdf1e6d90b63728391349ffb7c348fcd8e284,26078.4,0.0054,68.3075
08334e2cbc311c9627033515d48280843f25e6240b03522d781c499f0f41ed22,26073.68,0.0054,68.3129
a62766fedd9bda30eea9f42a785b33566422f8908d8a6e534e3fc4d846610ff6,26072.99,0.0054,68.3183
351a0491248f18c2589463464012302631222724704eda3b06d77e1b0efdb67b,26072.0,0.0054,68.3237
ec305f440c35fddb9e35ef7d58f2f5c5be7829cc41d71f623bc240251e5e38a2,26070.0,0.0054,68.3291
679f05c194b3c15c9da85c8d323369d4e2c7255075cb19b8f7e6686c4ff4f491,26064.39,0.0054,68.3345
98d57ae54f053a0491ef857e74dfc55251625ab66c9b290bc852fbc9b6c3f063,26050.0,0.0054,68.3399
c69d3e1929d4c616eb8a90ad1a889a46480502bb008131844a5aa4beb4adb6fe,26044.4,0.0054,68.3453
2ef1471de60c32cf68f1ebd38d0c251c6fef8ab68463cebbba4855266c958f96,26041.0,0.0054,68.3507
67f3d8bbf4ff21dc2eefb33c680967e6f304edbbb234481af58d377ce9743183,26028.86,0.0054,68.3561
7f93877163631bde88fac7d39dc1063819fa2b0cd9c09ad5fdddeb4a9b6d0d64,26026.01,0.0054,68.3615
138f8c9f5392f340556ff0e92ae5a640477145f52602fd71bfa96e8f2d9b04a5,26015.37,0.0054,68.3669
b3b7603b1e4ccc9e87c3ea704bfd8657051ee8d727209ef9bc76d5968f990303,26001.0,0.0054,68.3723
d5386968bd9e44c72038e9e22cee80993bc8ed4f545da2cf1c7463150b8a91f3,25993.44,0.0054,68.3776
5a71695ceeceeecca325b7aa86294113599b2595e4f05450ea511173496c661f,25992.27,0.0054,68.383
7655bee95e677317337b4ccc64260252a874a7e8328163abb115f384f7b87ee6,25988.32,0.0054,68.3884
46f4785da6ade3df7a562dab19bc122070b2fa8eb72d62f7542d6243abfb9955,25980.29,0.0054,68.3938
5aa3937bbcc859d3a05644d67fd16bc38aa825fdf600dd74694d956face395d8,25973.8,0.0054,68.3992
651e1c1a889159146e4e2e2962010b4d96cf8268d2371e2aa0b72fe7408afcd3,25971.58,0.0054,68.4045
bc7b656004da4d7f2ae8501ab1fa742a7ff8231e1cb4e5a6bf3b9281794c64d1,25967.39,0.0054,68.4099
3eb2dd13ecd6032a6111a6e196d7df84264a447d5932119fcdcedc2f2c024bca,25940.99,0.0054,68.4153
4a8165c4eef1f76addf3997228bc00346142d9546b7442f065e2135bade18fb1,25938.19,0.0054,68.4207
854dd29ab49f94ebbbfd42e14832f5300018d51a2c5ee941c6c47178ee39ae4e,25921.83,0.0054,68.426
78ec3893386a7538402d3439551b964014ce4f3e2ceeba0d48961972e91ecdef,25917.48,0.0054,68.4314
c7b4ec56a86490fe66318a528fede1a42e68c72f7c40d1914b557d790633aed7,25916.75,0.0054,68.4368
91cb1cdfeae0ba4054f5e291766598564808fd2a63337123fc4b8278f237183b,25913.93,0.0054,68.4421
13e364ce4661fe3b6f91c6cd507fcbbe7f8ddad914300aa08afa8432e822b02b,25903.23,0.0054,68.4475
01d4e8576a061c59bc4e16a4a9c17e3ec484b5212d5e034d1f718896d06e36d5,25899.0,0.0054,68.4529
e0811b57115f4090dcb7431e2d82650072ff67dab5c39299c6ec85e073e7c235,25888.8,0.0054,68.4582
9d9ceff673eaf9a700aae4e9b803f528721ab402c35663178329da2536af728a,25884.46,0.0054,68.4636
3a773efc4e53232417b1a082062592d92fe7d7b1a7fce612a458b3ca66c1b2bc,25875.85,0.0054,68.4689
fb8ab0d3275827a312612068a319f190c5d3e0b3d2cb59e656c58ef72efb3095,25875.45,0.0054,68.4743
4f15a4027f3d555fcf8f457df166384457a5988261cb561a151c163946173622,25870.98,0.0054,68.4797
3e383cbae60cd0b273eb717ccd47cff7a012c9c3d8ae0da319d9717d7a0950d2,25869.38,0.0054,68.485
a465a88d9ecdccdcd6c0d46156e83f1f645f238e1495ac382cb17e9b73284e8a,25868.5,0.0054,68.4904
1712d0a660303a342a4b0e27667e7d11c83eb673a1f853449fb9ab6e3a259883,25859.43,0.0054,68.4957
3df7034cc776c48ce2a8303fb53eabe44df7daecf524adecd7394eeb51f6b0b6,25858.94,0.0054,68.5011
c0a57369f20993d05484bccf17db5b785b6067fba43d8b250fe4afdf48380b07,25855.56,0.0054,68.5064
f3336519903bf3c2f82b29088a6bc323506019563f594a3404dfa68402fffb97,25852.4,0.0054,68.5118
3c9aed8b50230025d2b1874c323e787ba4701b5f497910a6a78acd6d05e9ef79,25849.0,0.0054,68.5171
71b98261b2b18f3a6cc076b033eef54802a7a4426d3342b1131856eb17d2aa8d,25846.0,0.0054,68.5225
991a61def87051ca2138f00e7567e2cbe06579f21968ac1574969d0c6834ead0,25840.39,0.0054,68.5278
efc7175ffc52908d4c92b3b40f6cf075064e2dbe81c7173e0bea6b3eab85c780,25833.26,0.0053,68.5332
f836a36fe7cbb0ab96032a06b3b85a7930fe546dc52e918a735b6a734b0adea0,25828.62,0.0053,68.5385
7356e2d4060812ff7a1cc12304662fed4bdb501e7ac6270c2f6d648555bee67b,25828.62,0.0053,68.5439
145302d695a7c110fdae06fdeb2705d813f2189dd33c2d65db5c30b48276a5ad,25819.92,0.0053,68.5492
4ae8deb287d761d7d61ce2ebd9586307dbe0947590de0af9c4b07b53ca55e2a1,25818.37,0.0053,68.5546
6ff1ae81dd7ee394c39fbd662a223c1540ed7187f5c0fe17fd15b176eff6dcd5,25816.4,0.0053,68.5599
8197f7c61d208add261a17e45611841a67b3966f733c088902e078d2106986c9,25816.34,0.0053,68.5653
8fa918421eac4cabe122ce1e7e9562c39d58aac8171bf9bfb270c2143c88424e,25802.6,0.0053,68.5706
aa46d9f458fe6f0b5e447ae0c773e117a1de6f3883e41fd7068753f48a4c74a9,25802.6,0.0053,68.576
01c1a71ea15dc2872f3869b1fcade535792be1f71ff7b05cb64ee0d47840932f,25795.86,0.0053,68.5813
a5686b011a636c47137c2e090153b377dc250cc3596431c8def8ffdce1ac75c6,25791.01,0.0053,68.5866
9387a778dc472dd02af373f816620df6e46a6ee5aa9e3069e5644fea5debc64d,25782.0,0.0053,68.592
eb98b9223adb4684635bb18017ede6721bd5acf041aefea49eb611ab89c489ad,25773.6,0.0053,68.5973
ffc64511ab5242b5f44f2e4aad47b6fc4476d1666282c2185fcdb9ab535a409e,25754.8,0.0053,68.6027
bc3ec43f5eacf1c842ab927f9e180c30e67ed9b599968ed48d0f6010dfd8c9bc,25744.95,0.0053,68.608
8fa82c1c64990529142d7deffb3be06d2192772d2afd632d1d26ba6699f5ec90,25739.72,0.0053,68.6133
82842155c4df5ee8632a9ac0045cd6f04cdaab3346b698ac534e4ea5117ac685,25727.75,0.0053,68.6186
c96af4efd891105982baf2ec265f14324886e608c7d3afd4482857e9594e2c81,25720.0,0.0053,68.624
7ac84ac1d9f6576180b1adea33210c23be850617237e4f485aafa49c15f90f50,25710.85,0.0053,68.6293
87e9dc06c66ebae4a3171b19d3e298a759d4c2a18a1695ee9bf2769deb8d0cb4,25710.66,0.0053,68.6346
62fab73cdb002eb98e0e957832ea2b3f35790c3db3b5c33f52e665a5a5d74c4f,25699.99,0.0053,68.6399
49a172fc685187f225d8782e3b6e7b1f18c3f26072227d35fbe300c73a2c06bf,25699.47,0.0053,68.6453
ffe0902bd9e3024b3f06b9604803ae57d0a5e8aaac20f5ba95a7056cf009082d,25698.6,0.0053,68.6506
0a9562f9db2283a656d97d92294e36f28d8eb9fa3b95346414bdecf1ccbda20c,25692.6,0.0053,68.6559
d6ca1d9dab70db6cfd310d9e13824acfbc66c69638656f311a31300ddbe098d9,25692.6,0.0053,68.6612
ca88e9aa2562263d2facadd3f354fab7e77fd2bd8230ed537cdb8d65968f8903,25670.6,0.0053,68.6665
83de917693cafb4af81d6713e8b47888e034d6c147c7bec0fe3fde2d1cb26309,25667.59,0.0053,68.6719
a366caab244a444b9d201986231349efb309447080fc13b89f89de3b55e514b8,25667.5,0.0053,68.6772
3f3f7e9799814effeb56caee7c0deb4f6c0ea41b641cb0e1adc02ad63d196edd,25663.99,0.0053,68.6825
d9805abff3f02fb677c19292b133878cf9de50eb3d5250453b73eefcff358e6c,25663.99,0.0053,68.6878
f1bc1ec6a7d6cd93607d6da7732c7a1f81849ddb8c8b610c1de3e85c509f2d9e,25661.4,0.0053,68.6931
3bb2404b6041ec6feebf56fe117a619aecb0e0be942af3972f48ea643119b966,25656.99,0.0053,68.6984
e9be795bc42686ff6b1fd6dd4083910080ff95d2aaf04573a059c8c8d3dcb5ac,25656.59,0.0053,68.7037
15bce3e5339b14e9eea1cebab59b8c74ce5ef8b4f69c12bfd6bb0ee50e14afb9,25653.2,0.0053,68.7091
8e57201791d18dd87e4981864f463839403a15d23cca9a7101a4cbb36d8736a6,25652.19,0.0053,68.7144
15deff865cebc5104f2b42745a1687b0a49f3d146d41949451c88135d5c375f3,25647.76,0.0053,68.7197
806665319e39e603fabbf8ab47e5635d93b1d97c15a1b3ea836430daefd9047c,25642.8,0.0053,68.725
a7a3b85054ea86d67175801efdf8f28b5c617007d8e0b5d970b71b61c71e38a2,25627.65,0.0053,68.7303
9a34305273d319e3baeb212846e070ef95261186bae063e2d076ff46c87924ab,25618.0,0.0053,68.7356
64aeeffb80d4ee7987db58a1f6278798511737fb12527d5e79e8a65a5f80177a,25595.32,0.0053,68.7409
faacb10b248ff6e0ac341338372d187b34118ee746f70e68fceec1dd41425c0e,25593.9,0.0053,68.7462
6ecdd12385b082143efb5d1ae4e9bf47e6c159840ac88eec775a783b54f7a138,25586.36,0.0053,68.7515
c6eb537c6dc9fbbdae79b3b38c431e1de30e340898f1b745c3c8da4b864ae512,25571.99,0.0053,68.7568
d88a849ed683a62a459b2fcf68d5415ffc0bef09674167855bc3c9c51aff7159,25570.53,0.0053,68.7621
04978757be1ec97463f69d1566719dd1e058aed47d00aaabc00ebf3ed9bdfd2b,25568.76,0.0053,68.7674
5fb3d224ed5a90edcabccb94439e55c4538c8f63e83dc9db6f727b725e3c2baa,25564.38,0.0053,68.7727
cc15344aa57500e1a6118680ab957b4dcd90887e16f64e9fca2021da26ead20d,25548.5,0.0053,68.778
94a4ca08e355c65809c6a1644d4999e6978f31fb3a7e3c26cb054d19d7fd60e6,25540.85,0.0053,68.7833
0c56b20b5878887b38282c85b6b9b9ff6187b7b908ce4dd134a44ca36787f572,25540.22,0.0053,68.7885
a064d48890a810e969c42598d3592f8b51efe79392476a4b89dc2b2116474fd1,25536.0,0.0053,68.7938
2db65c589998393d2976da0cefb1cae44e066adc20557a00c704f6f68c42b685,25523.23,0.0053,68.7991
d100ecf830a85d23f4629da5eec32fb71b049948d598fc382461243dff3ab645,25504.07,0.0053,68.8044
fd0a42c191c01f87343fefb15ba91e2428a4a3671fbbf4e73993584afb2add27,25500.0,0.0053,68.8097
8e13f64f6c554da50f75ce717e7db40cf1ffa735209aecd17e3aacc8e1e690e1,25496.08,0.0053,68.815
e1774f35ee5624f21abbd9f693b477b328e5fc1500c17e71b5b4c757cd17137d,25490.4,0.0053,68.8202
d70d2ccb2ac9e2633db8fd6831748ee766aa3f449f36a2b06d7acfb75af457bb,25489.52,0.0053,68.8255
efeb60bc37ee61c6e36ec770716ebdec27ef9d3923ac3ad2602e20bca9c812a5,25484.93,0.0053,68.8308
f6935ca33ed2583602dbb66933b399c3c0d8757dbf06082aff561beb8af34494,25483.74,0.0053,68.8361
e52044e65307d7e1d5e15b67b5f701894d870041195b69672042ef84ed832e09,25475.27,0.0053,68.8413
785a3ee7eaa7f19dcfef1d47f20cf18d95c5e2479d57a988c518206065139271,25472.0,0.0053,68.8466
9fad095d39ce625eb40d408fbfb40121583839d619f6f89e4f924d5fc3435ebd,25472.0,0.0053,68.8519
57e871f0e2d1b21485975689117b3a9b87150759c682df171c064eeb09dcf362,25472.0,0.0053,68.8572
e78fd70572dc9985066e2313af0f25cc8e6c785b7a8b5cbed7e2ac570f15c54c,25460.66,0.0053,68.8624
4217dc3a98190c57bdee54018a94ea269008c2ddeb8827ffc27a17d1736d8171,25453.52,0.0053,68.8677
9e5625b3cc274bb79e66cfd51952363feb61b97eaabfd13e0b947f6ae1cde736,25453.2,0.0053,68.873
8f6c4e1ad90be004ed8f8e090d9ea373d4912816ac73bc2333208b5bcf37c7d7,25450.6,0.0053,68.8783
ddf39cd2b11d9fc20aa94ec682001c507b0d7ec8e5abc0b65e7a7d2ea7ddc818,25445.01,0.0053,68.8835
8d9d5fcb7c73cf9d6394f88a1555d45d61e0d3652b05ae550a26f7cddd38a9ce,25427.14,0.0053,68.8888
e7eab1b452cf5b0bf778f9937bc3e007a04192a837b811a6f81de316e3d65a6a,25396.42,0.0053,68.894
ee77834b41ee2f190c7b3db10df16f31411f1fc8efa708fef2a0a68e1cfcc145,25365.8,0.0053,68.8993
00743c08c815297672b9b2a311cffa52d1dad038d474880521d854f9617028fc,25365.72,0.0053,68.9046
69d71e75a3a2bcc29e4fe726a72dac1e82710a835ef240adc1280b0d7515ddee,25363.8,0.0053,68.9098
1ba6b3c0abf35a3fe045ef67f43b5f357ef3953452f6d6dfc5af518c256ad64e,25362.0,0.0053,68.9151
af9cca5c89030f0687f0f3df3230d3574a19908db3988f71349bb73d33f00287,25350.3,0.0052,68.9203
b3761e597436232caafddc0fc2a42bcedf630bd853857334d4137a2c98852246,25347.61,0.0052,68.9256
fdf0dfca994fab70898b6128d61581f9d94f5e0da4f755fb51ab39f49f8e10c7,25346.28,0.0052,68.9308
b2aa4dc3a5eef89c4970b04c4a5a70bc2b0a1ff2bb02e118464063a4feb21b5c,25342.8,0.0052,68.9361
a90d13fb8fa374eec33155dfaa8f7644bcc95a63f42e2aaee6f629f0abc46950,25342.8,0.0052,68.9413
d96b15ff85048824eda96411f96aedd7558cdd34d9384d90ef1da4a7adc623a3,25342.8,0.0052,68.9465
281e6ab6152f791a0f1489b79c61e64ae7c1ff3552f5efc4c9c20f851e4f487a,25327.2,0.0052,68.9518
16f38c9409d1652e79f9e6bc1b17605416787f67c1a5822c984a63c21eabd743,25326.86,0.0052,68.957
8804001b6de02e70c8d3eb3dee96c2f7ed3afb68ca808aa5e5f83763241e7a49,25322.7,0.0052,68.9623
83e4254ab5f34b652d235566c5044a57c4c32fb71e4d47e42721d32cbd044d5d,25319.88,0.0052,68.9675
2604b65e3099aaf15e0aa95af7c3f374a8f00e7e78a0ab12bea0d4fec78c0592,25317.68,0.0052,68.9728
57cd3ca635f65023524e13f8496659f990ab13878be82d1997296b0cf58a609b,25316.73,0.0052,68.978
15384b6ae56b46501cbbd78c0c6cfc7dfc5c885d72815b71775e99d6b0a1434d,25315.1,0.0052,68.9833
c10cb453b56aef72ffc7af41cf66f42976cd74cf8c34988e7dcf9c9774255af6,25303.6,0.0052,68.9885
b2befacf197c8d4514cbbc8a35f0bf85e448e2b90a9e300d1b203e3f1f92d2a8,25302.37,0.0052,68.9937
3bfc5fc03c3632c876a6b3c9e6a667e1c27dcbcdf5763e917797b8bf3fc41ad8,25300.97,0.0052,68.999
9f980a2a62198e536c1c28c2cec8f216baebca19fcf69786a8eeae7e4cda9297,25294.4,0.0052,69.0042
50871172ea00fc39967a9fae2d96a3fee6e49494afbd033ac52a7cc36e969bef,25292.55,0.0052,69.0094
3fe42cbd34c728d111c4085e878d3766036a0dad3ddf32bf3ce02cf25e0c0cc8,25282.6,0.0052,69.0147
1ba5e43fef90a2121446c3f1371c5bd210943fb7f327ac802ad6f5eda758b0d1,25278.19,0.0052,69.0199
e7b7b682d1d34067e82eddaa43805a8bb3555abd9571ff224a09838e82725562,25272.0,0.0052,69.0251
336d7fd103b3c3010a9a6f8e0ed6a720efda287cda8ed1e891e43f5bd79358e6,25269.9,0.0052,69.0304
b89ce9bedc8905deabc90f77319f94e9b380eb9f26e7cf6beef5c744b4ba57b4,25255.79,0.0052,69.0356
3dd2138a47bf7dd025878029dec48293e7aa8bd12a3ae402af080a713129fcbb,25242.37,0.0052,69.0408
07390aa354181254ee73fbbfa1a0e2b16cbf6ef705c3b6929057abc22a3b11d5,25235.99,0.0052,69.0461
0aff9eebb540b20a2e4afdbb1cc9577d52002e65e622cb3016f2c968e66e8b3e,25225.21,0.0052,69.0513
0fad3170919b7e53ee1d6567a6f97d2c1025a5080bace32dc19b05558eb7b3d3,25210.59,0.0052,69.0565
dfea4b28d6bcdf381eb1cfb6222eb825829069f4b22264bd1bdd19f01de35020,25204.45,0.0052,69.0617
f5ae7e2d98ec78423c7cf0215c5f05edafa2d064d368d1db1c0166d8d76b5f73,25203.96,0.0052,69.0669
c9a35eef212b9e2591e76139e0f47b2135d838f043e4a69ad8f152816a2486ea,25200.99,0.0052,69.0722
b79398e45dd0d834359ce9168f4afadfa8675f0a6012bc222ee3fedc4447f841,25195.54,0.0052,69.0774
153adb3f766cb971119fcbe39eee0941e7a4a10907e07cb20c41e77a756da94c,25189.81,0.0052,69.0826
2d5b248a4af7bb132344c0a385fd3f9d8f0c71ded5d2282fbe5f6a4b764e306b,25178.93,0.0052,69.0878
f17cbe778893ff1cbb8570ce60c254f87965a0e2d205bab72c9ed4b64e93636d,25174.2,0.0052,69.093
69dfc928224afe74f54df60c3e660a39738e6d551e39ce05dd755a004695a045,25170.57,0.0052,69.0982
0a798d99ac66c0c02cac00a76ebc51f92518d50e1b68929895f21523a9b4b308,25156.59,0.0052,69.1034
ad0d0c9e7f22e3a190a2da8fd38be761185f10fb7a99131b62b27bd730facf01,25147.2,0.0052,69.1087
20a8a96ff8be9b894533e66149158064ad926b236614f18c4824f355fa554965,25128.6,0.0052,69.1139
cdefeba37bdf708634a4cf1aac181dc063ed723b55e9e877cc15aa411b0b61af,25124.43,0.0052,69.1191
9d984e43c53d69d36665a0ba8a82b8e1d5f73e5bdc048387dae58ae87b1ef263,25113.75,0.0052,69.1243
a04721be82c51676808605f3c575229a67cf2f96703a5aed76374139c2604e4b,25094.49,0.0052,69.1295
e9ec726d7636c07a9b0f988eb0658f024c5d48b03e690f7c1008670afab59c01,25084.66,0.0052,69.1347
fa664d1dad6691b2cc91c49175233a82d6c78c7ed0cb7a2c295edee56207eabd,25082.68,0.0052,69.1398
ace2ef7d48c9d5ce10c265be07ebef286b10ec88e740f4f3ebbc5ca5a7c03db6,25078.6,0.0052,69.145
ad311c774ffbfd8cb8489c7c20c22b10854c992b45c95594b7f0a0104dce57e7,25074.42,0.0052,69.1502
7089865c02bd20a7213264cace61cdd1c09f708bcb640f49468b60ca99d45975,25073.9,0.0052,69.1554
cbabf57a8c1da7fba20ede99c0420612d7278f893663975b73b40cd82d5c4b6b,25072.68,0.0052,69.1606
4e560088aac57e83360fce834775bbfdb86417854f9a90a996ddb6536cf4ecb1,25041.88,0.0052,69.1658
da9320199a1eba2c90bb1ad6ea7efa323047ee23665a01846c6e6e45a1d0ef62,25000.0,0.0052,69.171
99938d5a9a55190894ec72fdc9e72921a3b03738fd670b12267bb99b0b4665d1,24999.39,0.0052,69.1762
71aed83da79dd744f162c54b6c859b2023d336e9f2209d774ff8f5912cf6e757,24971.46,0.0052,69.1813
832bb742603969c1041206560d682dfb9eb08d293b5d37fe599f4144f5b03b02,24949.0,0.0052,69.1865
27ee36ae96301f4de095c7a5b97434128c09ab5b657c1a9e5426e2909e49ecc8,24935.41,0.0052,69.1917
b04fa8f5c3a45f7604e32a05c6028a0477e95af404f5b50e4ad87c31a8e8dd21,24932.1,0.0052,69.1968
12115f8aae106572c0e648d890d5d7b2846f220201404b56ad850d5685047db5,24930.68,0.0052,69.202
bf4658a7f5fac8ad8ef0b2f2ed9b4569bb123e3882e0f5f29739559181cc41a0,24872.0,0.0052,69.2071
61f2c61624966a701ef621ae91b123de93a8053b96ad9a6c4b983c7a3381d7c8,24865.99,0.0051,69.2123
ac1193f7c7749f209c8971d7bfb678bea35266af932d0abe9df1553c116ca806,24860.08,0.0051,69.2174
0ed87672b220fa3404174f7d125a19d59d0a9cfbb683361ca1c7372a56291677,24852.0,0.0051,69.2226
e3c003a0c2b1e0e0d95bfb86cb43a30009169f0784ffbed7b392a899446ad85c,24848.51,0.0051,69.2277
5da4f277930ccf370f5d67eefc09c00d80357517e259a953f731817fdba07492,24846.2,0.0051,69.2329
177c818b77a2b29cb6c5652cd3e7ded141633727f6caa8a966fb043d82df3b80,24837.67,0.0051,69.238
b350b80495d231e576889b3ccc94a093a69243643cd4043e6a191c078f42814a,24834.2,0.0051,69.2432
483029d526219f816e8e8f6a9de07b422633dba180ffc26faac22862a017519f,24830.0,0.0051,69.2483
bc2b0bb6dd9571549e33b1bca7243cefd280563745c094d578d46d74eaeb0195,24818.35,0.0051,69.2534
63a1f65630e4a518e90b70e7b331c4b53ec686cac8a58abfe9818375af1976f6,24817.95,0.0051,69.2586
47a2690776c952934f14f027b4edde773be55d46285f345c627f1d04a9b07a7c,24817.7,0.0051,69.2637
3eebafb250e4eb7e548fe2bc82cabdaacb232d2ba9da2f1cea35b7f3c626cc8d,24816.4,0.0051,69.2689
dfb70ee264cfabf2fd582051244bbe3fec905168fac2c89d4feccef08871e5db,24805.2,0.0051,69.274
dd80426ad1653932f46466f66b0153f41679314d75e3e87453ac03a8efdcde10,24805.2,0.0051,69.2791
83698406f0fa9a75c8cb982d921f95b9eb87aaa22bb5366324d8796e482d92b4,24802.2,0.0051,69.2843
372b81a95c06642e6c9f0852af9b1b2e2d693a850d04722e9faca815fa2795b1,24800.63,0.0051,69.2894
4aa7bc9c4c222fd3ba03e963da1093fca6df1268e78b84e355b2dcbbcbe1e1fa,24800.5,0.0051,69.2945
0795e9c09e9ffd17f33d09cfc8834770f6cde60057b6d09384feba6f7f9ab3bc,24791.28,0.0051,69.2997
c4ee3e56da3c5913d360e2cc5a0c9f8d29348fae4eb268bbd38367d27ff9fc2e,24789.85,0.0051,69.3048
e51edcd49a7cbc4aaa091853171752a6e3dbb8672ee9cbc9124a7619fd94f317,24785.06,0.0051,69.3099
154d72ced7915c97e73258a22c08e202e8974629b1847c87d516fa6e692672a4,24771.94,0.0051,69.3151
4ff66cc85b29abaa74afa02a0e2af969329b69479c9609b80a2bf93779b62857,24771.6,0.0051,69.3202
c6bd1fba9fe9c4a914ac73562c79118bafe3a0a024c1c061d509de7b96e0dd88,24760.51,0.0051,69.3253
387c447c4e9503163ed092be997cadddfd4c8682a7d222ef29e8b24122015662,24750.15,0.0051,69.3304
ad5b92a3319c81556cb7a13e33c7042d76dff227824e5d8a55a6aafd3af2383a,24713.0,0.0051,69.3356
51bcd6aff6b84757492ede2a0bf624cdd3d9c4b75242c32584251c02c3fc90cf,24707.4,0.0051,69.3407
0ecbb3cafa82c22fa99f4e8fdd5cc7108d57724ff5c6452b1372bd77855c2288,24704.75,0.0051,69.3458
71f2f9c6545b9820b12fab07612effae2b87bb3123b48a658383d6628c9e2eb3,24701.83,0.0051,69.3509
d5217930c0257c425b482fc254f1c21ea315ceba5fc5524a6bbebb9e37350114,24695.96,0.0051,69.356
12b61766a1c245aac5ecd1dae9aa471120d6aeafacbfe01c496bbc979748b53a,24690.66,0.0051,69.3611
9728c7235768d3ae439f496719d18f65daa833a8d11ac86b81e38378fd8f1dc7,24684.84,0.0051,69.3663
ff7c9666c659d8ef8202067ca43bf4be7a7a5e03767e93e136403f5010db2f04,24684.54,0.0051,69.3714
282eb89ece97fa09ec6a9e3df8b55e8c549c65e9b053081451843cc812a711a9,24663.89,0.0051,69.3765
c9bcc33cf76e349a3ff7e85789c34d97234c9492c6e219962649e970ff16a38f,24660.0,0.0051,69.3816
d3f4e358e23fc387b856a5dc9ecd09fccd02161f6ce0cc870c229fe1be1536b1,24655.1,0.0051,69.3867
ec21c9da2da281e24f13623b92be457848e9e06b16acdba1e27673862d9d248b,24636.15,0.0051,69.3918
5fb3c637c2d86ce0e4c26ca8d2091455529dc31b7724f733263e71300e939e5a,24626.77,0.0051,69.3969
4b882556cbca4835cb7e5dee5b9083184c2e145fd6e5016ed788261004717ff2,24622.6,0.0051,69.402
7c72819b6260bd0f97789aaf1115a498070de0d9f5da4640e9c9a01b431568be,24610.6,0.0051,69.4071
2e1654de79d0b7b44312db9ed880652fdfa370a865f5381477b1121d89845777,24606.0,0.0051,69.4122
fc0b09e1a74321cbdad14e2c1c49873058d3b6b952d95e71e5edf44e7dc5c060,24601.3,0.0051,69.4173
3ac0c8d36e1de2ba0063aaf5ba9cac220d73d0f9530600892db67d2d75263c68,24599.26,0.0051,69.4224
9d492ea338af21db04e1ceeae806ac666de215fad334b7bff1d99c014c29ca49,24594.24,0.0051,69.4275
1f5478d2d565aa5e49f8f23837025d59e10c056c474fa27880deca124e1009a6,24581.24,0.0051,69.4325
76c0a364656988503e945ba49fdfb3eeed7a9e8a5048d9bd17f2cb4c9b09daab,24576.56,0.0051,69.4376
fd5d380594f4ce4c218f527196d541e9edbe26c3098a5e99358f2f38d24b4e0a,24555.12,0.0051,69.4427
afef6492fb0b8830de8b91e6e3fca41385438470fd88865b81e782540ebf2e35,24549.5,0.0051,69.4478
3e1398a94598740a1555a6fe0ed540673cacbd347048428ca9ad837be4384bbb,24541.9,0.0051,69.4529
3b4e1d7284dab2469b6f1149942928ce45e1d5ff92b68853d5df2c50093c3769,24527.55,0.0051,69.458
1f8a71ccdcd953e9f98c9904b2793e7e0d75602e7760dc8d801b37d81a0a6193,24522.9,0.0051,69.463
43bb399366ef75c4ac3d5deafe1a5504bfe60981c8bf855b0770bed076dc2831,24519.15,0.0051,69.4681
e7a1d90c20a8dd8266dd0f50b5e2dc7f8229829c40f4d5865cb97a2ff8260c80,24510.7,0.0051,69.4732
4134618b586d5682628cb8a8837121c82267782bcb8f80eb9e2805ee35a89117,24508.4,0.0051,69.4783
3eee772ed9524c825c9b41a1daef5e40362b23084c694bd8aab0c5672418a067,24505.2,0.0051,69.4833
6bad74f1849b09b58d2ade01406a19d4b7c5d5589a8f86bb33b545c8388743d4,24497.0,0.0051,69.4884
8f3d8a4c5456ab08d27b5023e72de7d2b94a00aa7a64a5898ac56715c2ed839c,24494.2,0.0051,69.4935
a3a3a9657746f7ad3e84c9fed9a7b927349150304b8a7b465ef02d07875d8623,24464.91,0.0051,69.4986
60857ce493967f7ac2c886f4cd37fb2701190f59c55c1de59d9cfe1228ffb7f0,24447.6,0.0051,69.5036
34e1aada770691fc117fc0400e87776f813fdff8cf2bbdd9cc760111497d6b8e,24442.83,0.0051,69.5087
1f21b79b66c6cd539e47b5b78d8ea7c759763a8c853b04ea4e1602710ab255c5,24427.67,0.0051,69.5137
a7274ab9f1d925f7468a3158084dee8c192a6c7b918d4e92150a1c4b34353cee,24421.41,0.0051,69.5188
7a8732501c0aff7b65a9c96955b36ab38bab943d25449d2528abd1d50dac9080,24419.46,0.0051,69.5239
c45c6939c4105e5f176348360349d70fa36862bd97d1283a312fa9a85c4b9f8a,24417.88,0.0051,69.5289
6bc7e9d79d2c2b0b80b55bd7b6ab8993b8f175e91a5499d1c79a1255f310c194,24407.9,0.0051,69.534
e3834082fec51e1f2097987ecc8d11d4f5ce876cf2aad0e450331c163a9cab91,24394.7,0.0051,69.539
51cd80c2bcfdbbd0d5c0db85344bff897728d22a1c9127582dd0bf99cd39d7a7,24381.08,0.005,69.5441
c8b77273b8b47ba2f41e40d1a3f9b59120c56c3c04ff2de2169c5aef95f8a64c,24376.24,0.005,69.5491
c1f0412e931aef7f17d01ab1590de8ab133452aa21b87a526150b88e09adad1a,24375.32,0.005,69.5542
af8e0d483dc9daa2f3942a4c0f61471642c44c8df6d81ef69000d334a8591664,24353.18,0.005,69.5592
1abfb0a6ec4389dcac84a88b2a5feab94f812e2da469e54c162873244443b6c5,24345.76,0.005,69.5642
5b25f1c446e29c2e1f7df3f30e0d6754569f151e3a9bd9b770e5c5ef6956a556,24314.2,0.005,69.5693
5a3eaa53032b9469772ae5ac01b894dae0978c216faf4ef58df724ec06a0c047,24313.99,0.005,69.5743
854f8fd52dca5c52449f0060ade086eacbf265289b72f1d503b8e4b934ee3aa7,24309.49,0.005,69.5793
de13ab738cf9f9d9373556367e2d09c662016ebaf27732ab8504a7a17d4cbc92,24268.06,0.005,69.5844
98c2c09a5213c0c59eb9fba283b0b3598fde13fc2e6c1d9dfd92523fb1004018,24266.5,0.005,69.5894
9dbdfe4e45ef1d0561e85e369c510299d92b2aa5f3e0fd223cbda4e376643060,24260.25,0.005,69.5944
87212916aa81f50851538de14f328fb3e4fda60ff608474a334e9abbeb138e8c,24252.92,0.005,69.5994
34fd68ed0ed07c3910b643ec0d6a1d5011289c613185532e53432e2bf91accdc,24247.52,0.005,69.6045
02d3c244f1deea00a3f3ceace9c23b5d4fb6f1ab780a375af4ca031719f42f57,24227.77,0.005,69.6095
f45e340da741673bc756175662df020b93da08c600d04dedb42715ddda1f2205,24219.25,0.005,69.6145
4dbc5862706a81a57ef0e8fa5c66a7005a39f80b307941d9b4bcf822f1d05557,24208.0,0.005,69.6195
61ce56227fdd48c9a48398b25da62ead2254099910c1fdad59e6b13fbb0695e7,24204.02,0.005,69.6245
453619fa219d1e85705ebf9e9f0b3d3dfe1c020f44f3fd1f9766f2e3b8b5fc55,24196.55,0.005,69.6295
822301a09b86cb1b28d2e0806039c0c3673e513bd3adc62329242a5881e65987,24196.07,0.005,69.6345
3ba92e2ecec55c2e9551e2c21884e3b8b9c09e8e52244c1d70d448c2e7e92141,24196.0,0.005,69.6396
c6f77d09686784bf215168095636b33206297e0e2861e761a4af5a0905567b1a,24193.08,0.005,69.6446
90ec8b854deaf7b1a4e042dd5560f41bb54c0c8bea490d467827c51fe710aede,24185.0,0.005,69.6496
60cc24c64df831100537d5a6d22979837802bf5f473e0578300da356aee0a5f9,24178.0,0.005,69.6546
f059dac24d29935431fa9421cfe51c8dece45dc5f53648acd1dd2951f8361a57,24173.01,0.005,69.6596
92ab4165902054c16709c03ad87c28514cdf9584b5a1213587c4af1258e3ea26,24168.0,0.005,69.6646
4bc29eaed199f31ba9320616fb20451080c86f5c41386a2becdcd4d08a797248,24156.0,0.005,69.6696
440a1caf03f8dc52a43b358c8ca01e6916287a6173a8ee6ea2306141c766994e,24151.08,0.005,69.6746
eaa0a2df672c9c559ad37a76cc0e98f4f9dab58c1e7b57bbaf5ded190a20263c,24146.5,0.005,69.6796
43912e56fa1162050f90fb7e433a57270c64042850184612723508b6578c3eaf,24145.0,0.005,69.6846
b2fb83071f0dc6e9647f9c6c8cdf6ec3d2d0cf3d3803ec2a6edff8534e0afe77,24142.8,0.005,69.6896
20f70affda08974539f2284a1624926f196927d93e010a23a2812e0af7f585e3,24141.77,0.005,69.6946
f232cb4d7c508d1c0b561a88efbbac9d8658ed8c23a56bbac59dbc14a03ded6f,24136.51,0.005,69.6996
c8b7fed072b08e5110acda946c17956a00c7e7b1ff9fc50b20b0cef30dc0e810,24114.71,0.005,69.7046
b7b53b81696582e7cc963d3df4198296b393129b2905546a27b9d4afffca5b13,24113.9,0.005,69.7096
fd928febd4e90f39aa15d8f4f70215bbc4e20e5c40d245628c6f8e73f7b4d16a,24103.92,0.005,69.7146
111ca2ddd0372fd803deeda97ef098c7c219fd20a48e640ce6bef0148ead31bd,24100.0,0.005,69.7196
4f4b91b54a9617ef8ff8d0545f89e2bc4a6a76cee9958c991b3f34a95e3048e9,24100.0,0.005,69.7246
5b3b9752140822a170b60e05f8f3d1ebc9331843430109c72ba6f5153b5163c7,24100.0,0.005,69.7295
974fce74b5f372a64c1c30c45eae2830652a4b26cf4d38b800a3dce3f89c4fbb,24076.31,0.005,69.7345
c7d606aa4d8914c48611354094f35fc33b6c9890f0efa33ce2fd8d864376eb1a,24066.39,0.005,69.7395
1d206383314a8d02d3031b984e6b13164a1060b4f3f747340d61bcb999135778,24066.39,0.005,69.7445
11eca1f6737b556170610ab19114477938a752ca5cae023de356f0e6294d4a94,24056.52,0.005,69.7495
7a24729baf72aa73a6f9701d80f2dc74916437b3763ecb103d86bb351276734b,24054.19,0.005,69.7545
dc90a0ad66b2cf2e1afb11a277d5d4993092a6572e57b426d25d0f5f28513740,24051.07,0.005,69.7594
469aa4ec752e175fd1f1fcfa63d6be0c3daaa6720579cc97db69dd30808292ac,24038.47,0.005,69.7644
bf220c9afaff5331ea189359989f47d3e25e7ab84535c97fcc65c58a3e031a8d,24020.0,0.005,69.7694
aeea961a8b14e973604bb7e54eb36a1a1fd23e888d653c7c49f732c8fdbba8bf,24016.0,0.005,69.7744
9f805f4b1b68ef46963c3573e39d7e1664bc2ac9104f276c2314fd1a5bbac306,24012.96,0.005,69.7793
fd73adcf9d4eaa942c800b9316e282867ca7d19d806282059150f10b7f7c02c2,24009.5,0.005,69.7843
f9db5fcfa893db409d0f61857859d07bd95ebe4a5dbc5f912d38b255bc2d01f8,24003.73,0.005,69.7893
bbc422b3336b6be1b89430fac80023b852a0f1814b71a05dbd90d94fdb299a94,24002.22,0.005,69.7942
eb376544cb67b473566840fab94de253cc58f75750b55580d1e42dfd51d297f4,24001.43,0.005,69.7992
f668a4c0f9251b2f000922338fa52ad7f0b9b9a00668f3e2bb1814fde215c463,24000.64,0.005,69.8042
a1d193c5b0ab4d228c847093ada7704207f667b0758cb48a6800236214eeedb6,24000.0,0.005,69.8092
11b8d64e6f1a2ae0414ecf65d995cd91eadb2df059f3da303a6ad96e30667ccf,23998.91,0.005,69.8141
d28ba2557c133cf42a99db27b1b88d6f0ae5bdd3d3d4c95846c8a4cdb15815a0,23984.01,0.005,69.8191
9b262a2953a61926085213547bbc023c7c74c8e41885ca3ce82f440a4254d99c,23980.83,0.005,69.8241
d7f818d525ed3970dc35e1df0bdd939c7b483c92cb59f7d280f0fe3ab5f0f623,23978.1,0.005,69.829
c64bd1d7162b7563a4c113ade402241ce597db04595cb9f8800c898c47858ffb,23976.41,0.005,69.834
8c5f569786432c10260a978e118f2b2a997e293654e6c37fd355b6d38cd8deab,23969.24,0.005,69.839
9490b8f6f97ee774ab7604c5eccded91666fc02ae05c5aba1a2cbea68c557518,23945.2,0.005,69.8439
28f4a03ff073d1dc3b90b768619eae96c9ac2d4577ef4e5e7e88204a30b95ba3,23905.47,0.005,69.8489
b11b89260c2e7883bcb02ce48f72ac73c22b4e982c0654c2f351bce393e29f63,23903.69,0.0049,69.8538
d58affc9aa8a3e2f5299bfc28dd63a3647929b4f71b3d825d8816ba76630ab67,23894.32,0.0049,69.8588
f9de9aaf3f684eb95d0b8da5910c3e5ad031126c855bee7c748019a614054d55,23892.38,0.0049,69.8637
8c9eb0f3e6e1200aa144d670a389c3fee59977a101c3f32495b48adc980ab06b,23872.0,0.0049,69.8687
883be818309186d9ce59dd6f34ae746d7cfba8716fc473ce56ff408d28c503e3,23872.0,0.0049,69.8736
55866738b121b98d7a4b14a9a6f494e54a77f8c8b6249ed9bdbeb42cf242f109,23872.0,0.0049,69.8785
4bba7feb5648623c5d56214d78e7fe941ba47168c0c48954de3200d7e342036b,23872.0,0.0049,69.8835
b238d57acb60c17147a69b806359018c1b0488f873f6c03a240dc5bb66d07dba,23872.0,0.0049,69.8884
aba627fd57898747581ff90adf258dcdf68ea93c92dc8609497f905e6a7f4707,23872.0,0.0049,69.8934
2a5477b35c198c3a6566e4240f7e6d8e211f8bd307ab1c7bab554fa047aa1f52,23872.0,0.0049,69.8983
fe80fd50256439b3ebbc1a18ed15ef86122db8460601b3bdf7118a28d4874dea,23870.0,0.0049,69.9033
3cdf7046c2d544eab5c12a4b21417a52c2b270bb8cb3d005f37c77476e7ed661,23865.35,0.0049,69.9082
1387a0b555326f68ae7b50049d5330379ae0c1f9990cb270cfda78706496bd27,23855.48,0.0049,69.9131
e7984991dd2ca4092b44506d60c6ba5b14f599034862404f5a2c1a3af2cb84a3,23844.02,0.0049,69.9181
c5fe38cf4c5f3bb8def795a893765c77a2ce56b2cb9d053f63b9fbf6482c4dcd,23841.9,0.0049,69.923
fd19d8ca00491f8a2d3bb4822d13a9602d496927a4038ffd281d3621e7f54b02,23839.0,0.0049,69.9279
53a664dd9cd6fcc6ce72e55b1d70c3fedcd64e2411feb3e62a30ba787d1bab5d,23821.8,0.0049,69.9329
2396aa0550cd0af4ec90dc14f4726182db84811348c090700ae0bd84d282a7fa,23819.65,0.0049,69.9378
9428949e7153c08c141428a98307ccda6ff40534ed665215295610e6fd29cae0,23819.63,0.0049,69.9427
ecf99f286e281b34252a1064628faa393075ab8759ff26101bce0dd4a6d97105,23794.6,0.0049,69.9477
7fb8baac6d4d1ef745d06a8971faace244d17009f7b504402b11889e03807d01,23793.59,0.0049,69.9526
2b633ed2737a262cfa8352c5ead7fd5662a63baf4a9ee9fc19ea47ee85ab0d58,23789.79,0.0049,69.9575
0a535ac64697ee09bfa76bcc477a7cf5bf7ce0cda7219401ee256521fdda345f,23779.5,0.0049,69.9625
76ff4ef3cee0902616b1be5e3e4995ce8bc7af9e0c361f2b0dc2a4dfff65129f,23774.8,0.0049,69.9674
dc48648f9c4840f0e041b01dc4a107f686039a95daef6ead15dac7ef14219fdb,23762.17,0.0049,69.9723
0c8d547516d5fc0445525c84237177baea49f3150bd0c90aea4ae7e6fccc746b,23760.64,0.0049,69.9772
d31a167e4889edfc7e4d2df3cada1f4e23e1d6a611aa7fa9daaea5e48f5a8117,23758.62,0.0049,69.9821
62f8dd96a19253fee881a7407bcbd1c81b47737e3055a6747770c9a6a6ff1435,23757.19,0.0049,69.9871
513e3a5d95bce1a20350e7f5a2f7dadcf45c8e4b11e6b094d7000da35ff56fea,23756.39,0.0049,69.992
b44bd4dc64ddabc5711a33e4f77905a1d37150473080d8f94777f2b5f8caf1fc,23754.43,0.0049,69.9969
5d8a6d5ac9483c83560266164b931606e6798179b4204f2a76bcbdf90bd2046f,23750.36,0.0049,70.0018
19cdedbb35b25e41b29ed51fdd4ee9fd22d3723064f9ac1211122504148de3fa,23749.23,0.0049,70.0067
cd57ac7914a701535d68bf5e36fcde7d814a94fc9ab7d316d4ca4c8aed18b397,23742.69,0.0049,70.0116
479de61e68a1f232b16498c726ae6afb6de766da18472e8fcbc4bcc5eb153d8b,23735.54,0.0049,70.0166
23532903710ed89c10891a57b9c0512c49b4df0bcdafed1afe86c13fc3ff3772,23734.31,0.0049,70.0215
61241693448c8266e5efb0e3dfd917a5de07e05d7e87b457104349d1016135a8,23732.13,0.0049,70.0264
2844fb7800848b9690536d942d563b4b917032dd3e4f1d05fb725569c21b9d3e,23731.19,0.0049,70.0313
869ed2647582a2b8fc65aff7e5063e08a7257b7745980365e7d0da65362aed0a,23730.0,0.0049,70.0362
0d54962fe583b2d4509057eb1ad0b5cb55e79df3f90ce83374f40c0b841d483e,23725.7,0.0049,70.0411
35f753cb19e61bce88de264a762a11a16b78367e4ef4737011c56431db3c05aa,23723.64,0.0049,70.046
6cd98240e9efeedcd19877330998e67fd4e6b19d8b48cbe3459f669c95beb6d7,23722.8,0.0049,70.051
9c3b445f047299334a98e57687fe7c7997881a8b1846eb60f57c3b4c97305ce0,23719.0,0.0049,70.0559
2cfec46435ea39ade7e517d7c0bad3b9e7656fd7572a168fd6aa702d45b22d2c,23681.1,0.0049,70.0608
0de1fa183a59fc17db0b9f2498ec63c40e3907d0edd0ea846ebd44307dcff8a7,23677.75,0.0049,70.0657
7036ac7c389f9fb2242fa6fdc2e7a0fed8c3b367cdba1e7f78e353f3be040a96,23666.2,0.0049,70.0706
6e9141f804923a4a05937aac48f7966aee6c543f393bc4148a8e269aac0d4078,23653.83,0.0049,70.0755
6749ccd704f8c8bfe84093c1ac87c1d39898cd313f30f165416cd948bfaf9c28,23641.94,0.0049,70.0804
40973ae6a8aa876c08d1634408f08a8f30692082a88238177950417e67907c8b,23633.8,0.0049,70.0853
4d4e4c16c6fe130e48f24310465de9eea4f63fe58eef6aad3e412b3a018b5cda,23623.6,0.0049,70.0902
7a84548121eef9a49d915d576dc411a02524d29e1d8f8fabe9deb5f315d5c9b3,23620.93,0.0049,70.095
00e61b34302d1c1151d4f63d485d746d0a18f88068ebd5d54ae1a9ea3fb3ad9b,23606.58,0.0049,70.0999
61e2e15e12d2777201b8a184267d1a12111d7ad2ef051a8cae1aa19a46d06971,23595.49,0.0049,70.1048
2dd08af13f74b50e149754d7accc6f808f015a985c405688a2c03d56659f920a,23594.45,0.0049,70.1097
fa185a5366846e183e3462549cf047cd0cbcff3ff90615b1a0d270cf0c34eae8,23593.45,0.0049,70.1146
e020c3e4bbfd656e4c47053ed5de6f1aeb6436ef145614f35de5de368a081123,23592.79,0.0049,70.1195
efa3ef1c490f52001426a207ba391b3a6a88230fa4d6a1819c801284cb80e398,23590.81,0.0049,70.1244
92282586b13187ac9d724d9a2768e32df29041655799569a048a3661df75541b,23576.9,0.0049,70.1292
82daa349cc62a3a61f14afc3402ee564608ebd42e1811fac14786efaf5718912,23556.9,0.0049,70.1341
0f653e6500ed0860be92684d986807e541c8191188b3044b59d89345e7cc3e65,23552.1,0.0049,70.139
945cd158a8fe1bc2c9cec2b5836bb6cdb671fb443a7679843c36e521fe47eceb,23550.22,0.0049,70.1439
6a000101e7ab7988fbf64869c8cc8ba5ff09445ea1467783bb33c1889e2e3c77,23537.66,0.0049,70.1488
23b58a30e4e2a655aa0133448247dba931b98b14422f0692b817dedc8f4dcea1,23527.5,0.0049,70.1536
b2aaa31858034f9a5d701b6098d08a6cdbf81144829a4b0a3e9256da5bd3aeee,23523.6,0.0049,70.1585
893d76aaafef79525e89165c7e125c78d1556178cb4d611e13d634eff7e8a850,23495.8,0.0049,70.1634
e8fe541382cf4190296305e632391c8163ab5069e6c7bd23d538c7f649b0268b,23486.1,0.0049,70.1682
138fb5a9e2410f7f74a97dde99d3f01506e268041091c699caca68da2f1c81f2,23473.89,0.0049,70.1731
5ed3a84fdf8c4b85308d808a2b78299aa032f2d532b1172fd92ab25b26eece7c,23472.45,0.0049,70.1779
10789d4b81372c85354f7eab296e18821552c9263eeda89e8e613bc0096ac00b,23463.46,0.0049,70.1828
a253938a05a987f8e9439cd6c6557a416db96aef63c896c7d6979504eed1fa32,23455.38,0.0049,70.1877
26862bc65f3e58200162d0973492035795a01b6948e4365adac470cb39cbadfb,23439.0,0.0049,70.1925
5fb192c7fce83c842c478f01dcfa556abe56e2483df226512f37143be80e1399,23436.92,0.0049,70.1974
f47dc630419bbb41ac77fb797141a0f9718067bb9338c85f8281d5dd9d984715,23434.81,0.0049,70.2022
e596821f6e6416636eee109040b386484af54ba60d421999a043de1af1deb066,23414.84,0.0048,70.2071
9f1bb18eb8a8904ff93727f0a33f0c2c215bbd5dba3f67e7557f6df4f1820760,23411.4,0.0048,70.2119
c86e6a11047508c19efec180a836f9e50bcbfa063afafb0eefc9a61b32473618,23410.76,0.0048,70.2168
b8de957d56b9ca16d76b943fff78aa075072f2b2586058283054f45171cb880d,23406.41,0.0048,70.2216
8eb4a0adf787b38f4905c34fd7b542a31bd7fbe19bc74e45754ed00a5bc94815,23397.32,0.0048,70.2265
06e3e8b6a1396ddcbda1a7f0eacc03bc9d1f46a7270ec67057cd60ea6e75e992,23393.4,0.0048,70.2313
12c1add75f60375b4eb47ba69437b722d4e3cfddb31e4e91fae7b7454d90e1b2,23387.64,0.0048,70.2361
dc19fd521b0a6aa704b0fb4b4e82c22ab07f474d2c786f2b5b93186c8a7bcd4f,23385.63,0.0048,70.241
8fdafcec2393f45450b8b2669c4f24969ae67c3016bfa00a35765e95e167f806,23367.49,0.0048,70.2458
e55621589d259903e6faa39b31f7b17f6cf5cb6e118f80beccecdaf0d9c1b567,23352.19,0.0048,70.2507
0ef35622a2e21ddb969de0f8840fee3365dcf32f95d9272fb664605f7db98383,23347.13,0.0048,70.2555
ad8f1e37d45c98beb354f714393358a94460ce347f49cdbdce85dd87c0fdd980,23346.04,0.0048,70.2603
ee05397c2e843f7902b3d7dd0cced8d5e056e9ad780779e0174581999fb1e530,23344.0,0.0048,70.2652
2b06ca1aa59fab623dee00acadfba9ec14f8eb090a7baa2be109f0ab569fa211,23344.0,0.0048,70.27
3b991081a54373a82537bf6c76226c6780694d56a0ab8caca42cfa4863866b8b,23341.36,0.0048,70.2748
2b53e29a041bf0892ef246a1aa0c435b4fdb8eeef869adffd182e67888dcb5fd,23337.6,0.0048,70.2797
a17c7a1b7abe9d3436ba901cab4f7812b637f11f08b05673a0c3121a644f04aa,23328.0,0.0048,70.2845
b1671e5e0be4d853be56a58a469f6d1c572209674cf4ce9980b6de3acb1b3b1c,23308.22,0.0048,70.2893
661e22bca4922052f67efc4e6b71a2ec1b8e2455bd8374f8986a39a30743a243,23300.0,0.0048,70.2942
6508b42105cb1a90712d27f8c4fcbb6c51b30bdd89cad09eabc11776036e8686,23297.5,0.0048,70.299
f91ddc094bf609934416aca5c50f2a9e9d76d49f41e839daa0a2511f473c4aeb,23287.05,0.0048,70.3038
7bed6576629b5e95fe26d6f9001d572a100dfcf4c154656c1b5cf82158abe25d,23271.69,0.0048,70.3086
c72ae222f09eb8c8b2ed2a7a75af806ded5a52b53778b2ddb375cd1d5591f44f,23270.0,0.0048,70.3134
e9f1c8b380ce2e14e28375eb7fe696545886f807f7aa5deea9ce1b9452279b7e,23269.15,0.0048,70.3183
c5c31e9f25f46c8a6e53ce34c3f502d6032e2cec22811fe61f73d56783e3e927,23264.39,0.0048,70.3231
6cf0a3a647d893c4691318f32fe4eaf64a65ca0b2e0f2de08a4054887c98dc30,23255.8,0.0048,70.3279
a257c5c6820f8145cedc6176babd49670bb04496ef5927ea8e22135fec4c49fd,23254.76,0.0048,70.3327
debdd7b5b473781d007b2ebc395f70f59832d2040588b5b509da7126655f3230,23245.03,0.0048,70.3375
9ed142a0915c2d7e1b764effbb9f2b6a5911faa760f97d09d93ca527713f6fee,23240.78,0.0048,70.3423
439b4dcbf89a1fa99f6b711b3eb97a1b6e29322032232f851e58332ff26f7a7b,23239.99,0.0048,70.3471
d033ef3f9a9af075e07898bcdb17ad9150ec8da57f58ce9d70a05e2313d2b2ea,23238.2,0.0048,70.352
3068fbdd7e4e09053a0e3dad621313a921a5cf70d3ca8554356fb5e1d94cd0b3,23228.9,0.0048,70.3568
ba9cae13cc3502eaf8234fc1c66df905f49c1ba7829c6441d9f4606b1c4a8209,23227.96,0.0048,70.3616
9c4457e2f877e4f8ca446e7e8522c91717219c315403c8b92747bae48c377348,23226.75,0.0048,70.3664
544b9e9ee39ffd16864210c28da0ce14cad572912d8da28ef73bccac2615a4be,23225.36,0.0048,70.3712
e93802d9d79bff8a65e8eac68bc1a256b4eb10664b575a9361733a3c78e1d277,23223.0,0.0048,70.376
0e47fc7479f6180e36b30b9af88a5648097153e1e1b1c16d43c62b0e85a7680c,23222.67,0.0048,70.3808
174f4301251a9b56ea5d34225b8f2d682900abcf51d2be18cbabbc29099bdcf2,23215.35,0.0048,70.3856
900dc46386412c58176b5638d2f6fe9a51105777346937a7ea82cfe1242121df,23210.71,0.0048,70.3904
6c0dc9df995e903b1dfd84132137f7557f35cb5a14a200f8288b7bde709684f6,23207.49,0.0048,70.3952
d7198f5dcbf5055fd69cfdba4190d6f72990563cf3b4a91b93e3b042f3221af6,23201.54,0.0048,70.4
807cff55114429d89a8fa0189bab2ad612be976352ed79d3bde7e4454cc75148,23193.2,0.0048,70.4048
1a6f1d5b7bcbe5440fc522b5b5d596bfe99e49334cc6d7b2c36a3b7265cd968f,23193.14,0.0048,70.4096
e18f50079034b56f8d86d0e2fcaf15a6685ef6b8771711ff7bda1f937f4b10f4,23184.8,0.0048,70.4144
ebc0da44eed886a59107137e3a2285c7e458364ad0c0847033376e8689862dfa,23183.73,0.0048,70.4192
9509c4fac5c21d41c59fff79d6ef81dc9d1bca3975708a83713a71797f49ea05,23170.4,0.0048,70.424
06662875e706d2437e09a6fd904aa0d96b32606c711c59ea003c1678f952a483,23167.08,0.0048,70.4288
fb5f8e772a4ddbc46c3bc0af9b616fff86e8a630bf122409b747f4b64f654e3b,23155.3,0.0048,70.4336
3fd554b7da29a527b466f5553fb0b06317b27d0b14c74412a48835080c9ecbda,23153.55,0.0048,70.4384
1cc20d3f2c46bc270855ac86befdfccaed088bd7dab266497361abd9bf9db1a7,23149.0,0.0048,70.4432
c31e85953eb91ad76fd521b462fefcf016f8bc55e147bfbbef4e5a42d8a28f7e,23148.77,0.0048,70.448
fcfb71bfdbc80526a1cbeab6e67c19ee868bc7b3aa1637f701fe69cb9520d45f,23148.76,0.0048,70.4528
cb2b08375cd36b4ab279dacc2c552f804ec93809c4c730734cf06c481a5af319,23147.78,0.0048,70.4576
c1a9429f13101af64560c2f0b87cb4c850f0d3dd5f891fd440437c013d2d9a3b,23144.91,0.0048,70.4624
d124c942703870c70e2d8cb5f0186f15f5abd088e5b7bd9b7c6b5a4775e87c6c,23138.98,0.0048,70.4672
29633db7f86c8ed5cfd42527a7553119235003920dcad71365a674d4a4cf2130,23130.65,0.0048,70.472
057e7d766b6afa3f61bb6994c1487c0f50b45db3b1d79cfb3123f1e1b0a81948,23130.48,0.0048,70.4768
22f6df4845de59896d98b66c098b24504798bd79705cdd3292b12fc2721ce3f4,23123.99,0.0048,70.4816
9e76649e1d6c5f2e5c1ef56304c50060b71cc076b8141470ee87bc448cf52e03,23121.24,0.0048,70.4863
f2ae0f05cd5c626ceb69bb0c9d0658f9e51a16947ec6a9ec6465be3bfa038af6,23117.91,0.0048,70.4911
9581e36261961c74b38cf50e2a5c6bd26a8355666a8867a4b6f1be33263ad7df,23114.29,0.0048,70.4959
72982843ae1837a118bd4d84659846440e13122c2b681bcfe63869fa5766e15b,23110.27,0.0048,70.5007
8e76168d1d6a3b9ac7d464bb65d89c39d2667497acfb246c5a0f748ead829234,23104.53,0.0048,70.5055
2fe70852836ae87be1a09a627b707011ac5ae688f9ea57d5de3a2a1173a4c36c,23102.8,0.0048,70.5103
73b4580af446889656b50599e739c16c2bc9975b61f5e28079f7b70977d25abe,23096.35,0.0048,70.5151
4bfd7beb72d3202b46a659b9a4f0d4a200774d4915c29e8f2f41386d168d0648,23093.9,0.0048,70.5198
6f56cf264ec60ff7f42298fd35d3a64eaaca02e0c2d212c06a65a9304082d52b,23092.66,0.0048,70.5246
e67d1fb1f4fd3aecf1e0659cfbadaaf77dbcd4aebf8fb3363de32a397f4da598,23087.32,0.0048,70.5294
c19d69821ce142e6697169f15b609296e1dab8f87bc254df52cf2abea6114099,23085.8,0.0048,70.5342
68b0a697181aafb24621f4a065ec2b2cfa2009d197300fd69134c18ee5af0bfa,23084.8,0.0048,70.539
c50be1697f3f83fae5ce635458a93a2f5229ddbfdeb4fee755a2b64b7d43d69a,23080.02,0.0048,70.5437
f59a20923f91f97a3602f3b52ee7fb827515e5c2df194cb6d24e894613e7cd39,23078.2,0.0048,70.5485
d4eb796d632792e995b3eb5086ba16929d9ff2ebbd35d7c5a38fff9e072cbe4c,23074.9,0.0048,70.5533
cd0879a695e121b556d5997d0056d8ef5967097efdb4fd56cc501dcda6def646,23070.51,0.0048,70.5581
292118ad2bb6b40fb863e4ee5cb0970eee4ab5dd201627c1f11480c011175a15,23067.97,0.0048,70.5629
20ed83e51e4fdd7ad19461d761187cda103e40983227cff09e723f0eb40eaf82,23066.99,0.0048,70.5676
59430de2e53c4d86fd6fdd61239f1e81607df9c9f2fc259eefa9c335e59934a9,23066.59,0.0048,70.5724
9840415c9f55b7828f64a008003782ddc7bd5853b84e7f30fcbe783a8592b5ed,23055.88,0.0048,70.5772
4348ed6680c69f74108d3fc3c47661f35a899631939c950345649e3ef744de4c,23047.12,0.0048,70.582
c8bc6f03af72ec9806124467ee75693296fb955132a0e43094a30a08074c8c08,23043.73,0.0048,70.5867
b77374edb1299645e51a7f6a6615759261fb1e48aca797d8a5c10d26903f31a5,23031.16,0.0048,70.5915
a1a8b1d71eb0d68748c6ff71c0860f623276bc9ebed0007da073cf62500fb017,23022.34,0.0048,70.5963
bb5d48d114f49e15d5a881ea997bad4d30cc8dcb2c6f2972118ee603a36e58b4,23012.25,0.0048,70.601
f516f8d9742d397dcb6ac7a565729852e795b9fdd0a32a4fec7b4af5d9805f91,23008.25,0.0048,70.6058
8ef6189977da3d704751e2e8d4cbffe66838c18311bd5ec74dad64631ef19ced,23008.2,0.0048,70.6106
a13bc6efbdf7b4e0d3dbae49a847a9a57c7210977107596f1d3e0e4da3ec58c5,23007.47,0.0048,70.6153
f40b8a6ea2cffbba46b47facb9c2c05351a1d51559f1a2ecfc0b52f93517d03d,22997.8,0.0048,70.6201
12df22c804f90ff524e5843391bf90f3e57733884b421282875730ebc393c594,22989.91,0.0048,70.6248
d739ebcf188122430943f914750d7f860d790b35f3520ff006f62a651e5d9105,22984.49,0.0048,70.6296
8f40ea5f278188670bbc20122a495b9c82f098138e613ffda4c1229c6ae1ebf1,22982.8,0.0048,70.6344
c124255ed99c8eb5320178b2794ec7bb2979821f361113bc3549b6f0b26a25a9,22981.16,0.0048,70.6391
25174650a9ae0c83e070b1537c091cbfe4ec010ce2bde29c19f0112e10b5828d,22980.39,0.0048,70.6439
6ba62694079519dffb7604cc230519b84bc3023116e16a3724c1c1fc9166c93e,22979.34,0.0048,70.6486
ea9e5c1e8044ede1e041816c38a1414c0434a2196a5bb4686951e29299dc0b7d,22972.81,0.0048,70.6534
ca953234a8b14221abfab0fd20ecbc79979042318f8402c3fbece26ec27754ab,22966.71,0.0048,70.6582
76752a6b9e7cb83eb67cab9e3298203c7fefa2e4eed06aaa2ea206c8a5bae855,22964.66,0.0048,70.6629
8b178755286e5cd0277ab1d4fb3ed123533d0421ad812ba5766d6d5b08445977,22955.4,0.0048,70.6677
a8e8332f088577a10af0fafde78be7fca3dc8bcbf52239a27557a7c7c0b410de,22952.35,0.0048,70.6724
2e9bc4a1ef838f564d659c60bd72447de2db211bb05b2e01e84d6209d9b8d6c0,22951.37,0.0048,70.6772
6846b389dcd326297f4c46735da17dcd349ffe49ae668d4ebcedeedfc7fff04f,22946.88,0.0048,70.6819
b79a2eeb798ff6bcf9316a15f291dc36c916a0a06c75b3a050cecdbe8c179e4d,22943.8,0.0048,70.6867
8595f9e3f5f0a6e7df8fa2248d2373f6642fe66a0dc74301e486913a83c2e5c6,22939.15,0.0048,70.6914
697244da3098be9ef7c78b4fefd42259fbfe83c8054ecd5b3e39b3a9e966fee8,22932.0,0.0047,70.6962
5657987946a06162eef8c61476e61c465cc291578d9e2ec69d6422d2d4aeac5a,22930.8,0.0047,70.7009
2fea68fe99bf29e4c5762735e600db27feccff2934587eb5a3fc34dbd5a4048f,22928.74,0.0047,70.7057
31713bc2ae423634da36d37b2dba45208a485f7bc5dd385def8dcf6637baf19d,22924.22,0.0047,70.7104
38529306891e05428b4174343501a0f06dbf69108eea5a2501f4493ba17be9f8,22915.8,0.0047,70.7152
9189064aef97be7832a07a25fda3e076b1181e48688fd949136d3be7d587cc09,22897.87,0.0047,70.7199
f0016ebc4d34b23737ea35a9f86530e672e3e76ea417217d9386132c1b18f937,22889.32,0.0047,70.7246
5e25e85790c4c75d0235d8c83937927d7d42918169a720618dbfdb9aa2ca877d,22886.2,0.0047,70.7294
bf5c3a8be26114cd3bae65a9e189a6871c7549f0dbb6e6a4f313fd48fcc6f1da,22877.2,0.0047,70.7341
4981b95d7e1e5607bd6f6d90124d82135b83e212b67f7c8d1f102d8f23319b57,22874.4,0.0047,70.7389
feec7b8449b3eaa1f91d2a79c6e0f560122f42a62b50db0da32ca6683a54a3ab,22864.35,0.0047,70.7436
e799c8ae9a671fde547d0348bc1b94644a5088cb5114188df324f3696d1915dd,22863.25,0.0047,70.7483
0f8ec58684cf9e672f8fca76946c7c886d4cddbf103a114c595b6f6716c1b724,22851.1,0.0047,70.7531
e43cb422c67b4c7bef4fa7684ab18d2a888dfeb065b7e1adc585946cba17ab3e,22845.86,0.0047,70.7578
e148742beb6305fd19a71d4d7be905d12a82aaaa4d52ababcfcc72e24316b7f0,22842.92,0.0047,70.7625
53bd9f6e6b2918e574db6f085fd4cd8026b13688423879dec8bf109a6f9dce86,22839.6,0.0047,70.7672
71f9f4eefbf2d8f7dbe5d368a5a9cc9abdb54fb310ef67821832128c7e8ddd47,22837.0,0.0047,70.772
81dc183ce21a4b5b2efa2af3080758f3decf8af736588d23d7399ec35905e077,22830.93,0.0047,70.7767
ba65eeca9a1d4bad05e0c6498bd61a3a09b44f9a183eab450bdd5525c9dd0242,22829.6,0.0047,70.7814
8fba283765ff163aaa1296ea1b5c5cdbd608669081665d905acc71d16e8a7717,22829.4,0.0047,70.7862
d6c6d86046d31b94209292eb7590cf55c26e503299ed11c350397d2f954e5499,22818.63,0.0047,70.7909
37e5c4253a6e9ecd7655fb7d35140637d9f467d412b090ad98859b199b521574,22818.27,0.0047,70.7956
e24670cb8ee7485276bee319cc9b1a8f43e26277c26efeec503f0dfdf3722b74,22807.94,0.0047,70.8003
a2d20e5eba7a5c583626743fc4dec0200fcb44d96b4d108a1e2d176b9bb2750c,22803.07,0.0047,70.8051
26bf6af19c007335de51138afcc10d3940dc918d5f8d48e692089154e98d5ef3,22801.96,0.0047,70.8098
d5a46ea2ab708421bda83f144556c129deac2a59b3c25358ad73336f2469b4fa,22795.45,0.0047,70.8145
424b1895b733059ff024214196486c1415fc0f7f61abf0a98b3e793ea9e9e082,22788.0,0.0047,70.8192
30df33eda8480ede21729af2fdf9c15cf270f8e423a45c26188ea57e92036bc5,22788.0,0.0047,70.8239
7754b5d8b4228b4db92fd4b2ceeccc32cea2ee06b801bec543027f3052bd3db1,22788.0,0.0047,70.8287
7dc758ec496b652d1e5300cfb72390b2b08aac85c13de19608f7f27496f07a1d,22785.8,0.0047,70.8334
8d98397f28244b90ce3d481d624341894a66381dc7982ba0d08a550f4cc1bb1a,22764.19,0.0047,70.8381
d77a3ec9be84d7833236f104da22aed29a91effd9c9e5ac1b44d23ed8e8554ce,22759.8,0.0047,70.8428
74af0d9b15da12cbe76feb53c77beb1de3d778e3224f46bed70b043c13e839e1,22755.24,0.0047,70.8475
c90cce42ad98228cc1bbcb3dd40d5e8dda3235395bd1e5d2c426699cc73f8baa,22746.67,0.0047,70.8522
964830f23e8ff5aa2133f074a1a38a3f5dd99c332dd1b8839c44b287b114af1a,22745.2,0.0047,70.8569
85765383fba003be2e768d5cc56f92f02f1ef1a9bd18d6a97efd1bc93ec40df0,22739.38,0.0047,70.8616
05503f470d676c1e372fd096a651ebc11445122344ade726fdf110b94601658a,22737.68,0.0047,70.8663
6726fccc974d50c88e8df0aa84a195857d39db9fc532585aa022277f9151bff7,22721.88,0.0047,70.8711
0fe8e2eb86ba433c8e5bfdd7913c1034e256f37c1d18deec42ed3ad3ba29a82b,22720.0,0.0047,70.8758
b189a4734dce6e1bcb4a79255e333690bda1d027bf4e8248d278cc6922beecf5,22720.0,0.0047,70.8805
aa92633fa2e95f8fa6f306cf59b736ecab8228a8347dfd971e0a820ead5c849e,22708.39,0.0047,70.8852
07a177d433242be26bbe808c9fcb76749401a755d53ae026e7ee81940deaa2f5,22699.8,0.0047,70.8899
7f31202daee5756e7300b110d996a6667dbe10d32cf86c98fc3d04c48f0d180b,22699.8,0.0047,70.8946
39528743c91a96556d46a928057cf289d911e3a296925047e9dc4b6585f1c426,22699.8,0.0047,70.8993
7f959c82106c27c10aad4b41e043a58cbbedaf08705a2011c4af1c78848b12dd,22682.44,0.0047,70.904
f46e30b188b1a48b644a7d47ecbdbebab3b55acd829c3e030b7cd554f405af72,22677.89,0.0047,70.9087
6aa526c7efca328f0b98a580dc824a00e044f3f0dd1dfa9ae0dac1bdb08ef066,22676.87,0.0047,70.9134
19a0e3bcf4a16f601bbbd172d4d7787512921727e393223874d46bfea4a69e9b,22674.75,0.0047,70.918
b9bcf857d449df7bf3b7f64f5029ece99f6655d72a139ece860c4cdc5f7befd9,22674.4,0.0047,70.9227
1f19beb0293f3c087a2b435566b3c4f0b8101fc3f3aa46b87809dadf1855d352,22668.18,0.0047,70.9274
d4a7b9323d4425850a40c3e5ac4abcac5795e914b77639728afe4290ab1f935f,22653.8,0.0047,70.9321
bb9a873a08b7634c05eb61e6cce516f6e4df266aa90ade8cdcc7662a9044c6c2,22653.14,0.0047,70.9368
486cd2d75997bbe297bf70fe4fd6a4ac2955d590a1a4c29db6a2687a658d6b42,22651.19,0.0047,70.9415
4a9588f6be0b1cd056f1e3391dee4e541abd128ae2094608a8cfc372a219bfcb,22650.6,0.0047,70.9462
e0bb79a2a95c0d11b72fa0c9d8b4ecd8c09213d67c5f63481931387e87482b25,22649.69,0.0047,70.9509
8edb5f8c5c5193ddcf3a3300b5ab92191f9fba2e392f43909eabee95312b28b7,22643.69,0.0047,70.9556
ca1aab571b6b7e86cbee4509807e9d339bcefeede0a58ed3f83e81d99a2b904b,22637.3,0.0047,70.9603
bc54af9a2d8d19d71992b98850e0d6326bf65a0d2941a65302cec51a4ccc5344,22634.88,0.0047,70.965
9f0210126ec7a61fb7fa719a0ab243c190995f73e6fb1c2fb0201d59f7ef3fb5,22632.5,0.0047,70.9696
12e3f5ee7d912ca8a44e24a2a43da9bfedfed4064c50b7b01f44cd171de780f9,22632.48,0.0047,70.9743
4bf08ddfeb61bc0ddaf5d03e1cf3da6c032b51ba2a7d18c6a2500d472bc6bc68,22628.68,0.0047,70.979
0c56d01e8a93161ba92b8a515d5572097080ccbb2853afada31f032e2511e0e9,22625.83,0.0047,70.9837
3ba34bf5797099481c12e5947f5c6458cc63296b63548d647b0e7fc8d8428408,22621.11,0.0047,70.9884
e753d5adecce3589ea3b8a5bb5d0c70630509174f190f908b8fb10f908fc2538,22618.23,0.0047,70.9931
fc1c1450d09d30338de5b442699d17a69dda8c25867ee2915e18739f549c6a35,22616.92,0.0047,70.9978
79643c765d1b6df9a377702f7eaeae3b4c7d4feeb4f9c6ecc2d4818fbaddca56,22616.27,0.0047,71.0024
92f502dc208f36a482eef2f94d6a160877f7e74d645b7012c56a68bb0e9f87de,22610.0,0.0047,71.0071
824ea88035ad1e9e8e948d246a6bfc4e18219cb16034c7dcc579821cf1ba3b47,22597.63,0.0047,71.0118
51b6a1220afb9b9b59a5a6404be71b2c937ccb8dba834c4c4dcf0ebfdcf73a42,22597.39,0.0047,71.0165
fd28eb9189a9141752601a9376e0d23df44855a1ad5066e88e3e07bf681f23a8,22590.54,0.0047,71.0212
41a5428c86ccec5348a4a2711dac4e46690ac484c828ed83d78fcfccb591b8ea,22588.09,0.0047,71.0258
5c863345e555e95c1a58c429f6a8b111a17157c22f041df8d569ade2641fe900,22585.12,0.0047,71.0305
e71ebbd688d8719f8dc658da874bad7aa646e5f2222620e3e6e6e058a664fae5,22581.2,0.0047,71.0352
c9e721e23e91eecf92bd144bb5096a59a01dec2ddc776986d9ac812c8368e079,22576.88,0.0047,71.0399
3a56d1c2959bf220df4de44292d30f1884ee7f1afe34d6331451b1bc5d0a753c,22569.08,0.0047,71.0445
aea27bedeeea441ddf1c94a18ce2ab5d28ae05bc73461c0d195054391648f1e4,22557.9,0.0047,71.0492
ada798ed57cbc792904c42f438b2ea8700490465cd30b8ab575db4af8e1d7441,22542.0,0.0047,71.0539
92f13763b6609a7ad31d0716420dab71e7d47ca6cc0e342497a015f57ac14921,22522.67,0.0047,71.0585
8ae80fa0493786ec77f8dfb7ea525399a55443c6c35d4068100537a9627f0e28,22515.2,0.0047,71.0632
c82c5b330164d9846348773f712648f497ac67f7d213588fda4d1fb63be65ba6,22512.47,0.0047,71.0679
a38b59aeff975c638b972a715d2b57aeaed3be9cab4023ff663a045234ca8a1b,22507.03,0.0047,71.0725
a8b17d98f2f88365750163e30e03468365b5b22fffce079ce0fd1565c36cf6f9,22504.48,0.0047,71.0772
8858a1ce88b69cc31eab454590b9c92357e5d5614a958b3f4535c90dceb4a2cf,22502.59,0.0047,71.0818
54e5334540469fe312335dc4f1884c4daa61dab3c88e8a241817f6def5c18b58,22476.5,0.0047,71.0865
0587fd95981ac0b2b3b3d943619e519ab25595a53e3c6a9802a46a9e016d8b46,22467.7,0.0047,71.0911
73d091d2977476e965326af4b3309451ffa325bbfadd11746422143caf75737f,22460.19,0.0047,71.0958
df589af42a5305555935588372dcdaaf43f9524c41ec95704f099e7a6a98de67,22458.48,0.0047,71.1005
488e3f38dfdb21a15dead5e2e687b937b255c191633234af897277411a925b81,22451.24,0.0046,71.1051
28eb45a37627c1184d3cb00c31e5b92495eb02fe71b0faef55e49305b4ff1f88,22444.07,0.0046,71.1097
55a5b1c46474699e7938443992de749de4fc3331ef600fb1b5bab16f38fde058,22441.05,0.0046,71.1144
4e618933a755f51db9a86726baee6c747006b1d2bc39c31956444c75654fe584,22433.96,0.0046,71.119
213fd826f21f693a73cb539d6756d7124ca2e54cc2b7148f79116990b7c1b318,22429.95,0.0046,71.1237
cafccc6be8406cef4211906675c6f9995a74579a7167393221d931e9f79e72a9,22426.9,0.0046,71.1283
06d566711c58d65759e09b2d83cb0636bcc598b301065122cedda6defa1d0601,22422.44,0.0046,71.133
6deedb57a9c97fd73d62e214654936668c615d1e14069f1b207669baf5827a63,22408.14,0.0046,71.1376
e989296a0e949d55f93626e862bd4d748bfb22961b2e404d0d142324580513aa,22406.1,0.0046,71.1423
ba8f84a81a9fcf5b87072be3153ba9d103519fe3c9560420014e67c63e12d3b2,22399.17,0.0046,71.1469
25dcece36ebd3d3c75a932af879be419196ceb3a26ebbcf1d719c839d9997702,22396.5,0.0046,71.1515
8e4dcb2a6832f03d736d80f81ee110cda9a4c2e2982ef66241392eaa792d58dd,22389.26,0.0046,71.1562
10f0eaeb81164500f3153d1975edca6e0f2eed054882ba7733f7bafa2a1ca7e7,22374.67,0.0046,71.1608
836eb3370b7a8bbe4983b2424145eaf8e1c0fd4c4d09d73332c06d3c970c9f8e,22373.05,0.0046,71.1654
1d59603f34e6198f87d17b78615bcfc7a1846f2e2d8f3be4a35e6294a4137233,22369.8,0.0046,71.1701
3d7c7d7f840bbddbc9ec32b57a283d6aa422ebd827e4477dbf737fd6374f6021,22360.6,0.0046,71.1747
330b28deacb910e48b8739e93ab4b317d6e540779b4849a2ab2bbbc278369cb4,22355.59,0.0046,71.1793
849abf478f17bf3da0e786580c88bf2967939421bdfec9f29d7f392f0614dd69,22339.76,0.0046,71.184
d029e827a0e78e0e9b6a786fb88db1b7c38ea8de47095746a62cb7d8826fc7df,22334.69,0.0046,71.1886
eb475c9346c48fc627fa15439fda7b360fdece2e3af630502cdddca110248b27,22330.31,0.0046,71.1932
3abf5749e1c14d70e2988faac4b01a96873fde637a40c82beddd583fa4dd9c23,22322.66,0.0046,71.1978
06498616a7e24730b7cf23b234945da1064798f2abc787d7abf7fb68f2191ca0,22320.88,0.0046,71.2024
5746a7776c508fd316c3719fe01ad077ae3d831bc71ce90d092c8cb25ef04fbd,22316.24,0.0046,71.2071
952e6cc106f564788e1dfca13cd9db3007c05de55e574ecc6767a1c5d3073c52,22301.6,0.0046,71.2117
f6f99402650c99f233b48f2e28110aea186f810cc1a6b8fc87883fead88c9530,22298.75,0.0046,71.2163
d19896eb807ed5de08c87e56f6f66e0fdf285e682f7ca0f0b446d07960fb8a14,22295.53,0.0046,71.2209
2efa0e6256f1aff66e824bb83548dd6815d440d2b87dda1369cd0ff729648926,22291.41,0.0046,71.2255
dd74ae3d2f0d1d3c227f8f5b88189a9e40d8daf3bc53df17856f54e762725bdb,22289.79,0.0046,71.2302
da0f0631240bd333d41356b37cf9db4837d42fbbaa8d18bbc21e9b2b8a4eafb3,22289.12,0.0046,71.2348
efdc4e73ba57a564691f0405dd12a15a137288214104597c5220a4c8416c248e,22288.65,0.0046,71.2394
fdb7c35aaecb4fcedac3b78f7574a04e50ee5cf6a83679e9e8aee1c2ddd82e4b,22284.79,0.0046,71.244
247cdf1e1530c732d62f2d7c10d5c8f0ee88865ba37e709e0e7035e06d935d29,22280.79,0.0046,71.2486
3cfc114c1a75380c54de9b71e5b03a9e83f05a5dafe48faac9be433cfb11d70f,22279.67,0.0046,71.2532
9c2177a699a299e2f68c39326c1dddcf129cb5b1753a255803b7d7ace9535012,22279.43,0.0046,71.2578
003a604424ce1e5aa892489521f3a4fce4042d65777ba34d916155ceac7e994b,22275.98,0.0046,71.2625
3d70d3cb2d064084d9e4b542a8ad75916efbf938959a2c63c720590404d4bf39,22272.82,0.0046,71.2671
2e3ff7e0d3840d63fe2355a20383d7f4b553f9599a4ec6382828da15d836668f,22270.79,0.0046,71.2717
66be4353c76c65c24339870fde68ebce773147e9f742aa75219930792ba0c782,22266.64,0.0046,71.2763
728b8d7d6d5d34cad9cbb7c3ea15f807ae57144594b1740b3c73b82314ccd1ed,22261.91,0.0046,71.2809
0132909ff77a6e11a8a59a0a35e4e117850991bc59a9b3efc61cf1e54ccd08a5,22256.2,0.0046,71.2855
bcdb3d11586e5dbf16fecd886e4335ec08edab797275ef23d7280b8abefe8bdc,22251.87,0.0046,71.2901
06e98fb8634ea5ea2043d741a3aaa3b5ae7ce9a207a5ad8646cd43771002f997,22247.02,0.0046,71.2947
e8feaeb761a8005716cf34fd331669c3b0e36b35d5ff3e9df7b89c1d17977a6c,22245.39,0.0046,71.2993
97edd9d31897ea1793f40d9000a1ee078b368ee6eee8be878a89d845118b7ea6,22237.25,0.0046,71.3039
b9c5e09434c8847fc6a1db3447af10c30d531faf21c888a0576f03ff297688f1,22229.01,0.0046,71.3085
6a5577a520147c1ea09e22a5f778c19f3d040d4193cce90b6c23478c5020e295,22223.96,0.0046,71.3131
07ef0fd036fa96655e74735148eeda7259e2c5f584de049408fcf8cce59715b6,22218.0,0.0046,71.3177
68e8855171bfc5ab1032f0b52676400c8e26416d292404cd4856ba305df9fde2,22216.39,0.0046,71.3223
91adaccb0c574a7892a4b7cc9660a6646a85ab4683cfe23e561755c93d9e6c9a,22215.32,0.0046,71.3269
bd7c78f3cb802dcbd86f88b95c2be0252fc0ba6d9f9b5dbc67cabc546602826f,22210.87,0.0046,71.3315
82a150c88dec2163e249b4f2e6ac4554a8639220f3fd0fe8260eac15e0fe23c3,22199.27,0.0046,71.3361
9af87df5124c10e1f2fef0ef676abb6ac89b903c1f5ff432bc6039b03894b8f5,22193.91,0.0046,71.3407
61e7458249a9286499742e986ed19241543f31bb323f8c434630a1927c17d550,22183.73,0.0046,71.3453
29bd4770155e5f4e5295076bc9c88410ad9a752c1fc1344b4b3770886180e7ee,22178.4,0.0046,71.3499
2914448c4ba0a38f8cfe67f59d8d91990204b4a0b02fac4ac6d473a0440625cc,22177.6,0.0046,71.3545
7abb64f6b3d4d19f1b967d33a62505de84cbf1779caa558ca4b0f5b199128a68,22176.0,0.0046,71.3591
f7fbf0b64cbb1768828e0369b07ebd1234a4e103a831ebac68f09e093b1352b9,22168.95,0.0046,71.3637
66a51c505173910a7cd6d7033a5f93488bf8879e6487181f469122778230c987,22166.99,0.0046,71.3683
647a06d0381e0cc46ceab7ac0ee9624124c840269fb6c504e7566c732da2cb11,22166.39,0.0046,71.3729
f59ab37b58ee1f39e96ab4567a2d3e2ad07cb9b3d5f43bf1a1508f9b5772a538,22164.51,0.0046,71.3775
c7928851190c2fa0c203903a116bdc9a37518cb95757912539bdffd4b3331008,22160.1,0.0046,71.3821
a385166ec9159e941480b7d9dbb76f024b4d1477f53c3a0bbdc5dba99292a243,22148.25,0.0046,71.3866
ee9660c28235a5dc97b60b1e726fbf42b5b0c34bc16f988c104d3e5380184412,22145.39,0.0046,71.3912
a1c99c2b9e06449e67b8b3b7911906769d23017a1a1389e47455b5423583b596,22139.44,0.0046,71.3958
edb3d63a27ebe39be135e098b4c94c24baf8d15be87f30fd606e54bee3a7d725,22135.29,0.0046,71.4004
c1b60140ba8caac9eb3f2dd41339de1a289e15c4c5639400869199bf3d63870a,22129.38,0.0046,71.405
2f73670f44b3bf9170f57a66bec97bca87e2cd8d130d6f7a9c965bac1758d0c8,22127.19,0.0046,71.4096
5398ada33db72d86c2f42cecdb3652d7f69154ad5d3e7c4fdc598ae71342cfef,22126.54,0.0046,71.4141
badb79731dd993cd4e51e08da9de5ff9e4610ed35af37f8f9af24dff537da66e,22126.54,0.0046,71.4187
8c371f136178faf8e6d033b1f8792e128f634eab1cf37801e2b9ed438ab2e840,22121.2,0.0046,71.4233
86806e114fafddb6642c51d71842d9c1a870a3d82458edef311881b0fdfd77bb,22116.29,0.0046,71.4279
cd087ed47d6913c346e7ace62e7f9f417cbc2a548acfd57ef705967b88ff85a9,22115.79,0.0046,71.4325
013d88182219a670ca9f08be8120a437247230aa56dd1e90e99014c26d23d467,22114.84,0.0046,71.437
f4087fde52445bb47da291365366e3bad867c7f654acb3b25e1360622300a160,22112.72,0.0046,71.4416
45e61ea50f5c5a738ef8b3e9a7b58ad2dd248d43f1bb4d20ba1b9da0da82d166,22099.9,0.0046,71.4462
0f80977f347e3e5e90b5c886f104d2814fa28a8743b5cee2e09614293e37f37e,22092.77,0.0046,71.4508
b1be8c588900d4609da9b5456dbede880a3304ee3933dfd1074c1352fb96e228,22087.76,0.0046,71.4553
3e0b1e36d9536236fe524c24d0a6848a4d88f643f3ff9f853b38574bd54b6ef1,22087.03,0.0046,71.4599
36047f0fba39b6238e48795cef5cd7060ca2d37abb5abd8ac9b4e9d8b90a351c,22085.8,0.0046,71.4645
0d68f7c544a6730c8ebd6bfc88ff2beeff21aef1e186372bede0c4b1cf0ef9d2,22078.44,0.0046,71.4691
9471b05f5020b81ef74ba0b6aa77e60f877177b8cdd5a719d44bfff50ebee729,22077.81,0.0046,71.4736
dd0fbc031245f4e12fbfc37e31ede792f512e511de423d95e7c3f2e4e726a81d,22072.8,0.0046,71.4782
31030ab2c058f6735f060c5378627bebff32ed4b779fdf200b25b59b0354e3fd,22069.0,0.0046,71.4828
44bf2f0cf4c723b3e33cbe4e1494fff847a665f88779ad058082a5477a679b9d,22064.15,0.0046,71.4873
f31059d1bec85663f5b531b97f4877fdbb6df097815e8354d2ad2c67dae6e2d7,22047.99,0.0046,71.4919
064983da02ab4c4883d37692adfc09b530f428d30bb10bc97e6ec766d0e42d37,22046.99,0.0046,71.4965
668100a05544489a533bba10fd0b8564a801b1660f1b3c821b9e1345a0c08251,22040.0,0.0046,71.501
796d89bec55be590ad88a1350d19e44e8fa872d4b2c2710410c6cd72d22fcb87,22036.27,0.0046,71.5056
05e2506f83ab5a2f077cc0337d04bf575a2e769d8421f0f3b90c7620fcf7514a,22035.79,0.0046,71.5102
ea3a74c55116a180ef8403ddf924c3b9c370772cb5908e8b5e0d397252c3eadc,22034.59,0.0046,71.5147
d08a349f39ca147d4785389493dd34270514446c788fa2d27826cfe7ea089908,22029.39,0.0046,71.5193
adc42367a33dd89e46a07444fa528fe45a5f4722ec065042535822e00f327fce,22028.99,0.0046,71.5239
101dfbb70c2f6d91c0a40e8059894db7a413421e855088ae08f189b47967b340,22027.0,0.0046,71.5284
dd7a3b669cbb2784cda5ee475add1e8915969ac8963234157b773aea76ff5137,22026.39,0.0046,71.533
d30cca9458a204c3709b730bc3fea4a25d70d44ae7762938b044ed4b24fdeaec,22022.0,0.0046,71.5375
dad28fde6095690f2f2afa9424d30fa724e517799faba6dc64ab186d4ceade20,22019.15,0.0046,71.5421
7d52ecadb15b60da047c2a310a927753f65f44cd7c4e2da286097c60ab199018,22017.99,0.0046,71.5467
6adca0779bf1f676dae84df91766f331f0df80e1cd114e1589c05393c17c547a,22017.27,0.0046,71.5512
6d65e406c02b80c502a00d7dd053a10c7c9839df10f1756e2a1e0fe1901d38ac,22008.01,0.0046,71.5558
5598c104b446efd69231f4ed5f214d426b09dabf71363b7116258692bdb5cdbf,22006.79,0.0046,71.5603
186af2479eb211284ca3839485b55cb65f27b7d826274a289c3f52db9ace46bc,22005.99,0.0046,71.5649
b12cd2e4527f5b0c3efb195e77d7df4ab4bef4be13f5317d94f5f250968b6610,22004.17,0.0046,71.5694
840d8900e9e23b1aa57108c65d2b0a3a1191afaea8f87987f0c5ee273419825d,21998.14,0.0046,71.574
8a91440d966e755c0f09f59f6a45c9a3aa16041820cbc6bf87bfc2ecd156f3fd,21996.44,0.0046,71.5786
777b4265c1783fd93bab858efa5cd0b1b4e1039456b143236c8c2193c79c16eb,21995.19,0.0046,71.5831
e0207716f4f9cf50d1bf58f2d5762ed3a699e9c373ef7cebf413337c1f3de220,21993.19,0.0046,71.5877
f3a5ccf1f215bc305984277291209eb951d180449a0c606dbe947036c453fd1e,21985.87,0.0046,71.5922
681ee3c4ceec15d748a3c2d9cba0e037ce6bcd3bdd7be5d86ca3a9b54b6f5de8,21984.39,0.0046,71.5968
80a1809915963d396d8a3933ad1773ad391f0f6c594524abdfd6978d739130b9,21974.25,0.0046,71.6013
23f22e684f9519e472a377f84c66ce7bee69bf0e93d5fe4246148f7f1e3b0aab,21974.21,0.0046,71.6059
77670158e881699cdd99fe1a82bd946047680bd069227870156d1543dbdb8ccc,21970.28,0.0045,71.6104
0696f14533ef5595806705b00ab4d9a15bc61db97cc920efde13658a2751f147,21968.92,0.0045,71.615
00e9e7aceb91b5bca13345192f357b615ebaf3dcedaa45c100a8be8f5b3d5a62,21967.67,0.0045,71.6195
ec82d7b8eaeced4a239d7db699c1a84a179812569cb0f0607743cb6c3551350e,21967.0,0.0045,71.6241
053cdec6e2df9209ac08093fb51ceef864314af54543e586397b1496f3e46933,21960.03,0.0045,71.6286
be8fd8cb2b92584dff6b6eccb3608882d35bed9d8651d1a8688479b403a70882,21956.78,0.0045,71.6332
3cb748772ca815870d280f7d82bd4ba421fae3940a31e5fcf9d4ceabc6caaed9,21956.0,0.0045,71.6377
d30cf1bc091baf0ad6915d4fffdfc5433e495d858790a3046ad1f1b5eb6bf7d4,21950.28,0.0045,71.6423
744ef73deae1d94ea166bddc3966af8c80828db914b3d6fcc61b424aeefaa8b8,21948.78,0.0045,71.6468
2b86f8e702df5c47fc16cbf13e5b0fdd2ab49911e54b134a56c827933ca13b97,21925.04,0.0045,71.6513
8b94a4a65add3811dc41a166b6685513ddb10ff4ff182cf2c302ed8a5db6a846,21921.9,0.0045,71.6559
2403d35d92928c792a2be8391283ef704e9e7652f7d23a37eb8e20ec9d2676cc,21917.99,0.0045,71.6604
6b53c6d959fcaf76b8cb383f6f08542a1acc1524dccc1ee22edb584ec10491b9,21912.98,0.0045,71.665
e2b89dd8a17d6c83c81632427ba8ca77f11fbfebf819a65ee7d3981de371424c,21910.71,0.0045,71.6695
028f77267e5ed73341f79e56892ddb10f8f455156a7768b7ee9c25b34c06bf3d,21905.8,0.0045,71.674
2905e7dd07a5650d88e5161c1f9df6b105f4e81dc90ab6eb194226316b3e53e2,21890.56,0.0045,71.6786
788b97a5a8b598e6ecd904aa36b1aa8fd282aa741ab1006fba220a9b7f4d22ea,21883.31,0.0045,71.6831
81fbf16a6c2868e68b14a882ef28e757dc1b0b2f3180f3fc10be9ce42263c3de,21877.1,0.0045,71.6876
7f52f9f328b41b50e8cd7ed05acb443b8e33e51ed5c6bd55d39f7e1acecdc736,21864.9,0.0045,71.6921
d46294a8239ca8760edf19a9c35cc992b25f2c208f74ec2cfa2268503814d54f,21864.27,0.0045,71.6967
3cef5b024a19656fd7c37db5a819dae6e6ccc861ae41b7d731b399a2328ba7e8,21857.64,0.0045,71.7012
50c2f88bbeb4132d2bf8fe2be7262ceb98f45f0b8a30dd27b598684c91261941,21857.25,0.0045,71.7057
424d142b1f1e410be4e14f4d892722550e3a01717e7df7e47d79449a49eb9a48,21850.86,0.0045,71.7103
4f2f0f29a3aaf75d8f466d7719d51e943ce75df0c1f2fa60d92be9f05409ff9f,21845.42,0.0045,71.7148
a286a50d242756d10d051790046dd9c2f9d4e73a39749ba986e87235527e21f1,21845.33,0.0045,71.7193
77fd38a4a7a0148bd6e14b4bbbf43fe3f466436d0eac5fa81affa023f667c084,21843.17,0.0045,71.7238
1faef66b225faa0a737653ffe756335791f02e4cb3811fa5be57b0f6fc67efe8,21829.79,0.0045,71.7283
dbd8468edbce6d6833ece020f5d61df51dc69469a028677796c28be23d5e1076,21829.29,0.0045,71.7329
3281733c84232ff1f97712f4ef604b23462221e41128b430f92997191eb17535,21829.19,0.0045,71.7374
528cc0fed7360c11497bed150650915d189b8e4aa731ae48952d7c8a320e6229,21826.64,0.0045,71.7419
c181bc1cc850429bb726accb6e910c1355218798b131e267d9d75934f157a85a,21825.98,0.0045,71.7464
8c00f61c0328d3b72c31da2dcdf1ae9f1e8b04a7c71a0f0a28cc2575266d546c,21823.06,0.0045,71.7509
9d9ea2ace3c104ca6e8e1f205459c0122eb5f1787ba1e20dda548540ba5de74a,21810.42,0.0045,71.7555
5765f24af422353ce5380c1c604b27f2a84fbee5d2bbf62a268bc06722ebd831,21801.2,0.0045,71.76
438cd661ed1edeecdeef3c7f26e5dd998535b71e1df08156f5aa3013fe1fd619,21797.35,0.0045,71.7645
6e700a745fb4db83af3d482a34ee982905cd02565123cf9dd7d71878dfe32790,21793.2,0.0045,71.769
d061326eeed11e6992e64bdaf63da77113f905275db9c2f6ae585e86aed54595,21791.63,0.0045,71.7735
125635fa0ec379e82a27aeadb0933a3c904db0d048a412033cf007a6ae30da02,21788.28,0.0045,71.778
c47c12cf36f6531eda48e79679d9ef74fc3175936a6f73f5ec4d87400285fe72,21784.56,0.0045,71.7825
00cb1218d70796296766a935cf9c36ca4d94500d924c2aec7f9cfda579dae6cc,21774.0,0.0045,71.787
4d183474370b5aa1bb759e84e0b5f35d6ef106b2bcf437091580dd0906f77202,21774.0,0.0045,71.7916
4cfc97e9158c9cba41e2a9c2f9bf3fe6d30135bc94b8180a7c034c981cd38559,21774.0,0.0045,71.7961
bdde5bbac6b58d202b66e15b9082bf1b3b017eb7a0c9d471c0098f39c754f5b6,21774.0,0.0045,71.8006
166d0947a799e610bb0223ba7a9231941a8cfb42e5701a5917c362acde9a20be,21772.16,0.0045,71.8051
43fe21ab144079f515acf49903ed92776018e1338aa94ee795f1c758357f50d1,21771.91,0.0045,71.8096
842fb673e3c61fa18f5c49688988cab953143b4b3f9b2750225465fac9abe01d,21766.79,0.0045,71.8141
065bf851cd78454d1776544e28563fb0dd3080d1c78cdce07cca02d15a62a462,21762.84,0.0045,71.8186
9baec3e53ee522b48f4629f25bd39df05c47e069c55c41918bd1a944311d1045,21758.7,0.0045,71.8231
16a2748467cca1f6ac33216b41be9ab38d7b07b07a9f4acbfded0310b9764f08,21757.12,0.0045,71.8276
8e8de2f5b0591c79ac98f17c216cc0e5b1bea840a5f3ed66f183fcf40e3a7fc1,21756.9,0.0045,71.8321
4e172aeca624d04f8d249479ab981a72bfc6a971c7e60b8370a6570cac8f1c2e,21755.3,0.0045,71.8366
41ad87771d17e561bcd817ac2e4d3cded3af5ab9f185f2ae833ad86e69ed1ed9,21751.03,0.0045,71.8411
bfdd6e73c307ce9ff57c21314bde71b8f6d10da35c24e4c7bfe51e420c47a941,21746.49,0.0045,71.8456
7df5062fd83fa3214d7909a672cf8f9b9afa66a132d6da2d5e604dffcb0088dd,21739.15,0.0045,71.8501
fca37d164a4a9ba41ed8be332a17e4ad19912be4b8f6827b1770f2e624fe52ec,21738.16,0.0045,71.8546
03439e2c0eea4d8f17d5685e5c551e781bfd6441d7148aee6d2f5cf1fd8c75ce,21729.54,0.0045,71.8591
a27a6f114c1c1122fc2ca535c976506d2513daa0d1552de43b4a7e62bc79d923,21728.41,0.0045,71.8636
bbac2d054e83755922a2aab343f72954e096c0601570205891fc349ed533b54a,21727.4,0.0045,71.8681
ed60aad9c35c5e5ac6cabf2743ee39b302872b45c7f1637dd59cbdb648bffb95,21722.08,0.0045,71.8726
d7c15cbe0785de55ff4757cffc9f2facb510936952012f046e44a2aa5eaed05b,21718.1,0.0045,71.8771
fc75fa16ff90e719e3d9e9845d0a14350f8b849743234ab295e4e8d1ab2af987,21714.79,0.0045,71.8816
1425126ade151be5c810b167c143eada02f7089e8c8656977ef7af625aeb9c70,21712.09,0.0045,71.8861
e85de5a0b90db327ee54ded8ee62bffe71b64e681b773507ac23ceb1e74c9119,21708.15,0.0045,71.8906
70109e1f0141e3a8d2c19d473245d787b573edb7c91974601a394e1ea64cd05c,21707.39,0.0045,71.8951
f1c3292a6748ae38f109fc7940c81cf075478325cee333b38c23b730def49b92,21702.8,0.0045,71.8996
861047441eebdb62c374c53b089cab2f8174012d171216cb0da4a1483b654d69,21699.32,0.0045,71.9041
108761a7fd05b4d0d2c707ce1604176c51c26daae7a706304a29dee2d7f09ee7,21698.54,0.0045,71.9086
eb56505189c1407a2f1d70d8bffcf0a1509deb08c9bb3e3d0ea6aa59231000e4,21696.0,0.0045,71.9131
0a03da97af3ae218e8b528f263933f175f31eae897b869276991f8499c974c65,21692.16,0.0045,71.9176
49831d6abe72ac20a3ce1dd8b4c1971b95385c18c6a341b65f2674e8fef6130a,21688.43,0.0045,71.9221
578793a5f4a6f670698d38e57e8fee4ab3785a15d807361839a56c0348912bec,21664.4,0.0045,71.9266
61e5886013593874263dae1780e39c07fb163faeaa29ef337dea722d36474171,21659.15,0.0045,71.931
7225aa9b8123aba2229d095ace2c26d11c4ea6bcc6b4a1211c6edabdbad92d95,21658.49,0.0045,71.9355
7445ac61e4f2d77c85e45b3929edbfe630de7e0ff2a4542e4bb9dfd74a72175c,21656.7,0.0045,71.94
d2a347430692cccde1f5b39351ed597c915ca0d0dc3c36c0fef7722d47332b76,21638.66,0.0045,71.9445
9301e622ac0bb5a656c8fce9804009339eca8e1749f5e5b6c1bf220fc3cd5d21,21638.55,0.0045,71.949
a8cee66e4788af8b855979155e486c988d84a42aba71e43a0fc26997ca12e737,21637.6,0.0045,71.9535
3f6907bee681813323fc9d4b17df6d6ebc46c8a3dce1ed48a1102257026e5d1e,21631.4,0.0045,71.9579
ed63da9b74a1d990891a20ee50ed8725511d8891970ce35ade827d70eb763755,21610.31,0.0045,71.9624
4d9b47d281f3861229cbfef565efb44c4ad46cf69d2e78845f441fb34d06c6a4,21610.24,0.0045,71.9669
14c3e715e4950102c0eebd02c2c877a5cca17ead7b45537cb930b8cf815d49d4,21608.8,0.0045,71.9714
01cdb8899214a13285f2fdfa0e2d1f3d8acf7b6398bedee4560fbbab189312ab,21608.8,0.0045,71.9758
11a1c8b35f3ad119f596793775c0c3be7142d6eb21a5e60e39c9e788d904b2e3,21602.8,0.0045,71.9803
13feb5c81c55275fb9eb8520bfd2117c69e6e0cac85da02a9fbd4245e39a30d1,21602.8,0.0045,71.9848
0a60564d5574ce80ef557ddd16d3174a463bd52c5da7e87efdd2bfd588f606f1,21602.8,0.0045,71.9893
476b2c5950166e8a28546404d70eb5c003142d9eccaef433409dd580cb61efbf,21602.8,0.0045,71.9937
2b6cd26afbd172d59cfa909d4fe8f7cf7566701969cccf9a52415d525560f1a8,21602.8,0.0045,71.9982
1dfcd5b3f3a21f90c178fb827def6f0c28534b067b36d649cb579886e45d72c4,21602.8,0.0045,72.0027
bc667dd6a296cdd64d349c5c6ff0a2fb542c691fcf40bf198032b591693c53bc,21602.8,0.0045,72.0071
fe05e03d2a34cd0b30d421ee87aa6075cb8d5276ceb454bb15336d883680ddeb,21602.8,0.0045,72.0116
fe3cf93a4b0009c477acb23713c2fa2af658ab269ab5a84201206718d693ebc0,21602.8,0.0045,72.0161
ce3d86c2eea722f7c9fca2ca6523abacca9fca811173dcc587152ae907d8083d,21602.8,0.0045,72.0206
cb7636cdcf66ee95841eed057718df3fc0763613a068f9fafd4122165bba54ce,21602.8,0.0045,72.025
5d87d32f0d3a65956669f3116f6bda7ee706259a3d56b57749c0736e7329a08e,21602.8,0.0045,72.0295
5870d7ee99af7a4b4680a55a94eb833d04d63ca16cf515875e59f0397a70e79b,21602.8,0.0045,72.034
6cd942fa7323a86e65ba315a9d8f320d82a1940a75ad29fd34ab18578fbed106,21602.8,0.0045,72.0385
a812b66cc456abc5aba08992e5034a50dc1b068071201d74861be35fb92ab124,21596.7,0.0045,72.0429
904bddfe94ea720afc94f509dbc44f146812e665d4a02f5c90e4475dfd8cda3e,21583.4,0.0045,72.0474
9c5b73e74d49d871c82663fecfc16f8d234e10b53e6d84506114476a313bcfcc,21583.29,0.0045,72.0519
28704ce00b1a60a1c94064d5f829ca89e8a70ca29dbe1e3833a9dcaf0da6537a,21568.2,0.0045,72.0563
6278e986c516c1353aab4e0ac992a3c0e78ba99b24f4938973d81413ffb34880,21566.55,0.0045,72.0608
1839ba90fa3de00bbacd088508031a76b5e96b3badc1ba212b0519b6c5658c98,21563.79,0.0045,72.0653
14e12901cad779e911c7b109d9e7a5fc8074208f8ba4f7dd30f6f17768ebb6f8,21560.45,0.0045,72.0697
c42d9a29343b8c5b07e2eeb2041201504c97460a4511a46f27b49d6cadc8f11f,21559.87,0.0045,72.0742
3ecaaad1cd947ff9122c8b817c9ea31d6688ede8035f3f6c8d41d368bf0daccc,21559.58,0.0045,72.0787
75730e38cef5951233053d4f89026b2104a8819e363476489ab8f6f86227ccc4,21553.26,0.0045,72.0831
2fe21c0e1caaac4c311142de2f51b99d9d8987fe186ddf92382a2190658a2323,21549.83,0.0045,72.0876
344e1111feb91424d86c1c1d0dc03aafd7440e16fbd9a9e66dd49e649392ec80,21543.34,0.0045,72.0921
5c4ba39b079c597caa599897e398a85fec21ec9931a6bb09e859fe5654c6224d,21539.22,0.0045,72.0965
15da563df296d2ffe8836479570951efdad4cd48290a53bfa7aed8ea23fb4c6d,21538.02,0.0045,72.101
34bcdfbbf9e92cef4594cb4ccc51ac3d978753293f724d2ac5002cf1ce3945aa,21536.6,0.0045,72.1054
cbfb67ef05ad099f93aa20902eba73005de1164d536ca3415e78658a0a5e46be,21534.79,0.0045,72.1099
2af7f8438546a29c0597dbc31baec9f3eb52b9836c65364d54f9db4257534e73,21534.79,0.0045,72.1144
4999f24a57c97013b30a8c5c2047053e217f580d2ba8ee33314fe33f0f6aa64c,21534.79,0.0045,72.1188
4150bdf4b4ee8e274b2ee3a2a2ae440eba06e37abd1f525f05e262b7d0f4513c,21534.79,0.0045,72.1233
459782bf88d03488b1cedb839eb92a12063829da366ff2c5fb562054669b457f,21534.79,0.0045,72.1277
8cd416f310a8d38cc618c35637e1d246576b6e4f74ab2d0c08cffd0a39b855b1,21534.79,0.0045,72.1322
14adf2eb23122589d4035f2bcefd3d7369665f17eebdf59712f6d3c19ae9e230,21534.79,0.0045,72.1366
5b2f2f1e2bc87403b5d3f859e62ad9ed8edbe70ffb45d76b1b9f2835b1d3057c,21534.79,0.0045,72.1411
764e8f662c41d5fa2b81a4b3e3f4f03edb3af3b6327f396c1e12766d988c40a8,21534.79,0.0045,72.1456
7598ccebb537170b232884a757e610653ab32f48a214cb426d63ecde71bd15dc,21534.79,0.0045,72.15
4826c10de11b85a11d28624da6464f7032d7abcc7cecf67027710ca390959a23,21527.0,0.0045,72.1545
67225c6e00d4e6ab3879b954fe27366eb51815adeb870bc7d4ec3cadc3fc921f,21521.3,0.0045,72.1589
203ee255b1076a45b942a4063caccf8392c47be4536324ef33331a2bc7ceb8d5,21518.74,0.0045,72.1634
673d7fd5d4a5cc4d02dd2d3583d69847ecdfe1920b1fa960b2f2e0559a391690,21505.25,0.0045,72.1679
3357e5524f67163a9e39b955c4888a182374d2660c2d658bc44dd2a33f20d6be,21492.46,0.0045,72.1723
821e61dfb0a85a0720421c9872e5d552da94202720a18e29be1ff3347a332f3b,21491.82,0.0045,72.1768
dc182b4120fe70c1b1105a81e5745b52b9da23213483dc9a55f6c5c464998e03,21489.0,0.0044,72.1812
d359f8b537f1888bc71fe20b3d79eae6674be7aca9b645b0279c7015f6ff19fd,21488.38,0.0044,72.1857
741252216670b64b26aca25ad70521852cc3ca6613798b4dda89eb687b91d5ab,21484.47,0.0044,72.1901
7d06c293fa069ccf3da6d79268561be775a30dc1d5c3bf8f1e63d7b75e9ca5d3,21474.8,0.0044,72.1945
d0d9efbdaa0f0c3d2e7ec4c0ac5863d749dc77ec88fb6d6ed7417393cd500e02,21474.8,0.0044,72.199
c784c220d3753bf1bfcee1a4d78db57a10ba38dd3e04e18d6f52465cccd3b925,21474.8,0.0044,72.2034
9013d48da490045c07aecc963e1e715bc0a74c92adb85daf6b29f8c04304af1a,21474.8,0.0044,72.2079
96a1b74a5b8a5422d904ec904a2da45ca16548377915acff1af1311af13646e4,21474.8,0.0044,72.2123
9e829e801460d81d08c2df2b0cbaf7b3192170bcd341ec95faeb0af3bda8f1fd,21474.8,0.0044,72.2168
e9264322bbfbd9d56315c8872f528c2a8d134cb1f99c6130848b480d297e5af5,21474.8,0.0044,72.2212
ae35c2b6af6974616a289a3432aeccad43cd63a52f0277a3376bed63f3f68cb5,21474.8,0.0044,72.2257
bda0198e6b20255575ba1100ab7b87911aacb7f6478610e50427b2853148484f,21474.8,0.0044,72.2301
b1d78fe7900ec12bfc3f7fdddc855f8c1a88271c22e9b0b7072075960e97b74a,21474.8,0.0044,72.2346
51feba7d7fb43d6d064da2c44ea1809143bee72fb526b78b2c44ce33bcb5ac89,21474.8,0.0044,72.239
4b3d7f8ac4c6f93e64f813139de1f3b91748919e4fd6c10a823a4040667b7059,21474.8,0.0044,72.2435
ef23be909351f93c24f606dfb4f7398adb58762961a511e8ca3a9404a8f34680,21474.8,0.0044,72.2479
f76b899142863b8582f67a291154daf5a6ac076536dc8046d12f7e97143ae466,21471.98,0.0044,72.2524
8b8dbd5f4c120652e29f35b78eeb9910af3211c01ff09c302096128ca6dcc786,21469.72,0.0044,72.2568
6ced330e0665a53d734900270e34e159a951087fb9eb4dc044cefd5648b0688b,21452.9,0.0044,72.2612
a30b34b40e906012d280009ed981a18e7f82cfe03a1aa8b13360c78b9f59d7f1,21446.79,0.0044,72.2657
9502691f94f60618f55553f5b7bc07138dc6a294f738a49855d4cad52fa77e72,21432.32,0.0044,72.2701
6967d539fab839e142e43880d49aed5ae19aa7c9802170b30e6a4d9faf0e173f,21424.6,0.0044,72.2746
1e20ca5a47e332afb5cba26276060e197a5b92af70031b6a2ab17e8b7e785091,21420.0,0.0044,72.279
926eeec230638c2ddce9d0e1a509eeec225bc725acf671d70d6f244ebae008b8,21414.6,0.0044,72.2834
15dc6fd8e26bd115d11feeb323afe53a46f111be616b668ac27865be1a7cecbe,21406.8,0.0044,72.2879
581438292f4eb54ae5ca11bc5e3a5c0d9229eae6b703b92b8fc2264fa3d28090,21401.4,0.0044,72.2923
b54315f57371e83bbc3bb2999464c4dffe0f36131d5b12f4d7dc4d1f1db0105c,21401.4,0.0044,72.2967
4b51178e9e703b2628bb641d496cddf39fb9ddf003ef5572b6929144c5654dfa,21400.2,0.0044,72.3012
b57844d50a79856b587321d31409f8bbce0b3c08707067026a99f32a3121893f,21399.7,0.0044,72.3056
2b52f4ec6d1001201acf278a37e6726d2718a56e34341deb3c1cbfd771f64987,21396.47,0.0044,72.31
408f5d0a20bb97dfab2b8e3186af71f06c4d1db85bda25063d545ef16d054473,21393.14,0.0044,72.3145
5eb6a2aa2b4a3d3ba9988931cf2b60a00a7a242982b1e4b7b5f6223ea9d7ff3c,21385.54,0.0044,72.3189
9d0221fdc26d0eeb71860f9f834e4ff0db78ea36982e5b4a7ffcbb42d300b45c,21375.8,0.0044,72.3233
9fec633b85392ac84206e68c23947084cf7e53576f2104786cc463201de17f89,21374.37,0.0044,72.3277
606046a3057952ce01cd881d65f07b29ecd164fa8845dd7f82766639d0ad9272,21370.32,0.0044,72.3322
4c9e34ae4ded35eb6679e93b0e8fb0f59bd83c04e8c0714331732386d5f977be,21356.0,0.0044,72.3366
79ec86e753788d726ca28c683393dc35c3c6c45bdfbb8d8cf245cebc675a30d6,21353.35,0.0044,72.341
5a73aa6dde39a37f3a42b9c0cd38645d220d52e74dd4d0862484b5f934606732,21350.49,0.0044,72.3454
4c36d82e84a145843800c17d36a634fdc72743f29252105521e4ced920946dbe,21347.0,0.0044,72.3498
53b9bc4772c2385ee4d866b78bc2476e805c458d120464afdc80dce97e9cbf3d,21346.8,0.0044,72.3543
444d31ac7fa610a174e8d688b699169535140a8d44c502986f74da4c7eabc276,21346.8,0.0044,72.3587
5a5978ca102856c270d9998e59f7a720e4b8bf343aa186470e8a92a9e3db3422,21346.8,0.0044,72.3631
22b24d91dc0818bb596357f22de41cc699847506a7497c05981095268362d6a3,21346.8,0.0044,72.3675
ce5de5c90b99850da668b5da2c1c84e0817001c5f3473eaa75dc2275263ef730,21346.8,0.0044,72.3719
cd70bea023f752a0564abb6ed08d42c1440f2e33e29914e55e0be1595e24f45a,21346.8,0.0044,72.3764
a21ef1f727492f25e430192743761da28dbdc058654ac58cca68879f4469f4f6,21346.8,0.0044,72.3808
e652d438ee8b598b64a949eef7ec229661a95e6be3248ebe9e021bf2cd696417,21346.8,0.0044,72.3852
e74135b35de07105f6fae57f9d83bbb183a8665ad609a2dbc295b9578b76235e,21346.8,0.0044,72.3896
e0c8965bd57aff6219bd2f7671f7020182b15b9488059285f596cbae4255a588,21346.8,0.0044,72.3941
6f8ed8784cb328fb65ef6257fd7d5ae222292965094934d0b7aeeff030099115,21346.8,0.0044,72.3985
b4ce1484f396b77db17aed43c77875448db52da36dfd197e8554d5b56c11ba5c,21346.8,0.0044,72.4029
92cc421f57d0ae846a409d35256146c2493552ef8cca10129c31746eacf66d0a,21346.8,0.0044,72.4073
844d8507a6e61d298d46e17cfec310a040a1ac1b91a14dcbfd164417cabdfd02,21346.8,0.0044,72.4117
ff0bce9e314bf57c6d59fcfe6b63289b4d7587f9fefa85e68af0a8bd079ae945,21346.8,0.0044,72.4162
98ac50c5003563ba7bc3cf32fc42b6a8f2ff639368c01f57f97348145e01e598,21343.02,0.0044,72.4206
b6ceaa5c91d87758466d579dd5222ac4adc7fdf838ad28de84be55fe12616ed7,21329.2,0.0044,72.425
3ba03660d7f9269cfb1d50889993616599381f486d1c44dd8f93779f51c8c44f,21327.0,0.0044,72.4294
12d0463889788d43d717fbb75a170b8a4285e4807a4879b38dd40adde5a3e95e,21312.94,0.0044,72.4338
a8647e9149f9267781d06ba3453d4d172c040a0cca5391a96b63c7fff694af16,21312.32,0.0044,72.4382
258e79a4243f61761ac5aa9514a3855a45ee7c3a302db20e6416373e0d5e5cf1,21304.54,0.0044,72.4426
68cd9db3ef6129fa4c175c2985ba6bea5f28cf753703e5d4643d1d2a74d903cb,21298.08,0.0044,72.4471
70f326132fd8b7a63a133e2f7de1b0512cbbb0c46a2a4e84da4f92a9774fc8cf,21289.48,0.0044,72.4515
961044eb107279b39bdd69ed4e6e5b543046e719f2ff6d3cb93dc3ac2f996ba1,21281.88,0.0044,72.4559
d11ebaf419fc6c14904d31cc06a1ef4a1e22eaeb36721aaa4ed8e158992385e8,21280.18,0.0044,72.4603
034488ed0ee6544eb5d4119f87ce7010c4ef8406ca28cfc7c6d24bdd11b0fc5d,21267.3,0.0044,72.4647
9afd7f0578a28b8fbc166abd882f14c135d147bfbe7550a10fe56cad9696f024,21262.02,0.0044,72.4691
3b8ffbc7f0dd515cb59e79e161632d4d17eaa9e94ebb16d488e953a3e705d5c5,21259.84,0.0044,72.4735
92d4bd15766f5b61a3637198b5b4b096f83fa55f9c5f234fc47352d7d814874f,21252.4,0.0044,72.4779
ad2b796091e1a312bfe513225b73b66889a031cc9b8059e90af5bc5daab5b6f0,21247.45,0.0044,72.4823
cb7a5527c7241bcceefa413fb4a659bed37910b26817f74cd012877ad63c824c,21246.29,0.0044,72.4867
87c61140f74f4c0b9352fd59600c2c201af79d20e8e9c7aa86774991c09a2e7a,21244.83,0.0044,72.4911
7dde2fac542993a1587fcdb98fad5bd0cfe35dc1c334a849973bbc0c9aaed93d,21240.2,0.0044,72.4955
52d877167653a2dceef9bcd7d19ecf48ef804d9b4bd1f9676a6ff7f95612505b,21238.72,0.0044,72.4999
35860873c37a71362a6238491b7ae39a3dc974af8821604af4605fea027e1a25,21236.13,0.0044,72.5043
0c98e3ef700ffcde35998b01ae4a26ad2cd6710835ead40ce65033557bdb90a9,21230.63,0.0044,72.5087
0436fc37d84b9ee8c55036ca13915429a96a1e85bca79fe7913c8dc2d47a3756,21227.2,0.0044,72.5131
5db3f5a175071f9b9bc00acf9594239209242d122fbf009e93c6b59ff968737c,21221.22,0.0044,72.5175
13915ec37eab015cfd79ad19e101519cc92072d6710304e6355ed004cf1ac0f1,21213.66,0.0044,72.5219
8088c144baa7b26d20c1660ab6d095d18a79c00cf59f20847c9a9af96c2837dd,21211.96,0.0044,72.5263
2eb1b3f8b2b7b0ecce5385c77de27ea6c85935ec93aeafc8ac362e741f02fe49,21207.2,0.0044,72.5306
955b452adff8f585e99848cff3d0f53f4c40711ec390cb46f449dcb0cb24f225,21207.2,0.0044,72.535
4245fb8a1805f21fc8d63bf0a51fb4a58ea3c4d50e01457c8617b7d8359cc8b4,21207.2,0.0044,72.5394
429088cdac6cc44e768ae4d94d4b59002f21dc435ca169492d88a3e81b993551,21205.33,0.0044,72.5438
0da34eac756aadf305f3fd47594a251ef1450fdbab8b9f065c351f18f285b164,21204.74,0.0044,72.5482
01744848952e99b45869f6de5d9535329e56a5fb057ee2f7fb6dfa41b9b91f90,21200.44,0.0044,72.5526
661969de77a61cc90e6837bab538dc1dcc26bbf26946ac1a426ef2271cf68745,21199.96,0.0044,72.557
406298291b7da54a9f7b00a56900072bed4fcbeb73316a3e90753ad32713ce2d,21198.2,0.0044,72.5614
2b6be5417a565dde1c5105995e18caf1898600ed6195e3e92051b0b02751fff5,21198.2,0.0044,72.5658
ab2f0b5a2359e63e86c179ea8a812403b7a45b046647d68e8435777fb3b4524d,21196.6,0.0044,72.5702
4ab6a2bb47a97a808155a91e4facffaf8821ebca4d697c70cdd2eb12cbab9b04,21192.79,0.0044,72.5745
f305ff772dd837e3f812871486c082279c6c3ed2f758f758ab50ef249ef89e93,21187.6,0.0044,72.5789
6e169aa73ac52955b1dbe160ca443a750f5ce6551cd61aa884a81a9354b9731c,21187.22,0.0044,72.5833
817047e6a23490df73c418f17dc161d7b3d8d6a73353509d9d1196bc6d9c45b7,21183.52,0.0044,72.5877
f8ca0580917f21d42127c699802f4f6127081ffcfd3f1442baea2d75c0bea845,21181.46,0.0044,72.5921
54cee76fbd2d9cab17fd31947704efb0f58e9f9d0dd12f781302fae14e2bc773,21180.98,0.0044,72.5965
ee7033d1a819ee1cb82690bd85e2717064861257f7731e42c8b0290b320e753b,21180.37,0.0044,72.6009
4dcc3ea2545af2111e8636522b1c27c2259fc85637ae04c3223005782f0b30f3,21178.2,0.0044,72.6053
b9438c44222b738eedb4636d15b649ce66180768b9abea941c63b62cb8a7f388,21178.05,0.0044,72.6096
f06857b09a75d49b8602b15a857391597232abbd71c88cf923beff2bf3fb5914,21169.47,0.0044,72.614
1b57ef5a175bf0bde1f4062428c681e488815dff8acc6b42ecd419aaa67ba963,21154.79,0.0044,72.6184
a6214a7279a54f3bd3864cef2acaf9effe9aa8d1f1d4f0caca1a402bbbb400da,21149.9,0.0044,72.6228
0ecaf9031cd7c1721f3e0eb55f0e0859bed652c590bcced83fb387962d646e56,21146.47,0.0044,72.6272
d852b395599a109db4ca0363eca177abfa4cdf86ba047153dc13c6ef8d7c6981,21145.9,0.0044,72.6315
882d0084542da9e3328c69aa765b8a7e44008c2f15dfa93b9948e2e29dc62d63,21137.46,0.0044,72.6359
9a7c5f64498790f8971b2a40a8bd9e636ac1cdc2f8e4700e82b878006a67a4a6,21132.4,0.0044,72.6403
68b94f3b9706268eaba272a489a6376a0db171b31abff3a22ed339bb80636a25,21129.57,0.0044,72.6447
37b44c838f901ecefb63b75f28e5b07fc15aa588ed78259863d141501f26fc8a,21126.47,0.0044,72.649
62789324feb8539b8f90ebdddd0632cb6ffe586d2e23d2170d4708ffea43143c,21107.6,0.0044,72.6534
c5a3e7635b3df1b4cceb203918465455685e5296161fc0bd7cc0c809e1101b0a,21107.6,0.0044,72.6578
b3daab9d62957feba84e650251fa8bf0d13a09af50b71ba435253b3d36c299f8,21106.21,0.0044,72.6622
05c17c59687b94b8f9f0387415cb9dd10bdaa303b2861a1626caf5fe3f90a10c,21090.67,0.0044,72.6665
a7fd1f90cba3eecb4f331c8f8ccf049650df3efe369e5ecfd278a927a9f7a5de,21090.08,0.0044,72.6709
1523b662871b049a426f70cf57fbeab33b79bb3731b96cdbd779a7f1126d41fb,21089.21,0.0044,72.6753
ffd9c389d12cc564405fb9d1d5fcbcd1d5a27f292679bc9b3f6fe9a6b85621b1,21082.8,0.0044,72.6796
b9c714dee724d71d7735f8f62eb8b7e821832e2d8167b6c061037cc7736c348a,21080.25,0.0044,72.684
1e220c9f8037ccb0f8581ec26cc68d0a9343063fe4fc289735ac59368b93a788,21075.2,0.0044,72.6884
27139604b3ca4e7690af96dccb4d7e2837f3fdc593c7aa8c9ed5332daeb8d8b7,21072.71,0.0044,72.6927
71e1a77dad9f1b4a5b8ec95289b6cc69a0b7a278ab2cc010bff518d607259ff0,21066.96,0.0044,72.6971
d2473ccd0eee5921e1a1ad0e292efbb74791d0dcc875dd0bac6ad3d31b82d7c7,21057.01,0.0044,72.7014
eedf871cc749614e0c8fe0de6e771e82f709306630f46b7b80c309936dc422f5,21050.44,0.0044,72.7058
2efaea7dd0e12557c29dbafff8c101df1403455fc7ccc8235ddf8bb7f20ff9bd,21046.2,0.0044,72.7102
ace1c1358ee2a218ce0d8bf303ea328c5151c95ff88dad28264d0ede0746df8e,21036.99,0.0044,72.7145
db5e8b11af223d1186bf7dfcd380922dafc8c3839a5255474d141d8173ac446f,21035.82,0.0044,72.7189
a6243219a3112f5627b54241898cad5ed3a29534b1af29e314baf85ff9b041cf,21031.74,0.0044,72.7232
2c709ed9c409be364f848cc1092f1d3d6a0b8104e0524e99bdbaa7d15d1522d5,21031.67,0.0044,72.7276
d5a1f55b144667752e2967488d07f18f43f8d284fee6e66cad68a8874da17a7f,21027.37,0.0044,72.7319
a7ff36f034b05fdf3d719aa1a97aeb6dfff4104e28565be0fca1c6329d526041,21026.68,0.0044,72.7363
5cebd355804e94d787b2a29330c079e9565c41c1617d69bdb4e2321867bd5d86,21026.56,0.0044,72.7406
5f7153aa9dbf4eabcfb585c63377169809886584027a9028a801322f9ea54cd8,21021.6,0.0044,72.745
750b0b347fb94b12f3c0a62f017567b22b7fea0c424bcd3844e256f8798a561d,21009.79,0.0044,72.7493
175bfb2b0cc8930c08df934e84602e296183596ffaa897d16fc86e3b68e91b9d,21007.13,0.0044,72.7537
f7d3655f3c29d772a92eafe0ee47c2c9363b24e5392ca727475e4379cccd0922,21003.04,0.0043,72.758
a972b8183762c55a6ebcc029761a5c5d579ecc1a3a80e3033b95083a600edef7,21000.4,0.0043,72.7624
29c5fe6ab9f1b072245c8c24b14bfa2e2d0aada541a4e788d910bd70b6ccaab3,20999.2,0.0043,72.7667
dcd732f1e17a9a1d794d6fc14b4a49c0941fc445583d5c35e4cf88dd7f06dbd2,20993.44,0.0043,72.7711
c5815754e1b1a4a679e68c4bac5ecf766efd95c9e5fa3037c4ab47872f1206f0,20991.6,0.0043,72.7754
51bc63526c24a8a11da622ceb64e6c0831fa18cbc5adbbf92870c9da9828b313,20985.26,0.0043,72.7798
87596181dda1dc077c267a69686fb54ac70ec5e08dbb1ba9f03286d091860fd7,20974.35,0.0043,72.7841
01d769c5265badc3ecc3dada35c6eeb0c6aa8aa697476cbbbc070cdf814636a0,20973.4,0.0043,72.7885
c663e8690d02033f7a9c31ca0a03fb38fd5f9a39c1a553c90670469b8f6f5aa9,20969.6,0.0043,72.7928
1fbd3451aff60f3ef787086fef6315f9f7c8e88695a01cdc103f231475049741,20969.6,0.0043,72.7972
542fad70569540546e29330f880fe3a99bb561512fb733dfd704fbffe9b182f7,20968.04,0.0043,72.8015
326c51e4ab74a570c61a1e84ea204e0030786d13706982cdf464c90e1c56e4a4,20960.9,0.0043,72.8058
f5407fb481e4fad8c4f8847a79b1f47ed82546be3d9f923e370b1bf8f0819675,20959.8,0.0043,72.8102
f2272ce82becf65024aeab5fed58e5a392581b177c050d29b4f495c9b6495b1e,20948.72,0.0043,72.8145
42a42a2f4da017741c5cfe886063b1d67394a178ae6b2669c9f6cbdd518416a3,20944.4,0.0043,72.8189
dabc1c14239aff0790b6a546cc68e3d8a113324e3275846b779bb35ddac09fbb,20928.74,0.0043,72.8232
1d07092644ab3d48e9166a1f5b3ce6c1546c343046f3169fb5884ecb7a8c4b9b,20927.32,0.0043,72.8275
164a91399a2166cbf72311b7680dda77e5e580b81c4f6a825131a503a3e001f9,20923.2,0.0043,72.8319
f1981c81cbb0876c595b8a7e3f1be49f687e6e822c4eda29423b96e5dbeb3caf,20923.2,0.0043,72.8362
9b4a3d66708a1f33ac1321297a25b36678f4bda659fda2d1e2fb56076632c09c,20919.4,0.0043,72.8405
2855ba8a437ec065752dcc5f1d9311fe4ce7fd0239dd633b1c991fe6d6bce614,20918.52,0.0043,72.8448
597aae4a8667183f1cbc8e2918635faca9d75c01cb3be938356144c9456a3b18,20900.24,0.0043,72.8492
1ef6123b3034e4e10b1bafea0455ae69d5e47b9e8f917754b2014d202ba87bd3,20897.45,0.0043,72.8535
ce0d1a20f7fda1055bb9381657359ff1a7586abaf1ddd7ceeda3abd8dc75c852,20897.4,0.0043,72.8578
2c8c90c45fcb081372e86418a7aab363556eb6e6994b26c75a57049d85e3f745,20897.4,0.0043,72.8622
91d779fad175cb9df0e80b0e0306ed0b1f2aed749eb1b47fbcbd3db5889fb67e,20894.2,0.0043,72.8665
f22be6c15a5358aff79ed6e1aa62908339a08fc7c05b104636a5526fb9381039,20893.86,0.0043,72.8708
bc15762e9e3e384ac437047911a3efdff68a62a81a3fed230b338fb7ea37952a,20891.61,0.0043,72.8751
656a79e1f6efe6eb3fc89581481d57033525368cdbc58b58643d142da9110fac,20891.0,0.0043,72.8795
574b10044ed7490e544171ee182bd8521f3c8474565b890e9e7eef68035c7f83,20888.0,0.0043,72.8838
793458165596f9517725d9cba422d99bc1d9a316ba4f10f2a4927257090f535d,20888.0,0.0043,72.8881
5668abdd18a7b88073edc3f58980d2a379a89f95a36bfe6f587548d7c7301e02,20884.4,0.0043,72.8924
beff798d4d2084e860ebcb0b8c1f853e0346d3cc71e022a28357a621fb1f4ca5,20884.4,0.0043,72.8968
1ff3cc63d73abc4bb1bd0e5d18a7b69d19a4f3e882648d5e497124aafa197ca0,20884.4,0.0043,72.9011
fcbcec74758e3711abb1add7011b4f7caafc471045308821c612708b47ba94e3,20878.71,0.0043,72.9054
121acb18bea1fb1a3671f5c9c6eecf28d09994d8495058354e29b17b652f4d9a,20877.04,0.0043,72.9097
49066b4250df79a9b948dc590e87756abd7bfe81976ad0e82b7e5aae7a8cc77c,20874.63,0.0043,72.9141
d0ff0ab9a80d700bc762f6d4e02afbfc0c052166c95b5160059cc05e7d270d2f,20867.85,0.0043,72.9184
f4ee1f1c1e247e54b31b8116361ec11ad19046ed89434a7b5e1c158fc8334bed,20865.15,0.0043,72.9227
466f722223e932ab342d04c170ac906ef4f038326b527e37db2b03526345d527,20854.84,0.0043,72.927
58bde01c58ad646edd1755b0fdc5773bc1b09d2835147f217064c5d48658ea2b,20838.0,0.0043,72.9313
fedd6503e01d98e8ba8126de7f0b848a4994e1df7b164f808f80b152b068b1d3,20834.46,0.0043,72.9357
b672949538430918ca2bb34084db38ff5e1abbf3977fa2cbda4934cc6b9c2f54,20831.34,0.0043,72.94
1515396fcb3e856d9f40ac0aa63fb2ab7096c7d8c8cee456ffdc76f43b5f15e5,20829.0,0.0043,72.9443
53e3c29776207de96742b9d411a44bb89f3f1cbd949231ed89f82e9b04dcda6e,20823.74,0.0043,72.9486
5d603ce791da16d8c19b4cc0b55b4718fc8074c629d690eb4ca0e0c09e423480,20823.04,0.0043,72.9529
8c8699214133b6332adc864763533eb8880c1e6f6a7787a962cd3f5ed3e72026,20817.2,0.0043,72.9572
5410c761726e1cf1422921f056a5a4991adea1c8fa12e35cf2b0071b38b2218c,20816.13,0.0043,72.9615
d06e251e1aadc35b3a77227b1a311ea92d445869f2a6f0b1f8a652b24a3de928,20809.4,0.0043,72.9658
3ca332b0897673c96b628ee465d03fa6fd838f2b60ab7fbda822c07c1797d817,20807.8,0.0043,72.9701
9b96941b87b6e7ee5929d3de4e6d656be621126c1e994e648381ec8013152e2a,20803.68,0.0043,72.9744
97e3d9167b516c649a54670eeb859e19d1b14139a939d0370b384625e55695ea,20803.08,0.0043,72.9788
7f1a77b7b978a16db7e80b7e4a9bf03267b8dcafdb812b4d8330f4af55b74b00,20794.64,0.0043,72.9831
79f80cf609ab82d3bdd94926b94da20f7d8df8e5ce87ea7e643d22f123a168e5,20784.01,0.0043,72.9874
d9e8cf2d8eff92b2b46e68970ca3505c4ff0befd2510faef872b19606cfd3170,20778.42,0.0043,72.9917
5b08658a2be10abd2cd68b8db54432a4f03e23707947de50035efdd5368fbe6e,20774.13,0.0043,72.996
f2cda487a59a686ec7318d927a3780db7be304983e6a2e5697707bf63cafbd9f,20762.4,0.0043,73.0003
01be4d79dd6df272890b65c862e53f2efde824a6239b16bf0818d6a2adfa471c,20752.4,0.0043,73.0046
b116339c77fb49e33603e53aca48438401a5b3f03fe92d0fbb9ff2e9c2d41aab,20746.41,0.0043,73.0089
31895698a8adf569782b86f19348cdba9b23d9fecd32583f07397f1cdbd661b3,20740.31,0.0043,73.0132
e2ed1d0526a37fdf29ecb528332113a0c0fe75c0612614e49763bdfdc9bdd738,20735.73,0.0043,73.0175
fdd2eba3ebb4f44751b9f4b62a433a025322ea0cf0686f349d770690e4590468,20734.38,0.0043,73.0217
a6c5f4755569244ce91dc7c6c87846fa6cbe8dfe563ef9a02b2f5eb1545b78cb,20733.42,0.0043,73.026
5b6edb0136c26a30d68686dc661556661ba8ced2740e5ca9205fc2c3f723f310,20727.9,0.0043,73.0303
c3cbe02d4a3ed230a177c76715b64e46879ddd713cf71401d1038a527fc00e85,20724.64,0.0043,73.0346
007e4eea462653f3181be6beba6a6e0f7f070144944e5b612ac3cdef095f765a,20718.42,0.0043,73.0389
b19b5370f324995fc3f4c6de5e2c8b3ed568746d5da5b8a36575619eae9142f9,20718.22,0.0043,73.0432
bb9be4e1629e9afa8616d719cd9d81be1c45daed0f1b76d703cafa90062d9ada,20710.1,0.0043,73.0475
d8ef46c0f25c54f45b86eef7a5d189e66c1d81008ebca6618d671361828ce685,20709.55,0.0043,73.0518
097cb371f4a1d62bb1991fbbb08c466b01b70a697fc8faca019c4184a9f4801b,20704.14,0.0043,73.0561
f26db2d9d42cc6062985823e64274cdaf1af7af4d956306520a6db661a32586b,20699.8,0.0043,73.0604
b5f6d9ed42567913667c7ae35de34ba6e93a6a34d64bf7c337448f0202f39b7b,20698.79,0.0043,73.0646
b64d6f91d3e2109c5bf620a1580046b82e2888e5edf1a5439af56c1b87532a3d,20663.15,0.0043,73.0689
d9d84c2188476de80f2d179b3a09959adcd8061ac764cd26b7068d73e49e1160,20661.48,0.0043,73.0732
e50699885284ef0333462a3dffbaa6abe439cdf9cb88c45ee65467acf9f4609e,20659.84,0.0043,73.0775
97daab475dc82ed4c6ba24721a73079612e16e72075c2cc7c66519c9baa168c5,20653.22,0.0043,73.0818
a70d4540a8613a7354dd415cfd3bd58072ee7dcaac58b668f2bb57321386fb4a,20651.32,0.0043,73.086
9473f64ac106e8f8d44bbd368ca0869215617a4f25a7e4616f193ae48755e9f6,20650.84,0.0043,73.0903
f402228f0568ce8ab65907058f595ab454f761449e399346a5d3d817337c29f9,20649.4,0.0043,73.0946
21d9bf15dc3f460fe5381484f1865530d647d07b6dec991af21f8e3bd03cb1b3,20647.0,0.0043,73.0989
ae901998dcc48907da911263e52b32b3b31e1e471d4eba955ebe6003faa95001,20645.65,0.0043,73.1031
bff8841b9e8f108d0a427755007ac364f953e6315802d206c7cfbe95b73acc01,20625.79,0.0043,73.1074
c9d46c4a5fc47bfe90819a9d95dd69971a9e5c672a7e4472ecdc13777301a078,20624.62,0.0043,73.1117
dbe193a0bc6954d6fd60b3ceadeec4e377b5ece884e89a2fd1c178875339d52e,20624.4,0.0043,73.1159
d666462b74da0dcd262ecfe761ba8547e27fbbe101b693dde4511dba365fc9e3,20623.29,0.0043,73.1202
44998272231675b39da0fb7b862c90bfbaaaf9e33c5a0ac4d2bbc6f0bd85bd72,20615.04,0.0043,73.1245
5fdd6cdb561e590cf8449c50de089b0ef1fe319829b4f751295e330c7f43228f,20614.0,0.0043,73.1288
3a9e1f6f7dfd5815b84e2e3158e1017f8f6ad7799e023e9425dd31d6f5b088a5,20605.62,0.0043,73.133
63fd1366a0a5cb9e819f28c28c18538bae9a6e39d8e1614af678d393747ae729,20603.5,0.0043,73.1373
06dbf466afeb8fb654693e0e613dfe1319bbde15f86eb483d8e093b1cdd147a3,20567.94,0.0043,73.1415
4ec906a441e1d3f20f9ccf3881f30ca3838685e34d5a23cec581143ea49573c7,20552.57,0.0043,73.1458
0b6267babb5336a540252299024c26a07b822e7ef48e9c870d5340d7f14b611d,20552.12,0.0043,73.1501
6d1c41cdb7671eefe3cb4edcba409e21b0b5a8196f6ff13cae446850bd0983a1,20536.56,0.0043,73.1543
7122573a004820995a10dce2bef42f81f36ae0845144ce24a0bd8847aa8181c9,20525.38,0.0043,73.1586
d0e8cf9856c7d924c3c17c80ff55a1e63a3276ea449504061d58debb83199d75,20520.43,0.0042,73.1628
b74cc644fa3fd2cd4ca83a2b199c0683658311931d00cba2f69192651e5f2974,20517.88,0.0042,73.1671
4f24af3409867df0dcf82e37a75118760c2465632bb8cc88c531fbbc42ac5148,20510.2,0.0042,73.1713
132dfd8ee9781c6d90c7b05736ab5c67244b968a223d02e59dd2c99a46317bba,20510.14,0.0042,73.1756
84054bc40b7127a9328f7e8fdf3b84a8e6a77ebcd84dac615c2d5cb5a0193cdb,20507.43,0.0042,73.1798
202e494b157a6083acfad72f09f3dbcde79a25e451b7d21392df36968147d9a1,20491.45,0.0042,73.184
ede3e2fd0221e973c13f279e579660897041d9fbd7194198f5594345f3904a48,20483.37,0.0042,73.1883
e9e60eacc0b726b518097e14925f0a35fe4f23a1551d1ee62f7fe23b65ab77af,20470.99,0.0042,73.1925
c9bf9d8452bfc104210870b09828ec5f06ebea9e1a41cd493331ce49917aaf09,20461.45,0.0042,73.1968
22e7cbf1176434c0f74428c0e0a791c585480075e84cd63f671884415f5b8701,20460.6,0.0042,73.201
81d4dce128973f3fd96c7e36c057a7cd613d1847075b130fccc506591f10d5fe,20457.59,0.0042,73.2052
acbe5d7c5f4ad7cb72abbf594a92ffa03112e582fc8646db03f9b1f65882a08c,20437.4,0.0042,73.2095
dab47d7873213ec008dad349272d0a6c31b64900c663c714ab47949e21f6a5b3,20432.0,0.0042,73.2137
c8549b9ba5bf8ca0895d1dfd487076bb869b5691a6f3093d0d5830a48f39bd87,20431.79,0.0042,73.2179
fe5e42a85e11bff296bada69c62c2a85336b75c76abe7cd50093d598fcd30cbe,20426.84,0.0042,73.2222
049f315dfeeb2a333b50c81f479db6c8f76f753f22b9a21a90c50b6186b4e8fb,20423.96,0.0042,73.2264
052f6cbf9be8a4309aab09188e5da997301c32c82768afd790ac59d85d6353af,20421.05,0.0042,73.2306
5aaaa166a9286bb5908ff62d7afb73128a4841f5b4a505a441463eb192105a27,20413.8,0.0042,73.2348
884004792611af299614a20b5ac09c55793734287f6fca763648b29e350c3131,20399.8,0.0042,73.2391
5620abf0ed6570b53dedec63c9069683279f7f0beee808797ceeb24965d03fcf,20383.25,0.0042,73.2433
56ebc46e14499e969f233c38403033440f1c44da7aa4af37bc11567e89954cd2,20376.62,0.0042,73.2475
62e293369201f24cc71a00cce393a618c004ecf9c6d0fef35ff17f428e97bc9e,20370.27,0.0042,73.2517
89c60436c0d6c1d265226ab27e0a58b303900062f8cc3454cdfb94259d0382d8,20357.4,0.0042,73.2559
168d01565b7459f2d461fd8f521d048ca91a6871b4b611e9c06b3800ee787702,20350.6,0.0042,73.2602
c4c48fa9972fa201c628646f29c6d86b2c624f95ff0d87b6fa33b82b9af593b4,20349.05,0.0042,73.2644
6b56cb3bacea5eb11b954e72a9b0342dee3e208a5601fdb79c9256e622630982,20346.74,0.0042,73.2686
cbb7fc8ac1d7ca1869a1d9aba9c2409375f0f4954e1c0d4417a687002a7fffb1,20338.8,0.0042,73.2728
e3ec0145442e7d5dbd3cb0e0e3deb20fd58efad1c0aaa58da2d6383ec479942f,20336.92,0.0042,73.277
30d4dcd1b07e5df63a7a559c130e0651d1032e7d29f0ea7e2d028875396f4cfb,20335.13,0.0042,73.2812
bfe9c3c5714f2f370608330e63f3c515344594b2c79c2656931d853b17146e71,20333.15,0.0042,73.2854
556adb83dd0baeead9a80df0bd049eba97e083cc7bfba1d83dc2928117311b03,20331.62,0.0042,73.2896
65ea2128e0ea1f2b6bd84fa7fbc4d394d4e14868e0f7ff1b8898abcd15d65976,20331.2,0.0042,73.2939
3fb43f90ec26015b740ed69e43ba29fa2322cf99a066df987283b02fb81a7efa,20330.33,0.0042,73.2981
07dc9308a0bde31645bf8db7aa9c6e83c5ca3e9fda8866e3425400fa7ab4c039,20329.64,0.0042,73.3023
12c4cac0e088c851d9db52f3f431b32a8379acc4b07141d6390d29a1c86dcda9,20325.72,0.0042,73.3065
92b976d51d403284b830e974ae8407086bd26e0e9b2e8ef687358d9d304ad2e4,20323.41,0.0042,73.3107
b510e879526c0cff082332d2125273bcdc13c93d21c4cb22105bb0ccb4037b8d,20318.33,0.0042,73.3149
e3400c09ed3186c7176c3b7fd35400980288907954aa807269257d3498e61e3d,20315.85,0.0042,73.3191
271d36c366c5b8ad7d0f77a5a34c69cd2670144f0bbc3bfc8b14a84d57f363d1,20311.8,0.0042,73.3233
c1ffa046e0df82a64c02d98bc10b9bbe3db0351a80cffb02293198064ace429b,20311.8,0.0042,73.3275
7e15e20044f64b8b2522b3c0e012cb3b73abf7f40b9ce383bfae0263aba79524,20311.8,0.0042,73.3317
4c0a3077cd99e708fe7e0aef2ef53d448de31acd363321a8e24c5895f17afb40,20300.52,0.0042,73.3359
560438f431dea43f2564ff9be0e9cae4908edffd14a73895704decb200259a72,20300.4,0.0042,73.3401
cac1d6f46c0cab33672b3e2fc485e650f76f82858f77d1e1f063e1d68e201934,20294.89,0.0042,73.3443
d4f819caa874f852f176016076b8b09a0eacc3f90409c87292554335b45ac3ee,20284.71,0.0042,73.3485
b3b6209c5e8017c9e7af84a5065d5fbfdf49fd2bd7cdf575f391cfb7c56d6784,20279.5,0.0042,73.3527
2611dddd5affe3d18b986fbe37c2c93f4744fb57a806d2436f6c68f93d202c0e,20269.93,0.0042,73.3569
cf501091ec6e38e4b5fda75b05ed242403b257c86e32b233be64f8f5956aa131,20266.85,0.0042,73.3611
dc381df606c65a48bd6882bd0e947f56193599340898bd50af823305348851ea,20245.93,0.0042,73.3653
5f001fe0396c027c4c269afed3ec43fb023bb91358e004fa444b312078b29b08,20240.0,0.0042,73.3695
252ad7df8d4aa23249bd12e1cbfc075deeb84319dae7be6790f44c5ea3768d17,20225.9,0.0042,73.3737
b83037bcb58ae9bdfbcd770f6cb95c02811ee9ab2f3532ca88e38d2ebf9c28cc,20224.0,0.0042,73.3779
3e92faa90abf63f18a2019d8336c4bde51840ba3103406ff0acaeff36117b686,20223.05,0.0042,73.3821
7ccab4937a256d922f2c66d0514424a1f5c9774d1d6b046a4a2da5092a807f19,20209.22,0.0042,73.3863
95ddee8dfcde89d4eb55e46c671350c3b0a7cadd6fc55d70c960fcc3dfd2f5d2,20194.36,0.0042,73.3904
1b893df260923768e927b20afe7c81619c3d0902ed38972a4f386faa4adccc18,20188.81,0.0042,73.3946
96c72d6f2f0783339b0aa3bc6920616d8d5da33e6196cf56cbf019898efcc1c3,20177.44,0.0042,73.3988
80e7340348fbf26b0b7671c47ccddd3fb508810c84db4650e6d163fff4be8562,20175.48,0.0042,73.403
8a13fdb7a6b8134b99514b02b27ee74ae9807be693f6ea4fb0db91b6989e547b,20162.32,0.0042,73.4072
986d7996ebd720d614de2bb35bfef1dae4652916bbbedbf507ecaa2c23f3f9b4,20155.28,0.0042,73.4113
bf121c5a9b9a69228b3a531476011d8db70ed8a9964dbd7c31aae103386da8c9,20149.2,0.0042,73.4155
9275f79d4dff7d6f3d23fdad08e709cf3448ec7c833cc80ac4bd0c83e872756c,20146.55,0.0042,73.4197
b7b068ead88214da256ffd91bb3c9bcdbbb3a9a1efa8b806a1db2609f2021537,20145.38,0.0042,73.4238
1068bd02b9da2b09ef5582adb440ef67a694340732ac5a2b0d39f08fe799a1f4,20131.79,0.0042,73.428
28dc372fa51859837e13c362ade7bf33ae1eb44202cecb7825dd00d56c54bc89,20130.01,0.0042,73.4322
c415b3a9f0adba118a761d9612b1ad2ad12c3235c3ffa77f6818799461453fd8,20125.25,0.0042,73.4363
3aaeb15a4a28a8c7de7dffc90808598c70ed132972a26a4b5ff949181d9e323f,20118.3,0.0042,73.4405
da65849d09a4123c01d7b65566ce8626cfbcf39d4d9d405b87c3777d8106994b,20116.39,0.0042,73.4447
d70569aff33a7fb698b15e934e1bc2b3384d262dfe7cc54b4a455ad35940813d,20111.15,0.0042,73.4488
84340b5c8ce2b42382e93085bdef5e9b6691d9fd7032787be2a715065c377df4,20099.85,0.0042,73.453
9ab785ea1b77f9cedcbacc4cadaf34b7c435b43c311a04b0531cf8530a821669,20089.86,0.0042,73.4572
883661353846819bc01d1f922f9c69503b3407e1fdbf63367e304b0fe52a47f5,20084.8,0.0042,73.4613
c5dadab6f342814b6d3dc6024c14a74cb8da473962b4ca3dc241c45558e8e8e7,20082.99,0.0042,73.4655
b880bbb67c98536091076a67efd177beaf100f60aefd47cad4d0d711c249e03b,20078.8,0.0042,73.4696
9c4dd0d53182a5ae694f14d82fad6ca785cf930b487ac8c1ba9ad7f1e6e74031,20071.4,0.0042,73.4738
c86ab628b123e8876cbfe09615d7e1aa84da79c4b2f29430e9d4fa9318fc320a,20069.89,0.0042,73.478
a59a6104f06403f8dc6bc474c20037913d1e94b7fa4f611099d3700b83642b2f,20064.0,0.0042,73.4821
b6fab1dacb2d01846f34d764174ce396e05e3ee989c179a2c35477a4381189c3,20064.0,0.0042,73.4863
561e65095583df2b541963ea929f7de6c4f60602c615a9cd8f180a87ffc29f7d,20064.0,0.0042,73.4904
56371919904980563edcd25809acfe046fb8908affc7c449741418d95fc85117,20045.95,0.0042,73.4946
0695f300c610713f04c8579783517d1c3c8a746a2c0868d0ab5dc98d7dce0c59,20045.24,0.0042,73.4987
3f8c21762859667c9f6ad746c3a8ca9b3fc965b7afc34d96e9e47f0e4d0099bf,20044.79,0.0042,73.5029
c786311dda0b73ea27deb124f3fb6f2f2d9843481e7754294aed06b2d927a351,20037.33,0.0041,73.507
a24a27929336c0a1aabe8afb4c1cfb005cbdf957c96f4d49aff25ab060c8cc5c,20026.44,0.0041,73.5112
52fc1fb05f9aa00ddbc01a07486ed425a298e7e818e5c05889f48d66a6d7f036,20020.0,0.0041,73.5153
af4504d354888de1ded03fc2f24ccf59bb94f3dc295305df63e47b85c1f636ed,20015.17,0.0041,73.5195
5811ad85a30669f44dc62f4106d7dd4e6a92bad98736029ad3851fab0872411d,20000.0,0.0041,73.5236
e9c2114f887256466e49a476d0bd13532647b8158baea4fdc1f4ffbfc899b87c,19999.28,0.0041,73.5277
0f2049cbafd0ab46a66ff4d160dd2c375dcb684b5dc85c11fa567af33b60d163,19997.8,0.0041,73.5319
693e23e5879cd0f9bbff18aea24c2bdfbbbf511dc16537c52a8bbbbcfcd88b76,19996.0,0.0041,73.536
e2b43efe4695dfb066c222899429c1f29c4e5e5d40f6cf61d96bfdcbb3281b7d,19989.2,0.0041,73.5402
f39c57a537cbf00ec6ee271345950af582a7b15b9d5a35915a7fb19a36a3991e,19986.3,0.0041,73.5443
3b6c318847e7e26192e364a61db04de7f6b29746a1839e859c40b5c5b0fe29c2,19974.31,0.0041,73.5484
24660a58b25180f76900eba9a1e5a3a7481c2053b2eea780a36be7f17f6ebc53,19961.36,0.0041,73.5526
e4be254e6e13a949abad372f1fafad100251ba11f34502d9a58ae07fcc3caf9d,19959.78,0.0041,73.5567
9e3967099316066b37c7b0b13c13beefb1860ae09290211945a18c4e08ee85f9,19957.47,0.0041,73.5608
54d3e92179532aca3b93ecc3c024f847ae694ce787cac57e6b92af65196aa1a8,19952.09,0.0041,73.565
6748123728d81ca578891c67e2fdc3b40443ca20211b01bb927333b8de4674eb,19949.71,0.0041,73.5691
5d6210f13bfd29a8fc77539e637c5954da56e86add465be7bc04e4406b475573,19940.49,0.0041,73.5732
25772509a62deca8b2ceeee2bf858ac6dfe293303619e87ab404281652566e7e,19910.24,0.0041,73.5774
53dec92c63e0135a6a824f38c38beddec7652b4f0a1e45973649dde5740afa0c,19910.05,0.0041,73.5815
8989b6774a3c0365444c721f945d7e48daa96be357390d1b197feb48d13cd3e8,19909.2,0.0041,73.5856
6762e0dd1119aec255244a6f132bb12611cfee2575d205233f0a37b0f220e429,19909.2,0.0041,73.5897
f221e69014628f7a66d64d5cd15e1205657e92ed2976b06f72424263d102782d,19904.91,0.0041,73.5938
35be774d90cdf2345dd94d9cb682ddfd303eb4fd1bf687c0bbf4c8e1a98e60ca,19899.02,0.0041,73.598
f82f25b47ae753caba186254775fe35d79283c7f9e0539fabfbeaa6307783678,19896.1,0.0041,73.6021
fc3281ef1c129d4939ed2a29f66d409ef19a29b2fb2178a981296717ac782a88,19894.75,0.0041,73.6062
9489730bc18bdab2af33fbda9c7ad837cb977d0b9b9a5039cf026285482ef2e9,19893.2,0.0041,73.6103
af2aba05d454eded4218f9f96846d1a4bba9b0340a48d6c33ac219763ad3d252,19883.99,0.0041,73.6144
44b3903e3963054e6c422381da4a57def303292db7739b6197d3433d4f5f913f,19881.05,0.0041,73.6186
90d5f155a95339f54cbf4d46eb85a4fffebba61537c18f51b310715ce176c4d7,19874.13,0.0041,73.6227
63c102001e8e1a469c585ea3a12788030bb9e87b95a012ddd30853182eb7f57f,19868.38,0.0041,73.6268
2563511548802b568a3d1fa30044180f6eebe4b4cfd7959925261d1f6e6f5667,19862.14,0.0041,73.6309
b83f052510a4ffb213896eb090ae8006dfafd9ec61294cd83910474db04276ff,19858.99,0.0041,73.635
fa16ad0affc930c036e73040ece05d782004cd5b2cc452c01adff039a939211c,19847.99,0.0041,73.6391
a5014e624ffc8566b23e1268accebfcc77aa6579e2784947505fe4e843ecfd0c,19842.84,0.0041,73.6432
cb2cf4bf26a836aa5a877b7b1be46f9cdbb16fd95db2b306699acb743846d7ee,19833.24,0.0041,73.6473
5157e95133b26600b5253da904529c6af5aac93209fc0f3b44411c990267d819,19830.35,0.0041,73.6514
9e25d9e0feebb92178df70684721fdb041a0b0bb9148363d9e0f60a8cb7f3d09,19818.45,0.0041,73.6556
5c8400082a5cd0c903a74c84a4285d40018aa27df1234ecad6739c8d6673ba4a,19814.59,0.0041,73.6597
aad4a045bb00a44e4b8fbd584fe13fa6964bd2eb5395e1a7c22458005b67740f,19809.35,0.0041,73.6638
42d2958b98dd086494762703412de5e1466110b1e235d7f29299ec4b0291ffa4,19802.06,0.0041,73.6679
ab5346a425159b71abae410e38cec8f19bd44b3ab53203974834c585e61877e4,19797.07,0.0041,73.672
26264777fa5ea273f690dafd7f6475996d3154deb1f052db0b070b59f373bda8,19785.63,0.0041,73.6761
81af1e6f0b30cd51d8273a7b792e1e8eeeaab5c40fc0789609b0a660dfad21f2,19785.2,0.0041,73.6802
e6725eb74fce5cd68948dc480df3cc2627b3455a6bb09084cf094116a0f7bed8,19783.82,0.0041,73.6842
955d130b1bf64de2c816cd1db8d6d541c3ec19e55a033c0f45e0dedf3e496be6,19782.65,0.0041,73.6883
45d110946ca10a338d3a4b8e6c21a0df8a13ce7907fc1737a145227d151b8373,19765.64,0.0041,73.6924
f92b243e54dc2cc315d2f39f06205b2fafdea3f4b1a9ad02d3844d76c2167ab1,19765.4,0.0041,73.6965
b825f3fc819e2e523c977c23ce61df958f4aa2c35b8130cd90765172ae5ddb6f,19763.19,0.0041,73.7006
a90fc74aa7130389bd4d268393387728f059d67b20eeacb4de053fae676c338f,19760.0,0.0041,73.7047
7145209b1c8bc0cd8a5e487632024b2c178d324d8dd98c9e26612e3096e89ca6,19760.0,0.0041,73.7088
bd4ece049e630b61927edb9e391f5fef5aad00f290c611859e374087f7ec7d14,19759.0,0.0041,73.7129
3f422e26c9ede9956d149d33530869d36f2f42b6a02b4698142971075d67b6eb,19758.8,0.0041,73.717
774409b828880a941817c01ce680bd90fa2692353e96cf8abfe9f1be1a1388b1,19725.8,0.0041,73.7211
31843908e4f2514dc64585e2798e4917ef76c4a9f74fadafffe92a19de7686ba,19722.0,0.0041,73.7252
1b099ca1d0808d7e40765f4d06f20dc17c9c4dbe2dd437ecd0e0198641edd545,19717.1,0.0041,73.7292
270a5882a03675f1dd389c05fbcc44609acc33d33cc65c50eb7fd60a4b525b22,19712.4,0.0041,73.7333
b2457832f8cb091c202c10dc7f068251d7ace7531a18f923f4174132a073d741,19710.8,0.0041,73.7374
bf44aa68742f589fc7f3e1d04a93c1acab27066d23e5005fb9b3deb8f5d4ecd8,19706.94,0.0041,73.7415
0dd1565bc056a25b9820437e67f66b82f5a55458a5b4aa53e00b558c9c1ae7cb,19704.53,0.0041,73.7456
ce32320d278d0606e76023ed6548663369c47208e3d88724097aa447a468c81f,19704.29,0.0041,73.7496
f979d6cc13b7f3ad403da05edd4f6de0a5689ccfed988c19628cbef842976372,19701.86,0.0041,73.7537
62a88e6a1c128e15769ffc914ffe929b2781ac31b2243f1638bf3977b9dcbeb7,19698.81,0.0041,73.7578
9f51e52882e0622626cd388b0a40abb64c1424fedb8a716dcee09b20add3a948,19698.45,0.0041,73.7619
b460ac711997b0ba9666da0bae4c797de4e9ea0ba67e4c86020a28517621584e,19698.0,0.0041,73.766
471d3263449f38c3de918b0d0cb57afd5ceeffe4e6c78d0d1ec216cd94521614,19695.68,0.0041,73.77
2fdd3c4b533f4b693ee351c5713ba824b9fd3c9224748e08b4cfadba6363b893,19690.2,0.0041,73.7741
39715f3325aa0c03004f8085da00aa4f4554b2bb0193456bf6aa8670cd50d7b2,19688.59,0.0041,73.7782
6bcac6b07845e9a3eb061250ff0bb61317a7356e1296f96ba09ed12b149850f5,19673.2,0.0041,73.7823
2291330e0cabd4dc8050c65371894f758a3bc620cbdbffd7796c25e562e80662,19666.25,0.0041,73.7863
ded63fcd81ce7318887d64d19c4b85c6ec2b5f6ed351569d450995214098fd22,19665.4,0.0041,73.7904
1cc4c660d80f3452841386109deeaffe554f4fd47a5409f614bd6c1b53c78c65,19661.2,0.0041,73.7945
269c08319e222b3a8be90db11a54c8a0c0a7e933fddcfc92c5255967a83efdf1,19661.2,0.0041,73.7986
c4876de490dcf38b74d6c0d4f120cf01126c3d6a3a49b93ec81caae38ea1497e,19661.2,0.0041,73.8026
6505830b075e02f2b92d89f57ddafc973f52efcfe5415e87d64eb98b193266af,19660.95,0.0041,73.8067
84e91f10e0b2546ca10c6c9f37f6f4ba2d9d49bf90705ab930b58c806c044124,19656.19,0.0041,73.8108
4ed479950c45ed9940511bf7c969834f23b65977e1ded1a3c626a453c6b13393,19649.6,0.0041,73.8148
519d995dbf1167bef517817f461a4a7c4d86290b0495711f540420ee549548ad,19635.0,0.0041,73.8189
8ef4c72d2fb372d17c58c3a0173415bb1ad2c9f956361298daa45a091e01fdc4,19626.8,0.0041,73.823
656c9c0ea4d6b3c3f1be8152fdd2a00d308f85884ace077c173c9ebb432d023a,19616.59,0.0041,73.827
b9520ffa6ec466356765d7f60cc219c8c6db5501c806691b689ee446a7d40d1e,19616.09,0.0041,73.8311
ed571a0c4746e01f65bf7b7f2f0fee052770c1cf310b89ee568c94d16496c6dc,19612.86,0.0041,73.8352
771b7927e713111e5b7844c5fba1c85b6f922e263841ef982dd88f1be4f5f7e6,19611.21,0.0041,73.8392
6eacf0710a5bee936d60f31e0afafc09f40f50e81f8170ed6f5adc4ef2566c48,19611.13,0.0041,73.8433
6b6f63b41600282b9f74203bd7124737b97d011a7f3ac87bf44772372bad4868,19601.25,0.0041,73.8473
3d7d9f3cf9825cb29994759fd7ff5e1f0db74312433abc5b0ea4c43e5ccecdd0,19600.0,0.0041,73.8514
4652431ea5ca550632627164d3c972a4418125e6683f986214f400f7e9dc1226,19595.46,0.0041,73.8555
3c41834e0eebdbdb46923c3e8b2bcee24d8d113b587cc79a2e37575713689163,19586.91,0.0041,73.8595
ca60f87ce4bb68ea7bfdb3e81e09397f8f3654bff7efd632532b8ea7d30fcbf2,19586.37,0.0041,73.8636
83e03ad0ef7da15c223250a14900f9aa63ca4cf3be198ff1fc614562684b0195,19553.44,0.004,73.8676
c0da8a265a9a959fe2086d077eb6fd92852e3da66dd4bf53678394375515f3ca,19546.28,0.004,73.8717
e75d37662cd674dbd18d822a4618ffa080e3fdb41117284863eec7aa042e21e7,19540.19,0.004,73.8757
6e72fd1aadb67df0a780ee75f672eb79bf9c8d678a48bb2a66cf13cdbecba101,19533.8,0.004,73.8798
2c3f1a9fd70e891c610f43c766c14da4d758a4f66be8297193644f81b336c249,19533.24,0.004,73.8838
b07b0a3551c2d2be0dfe94026e64cd6106afebfa59e308d67867ee566c245bca,19526.49,0.004,73.8878
8f3830256a5849fad6510986d1b372238f47d32b90ba489373e77fd822ae3531,19519.0,0.004,73.8919
c6d3a99f79a07d75e668d467e15800a17cf9dc8097ec2588b23da65e91744c94,19518.13,0.004,73.8959
c591a27d87893e8971edca189f950bc8c2b2290b6915574e12cfc3ed918bf66c,19503.48,0.004,73.9
20a6ea1ac4ea32bb823d84f84a3ae867342908fd5b456030db4c515f096b85cf,19497.63,0.004,73.904
e8afcfda5a89dfcd342433e1c1127c909fb0947aa704e2864efa7e5d88cce87a,19493.79,0.004,73.908
1499bb7bf663a170dc157e65201ca79f00469e0d5a8c51cad25932ef2030347b,19482.23,0.004,73.9121
6a44a9b7032734f5f25993a999c3b197047842deddb63857bd0f86ad287813ba,19481.9,0.004,73.9161
276f4e7e9013d9aa75f288b9b77cae7dd931e8642d1a49f2d161899c3d06d826,19471.46,0.004,73.9201
a50abbbb251cc2465df3c12edcf21a9839b8a7bc11a57268611fd90cb1e7c2f7,19468.0,0.004,73.9242
b4db58bd9f324acf6b65f24894788de7a1cf49afae31102b68031163757c85b3,19461.04,0.004,73.9282
d85132dff25ae539272da622ca017a9b7cdc61476f837c0c360207aba35aae5f,19457.79,0.004,73.9322
e721afed21420d67445208254b143f473cc917189df3916a4e3206835bc7b636,19450.0,0.004,73.9363
dee6d6a9281ea8804d45142daff71db47c12646fed9b15ce135c5f3cd6343d8a,19450.0,0.004,73.9403
bd467b74f71e1cf49ac08124af9de77fedf5cd22a659e56d6c499997e0cb00fe,19450.0,0.004,73.9443
15e71bf713a50f12987a9f57c330f1cc46befa58e43c72719b63f986ba76f694,19450.0,0.004,73.9483
4442063f1803830e04dbb86171ce2e26816a2e739157e38713cc88ac2cc6acbb,19440.62,0.004,73.9524
c0260889228b0eb3d861121b344922369aa96d234a58f997f62f9be6ad51b0fa,19436.19,0.004,73.9564
f0bed3e4bf2ba8533390e2fb8df7f2fecb98e86fd8f1ba06839e0102e1d2530d,19429.8,0.004,73.9604
2571978dc0fe07915acc952d1e2d777e3189dc66b84ae3336b1fac0b12b0a4be,19429.47,0.004,73.9644
b3ed0a1fe9b4f2640347a7039c6e9b1550057551def2273448e494961377e41b,19424.34,0.004,73.9685
3f30e813cc0cef7b7adab92cc8d1ac8a715e3a48ccc21512a1496f274f715167,19420.28,0.004,73.9725
bc49d5a13d6966f6fe66cfb3584a5317563703b732813e7e920558162e7b3a16,19413.22,0.004,73.9765
419a38c01e1f44f5f48d06f3a15010902e184f69a61623770e523080cc13a03e,19413.03,0.004,73.9805
f7f412fa62ccf492227d10d2a863822b90480bc5639a57031b0bb628ba98f985,19410.05,0.004,73.9845
4b483128af6ba92068b2f6bd32e313a1c97005d093ce45cb7fa0b9ebc6462c16,19394.29,0.004,73.9886
dd646578af1bcc9f2a230d40e7d5f9884d1382af380338565ca448ec443c9a3a,19387.55,0.004,73.9926
3bac6e430dd30be56abcb3237f2da29aa9dce131ff0ad153c9944a8de5ca3af5,19384.5,0.004,73.9966
6bb746dfe8823d303f9706e0940af39efdb27b4503b045a5261ad167387a278e,19375.26,0.004,74.0006
bb8bf6138d50373a659a44eb2f881428252b65694fe92546c63ebe4759fd233e,19370.19,0.004,74.0046
f554a3c2733d1fa4989de79b17f4fe8719a38ae9cb42bfca8b8ce95c769b8792,19354.5,0.004,74.0086
2a052f35f8de9cb211637ed7ccb13f03fcf1da0ccb7ae5ba1e901d1be06e3b83,19352.0,0.004,74.0126
81e2b81e6ef0eb13c4a7ddb059a9516bbf12aca7c8a16fb407ef2fec3566a8dc,19350.7,0.004,74.0166
ec44dd1ed5c0d080091760c70600a0d25b2d0eb918c6fd054a7d9a99bf8380c7,19346.19,0.004,74.0206
f2033781977952f920a27f75f5227abae24648666d1c80afe2cc41f7804efeda,19335.88,0.004,74.0246
86ecf7303522e67e6a477f17613d361b57eca9ee6cc9a3e5346276324dffbbf4,19328.26,0.004,74.0286
afb0ff5b9609a6f49403d542863f870de2d4b66c9e58cd758eab306f0e4fb7d0,19327.38,0.004,74.0326
9703b30a24bda717bfc12b7b62a12105ebfba7d47b82e2523772026f9eb814d4,19324.83,0.004,74.0367
dfe7bb8f1d175d99334da6f6d465a2d64c1d335c312a1c5964f0d24de4d4e1fb,19324.06,0.004,74.0407
a66be9f926fee2d49219af98d96ae8446c2eb39856d7bf85199d0b2957e59c4e,19320.24,0.004,74.0447
5639118d51376cd37587f711069c3406ccd9895b319c28448833402b01e9b07d,19305.5,0.004,74.0487
abec948a12453886648f20e75ccdd89e4cf3d4fd1184fd21d2fc76b46f3e6afe,19299.55,0.004,74.0526
25a6fd190853393e2550804b68ed43c5067c408b2584bac66b0fa0c6bacded71,19294.28,0.004,74.0566
74696556a8f0328797c351647fa99bdbf9f056487ce6437065774d9fae72610c,19292.2,0.004,74.0606
9b2541733d27bc5583773f8b664a6c89c5364a93f9c70e18e592da9d7a2a843f,19276.4,0.004,74.0646
09c3a45b0ef88fad67a89f13d1403cf66e6fedfd5055a4b8e1d43efbe4d5b435,19271.41,0.004,74.0686
a7580b39d3505322b3e358b031b32d82b293f4547e6752f285e0fe49fd6554a8,19270.0,0.004,74.0726
d6351c49477d73e09539228f627eaffb95fe5835a40c5bf61afd54ff72ac40bf,19238.35,0.004,74.0766
c5e8611f81ddc9dc22a940539fddff495ffc6bfc83952fcf99213f1c219735ef,19237.4,0.004,74.0806
6c6b8252c7f48f6d803bed3c3bc39b947b7e2d6f500ad14247ea0310276bd045,19233.82,0.004,74.0846
3fd97509791cbd6b81f7e6d7dddf5719be421b8640550395731d1a36e91655d5,19228.46,0.004,74.0885
7b26c0ca353a7a5b58ac78089d54c9fdf482200d52010b5c114bb7b8d2ce66df,19215.22,0.004,74.0925
5da5939e51245688a85116680802a3be92fbb02f82761d1404c3a6ce7ee86f51,19214.0,0.004,74.0965
c1de108870ce2314ce00b458a9fb9d0b5dd3f7f10044d38ac63ebdb077266007,19207.55,0.004,74.1005
cbfb0f0ff12b4c041d84013b62b3d23aee8d06cf9969bf67324ee3da2a1d84af,19206.0,0.004,74.1045
4a351e398a39fc82b0c3e7a5f7e1f9c6bc5b6bc7f81b322e092653183af15b5f,19205.2,0.004,74.1084
4f8ff673a6b504fe36dfd11ca901f1fc53139ee8121de43857c47492645c6c4c,19195.63,0.004,74.1124
db0dee3316456c30de5f46ce535eb57cf3243e956480ff0ac5dc3b059edd06f2,19195.46,0.004,74.1164
b15d77b8cb92d6ef2512d1a844ccfd79da01e79d2c9c2c4f3df18f492bd1e257,19191.69,0.004,74.1204
eb72d6efc1723e0fd7d25c96d4e8b24adf835c4d4ee198bffb7f76d15b34ea00,19184.71,0.004,74.1243
67d25ca2319fd1b6a873890360e985a79356c4f24ca40f870cc6c421b8a9687c,19180.0,0.004,74.1283
fe2b01bc3e9c884fc0aa7486b8b7ff46d0b3ca6e95a47f71598f3182c0916511,19161.99,0.004,74.1323
2aa735c7854609a9323c644c0e14ffab8d83a920c67929a232ac90b284637ab4,19145.4,0.004,74.1362
f1e0d8df159376a85abba88349b51262c3a3105ebfd9f1454c80f008a9e43dd8,19141.29,0.004,74.1402
d60d936df25358a97fbf96c8faa9092fdd01ae1d5e875072cfec4f545b9ec9c6,19137.01,0.004,74.1442
8a72c880198f314246a16f474dde825cf5011bd30f87d7cdfb6542afe17f26d7,19134.33,0.004,74.1481
e349a4d523f20b91ca19a7a296a5df6359dc9b1710fe5ec6a2eaff90d1fddcdd,19109.9,0.004,74.1521
ddb3f4c6dffd1b8ac8a55d496306fac6ac415e3595bbc840bc333b65fdd2025d,19108.72,0.004,74.156
f3377b1df01a4d77ade6091b3be13fd20aff85ca7613e7bcc6fd89a0d771c534,19106.45,0.004,74.16
226ce178605988ec010230a098a7beafb646cd18051ace51d990497796ef6ad4,19104.23,0.004,74.164
a4af209a25c5cb8a2607417ff13bd2ba065f0983a5c7ed72495832b12cab0937,19098.1,0.004,74.1679
9fb66e59bde39f294fa9b0a696af701c1ce9c7e7ae6384386056c61b22829210,19094.12,0.004,74.1719
23ff90b0ec04be85adc6cf4de3e53b432a7ecb49130ef0251e11266a4dd1ea40,19092.19,0.004,74.1758
47ca9b047b0d649c8e92e55d6d7619b7260f7f6627b5b861539187113cfbcb9e,19091.8,0.004,74.1798
d0c9b55d20582305ea4e1c12954715ae2c72a386031958492b3560b686efd34a,19086.76,0.004,74.1837
cd870db98dfdf3c414220ff693d01985abdff2b6632db8d79dc77968acea3a59,19084.86,0.004,74.1877
1ba83cba403fc03c6dd0a3fabfda8ddd78f080dfdba93c5908aec66c46319a19,19071.24,0.0039,74.1916
3067a5b61d84183253a62012991b4d8ff7bf3d61b8fc1c5e854493c62ffabdc8,19055.89,0.0039,74.1956
abd90754bf65a8bc6d05f07be0c52e2f07fb2c3949e986e7fae462638e9aabde,19051.53,0.0039,74.1995
06205991c3bfc8ed645ba8124ca47477c27a55c8a4199bc0e74afbe0b4f96865,19051.26,0.0039,74.2035
9a0ac32b3eede95e25df73d79136df639bcadeb8a4306b157d02d34b3c2b8d3f,19050.52,0.0039,74.2074
136a0dabcef1df3b92dab76781c1c0ac8a994c4453acfe19e845301e059bcaf7,19049.86,0.0039,74.2113
91a5fd3cc7351ff50b3cf078e077d887ba99398a218989789d4e6919be687265,19046.0,0.0039,74.2153
a308b713c5290514a2c51a1c2dccb3594cb3659779120714cfcad8530d4b1782,19043.76,0.0039,74.2192
e86589fc506eca8c2743f5593eaf96cc3c31a82a7eccf34f88a7f7101f71beed,19019.0,0.0039,74.2232
ac4483e6e9e45fd9c9be23a37bab8917ac46bf33e1e9a4d953a012ab06f38f07,19010.15,0.0039,74.2271
ea644091bac11f85cb67d80b31073c85a4b6d16ffd30cc1da08101fdb035633e,19008.52,0.0039,74.231
c6e6c9b623622f668d320f0e98b5b961312b4ff63a6c69b51394c87c16ec784c,19001.0,0.0039,74.235
b861354ad89d2fff8f78c9f2ded9c307fd31732660e5ad600eeedddf94956065,18999.51,0.0039,74.2389
598991d20d3d7f91b4c5e05927c37c5a2322ae817aee0bffd87ef9ae8735ac35,18994.41,0.0039,74.2428
197183b6afad57c98c3fbf94aefa90a705bd445c185d013ca6d11efcc978c487,18972.43,0.0039,74.2468
0636231efa94dab48af0f25097ba7cce2c48cfb2dc0c21b71bd48472b18a8ac8,18959.3,0.0039,74.2507
5ff240ff921c7e625c3af86d18b8ba8bc8c33c1f472cb84ad5388672376417c4,18954.4,0.0039,74.2546
1e5630927fd65d3db87417c21a4b213afea07da8e3b6b3285d88dcd514f8fd99,18933.2,0.0039,74.2585
8a203fed49ed8940ecc6655cc637c41a02d7595cff5d6a65387ae7b582961851,18907.78,0.0039,74.2625
20d0ae9b606a52c0c74d2124a8889bf736a1a313d69b3ba6897bc2a89cfa5254,18905.29,0.0039,74.2664
51c8dbd7608f53b1bf84b2b987b3e5fbd4693d571d37c674be67a7e3aab30dc3,18903.5,0.0039,74.2703
3cdc77e9429b8f9e6071e4b390e6d14f53beea69757aaed00466d86f20c04276,18900.0,0.0039,74.2742
cebf29097c0d5debb438a1d0dd7bba48e3885dbd33ea32ca009113ad4792e5d6,18897.18,0.0039,74.2781
94b9051acd126f3a80e1d64ffddce26c11e8823bcb2ca3a69177f280bdde4155,18893.81,0.0039,74.282
2d92fcc92c51dc459012fa91f94c0abc7a80d466913f803e3a178e3e7bf9dbd2,18892.44,0.0039,74.2859
1c0d31a217a2ab17aa13f1880a9178d7f7fff1f8c709a6ffb26c3a6d43264718,18883.4,0.0039,74.2899
6ecc92e880440cd8031c7388ed4c425888e6c642e29ae62659a8db57a43d9dee,18876.01,0.0039,74.2938
a902ad8afbcb34418cb8608d0924bd1a2ac20cfd7d37c389eef5a4d256ca5456,18872.5,0.0039,74.2977
168ad3c44b1503be6d372efac771fe5e3cfd7c568fd9e976d4e948f358ffab17,18872.32,0.0039,74.3016
78a914ce24af4c90deb7275506fca0d63f14e9f7efac2750f6f1404e47a993a6,18849.8,0.0039,74.3055
f33884011d89ebe528c150d1437889aef2e825763873bf861f7e9bdf6cb19267,18829.42,0.0039,74.3094
b66b6c44599c39f45d6efd3b39751f679037da2a7a7d9c81ea12faa86f780e1f,18823.82,0.0039,74.3133
f60132f653c31c439ae86a70312e180349d528e745671b2bcae083a8fda1186e,18820.7,0.0039,74.3172
83454038b65bff7b069220b4041a74601f82daa0f33f6add1d02d497ebae23d4,18817.8,0.0039,74.3211
9c267d4fba7c3ed658a757b11c209e4591bca22b36d8ca5cca3d7f777207a8c3,18814.21,0.0039,74.325
040c6521f14c038e29eee22ea24b9af416127f55f3a9b1a28b9fbc3b3f5ee176,18796.67,0.0039,74.3289
8dc1021270bfb441aabe4fa054a2e7e025c667ad63d4ab0783f48b770b49ea98,18794.0,0.0039,74.3328
40c49a421ec989f83eb0cf6adbcfb15b44662f494d1670bd0d49f7e2bd721bab,18792.47,0.0039,74.3366
937a9ee9ebf824d4f5de87de4482e8073d30b8a939f3c59000ed126745c6e544,18780.61,0.0039,74.3405
34769e6ed0748ebe00492f9dbc194c8895064a90a957fbe7ed2c438582b418a1,18775.35,0.0039,74.3444
949acf2895ff0769d0b7967698014335a76acdafccf49729888003c3228ffefa,18770.45,0.0039,74.3483
b68156934c2ade8e634b6b68e1090fd7229867f9d715426b3f03f3c93ec22cdb,18762.32,0.0039,74.3522
6f8761e65f6f0c01b0d1a8aa0d3800a51166f460e74d8e361fb89f0730f4f849,18762.23,0.0039,74.3561
cf81c15c99c81cf1410b30789f6a13f0e37238cbec4a5d37c948d57ffce650c5,18752.0,0.0039,74.36
c6c4cf2698fa5dc4f7653e12f4b20f795726ffd38d8c4e0ed548bc03e5247936,18741.48,0.0039,74.3638
fa0c8fa667b09de3c48a998c0f47d793837f336510450dea5732d07b9b3fdd2a,18731.77,0.0039,74.3677
9e530ca310b908fc394092858d8976f8c63a3e1d92f862fd3ff249a69f7e8a8b,18731.5,0.0039,74.3716
5d4877ff845ac16a9e77ecf1ce72cca1fa691809e921fe87ffc0dcb9498e7588,18725.37,0.0039,74.3755
237b77f0f6803b4aefba533e65998fd96198ea4788902a8c0736cd90df2a6147,18720.48,0.0039,74.3794
bd542cec77f1dad6618f8142877b688ed968e5761a9057379f90da228a4d96d1,18720.14,0.0039,74.3832
c067bcfe25d90167a0ee01e18bf541558b81a8054e388eb9e89a2467cb7ac3e2,18718.24,0.0039,74.3871
acfee24fcd32b584301084b3061983b49b71090467ea6697d3752acb02625004,18702.0,0.0039,74.391
0796dd8a76820eda96258e849199206303fca316359ec0c0057cebc3abeb53ed,18694.79,0.0039,74.3949
b969752aa4d337aa39b74f3a247e646578ac9fb27aa6f1e7630671c06e1f5016,18680.29,0.0039,74.3987
46dfdeda8178f5e536c3888b4547b3cbb89f8cef9ee8a049dc573df8ef4408b8,18672.93,0.0039,74.4026
ee0b064ad2901a73cbcda11c5f977ee2900fff708eb6010e704948486d62ded3,18653.09,0.0039,74.4065
a535d3816ee27284454ae636b917fb9c0dbf1b09dcb5e9fb8ff5d91c7cd74872,18650.54,0.0039,74.4103
3670693106214ba27fa3e44388562bca73bf40ca0ba4b767e8e33a22705af7a2,18647.87,0.0039,74.4142
a0208ba5ac6173fcd3c91b2f6a5abc64e837bf0fcbf0364db97f31a91ad8e1c8,18636.07,0.0039,74.418
9f968fa1f9fb38191d6299a3b1b5ddd2def34d35cd5b65eece364c4bde2db194,18628.18,0.0039,74.4219
cc10a7b3a3e64406757d1711509a6bd5add78fdd40ed24a0559ae188f94ce3ae,18625.5,0.0039,74.4257
36f817964b1ef56082c1f92ff9bce922de0f0ba0acc973155b1a4cfc5e6fa096,18618.72,0.0039,74.4296
51f5c4d57a4ea727cb53987b85c99be5da4281f57ffb866104cafd79f36d74f8,18609.46,0.0039,74.4335
5e55d1b91b3d11d21351c972be5c664f0ca8cbd8663e533dbd47808cbaf6ba5f,18608.29,0.0039,74.4373
dc7df33c391ba20045506ee3f819b1e55c97985491e709233695fe5f3dfc2987,18607.6,0.0039,74.4412
ea4c9025da429d353e53a5ed33867b3febe55bc40a2e311c87418523cdf00b88,18598.2,0.0039,74.445
cf5b0b378e5d27e4afac04891305a039d942351c1035ed822fefb7c05381d36c,18589.06,0.0038,74.4489
64c91626105cd1f27163ee40b5decea52b93d7e535594244f9aa6b70f7b41b76,18578.0,0.0038,74.4527
de94767f586c8ce812eb66c6aaef482796cc68bafd62880167262214617bce1d,18570.28,0.0038,74.4566
20b2902a4e2fcd38688359a68ae963a64304f08130fd60aa6d843dfe439b630b,18566.8,0.0038,74.4604
680216167141188511215afb5bb128bdd5fb497ff390c43b43d795db2b734ad6,18562.04,0.0038,74.4642
b7d14afcaa555789b43d65f87d500a526357b5e76275b39a3634a357ff2da5a6,18559.6,0.0038,74.4681
82eb1837d2263b1699b3c7ca8cb17756f8910dfb47da3f20c97d533af165d62e,18557.74,0.0038,74.4719
93f9e9723e99ccb950b0aa38879f4b34f1748cb653839f2786f67ceb485dda49,18551.0,0.0038,74.4758
7b2d70bfc780992b9055918085477dd75d114b1093f37e8f611193afbb22adf9,18548.2,0.0038,74.4796
5e2c0afb703627146864af7f9445a3247f19cc65b0634c14a22347cf6474d784,18533.3,0.0038,74.4835
9cff31cea33be4ba7ce633ede92150b22778fb2289f3fcc35b6dd2882803a0b0,18528.74,0.0038,74.4873
e872c7fd8ec1e75632ce088bf00db3feebf98db9d1b921c83f473c75fbe391c4,18524.38,0.0038,74.4911
08903313384e5ced978fc888f0ffc23f85ddfa94cfd1ddf51b615bfffddd6db2,18521.5,0.0038,74.495
fcf3e61d45d82dffb8bf5e0d31ec1a37334624db53e4b08407b5606a04b38231,18519.41,0.0038,74.4988
b72d8c84fbfe3706bb7deee79a02bd8c5204061f8184593f8e3e02dc87bc4ec2,18513.8,0.0038,74.5026
68cc5b72357ba2bce8d02616e4b7e0c4d8e13f272a177d01455f5b896ae3719f,18512.0,0.0038,74.5065
e13474e34956ae95c4c41a836a0ebdbc914581f166805db492b67f551c05eab2,18511.0,0.0038,74.5103
1376647059b773f05379b7a022f59af7c3937066f35b5ae88dacd0f540188e5e,18509.53,0.0038,74.5141
29f42de6b7adf4e21a26458ec15eaf32f5b9b05d161adff74486f04c0b9f0333,18489.19,0.0038,74.518
4cbdf89c0e90ba27f3b9c6b5d9049e830b80908e2bab3d7d84d23b7584174106,18486.0,0.0038,74.5218
0ce2e092871b923f959b601d347728f99ed390705ea04b4d9da191b82ec5e23c,18483.15,0.0038,74.5256
accea35e5c2caf9afa1f31472829f4b75cc0c48ca038ebb05ce18b4e1be88c74,18476.55,0.0038,74.5294
643a0e0d9f4432d62bc91d59aa99115b892a769e13bf7a23ea7e7955c8fdcb29,18475.88,0.0038,74.5333
b9c91dd0f47fafbcfecaed157cd950cbba683af3de6300cf3c5523a881254752,18473.62,0.0038,74.5371
8cf958a6e2d46ea7943f271e58801e91825d2fadf885a398e4211add611b4560,18473.56,0.0038,74.5409
61f878d395bb30f0cb9941e2a1d2ccee3dcf8ea71963b0b8cd5d65642f54170b,18472.8,0.0038,74.5447
589fcb5ddae039df4f9dc51cf30e7ae4ce1ce0b508df6f78354c4b3763a86a56,18469.92,0.0038,74.5486
57bcb58a8b901e2d99f90abb08bc3c248abf67204aea2e9f7a60e48044e59cd1,18440.4,0.0038,74.5524
b0981fa41b7abd6f7823e15e12cb37995821c63e5ea9121edebbbe109ec20245,18439.2,0.0038,74.5562
2e3078f5298aff3c308aa3d737bee7f400837f0d6d24005de6fd16a0f406dc48,18423.8,0.0038,74.56
5b0938db391470483a87ec629bb270ff4de3cdafbad48a7c7074150455de8675,18414.85,0.0038,74.5638
671e8c5168365f61ae0d7b2bccb6854331c3d1c23046d349f403f2df35a72990,18397.18,0.0038,74.5676
43d9f142764ef84bc3c2c46e202408f3b287a77bb436a89dbb3c5d89d0c0fa1f,18389.2,0.0038,74.5715
4d0af3b723165ce0b69a257535c23433ab3f512efd082c28be55aa8ad09d9f1e,18380.0,0.0038,74.5753
13d0e9e097979f8940142a32ec9ea4ffac16c2101505a694796c7c33079dff45,18373.63,0.0038,74.5791
bf3a017dee92b070fc2b3052ac5e37b782db2269d6604665bf6ffde11a92010a,18361.2,0.0038,74.5829
05bfb95529820fcd3e1ba038694c00c7f4cdb68d4cc2e40ab7b84ef130c37cf5,18357.76,0.0038,74.5867
d2a446c8928bda3845a07268c52720cfab0fffd94b1cc59db045ad0a4fd37c98,18355.69,0.0038,74.5905
06e89f8dfc5db6c981cf12a58ac38acfdd04b906bc4baf6b60d203ff4a08f08e,18351.55,0.0038,74.5943
ac1735dd3ad67615f6fb3b9e8207f762da9687a849b133914bba7992072323df,18340.35,0.0038,74.5981
2a4e4fc8036631c08caac687d2429b4f2d10a0573a6273c7f90f9d3fe86bb156,18326.3,0.0038,74.6019
7300ae03e8e5f96e9c97511e8e0eeab9cdf03c9e1b60d7ebb53b2f4637257cb3,18309.66,0.0038,74.6057
11b35bc3b3020fc6303386a2f4379704d1aaf163d7111982b5e54486363a4259,18307.32,0.0038,74.6094
de97b1e68c51f977b09b0edf91cc22e702a2bbf716bde4583129c6f791dabc7f,18296.55,0.0038,74.6132
b65f922a34ec8f3206e4e85f38701378ae85391a7c444a6dd274e829f5c67bab,18290.68,0.0038,74.617
977f71ed2d907fd4cbabd1a502741ace52d9b95ea914c27e3fa2087915ae7c43,18286.64,0.0038,74.6208
56cc84ab59f1cdfe9654069d760adac36dda878fc6a8f20bdfeee46fd7f13664,18285.0,0.0038,74.6246
6fe762dae85fd976ff3bee0fbd8262529d0c07f60777cb4d36bde5a6d1048e73,18281.16,0.0038,74.6284
52325cb3545f9e0fc2f48d0fcbeaff5d760a8fa1c690d3da1ce6ffbbc7323f82,18280.52,0.0038,74.6322
093499bf31763216e07d7b6f868e22d82e75b5d14f14907c1283eac0d0e97e8f,18273.6,0.0038,74.6359
08285cbd2b8ab7de88c0e31c0dd1d835f893164cec0248f9c94587e9ba888181,18259.82,0.0038,74.6397
968043edf1c3051b9b1bf36931fc4308e62019f952a684db5ece60c9f51ffafd,18252.0,0.0038,74.6435
34f40d4ed2c2e72015664706b355dc6ca3d13da9471b70657cbe73f9edf8997f,18247.2,0.0038,74.6473
9e08e86d0824943b8107459d3966d922649fe0e9304b103d82acd3cd75358fe4,18243.07,0.0038,74.6511
3a630b5a31a5704255e5a7ccb68faa8ac9c171b3f8c814c57ff8cd3da618eae0,18241.27,0.0038,74.6548
fde19c0ade3adee10e41cd6a82bd3eb42e3b9fd83eb0ba26b4b8771729a6a7c3,18239.9,0.0038,74.6586
97c0732c708b58e20b49e5fa807fb397401f7ecedc4abcff62d0b31728796fe6,18232.34,0.0038,74.6624
ae3f800724aa5f52b7f60052e2b0e971efa0936bbc1e798b6c212a37ce72abfc,18222.02,0.0038,74.6662
e2ebf91056a9a75c5efe914642b2c379d49275678cba3573b38c47853d637bd4,18221.9,0.0038,74.6699
207aa2b42937d410a55be98653bc5a83c8d69cefb0016815ecec7f00200ee6a4,18206.97,0.0038,74.6737
d04b5ffd814d5a96d63f18b92dd0b639f62ea76f3fc2f7cf8df6ddba94dd801c,18199.2,0.0038,74.6775
2f4b83e67282e8ffe4ee9970d2830b5b72f397ba3cf46d9ab2898a59c18fda5f,18196.0,0.0038,74.6812
1c3104097dbf66e9fed9946c23e56a45b2f79a4e2432ff61245d43f2c9fd6e7c,18187.0,0.0038,74.685
f3416962e5bbe449587b825a193f1ac2d7a571776e70f7e947585f81560e6511,18180.68,0.0038,74.6888
f7d530e80a2c37e681823af7124dcd5c7cf5a5f5b43caee0fe635b59c277cf23,18167.84,0.0038,74.6925
55fdaa3d4206f6d3d3110dd3e2f6f605765bdbc0f5e884faac70d06459a9e2e4,18156.84,0.0038,74.6963
50cc6effd037fd17432286f55c1afd325a66ad0098e23efc59b4e6692ce4a60b,18156.66,0.0038,74.7001
42bd76aeae0f29e8fc2dec254e67b42b34f448a755af7688bc0de66344bebbba,18150.55,0.0038,74.7038
313342624b3fb78bc0edff045cce8a74edcecf930b3d6991761512fd5e56cb28,18145.55,0.0038,74.7076
9bf8aefc3e6166bb1d1ca88912fecbb5f58ee8e8e1694777d22f2ab371a424b0,18142.59,0.0038,74.7113
82c3262957b02ea4d801dcdb8d7cb3c1d96d9feb3b1e9b83f1973548407f4d5f,18136.08,0.0038,74.7151
ead05297ffe9a4f830f0e969844627a9afe7e05c162c94c12c3056feb6921bda,18125.89,0.0038,74.7188
e65bc96936a876874d3aefe4a10118af74fb471909f50122758043e2b2ae2d91,18125.12,0.0038,74.7226
5d58e1c2fc5956821872ea795644d0dff7c873571ff359977343c3c0aab7da40,18124.28,0.0038,74.7264
e2f060d068226598d5183139f0d7f81d574e75fe23650bacd66c9485d6770ffa,18122.47,0.0038,74.7301
b89735b49dc517fee371ecd693808d7492e6c18c81182d24d724fe76ba2e1dd2,18121.25,0.0038,74.7339
36ebb1a9097f291eccc861dce3b561fd021a15ab59c351f60231147b82a6f075,18118.22,0.0038,74.7376
3b6a4a9b18b814ef5ccc84636acb95f09a9bbb7ca0ad65800727f616636ba18c,18111.55,0.0038,74.7414
2694c978551cf3354bc30bec8c347e621ad8f0127e531caba85a23c34f940378,18109.1,0.0038,74.7451
95e39d3916440d09a169ea4a00856a1713af8148c2c1ce2e678e4fe242879db5,18108.6,0.0037,74.7489
3f12f8ae5ff10891dbfc73d0c6031a62d75e1fbb428cfeab3bfdeda209c7dbca,18107.2,0.0037,74.7526
95d95ca757b29db26a707436e55e5c4bb8c1eeb13241293d978487c61be86fb1,18101.14,0.0037,74.7564
66670d9a0702316e22ceb622ea3c49bd384ad368c7cc9118e496112a75bb8a06,18101.1,0.0037,74.7601
f44c9f4d076ec156ba01aeec189fc670cd8b07d5cc8735d2cce0fe5aae14f686,18094.37,0.0037,74.7639
5fb5bfe20dab6acfd1bcf2701ebcc99421d5bfd15cd651a1410f9fd4424001dc,18089.6,0.0037,74.7676
d52db0b2aa32e1d786b51cf42783b9e1a0a21a24143b4615ff0808d674bb70cd,18076.51,0.0037,74.7713
d081b9ef50afd03c8e4415a9a3b40c667e43938f9316d2d46fee7d0389354b4d,18059.4,0.0037,74.7751
53b50981669a014bd12a19e3bcfaa4e6efd784559089d4756f324fcd4851e4e9,18055.8,0.0037,74.7788
c158f1e9002f130a2a9ef79b3e477c86c8f6ae7df776afb56f77bb73d7144b74,18044.2,0.0037,74.7826
0fbee3dd871656439d31b32824088a634c931b63f74e57030d667779d5dbe96a,18041.87,0.0037,74.7863
fbb7460938dff993a64684ee5efc3903b3659c89a43b07e7c5770884ef1c0911,18036.53,0.0037,74.79
496645fd7fc9302bc9955b4439722cdfd81a20b5eff797e5392e243f9cc86184,18031.96,0.0037,74.7938
005309dcd2cfb834ac9d2c7c1fe12bf73e158b8c9619a0fd3ddcbc5bc717954e,18022.25,0.0037,74.7975
997c6aab73bf1fda2fd98b80a17be812b4da629ce393883b8f62fa332c06dc3d,18014.27,0.0037,74.8012
ea87948f1c8401f6ca69c104a7a2b9d0b1a4a88abbfa8d13a4852b00964d31a2,18012.0,0.0037,74.805
2f30b8be597a00be327e98942772dec556974253000ea9b92d88f1bc8ac8cc85,18012.0,0.0037,74.8087
259859e4d29333bace6a0d2dfb97494ffb42117cfdae4b2020b61338d283b0f9,18002.71,0.0037,74.8124
97e2150cd6658428c1091157ce116f8fedde342f9b572675ef65a291afa57508,18000.0,0.0037,74.8161
cb7694c46c6856f362c9e7fa0227c845dc9d69b212888f6ee67579365c0219aa,17999.76,0.0037,74.8199
71179036cc6850bc6a8a4a343beed2de1315848e1622674d084388d236214b8a,17983.4,0.0037,74.8236
9364b8ea4f02c335effd16d7fa28b6c8ab02c9dee993861b99b49490661811c0,17963.12,0.0037,74.8273
b6f119e0fec8cea3d1ee50b2bd193bf5d6995b092b9605fd1db4aeaf8b7f0718,17959.0,0.0037,74.831
59a890e7161a161a7771c342cce9c0a6b782c31216e91327f2708f1187abbaa9,17955.64,0.0037,74.8347
4a7f7293105a840add6f71dfc849bbc64ef073af1b642f5def8a2ccc9e7a3611,17952.0,0.0037,74.8385
8da37c5aaf2bc3996f07f125e4e0f5031698035f96f3c7fff849d478c65b3a76,17952.0,0.0037,74.8422
6b85e455a9dd1d4114e04ea31831e08b9ac1163e1c65a36d0743004017436592,17946.0,0.0037,74.8459
795ceac3efd076b46cade52bd27ba0c6a59cebcd3a7b39c74f257a35d0d26bae,17945.2,0.0037,74.8496
f10c7d1e65638040b00bdb47e860a143ca44b750073b55ba3c426dbd3222782e,17943.5,0.0037,74.8533
ecb0dae796136241ebb09ca7f615f61010c38c91b3473075f1beae078b0d26c8,17936.0,0.0037,74.857
efc6141c573b3b5b39ace771ff84e7c5f9c31cf4248981f3c3c4fe91781ab7ac,17936.0,0.0037,74.8608
be59dec0d7a049a9bfe7c9fe7f0e812cb1ab32fba386dca63e048755c7720b04,17936.0,0.0037,74.8645
e43ade0aed24b8e893699187598ac2e802edef6e381ed0b2a615332f55c6b636,17936.0,0.0037,74.8682
1313156bb2e0bb61cfb70893a33642d371c2133521bc4bb30d57d40e63c17535,17936.0,0.0037,74.8719
768dd96dba09db8e70c392e5454787af22cb85f6266a27354eaf71a909df1c64,17935.1,0.0037,74.8756
40a84d78927d686d44d78fb53788231a65c036c1683f402ada3d01540b7d6023,17931.2,0.0037,74.8793
0ed9b4a15fb36cc604404936964353b4f73a1ee627162dc31a423dfa48c0e9c1,17920.0,0.0037,74.883
45525ac882da323ba1a8ea117edc9129aefd239b10774e1961e570f4a5217ec6,17918.6,0.0037,74.8867
d29809de87b32d6a666ca11e7da6f65a46581576c96cde49e95656cdc9f1737b,17911.81,0.0037,74.8905
dd34cbdaa38d9f7b78ca1e20c9b04ef9f33bd04ca7bda17f660a5dd7a53159ac,17902.43,0.0037,74.8942
a66648fa6dd600ab51e9899b76d5cf5b7ca1ca759c2bdccfb10e770ef95851eb,17851.9,0.0037,74.8979
8cf3be63502f5c3ae0c73e9ecdffe0caa7a6262736fbfd71a4c8fdbd2db2d140,17840.49,0.0037,74.9016
3ffb1cf03213f78229c9123831dfaf41242b0dc3b48a50aab3db85a2a1e4a87c,17836.01,0.0037,74.9053
818edd9ec8d46bb665c95e6529fffc34b3700a0f8aae327f6558c1b8868f0e1c,17832.95,0.0037,74.9089
7703da5da445485e796c154a18ea2de127d3fabb4ea0179794a332d9e38e7d92,17827.72,0.0037,74.9126
39b26be42afcbcbd99080a946caeacd8ce3d3305402e23cdb8bc21fc929b631d,17827.3,0.0037,74.9163
e08958afd06db9dda759c15bc547c445c0f5ec0e42303909aeb3cdb7694339c2,17815.98,0.0037,74.92
3a8862e9ba26019a74f362efec9fd2930282ac58c23897056034dc5a63243a48,17814.39,0.0037,74.9237
ada6f1dad61e1ab51f65ac8b7aa09251cdd267f423371267431a699cc16605c3,17808.57,0.0037,74.9274
67a231466e815bd5b2d2bb8bb3b768b225f91126acafd0ec931e32a7ac9716ae,17804.0,0.0037,74.9311
73c28507a19336e01d261eb639c2f1ede9570b995d40a0cd6cb51e4108180f90,17800.2,0.0037,74.9348
4235853eb579e14bbd447387e7e4bbb652953dd8cbcfad0fe9740ddc0b7c308a,17794.04,0.0037,74.9385
80bbde426a4818712efec915c75891331551b45035a43298fa94d929c266d0ae,17781.19,0.0037,74.9421
59f04d8169da6cb2544342d88fecff20bb4dd9493692402fd9b7e7d321137928,17767.77,0.0037,74.9458
a510fb933d82dc01ae20f1afae9ccae7035f267d98cd137e630d96fd3b6b6ad5,17766.09,0.0037,74.9495
a3ee2fae373b8a3bf908a076119ac6847d77fdbeabbc63a8ae719f51745c1d6c,17759.58,0.0037,74.9532
04d6ec06adc94b452c1feb8f60e4b4c70b85ba5f5864afbb86ae2db5eaaf53d0,17700.43,0.0037,74.9568
bab13030d2a4ce24139e8efa8a95012433128dd51d69cf55028d6b5f47968dba,17695.75,0.0037,74.9605
f3d67b7224f88ad93463b7d3257c5974536b7e7e3d1a6480f14752b66a3ec1f8,17676.0,0.0037,74.9642
6ed3c6633a27ef05d34e4a2e6b3887691730cb3288e34ea475bb9f3d118dc48f,17664.95,0.0037,74.9678
8ed9e9833642bc43c0cf51c5c7b48c645606a75e8c0fe617d246842af3eb4b4f,17645.92,0.0037,74.9715
0e1aeac51effcdf29cde3fb58f36e74f9e00afedd33d000ed2bc24eb50370049,17640.86,0.0037,74.9751
be5aa955fef032e0cd37c8fe56c7b94ff4164d685b75e92dac27709af9a28ff4,17632.56,0.0037,74.9788
cdf94b24d36bae2bb463b03bdb642fa53d1e38ea387f5fc6abf6a0a2da1cbbae,17623.99,0.0036,74.9824
7208a89b0aa70caa2b2c387fa611d9760febfe955a7813f427937999b5551645,17618.74,0.0036,74.9861
125c53fdf1e771c91a9d21935173720f58903761b437c5e7afa8176872626199,17616.13,0.0036,74.9897
885f1dcabdb8e148279a0ed0b342e7478ed4b78baa5e715cbb8855a407567f01,17612.51,0.0036,74.9934
5142a79655496e7e737bdb065f8bf9b9ac7cf36162cbe8dfaa123e5739f33350,17599.23,0.0036,74.997
301077a63e43d98ad893f721d705715017cfbcd3b16e2d7d9323304552a1dcf1,17577.38,0.0036,75.0007
d5363b63f3bd103da8ac0fe0672e1b1973870a547f26869f2416299660025fe7,17553.86,0.0036,75.0043
778b3aa0a2adebf67c33ff52e06c5dbac0d3009126055eec992d0e295302dcf9,17551.47,0.0036,75.0079
4f03be22253869b5ee9079ea6720adbebe416498aef333ccec474c312cf9fd90,17550.08,0.0036,75.0116
e06247957d7608d9c82c06850be78113426998f19b1921058386b74900f3ab72,17549.49,0.0036,75.0152
a0fe70a61be84cdc7c9fb2bd4a0bc8329a0f74d8fbfd69ada8bf3673df8e1959,17548.7,0.0036,75.0188
c4e61cb35046d3b6da09b47ab6445d87b1cbef4dca836b4dc949b7e9d81e7a30,17543.89,0.0036,75.0225
4c443177255c1e20e262188fad6fe7ccc2bc2b30bf945ac329fcd9b7733690f6,17543.07,0.0036,75.0261
22a1eae1eb1a42437f0ba25a4264befc1249ec2e746cb2172b9ee986849e4874,17536.0,0.0036,75.0297
4e5ac68c3c138fa787799655b27afa8b360856e497a69dbede4bee034cf2a95c,17533.94,0.0036,75.0334
e8f4cf5c732abaebff483b545cfe63f28b92be29293f234e7c4bf8d162680db6,17520.56,0.0036,75.037
eb697e886e44483d3a39ca573938ad5843a12558dd8daf527aa540ede6644bf8,17516.4,0.0036,75.0406
154905a05725f54372b4e610242f20a111bcbc76fe2a7217aa0c3872e07704c3,17512.26,0.0036,75.0442
ff2bca244ed82b072951735df511b7347ecb12c0eede713d9bf00d074fbbc17a,17499.0,0.0036,75.0479
e9e37eed962b1c595151e1b8ed3d3f153dfc7a098f577d7f3877effeebf1169e,17484.76,0.0036,75.0515
7462bb6c65897f5464e02e08458146bfd3741a47381a136a8d6184508595d9b5,17480.0,0.0036,75.0551
47f1445ad3227255f109bb198c46395daa6c73600a62556b36345a50077406fb,17475.9,0.0036,75.0587
f730dd54f15ad68299d3f30023153f55b8325c5dcd8c683eb2210fab55cfb0ac,17468.46,0.0036,75.0623
fe8fb7c85150bf45687b658bb384f96825c373a0b346e884742f7214753d1fb9,17453.15,0.0036,75.0659
28b4871e3e81e40fde03407e9670fe82aaa0c5cc6397ea8caac90217b23f8953,17449.4,0.0036,75.0696
6c18b31826b4937629f57d534ec77eee5668d31d4bb1b20d3188bb5fdc34a71d,17447.3,0.0036,75.0732
d935ba942cd014cc53bf13528f3e913ddf74e3d4fda10a725d92e65b64e27373,17445.57,0.0036,75.0768
a5c8d5ff813a394383b080cc70b01397974e568133e5bd6c72d6d48bc74fb42f,17442.2,0.0036,75.0804
b15e581040add4a4beaec0fcdf2935598d0b3bf2b5813f5e37d5aed77bdf99b1,17431.0,0.0036,75.084
002d3bc3d4be4463df356e5fc45bc3fdd843db27d61c2c9b8cb15786e3439187,17430.6,0.0036,75.0876
3508c5357cc668f40a949f051b736782df5af4fe84bf07eb04763db5e59620e9,17419.37,0.0036,75.0912
645b0f447d224ae9eaf1ea77fcb7a71a651a6bd0749aace9f68e12134c8710dc,17417.49,0.0036,75.0948
bca0ac649a95c595820d3259f1268e9f0ce961e5183bb2ff1f08c9a224219657,17409.24,0.0036,75.0984
e762bce17d2011e696870bed9cf9bfa1170c4a69bf11352ef958c7485dc54bb9,17407.44,0.0036,75.102
0e96ffc4fa3250eb70cd71c10ae1177111f6d1d569de7c4b4c7b8151ccdc79d6,17402.14,0.0036,75.1056
0c1e447c529a07ea9616e89ccceb1efd2fb457e3ad955c05ac39d755ddd33591,17398.01,0.0036,75.1092
4eb0ec0e9d02c29920232beb6955d4a3d9de63f225d9e1e111eea0dd027226db,17397.66,0.0036,75.1129
dbacac878cef2da68c719040f8c70e8354649ec7394a7d566f5e4b9ecfa45279,17389.9,0.0036,75.1165
9219dcd1995879d4661a262123fe27a95d08093ce8ac2f198a5ff50636048ed7,17383.0,0.0036,75.1201
677153547994a2bf608099f0dc64d624b8a1d8f3f9ff1da74a55807e63f4fb4f,17381.07,0.0036,75.1237
6428a40cd6b2efbc92d4d8ce488f0a8979be7cae0a191c0fe0f1553c6c96ea18,17374.51,0.0036,75.1273
7e049a6337a8383315e35694630ffd92c8e9fa5a95313441b7463d2cbb6c9d1c,17369.2,0.0036,75.1308
f689f8b067444f434e4c5fcd08581c1139a56174009e7b8a27e3429e8283f3bd,17366.06,0.0036,75.1344
b56cd62c79e46faf8b8627e1acbfafc56af5aee5e4e514ef85b12df9adfe2daa,17360.85,0.0036,75.138
466a3101f851e63a6f4714e7287fcaaf6f783460742915bca1acb355870801a6,17355.44,0.0036,75.1416
d78a5a6883fe1ba1d368db82ec67508349a4968c4e86fab3b18c564f71b865ba,17348.38,0.0036,75.1452
37b7f00707d3ba9b71e959f43797e1be812dfe334acf4f09e043888a6baf299d,17339.28,0.0036,75.1488
096536cd08d6649cf742d9a9508e0de48679a7f2767822c96d0afbc84138dd49,17338.96,0.0036,75.1524
b00c2d4b416a93857a2a3be9dd32064096ba906de88271c693e48e8fd42193f8,17336.95,0.0036,75.156
924e5cf862d22f05abae33d41b3995b546338a0cb0a57bbde64955641d8c0437,17324.57,0.0036,75.1596
3444f68e462d78c0158ac1d970e5d2641fbe84ff2b8df1c421b8ea7bd6464e9a,17312.0,0.0036,75.1632
604e02633b28290821aa1f6ee2fd80c7c0eecb8b1ff5e53d596fccea05a07005,17304.51,0.0036,75.1668
71c069ab9951ea149a90ad3d12b71bbe1f186f827106a48567db64fd9a4f38a7,17299.26,0.0036,75.1703
6fe0c3a46efaf0539eda5aba4e76e412c76a40b02477e2a9de04e36323637d90,17298.37,0.0036,75.1739
d102dfc862be140e55dfbc17c5b6244f27d9691e8c3b4a014513637451afd3e0,17294.73,0.0036,75.1775
d04776bb01ab9cdaac9a3a0c5ede0091c24deabdad1adbe0e551f68e8a4ced2d,17282.8,0.0036,75.1811
41a90f0b5ac35265b4878438ed8f45994d6298624edc8437f54739b40a6b6ef8,17276.32,0.0036,75.1847
79cbb593b449118fcb5a34afc7757285a0b0d0c7685d741d113f98f0dd7197ca,17275.2,0.0036,75.1882
0d38ed2e263d88b4f243a986f9a4937ec9776cc15ba80b9f46a4bdd6550fccc5,17268.0,0.0036,75.1918
c946ccca968a22a43421d87589abf1f4d104e40d4ac1405448eaf1dbc9bd4b26,17263.98,0.0036,75.1954
0d238b7593c0bd29bab223285eec35bb48ec2d938ea8b95dc2d571e4f5093e77,17262.58,0.0036,75.199
b7f07ef7d352e9949ddcc41638ba57d15839079a31e5584b13f028ca23f75cb5,17260.46,0.0036,75.2025
14f2211601b64b69c5fc12ec4f9ea278e4a64d5d01a5dea7a5a04af096f9eb86,17258.85,0.0036,75.2061
5925a6021a22eb01c1e3f41eb2db955aaa7fec4ce8168b0d2c53cb435c997ac1,17248.43,0.0036,75.2097
91879a9fde2d27ba990b6cb51b4a65e56791885041689b31c7ec88af18b3da23,17247.96,0.0036,75.2132
1fa2c8a86cfb75774a745da3032554d0804efd1dda50b0f2e762417c0062bceb,17245.31,0.0036,75.2168
dffd6974de4f33db4779e2ff368249cf060f1d6af2ded01862fa110483e39434,17244.04,0.0036,75.2204
465dc0efd34b99312c456acc965d28556276ed6b7d64da39f5b4fe0d8eef99df,17240.55,0.0036,75.224
7491d98e277a14e93accad6ae639fe0c674654e1a45b586f449feb70c2ae1913,17239.7,0.0036,75.2275
22632bc93fc20685d654ad7cd9e554e20023340abb80e79be52c2994efe2066c,17238.1,0.0036,75.2311
9f67f53c9be85974101cd0b7909520407f31a8b9008d19a91a50cabb42345c01,17233.45,0.0036,75.2347
ac98c79a88362d54feab08bb6faf382285871901b4045853fb64ced73dbf9ae7,17224.4,0.0036,75.2382
768f79cd23d7fe62ec6d9c4eecabcc6a7908b50c35186611c74f69a838c6eb79,17222.14,0.0036,75.2418
1d7ff8a2b8e41ef56246776e031da68e07c1e36e1d2abc596e9a5f0baf2c9446,17220.68,0.0036,75.2454
590c17a97193b28247c2ac0406fb27604e99d78a2a8054afa49f6f3f15f54602,17218.7,0.0036,75.2489
86c6c27bac05c071e0f752627e64aff3f99c1c77ef90aa7911f187c35e426f2f,17218.7,0.0036,75.2525
36c399de556590171f87f2351611d8b6816f171b385f6977cc00c8fa158220ce,17218.67,0.0036,75.2561
9ad70e3c3e1df94dd9d6c5ebe0bdfe2d35cbc31320bb01b8d2e41dd662c55318,17217.18,0.0036,75.2596
474c06419e2129ad33752f0e045dbb4e9c46ffa8dff1b8875cd267ce321e567f,17210.67,0.0036,75.2632
7360d84ea21d11a8e958b84817805f68bc3bb19bcaa681bf4f8c177700741ad0,17205.0,0.0036,75.2668
7f67da883c3d9813d8c1b4882346b04ca73d8307d96e376a9b889cab821aa44b,17204.0,0.0036,75.2703
97eb14ce8458f30606b09c9978836bb7ca16e885337badd2e59f66ebcdda6bc6,17202.63,0.0036,75.2739
2a01981271e8ddaec4a1c310dd735b4dad82c1b2339714b6ac4a0659053d7dc9,17195.9,0.0036,75.2774
0b508ae711aa95076d274ab763523c67d272915750121da6f2b8bfc61d6908aa,17188.7,0.0036,75.281
e50713212848e7984fc47598fd78bd88bb902edda13880b7c338db1755476454,17183.65,0.0036,75.2846
a7d2642a3ac15608482ed28e9080e285a76ccfb426483f1c0796a8a30d332f83,17178.75,0.0036,75.2881
219d2db5bb707ad64cc2f0a069beb3d5a51259be29a38a5601886e8df8407892,17178.0,0.0036,75.2917
e859ffb3a5d3ced98560e2a54b40811d3e8dc6189dcb16df86ca3453061923a3,17174.0,0.0036,75.2952
36deef49e85060ee64e0359f5ea9d0dbb1dd514a6d5093d75cc62f16560a4e89,17167.6,0.0036,75.2988
30211f0cde6166306ca41da8e5753257de6437b4a1089a1a5247de9547037589,17150.57,0.0036,75.3023
7940566fb8ef2f68d4d634f5d6124afd9d3500db26ebd8287e22f3877ccdb8b4,17146.65,0.0036,75.3059
0a7b7e8190976fafea3e28ac2ddf8c72e0ab4098f1d0e16c33478646e2f23ed1,17144.0,0.0036,75.3094
b477b122ba601b4af4ac56f55c08dae527dcc481f17625e5ab9b09ab58c4760a,17144.0,0.0036,75.313
482992e6f1f6186c56fa6d5728fc0701f76357f4a1ab3cea6f82f93822edea1b,17134.0,0.0035,75.3165
0373d7bb337ba7984d5a531d0d033745a638aa9531ce2270263449b945985216,17121.82,0.0035,75.3201
41a69403e5a79bbe061da954d3aa38067cad238d5f445f080e1186e45cd7d711,17119.42,0.0035,75.3236
62894892ec4be2b615a4f2dbaeb4cf2b510166087904695ca4f7169eebf9a836,17118.99,0.0035,75.3272
82de8be1d731f5511ee07f1b5c4cd594a733cf67f904611fa6c8d4c8aeaf4ce0,17105.21,0.0035,75.3307
649e04dc43968c7b10262724ee44cbc3fda66790d39e9fec4cd7810498341723,17105.0,0.0035,75.3343
f888e493746e73c84aac70d2403380065254ce044b97a00c8f0b6dd0d2cb6832,17101.24,0.0035,75.3378
1b950a5b82014d48c2a3f53b5b5a99d5aac9549d92f55dfed21c93caf248bf99,17100.97,0.0035,75.3413
e58a85bb2e3eb1c50760c287ed4803aa46a77da0a6f492971fc22ce651d54d48,17099.54,0.0035,75.3449
f7443855a09108108013539c472548bb285a2ef798cdcc6019bf9affd71136ad,17084.76,0.0035,75.3484
bc17d6da85bd4077e31f3651e0d77891c179b93134035b106f570562dee7dbae,17084.45,0.0035,75.352
a074af42074ae6e274d62330d5a2342575f311ad78e6f9e96ed4af51fb370b70,17058.0,0.0035,75.3555
81d8eb22817028511315b033ed3e2cb44df10354e5267a6c0728dcd3e3f40224,17054.6,0.0035,75.359
dd2d66d18283c515d275b3ba3dbe13cd5b66f6cd9900319ddc880772ba3141e2,17053.78,0.0035,75.3626
5c6ad6f03d4e15bd2e1a4fcfb123a06e4521161b5ecab1fe673106f165ed44dd,17050.15,0.0035,75.3661
86f33baffbf14407af1e18df258310fc582af8a1afbf8582cb384a932277b0c1,17048.0,0.0035,75.3696
c6a1d4080d34843585f10840651727343c042db3cfb79d157e6425d07ca8b71e,17047.7,0.0035,75.3731
091c192977e36380e426fa4bd7631d04a7a947d62521473d95c3614c82f4e300,17038.17,0.0035,75.3767
cd0ec916bcb78b861f1bea00d2a63524303b1aa89a848008c7a926f32e28e41b,17031.09,0.0035,75.3802
274c9302afa80c12c4ee09d9f0e3eb5a24d7be8ba1afa337f951a8ca4dce1c71,17025.6,0.0035,75.3837
5c0c82b21f07e422aa1365552e9f36889d7fa859eed0c0978f1eb39dbf77cb90,17023.84,0.0035,75.3872
2bdf256c14a6bd165cde706a2968508ed8c8227dc2bd7e54e353b2e494fd5f09,17022.05,0.0035,75.3908
b51b78b7121e505cb1c165741e24fd68bfd0aac5d0944ca5046b785d7544e293,17012.41,0.0035,75.3943
2615fd3fc116a83011d424339530b5ac7380b64fa61c1c2f82ae50f5307262e6,17009.7,0.0035,75.3978
eaf40a76c6503daa55ac6a6fb0e0c0ca68e3501217e7557609390a08089b0412,17009.63,0.0035,75.4013
e9bb0b1363fc7d72dea0a59f749eff92d1b03c918c72b858e42453d5809be680,17008.8,0.0035,75.4049
2a53e334c3b60a6a186af01fefd872b6827f0f8af83c4003807b15a10712f9b2,17008.27,0.0035,75.4084
767c9de5fab0e3c44d0334611ee5d6e074d24fea44c3e3abb0aa2c6d2006088d,17002.75,0.0035,75.4119
61f0dee77f417468129ec95db7e0ede82b0379b72212c5493f1e74459d72b6bc,17001.2,0.0035,75.4154
36994bc9f77d7d3c770d177d3db0cd4590a2bb309319689c7fa1c496b4c132c2,17000.0,0.0035,75.4189
e0226d5be3df5feb7281bb844a83a583a94ce126902b22c4634455454f19633d,16999.46,0.0035,75.4225
cdddbbf86d97b4c53e2cf6f3ef14e91a77cdc924306c6f8f5ab31319e29c1734,16992.62,0.0035,75.426
0c9b82bf22dba8f3454f583adc933687df351120d3aee97750c9592e5e2a7f22,16983.8,0.0035,75.4295
9b482bd2d16fb488d7eb7c36d76a3be73feffe60487fdc19199d33c13a4b52ec,16983.29,0.0035,75.433
fdaaa30610afc357d60f4270f9d45e34985c921ff939dda707ccdd548a06e263,16978.96,0.0035,75.4365
50ebf8dd8a6a7e451716d458b08e59fef426651310b88788d55f045236feebd9,16976.78,0.0035,75.4401
8ace69689ffb2852ece8cd45823aee23f75a22762469d6c7d4007bb6e128c4bb,16963.2,0.0035,75.4436
fd61dd1a403cf098934e6b802f976d5f4a944e9768daa1d455d46f5e151fe800,16955.74,0.0035,75.4471
355c3712529b668de9240285089d648ef84b3050fa6da238379691221f410fd0,16950.35,0.0035,75.4506
583f8936973a26760ce2599d8791847ffae68b85f87212ec45afcf8db891b4af,16946.8,0.0035,75.4541
74b32ca264cfe68cc3b26692bed7b42280c0f30927792ecfd032520f2c9587d9,16942.8,0.0035,75.4576
0948c5b099b09a486a689647f4455648709cc2ef5150eb9446f150a3c7b5711b,16939.92,0.0035,75.4611
c2a9e1408c4e06078753582cd260d198681d3d637657bf52b3e99473fcafeb17,16938.15,0.0035,75.4646
ddf8f816a583d14d731cc73522756dbb53055eba61f681de86823c5004f43b3e,16926.94,0.0035,75.4681
fff0471e971deca504e55f2a0db02f1c8aec7da25ab31cafccc41efc37e2e9f1,16923.23,0.0035,75.4716
0b4c04d63e3d89dcadc89ba70cc8ad74b69aada25f276643aef5e81e6057dbca,16922.22,0.0035,75.4751
3a7fff2fcf38d0f7be04ccb55a892315e827eafac6eb96155b2c40c8fea750cd,16912.94,0.0035,75.4786
a31ac40805ac8296823ec4e39590e2bdebb211638857ced8bd8e9702735bd818,16912.56,0.0035,75.4821
793a7c5e2c89d1a5851ac8c6c57d240a755d928804bb58317af669ec749138ef,16910.8,0.0035,75.4856
529347c65d299d5a85e756ccaf9717a64825b83d65b4d408621edb6bb8293d30,16889.8,0.0035,75.4891
9f782794f509d6f6d69cb8958c3c2bed50159486d00df31537714cf8f76a0bda,16868.2,0.0035,75.4926
143d98dcc970fd3fe67245772262f82669e383711fb10c0d417354a7c2f46e59,16865.12,0.0035,75.4961
092dcff30b11b47900ce461e180db03e7694eeec585bf013edd132228a060232,16864.6,0.0035,75.4996
4ec61f0bec37bba04d5f92e0bebbf7d974699b74acac1322597384cd08b487c7,16852.73,0.0035,75.5031
914315f04b495109035bd4c0c0ca6e3a6f7e706f02458f39d44f85ddaff9844f,16833.3,0.0035,75.5066
86d71c3ab261039bf96eab5337849d6b5d0337782b6b46828cea972f189c04c0,16830.9,0.0035,75.5101
6c7add4a47ea31dc15b8a891c16f2653b6c1e6be50272c8beaa71a75910b2ae3,16824.0,0.0035,75.5136
33e83f3db5f3a6e8a7b53e254986677bbc85cf194f9ae8ceb56eb5089c7207d5,16823.0,0.0035,75.517
6b8fe8b1c8661de7d412db12bb8f0d4f863266a12d5c36a1d977d4c8768635e4,16817.58,0.0035,75.5205
144db2d20fbd158ad85cad53660c2a714e6fb3b4dc670f2663651ebc0b8e4ddd,16809.39,0.0035,75.524
b9778ffa0e33b19df1889eaf94b1771afb7a626a15fdd73df9e7b5360f3f23a0,16804.8,0.0035,75.5275
413f6d9abe6a0a5dde69395d628bca72b9af37665aeca48b3c728faac5f0b2c5,16804.8,0.0035,75.531
2953c76a4fef523dccf488a0d134e1ffb46699541aa32a3ff92d9dd4ff3750e2,16803.8,0.0035,75.5344
4977d14c6bdb66d6001aff999ee96b28b289b8dc5b96e490f569f7bc8ffe3bcc,16800.8,0.0035,75.5379
44245f40eef5dd47fc044a6c73bc605d7f2faba333e56ba85ff3ee860b396c55,16797.21,0.0035,75.5414
f1bdeb1b5741c6a8c7f11bb2fde4052be9d1c5d983919a32efd6bf031dcfc850,16793.2,0.0035,75.5449
818a598940d8efb5e8b84581f0efad86f78830a25361e62504da16d626385725,16788.75,0.0035,75.5484
cc700cb74828c219f348606ec397697b8cc04603b323596e17f40ef9b2e710d4,16780.0,0.0035,75.5518
51a876858963338eb8afe1f7a2ace2fc9b4a7b2833253bec56ae64ef11320365,16779.84,0.0035,75.5553
c3734edc699185b87b6a958763c5dbabfe3c5a0b6961926e37185ede13e3af8e,16772.53,0.0035,75.5588
89ddb942f271fbd832f2a5e516616fa16a86e2b9f312ff91cea56e23310d0216,16772.4,0.0035,75.5623
55430a57303615976cd13917b75353bde62330518cfda51b71889c834139599a,16768.32,0.0035,75.5657
5943d9d1fe96286c6002cf2d6f14bcb2445f830fc04d36adc2c76f97fdd44890,16765.6,0.0035,75.5692
002d7057ed249da67e1c7a9280271e76c445fbff58aa35810c7a69ee7bd3c2df,16760.4,0.0035,75.5727
aaad1fbc22c8843b11a649c5a2282d10b0c021561508462db8cfeb337e56fb0c,16757.04,0.0035,75.5761
349c41201b62db851192665c504b350ff98c6b45fb62a8a2161f78b6534d8de9,16749.8,0.0035,75.5796
725d13485830a06acc3735a2d90bf6737655733993d9c672b2f3a5f5ba78bf81,16749.8,0.0035,75.5831
d44cd771b3967e570ab5a0770a26055f92f529ed6957ca12a2abc1b062f7ef88,16749.8,0.0035,75.5865
df6bfdcee746e2132c93e7f96b1d2ead408f803e4334b76a01594c3ce92e97ab,16748.8,0.0035,75.59
0609f5777dd4ab71c841f6eb2cfe01de1bf63d77e9869b3df60328caef889258,16748.8,0.0035,75.5935
25d3d5814608ade4d0ce3ad00d8e97d387aa25356b0e3e73b72e690b79190abc,16748.44,0.0035,75.597
07feed5109274913ff87236466e74210a6b0ff8516968b694aacd1f6f47f475b,16748.0,0.0035,75.6004
3b814e16ebd8fc2ae008c49f4ba96463af3f437c3641c557bcace17f2317d5f4,16742.66,0.0035,75.6039
ab433520cabe8daf9fd325077ae489b7608395932ec26870e1c756b6cb9e33be,16737.2,0.0035,75.6074
0657eb40def05c478b0e3a4d3b7f3da3c3c80ecfd7d8a6f64a75685691d987bf,16735.2,0.0035,75.6108
17e7b7d80f5cc44bb014edb55cd10868ac5586702fe55c9999f1b04805339c23,16734.28,0.0035,75.6143
205ac193b4511295cc55820873ef537bb9c23f20c1c24b0268d81036d2cefd3a,16724.12,0.0035,75.6177
a8c5b80c25e1e6462a8536a3d82c8e910916c5cb1826b4af1ab669d554d12728,16721.91,0.0035,75.6212
7f05e5cca23506ba39041dd51ab88146f3e54f774e8d867a8549cfa253f97325,16714.42,0.0035,75.6247
9435449e0bed52fc7924ef88b108ca94f77097604dacd94c01af107b0fad5fc6,16706.75,0.0035,75.6281
2252f0c72ccf50eb19558c74a6b78ef74305824353d70ebaca1bca0ab81373ab,16692.2,0.0035,75.6316
4c2cad980f2e1303371ca9d0931c63106df843405180978443cfce79651db8d7,16692.0,0.0035,75.635
abf586478f2be767f3cdc9a5aca2ad9d5f3811f905c87ccb51ef4e1996a1c1e8,16688.0,0.0035,75.6385
e32918aa83cbe9e67d8e3d89a4a11c5c87160c3451efc61b1857095de30b5d84,16688.0,0.0035,75.642
18c6f7656c75f82740828a7ff166f5d95def9894f86e0a9a332ffc4a7f91bb88,16678.61,0.0035,75.6454
1c55b6438080a8ae78862be4a4b12531343388896065c077c36452b1bcc8c811,16669.8,0.0035,75.6489
17d8415f15b02805ea7e59a900411ae974f858b23581750894d2b1f83f53aca7,16669.8,0.0035,75.6523
5b7c497edc0ed51257134b9e7bbf1b33e95cfba48ab7dc5e66e111109f94d388,16669.8,0.0035,75.6558
35f94619ffe8b5146b78034686ed1ca7a444eb9938d2a7b3ca1a9082a8955423,16669.7,0.0035,75.6592
6c778f2f6a8916ae196e94ffe55b5f5f31d7e9d63b5d290161d0bcb2d1a3e3af,16665.47,0.0035,75.6627
83082e4aa1cf8cb1b7e5439877efb1e6f759518ea2b4db121ad1eae415daa468,16663.96,0.0035,75.6661
f7d3b5fb12600a07a2a5d1904ddcaa47878f3e2fc1286b6fb3d6bb28e32954b3,16661.64,0.0035,75.6696
dcf3d4c8bbdbf76ec1555854cced337c4300ba6c03ec797e62a398b791ca0c81,16656.77,0.0034,75.673
08eea9da989beb250a3353ac266fefb35733c1292f73bd39165af4348ea1c255,16655.6,0.0034,75.6765
a12e26194c6441aab0ca2148a56b4ace77b3481326707fdea412080d328c90d5,16647.44,0.0034,75.6799
a1a57315af0421443e73ff39f4cc4afaabfb05e5c435fafd3504fd91ab223453,16646.16,0.0034,75.6834
0fac3067a4f8c371e525f5af01debcdb828685c5395714058d01d766051d4d28,16642.8,0.0034,75.6868
74b01bc0bbc76781b0f19994b33d1a7ef978649ecca70d78751f4e3363ef5574,16642.8,0.0034,75.6903
35d4bdff2526e90429c192d99c2b50d7e7024336dfbe18ac9029e5e432cdedb2,16639.2,0.0034,75.6937
9904aa26b93d494eaa1177628f021f48916b3f66815db4e896aae5356e91a7a8,16636.64,0.0034,75.6971
570934dfc7e7b82a01f593c4be55084b55d7f2f980c2b55b718ac72c5b3381b0,16633.2,0.0034,75.7006
eb07843c41532f1add1bcfb904e96971bdd8b7def55daaf7dedceb7f7f01c907,16633.2,0.0034,75.704
04656ad352515d9fd0b28ae267f2f46db9c0ab0a8f5498a8e4ad86608c0e3973,16632.68,0.0034,75.7075
63dc6aada4bae93c404c4e0115dbbf6306f5d0fccc6d8e023be27af39b7fcb72,16629.66,0.0034,75.7109
7872a3b4a1def35e99d861ad7c065b74479ad88c172332bfe9ad2d09663ebac2,16629.17,0.0034,75.7144
6cfa7424706d1b7ae1501adf5c099ca642e29009d7f0bfaa1a1fb6685219ac12,16613.3,0.0034,75.7178
8ce84a35dd7b593df51e7a45dc81afaca10ea4f3d6920068c0877032130ad707,16608.29,0.0034,75.7212
a0293bf53be0b2b74d233fff46593b09abd1a60b4a56fb5aeb8d692db5fa9597,16594.08,0.0034,75.7247
42a4cceeb39898824cd7bbc86071bf16d900bd95c2d91e667e543c6eb3e5a04a,16590.31,0.0034,75.7281
ce4c826901ab8ec15c72aa3fdbfc842bec87b65c67d312eba5ed017615cec6a6,16583.4,0.0034,75.7315
5a24621197533424f3b5cfd81c1a8a24442f7be49f794004c3233b650c473e8f,16576.06,0.0034,75.735
482c865c24434b79f76705f0b69fcc82ec0fe5117a82679846262df6ff84d8c4,16571.6,0.0034,75.7384
543adfb72c71f02d74a2c1eec761bfe8c7bf5c0ed908048543354431a69be76d,16569.29,0.0034,75.7418
fb4578a33bc9225f1f74c4dc2789f945b48fa5ae2cc85a166908ae5b5ea04ef4,16558.74,0.0034,75.7453
bf7e71b6dfac1680d741188dc54ab29b46f10b0ecbfdbd0e4b33ba0003ef1e8b,16552.7,0.0034,75.7487
4948ddf2db887d4a9ed9af74dd56e4c7c0573582c16de6bdb64ea14fb3dd0617,16546.8,0.0034,75.7521
8dfba8af774e7551980cf3a4054cf6f01464117b7ccc6d8db7a694a02f63796b,16546.4,0.0034,75.7556
925c8c7a8aeccb3dd6537f3ae84b5c0978c50caf6a967c5f497e0eb465bda66a,16546.15,0.0034,75.759
ec570f4c66087cae90cf18a8c7849f6d9b32f7c2dc17de3715787f2625ea4afe,16545.4,0.0034,75.7624
875ab499418a00158c38df2d393383467c372a9b17ff1f63cc877d6f8a52385f,16538.09,0.0034,75.7658
af50e01f900c2d5c2ffe34fda44aa2461b8160b9dd6900bdfab330d959d598a0,16536.8,0.0034,75.7693
58224a11b766e5cad6959c5baaa3837d4736ad763a246334db373c95299a52fc,16534.12,0.0034,75.7727
5cc34be622d69bc3a02cb1405d8736f0db9a451d9c03d0c2dffa3dae3a79d4bb,16533.53,0.0034,75.7761
cbc0cc19fe02c2432de9b28f86842cb72d1941a021f22d3b17f331ad57bd4a0e,16530.5,0.0034,75.7795
4afa3e7831b074ab7a0d89883c13fce0f1fbc75515ba780334fa54d70e9f21fd,16520.96,0.0034,75.7829
197690a88d27226db3392ef5320d3b694363422e39938b473c74dc81b48cb59a,16496.0,0.0034,75.7864
494aac6e2caa0ad1d285402e5f2a9e77af180a81e62411f94254bc7774c03fe7,16494.0,0.0034,75.7898
3112ebdb309cc15e8070adc05a2626b301d78ddb92037cf81259e43eb7c1fe3e,16490.2,0.0034,75.7932
10377a04d9bf7bfbc928e7b9fc494fdbdad7c128e243d288b72427288dd3fbe0,16489.01,0.0034,75.7966
ca62574db99d2e780baf25e83a5569102bacbf9ce6b4c8b84148d5d6dcb8081a,16486.17,0.0034,75.8
5db801ab49a68627bd650ee96146ffb2d64ea8de48a8c749386bd66a2c465d06,16483.0,0.0034,75.8034
7589791682041eed5742ce93a0c3323bcc8e728d401678eb8e9ea49674e738e4,16482.97,0.0034,75.8068
8a7050e7c3eb7e2c8e66c5c48e1f8454d966a6f2234a785954baad4fa2e3ab57,16478.8,0.0034,75.8103
53172c0af72b1bd7baa5232729fa3a0a20c2ad5edffdd0dd3e1612260d15d6fd,16477.36,0.0034,75.8137
33baa4e3ef383c00ed1e1e722ee7b3825d37f989a236b25f83766ae8e5439a0a,16475.03,0.0034,75.8171
030695e6c60bd89135848f3bf6c1d2784ffeeb65472e33e272de378951269dd1,16474.0,0.0034,75.8205
14b5e7e508cbb901e9bbb57a557329a4b6cfd377b1c17979ea61b84e4066b6ee,16468.16,0.0034,75.8239
9ebec1d8217659ebfa6cd658ab8f4d596772c4a33f96cdce4a4a1b49e34113f3,16464.36,0.0034,75.8273
d647827e1415bcfe6ac71d32bce7fbb20a209826972fd3505b20775bd7f31d66,16459.53,0.0034,75.8307
3040dd9d9e25112848656279ded1e724779f99e40c12a5c156daea7863b3cc22,16458.81,0.0034,75.8341
7823bc88467615e7c3abe61d7da237373dc4b750bfa5bc1c60d61bba3b2ef967,16453.2,0.0034,75.8375
d4915c30bd487eda3ea6131060c61fd67af63f105ce915f1929feaf6ff1937f0,16452.75,0.0034,75.8409
10e6b3c642e45c59dda1cf418d3dc727ad0591bf4094addd4871dd758eb52018,16448.8,0.0034,75.8444
5e04c307b7ab7b652a86830d2661b9e6a1011e857e8641cc44a973872fc92c70,16440.6,0.0034,75.8478
a34c1e4b676db6278ce1f932c6c6a9ad5c366ff53e493759e01907b966720cc9,16438.9,0.0034,75.8512
f5ed33b0da3dcc627d88543df9a5e09cc6f23922cbf68b009f2907f713bd38bf,16436.25,0.0034,75.8546
c22ba64f7cd80b46f3b9666305d554e25e914d2fc447356ebaa2bc92d180530a,16434.8,0.0034,75.858
6af6f0e607c8e8990a728ad036dc848c9bec4ca49d7566cd5748e1eff174685e,16434.8,0.0034,75.8614
7d0d6be7d304db051475d0802db31c15f8d621009f7ae719f43bf481792a0bf0,16434.8,0.0034,75.8648
37a88294d68fdcad0a8292bee384e96616f4f66d4ff7cd25668d017bf1c7fd1d,16434.8,0.0034,75.8682
3564bb708afcd421cf8979bff13e60b9f8fb8bb6b0848bf4571b5963d0b8bd4c,16434.8,0.0034,75.8716
4843bfbfb9a5f66e3ac6b05e9a27b6f370717826ed3d914c7f82c178fe70b668,16434.8,0.0034,75.875
5573ffc4d1243ffb10b966409c12cebe398e48b56a286ca7827268ee3d7f51e4,16434.8,0.0034,75.8784
3a326bcc40d04aff50766b82db609aa7e2fa7dd36d5a50340ec56602139f40a2,16434.03,0.0034,75.8818
51d570791ed5abab498943d30943474c8c527bf5afd84546e766d068ab46785e,16417.81,0.0034,75.8852
5e4946cea7b83d754a6cab5072f8450b5ec1f824bea175db512aa0614dd76f09,16417.79,0.0034,75.8886
af82b0b5c908163f85b43c706d1a6d92619e582d702ed47ea1c48f6b99c38db5,16416.98,0.0034,75.892
ea369ca3a6b4b18a88f0b68fdc0f3c476b95c7f736b055f49a04679a68e3f04e,16404.5,0.0034,75.8954
a3561cf88d150d2065dacdec815bd825c3504a1e1b5acffeb0b3077e13b68f67,16404.0,0.0034,75.8988
b27027a604f1300417ed722afbd148e15a8978ccf1ea0875125a790277101e7d,16403.6,0.0034,75.9022
2bb51345d3a9b6e5b194676a034dffeba0eea40607aa818411a1cd5dc8b7e3a5,16396.6,0.0034,75.9056
44e54bc00d69831a2bec61cfca1b00486f509fc4d5dd39f38d1bbb74862edf0f,16396.0,0.0034,75.909
e0d28e7cc33ccf50505e6feca7aa3971e2ba9dd45888a34c9630115719fd3932,16396.0,0.0034,75.9124
ede7e806cb7283b3b4c401a1e7377c0ec7c1fb369c8647faabdb6e1d84ab080a,16387.9,0.0034,75.9158
424d5fb4a78d04c944923c1c06232763eca9dda7dc471a08e88fae8bb20abe65,16386.15,0.0034,75.9192
2acf6c7f68b3d4e7338143715f2464c07f476fb2078ca8bd9314ad87082439f7,16380.04,0.0034,75.9225
47b05c14b8bf930dc5541740b808a94398f7d89becf672e01ec247d31a61f126,16375.48,0.0034,75.9259
b64b7421334c2cb6abaf2d87c9917ca61a5a247648d1f5ebb16b3433dcc401e3,16372.75,0.0034,75.9293
9908f1d6bcf9a7993e486be192a21a9c7450dc83db46034fbe86ddfd2d794c8b,16360.0,0.0034,75.9327
209d94cc39b08b9025cc1f7f18441b741c175f6f268c55b887d64577ee4c2a75,16353.36,0.0034,75.9361
91dfc9f1db3e6f315e8cdef39d954186ed9435c685160aef6c568b29a50bb7e5,16353.0,0.0034,75.9395
93bf80e4226c14cdebbd3e26396a8bf4840c230fea535dc3f5c3350ff1d14a23,16344.3,0.0034,75.9429
52ff21764adae8a296f7072e72a6bd472438a872b1832c9988ae0207d8939a4c,16338.58,0.0034,75.9463
8575f58db61f515c74cd196e11afeada36af0e061d960cf2f9188a02cbfc09bc,16328.93,0.0034,75.9496
4efd321bdb22f1e2eae546fe09d1a9fe43d66e25d5c85682b20eed326ec8d1f2,16325.96,0.0034,75.953
c81eeb9df18d26cd805501af954d8b9a2abf7d524fdcf65259c8de79a18d4b5d,16319.18,0.0034,75.9564
2001b6cd8f5e82f2b5c8bfee07063ee5f98619413d862c6a38c0ead4aefa0dba,16317.42,0.0034,75.9598
cd47c395243bdb40e0e196925cf51112106a4a8714cdbe8fa0786457875197aa,16304.91,0.0034,75.9632
5dfeeb67e906606afdd6d2d90da4e9f95809f27cbb9f473e76d4ac9f9dc78b65,16291.03,0.0034,75.9665
d0f055e3ed5aa3d4806d72a67f157e15f48f90400488936d4b62bb05b4c5cb63,16265.19,0.0034,75.9699
ce618f2813e4bb2a8af335671b7747757bff9aaf45d4b9eae6a9ad7ab08fbc12,16264.93,0.0034,75.9733
f83e3e09719bd64f2f8fa872631f78e440e02449368c636e2915e581610d5f81,16257.2,0.0034,75.9766
41bc777c55079c5f6ca5ecac721b065b38313365e04dd75ddac1423c8a6cf159,16239.48,0.0034,75.98
51c4b1c7665cf523c276011cbc135821695e8eb91d175f789e90f094a592b2aa,16239.35,0.0034,75.9834
81380ebe1847157521080e2e2f2c7c25fd29d074e3f5095106241db578ad6bb7,16236.0,0.0034,75.9867
c44283ed296b72c47001965daf3494f5fbfe5b75043d8236c482c0105daeccf1,16222.8,0.0034,75.9901
247844ff37148ad13aea9a4a582cdba0bb3c03b3bc7adeab74c6bec5c47b0b8a,16221.88,0.0034,75.9934
fe35907591696b6a53ef1010575751a6ff02c810b26a6738e718fbfab4af0e55,16220.56,0.0034,75.9968
551241a6e1e07dc250e9546dd5dfec88c791a2db3c19e49dfc2972ce5f4bebcf,16217.52,0.0034,76.0002
737f6c2ce520f3ec6403816019cb5a086d11b7db69a7217e91d51dd229d1e7d1,16217.42,0.0034,76.0035
c9c5cbaa8586d7b9f78dc285cb5244f4c323e70a227a9e5f8f42be030cd0cbe0,16207.8,0.0034,76.0069
7c4458aebb0d52ea46b7dffc1406c6dda61ab5dd41a18b494c14a86beedee83a,16202.1,0.0034,76.0102
1b070f32e66720cc6e7a7df9e5f6f6c861998332377c0b3e89688e1a9ea0e463,16202.1,0.0034,76.0136
d642822b369cd5e39817fc3335a9d06c12e345c3c0eea5028065f7d8580be7cb,16202.1,0.0034,76.0169
475afc53073ad398c1b27156aaf8509dadc10665a273c864e2083c82a35e983e,16202.1,0.0034,76.0203
45664682e6428f78d70ccba1f97033452f17c2c244c5c114388f0ac030120b18,16202.1,0.0034,76.0236
bdfe276bdbf57577c7eae1a5bd03a22278adf72e51d5ede1d54dbbad6ffb2898,16198.8,0.0034,76.027
bc9d7c502139d18f42f570fc3ceb05ba7f4ae6b0f519a1fb1713da6065a2a1d0,16196.0,0.0034,76.0304
a91ee90b4a59ee4392c410cd1a571dec71dd0bbf9127a560df578d6b10b8235f,16196.0,0.0034,76.0337
5e26e7741a05c8908b0ab5659928d1724f6ed01fc5a64594e169380bb17d5358,16193.67,0.0034,76.0371
f59ba47dc5a90b31ef402ee399720f04138ff49342df0064e1a3b55f8e37c5fb,16181.55,0.0034,76.0404
bdf256eb18049e6e0a2e0feeedfc0748402ae5894c0bfec94793457acf81e1ed,16171.4,0.0033,76.0438
2b80511a9f1a9a2cfe6437c53489c972358e3c5ba8cc39ffd78dd5d57f3a8877,16167.0,0.0033,76.0471
630d365fa5a61e9ece2bda1ebf80ee783fbe1f6be88da88bc3bfee32d7d22212,16167.0,0.0033,76.0505
e1d4f6e056e804053ff0dcbb73b71396f5671303b4330cc5adcb2b8337f66670,16167.0,0.0033,76.0538
cb20982f342541ae82d1a816084f38ce33390c3c75372b280a9502d884c35524,16158.2,0.0033,76.0571
0c3c887052698a582eed5191e28c33eb62fcaa1fe8e324ee597a94243b759bf5,16157.38,0.0033,76.0605
15e79925f8606399ff4a309826bdeb36d776969bf24897bd641d9ea84c1d0614,16156.45,0.0033,76.0638
6459fff2d13a69cb1280fbc7480eed293bcec4f3f1b84b49ecb5e79c619ad73e,16155.08,0.0033,76.0672
a5f5616464a9520a86a6581b27e0c44f8baaccee2ff7c18fb1895b6b24a97e97,16137.08,0.0033,76.0705
e3d2b5bd7098fe2bb7778cfcc977c2ec4e0824c223fae722ce410ae52e07ebb3,16136.8,0.0033,76.0739
483fbe05694d2bd3ac73636bebf846b612ed800b84571ea3057860e7efd9a1ae,16130.9,0.0033,76.0772
9e82303f2ba5dbdc2d034f08f1290b573defd50b5e1561d0a507ec34789cff6a,16127.76,0.0033,76.0805
f9e66d68ea8b7ee4728a002f60debe5a69819eaa8ef5e66b76a4121c88ff4119,16121.39,0.0033,76.0839
66bd0a6be7b7833d343de062da1e37530f52ca6ce590c1795595c32aa79d796d,16120.78,0.0033,76.0872
5cbc392f2feea8484ac681da0a46069bf81bdbe2a82341086cbb6a0b713b27d5,16112.0,0.0033,76.0906
009bab79a31551da6d5c7962a79e82b119f1366509006318af437fa197275314,16112.0,0.0033,76.0939
903890045e819a46381cd0437c553e6a176e88b51e35c73829818286547da5d5,16111.86,0.0033,76.0972
022b0ed4dc25f5cf5b8e5f81f7617f86ad34521f971c5c5088f3dbd5005bc757,16110.63,0.0033,76.1006
e98fb64c119b26e085a81b3a0ef20072dc3088067ae255e79f0708fdf5bae351,16110.19,0.0033,76.1039
a6f2a25d85c3b6d20ef9ac4431047029f04daa03dbb0052b1b9c5b20a45b0bb8,16101.0,0.0033,76.1072
97d546fb2f770be857b33186188f8603120d664268d4d613e7a2e371b0829f5d,16098.48,0.0033,76.1106
21d64e503cfa95fbbeee8f048c49bcf94362fe1c6ea0f51c935ec74e82870ecc,16096.0,0.0033,76.1139
65fcc80e8096499564cbf2a09c14adecd9f8bd7710cf2868436e88064fe73126,16096.0,0.0033,76.1172
c0531511fcfd2f19735034844e11ebe69369ac13923564c73ab4b4f2c80116aa,16096.0,0.0033,76.1206
c358989de0b6c823a1366327586dc1d7054d91499863e4851ab6f4d2329752b9,16096.0,0.0033,76.1239
b8f2538fd49391fd751c04202878a809c7b7789b42ca577e583598688e1e525d,16092.19,0.0033,76.1272
f2aed4e6b9ee75bd5f58234d83f00a22f74e2e38e4868ddb86e9de119984c309,16092.15,0.0033,76.1306
2746b86528b612e452fbc191063eafd7892ecb94a0a015865bc6f51584cf2375,16083.37,0.0033,76.1339
02eeeefe359bb981a91c290c212c81e869a979a791c3bd0ede605b8aa998b6e8,16083.35,0.0033,76.1372
7b10e2f1d18c1db8239240f9aa70958f37936075084adb1307a8e4f198a88ebc,16070.6,0.0033,76.1406
9c4e647175b8d24e82bd0fb03e60598e78ec483e064262821775405e75e82199,16044.4,0.0033,76.1439
3e36bcad990e18dfc8c200d64025e5447f4771456f8a8594b02636d77b44536e,16035.0,0.0033,76.1472
1d662d0bc9381c008567a0e47791d532033823c752587ab5b8c76c60b7c3eae4,16019.07,0.0033,76.1505
dd67659487d3e4b4026bb0fce6913f61faddc1653c21b20341d90c327e4b4229,16014.67,0.0033,76.1538
9330a2e5b50eb7ce7ef34af19d0265f2abd6815dcc6e929bceba3e20108963c0,16011.8,0.0033,76.1572
6e9ffd4c8b10ca51eeb921904f0a27ba368ecd356f21525933446e123953ce03,16010.1,0.0033,76.1605
926e4ed15d2d66f6d0942fde48bd611cdc373b33e070536c16f447502b51b3d3,16005.91,0.0033,76.1638
1ecf0fee91f7a446265c6f33c7c1fb3968fa3f3708c9da0bd5ad3d612f406278,16000.0,0.0033,76.1671
8b26f718f5abbe1234ec12d06db585cfd1f045e23b13b8f22895d34c82b5b0b9,15988.79,0.0033,76.1704
cea25ae319d9f3a05635d2b9b6bb9023ebd127f3362e6021277f39838c4ec94a,15971.25,0.0033,76.1737
502f453acb2c160d3529b14dfe2ae3dac8d2ebdc2204386736a61e3bf32a1577,15968.0,0.0033,76.177
44f8bd0ffe21857e60b15892e9b7050be8d1e920aff3d1215ed11f4050d4ca47,15964.0,0.0033,76.1803
b49fd92275ad2289311250d468349c0e301c2eafaa15c69451e1e939e29c4082,15964.0,0.0033,76.1836
a9a925b0c63cdf0e942ac1d8f689ecdcc4c8416eed1ac6af64ec3dffdc681bce,15955.6,0.0033,76.1869
33ac3ee39c72f11460b2ad319f3bd99133b62c4be6e8a203dc96bf30ec627c0c,15953.75,0.0033,76.1902
75aa361c1b3255e4d85739f9622d111ca77b35a426a6a31ab01ec3730588a3d9,15950.8,0.0033,76.1935
475fab63756b5449c8e7c2da08427ef935b9986b0a0a23d20f40db6ce42e925f,15948.62,0.0033,76.1968
121481dce49870457cad170b294dc1ada7348b3f9ea5ab0f270a729415a2d853,15935.0,0.0033,76.2001
07bbb357bfcbe95a98a1bec5d381fbf432529b242885e4f8b5e7eb38bb68b5cc,15935.0,0.0033,76.2034
0a33675c3dd15d24296eb071a46e7240c0c9557b97c02ef5e69b4ed648069bcf,15935.0,0.0033,76.2067
213519419089a392d5a46ca416662114a67aa30edf0877d4edb03687baaebd1d,15935.0,0.0033,76.21
a0978ff31d965b8da55eb95531c61b58f3e1a6816113a6fb7eba5b71f8fabc85,15935.0,0.0033,76.2133
efc2c694431fbab85385beddd6f205aa1c3acd2798e848f1a8759331c0f8a37b,15935.0,0.0033,76.2166
6e2d3a7757f57641de0ff50a565f85febba0eeb5f491e347002aff719a95cf46,15922.75,0.0033,76.2199
186595915a79c4042eeafd349d32d80303016f1837120bedcf514e4ec7f32354,15917.35,0.0033,76.2232
c60e2531069d760043cbb36969aeb5cb24f86fd779483a370ce2af110e6b6a4b,15916.0,0.0033,76.2265
1cd568875c4666242a26be8c487d0b0533baa7a4b1a941d5c9255efd18a2caf9,15914.4,0.0033,76.2298
322ab8c83d2cac3d1a5b6795e43c4f5afb9d834ad2ee851fb117b9b8c9012732,15912.87,0.0033,76.2331
a5fedd4f7ca7bc28cc837b8ea23e7c05caa6c0f3095b1fc38525dab82c7b17d6,15909.34,0.0033,76.2364
31c66d071a62485c615c32e092136c4374d9f694e87c8a294e2a98aad1c75d63,15905.5,0.0033,76.2397
1c41f9c6a588fa5eea9f66cee06fd36d84c42a12aa556ebd2fbb61ab2eaece83,15897.08,0.0033,76.243
3a9325355a46f737105e3ba1df976c76a06f4f1c2f003546519a24d9b431fcef,15896.0,0.0033,76.2463
d44f85a0ef7a6f11419c06a865e79ccc6c06c290ee2ec8e66a631474eb65056f,15892.42,0.0033,76.2496
390f92c323ce126010df0ee72e52e613502b83a4cb0c65e5551b1254a0e78d10,15892.0,0.0033,76.2529
fc72c98a6c2916c1bbf9f39fce094f5785bb6f1d656971520b660b2e8a760fe3,15887.08,0.0033,76.2562
a9637e9c59ea46188ad3ae9595d1a9e66e6e11ff6bbcb5b7c841b13dbca688da,15878.06,0.0033,76.2595
f3e055913a0b1eb0f07317896f9a1bc466b9a50db85a7f882f3ffde9ffb23aca,15867.68,0.0033,76.2627
07827293da3695cff1fbe09443f52662f0d6231c176a40f319fe0f0e1889b2ad,15848.5,0.0033,76.266
27b819f5ed86906203c97dc0acfbf9975c24c5f7eb084b5460609989b0537725,15829.85,0.0033,76.2693
cad295b3499ee74427a77409e23d5fea1a286f06a5de8cdc5a2053f86a16c416,15828.12,0.0033,76.2726
fb0e174a7284142efc6ec0e557f4f3b84a2d8f3026b4d09976380d715756b372,15816.83,0.0033,76.2759
48dd34289d9a62a104ec80710fa5aab7f58bab444a03177b73bdb7f581092e50,15814.0,0.0033,76.2791
a3f82532723acfbfb0616d6c2ee0e668b7610045a12ca997e6446b2e63c16781,15804.52,0.0033,76.2824
2ffed13a0ee7c108e1db113e2532022f8ae9e3b6e98998e10ed561dba2c812f2,15790.17,0.0033,76.2857
fc4328d289bff76432cceea8c8856ec76ed29e4822195b411e8d8853f75732d7,15788.0,0.0033,76.2889
0689fee5283cee67bb0205261f4ea8f63c905b1cc5318214f4e7b381989ffee8,15783.75,0.0033,76.2922
f89638d603d64ae233e10690b7fa7760d5421c1925899d82a64066bc5d31d718,15776.52,0.0033,76.2955
841029250550c78079e8512eb51a10e38b4fbd2eab6c9b362eee76ae4f3463a8,15766.4,0.0033,76.2987
6082569573d6ea96bec0ecee23e96e532a4c3ebf3a990a5278066057c6a33a03,15760.0,0.0033,76.302
1ff3e6f1cc4c613f88991e5f77771478bf928ec48597820a8a619d19dfdd6cb7,15759.43,0.0033,76.3053
87f68cb630cc381a3f080b0f6a525a7661ef186ad284a541e4946faac5fcd8dc,15759.0,0.0033,76.3085
529f951b64739ac49f4bd732fb4aef675c34fda5acedb8cc01d030cd3301c22c,15754.32,0.0033,76.3118
950a362c0e3bf9c60eb1543e0a1517f9834038c3b0b73c9d93e5cefbbae56d6e,15753.74,0.0033,76.3151
bde2a0293bf25c65a8125962f667a9690935aefcc17193bd99b522900ce747f3,15750.0,0.0033,76.3183
bba225ae0b6d7c0ba989fc0a504ef0223470c4f30ccb2236c2df8e89a095c4a2,15748.93,0.0033,76.3216
31486a448cd02ff5004a991eadcbccde92c1295f036e53f307e5f50d580c5fc8,15746.0,0.0033,76.3248
fd679b7a2af11006b778350cf6743867800cda934092b866c6aced0597e88059,15744.25,0.0033,76.3281
3f69f9457163bf6c121d04c4f302d1b8026131dfd13a43ec4a2dbc96c048b644,15719.05,0.0033,76.3314
b410e917300136378453f7a160957b0b7a8f0dde74879c5f2045567bf780c520,15714.24,0.0033,76.3346
53f86f8134ee6b7c058e6f3e767bc2d98d116a095007e351869169a5d100331e,15708.79,0.0033,76.3379
8113bf04722afc5794b63e8f10168c22bbc7c7e1334d895fe258a37d4d815626,15707.18,0.0033,76.3411
982704a4c7e865b0b76fd33d8ca1c2499c14f6148b1bc0ea2ad93fc8808ffd00,15694.25,0.0032,76.3444
1d1f784df7729603d8869fd1509e3bae90421052554cde9d05126c22e80dbf9e,15677.9,0.0032,76.3476
e6be4afc9204b01ede1b109545261994daea354b3817287bf5d9e42e237fefe1,15672.73,0.0032,76.3509
2799b5cfe79199b9af9aa2f5ec47c809da027736ed6a113cbc5361c166037293,15672.56,0.0032,76.3541
6a4264e63332b608717f50117f57468508ed2e269a7a4a256ae6f924b291c3d8,15670.1,0.0032,76.3573
f91f00516f6b9a94189afffbb649868bf5f25b2351444cc308527263315458e1,15660.37,0.0032,76.3606
bf5c5dee128fbb5911c93bb287fcfd6cc42e336c5747f3ce32f81cc05262f779,15658.19,0.0032,76.3638
5b4b5d05d24c00d08f5cfb18e6bc03835d1ac6163ae28fbc1724c9658e39e67e,15645.2,0.0032,76.3671
aab62ef1b800f21f3030981787e3190c91faf34efb5d86eec756c7df9c38c8d8,15644.36,0.0032,76.3703
af76567455478fa7bf84881c59935ea600d2acaeeaed4c4861815fbcba8d0c8f,15643.41,0.0032,76.3736
13288f7bb54b3fd3f0d1ed5f98adb58ffca22c932a6e2fac4f66b88b156467de,15642.61,0.0032,76.3768
86852f04602be5ef76ead3b39fe640bec335a3695936294be2d38a7a288ca478,15641.68,0.0032,76.38
38c53f59c73e6708bdbae554d277090ecb92a6fb0b7ccf219efdf322124f1516,15629.38,0.0032,76.3833
d98f2dc12a94015813ab21236ca03d5fc7e6d72fdd4e315b8a1327f1255aaf27,15622.84,0.0032,76.3865
a8d969c33aad93ad008c46ff9bd71af5f9134500b3e5c207ed0e3ea1dcd5b299,15612.85,0.0032,76.3897
f21152d0b4f97b41a780a31632368b993e50a596ce091ab60a49c6c925f44f87,15610.0,0.0032,76.393
ad8b139af23abd6ddebabe4bd5c4ebeee9ccc543ef3d2828e4f2ce3e0c6b2731,15606.72,0.0032,76.3962
761c7f1f16ef1608464e3d1cea43c9577e2a2be28be9ee40c604cb866c886c42,15603.56,0.0032,76.3994
925de5942bc9d6858ede6cd553446393eb7a3da9aaba4c4329e64a60632da834,15599.93,0.0032,76.4027
82788b06c49beb1d052d8e80e9e1ec530ad1b920da66c49bc461db369f93d739,15598.8,0.0032,76.4059
7cba9453f335a0da9985abe7cbefa6ff2f4f3d64d8288a966ef3cf52c2b53702,15587.32,0.0032,76.4091
0f8ce9491c1e1bee497bd7d3bfcbc6e97a02be08974984a5b165c5089a806e0e,15582.07,0.0032,76.4123
eccf2917552247530f008169350dc6cf74b6f0960683fddac308e2a3a89698f7,15564.9,0.0032,76.4156
43ecc19b5b75caa44fbb9b4de551597cdb74046c02fbdefe0c4a253f6195c127,15559.95,0.0032,76.4188
13ae2ff2a5ba7d794bc5bb4429f09b564d665c6f38055088d641391d4e6a354f,15554.6,0.0032,76.422
ff7c88124b1bfdb5f4e700e4d122298a6a2303847bd49ac06234a623a3f5a3da,15554.07,0.0032,76.4252
81bd503345dfb8700aea34d23e174f71f53550c323e6a8dc1636c397277bd0c7,15542.3,0.0032,76.4285
c2a6f5190eb1cc0377f806dba5499ab5f1bec9c91d67298fd8fe4ccf31fc56dd,15539.56,0.0032,76.4317
d23a2aa0c09132769a488d40424490c5fe378ea3bbd412ca610090dbbaaab46e,15531.54,0.0032,76.4349
76b0bbe38ddf89815a1c5f2f123ebd9c9c3250ae83e05e9b8eaa1d5363a847c0,15531.2,0.0032,76.4381
6b7b3f6823d6db1a259a918b1ee5b788489fde9b87e911aa8ba21cd3b95ffcb5,15527.27,0.0032,76.4413
7108e180a496992ef82b97330c45e13a16cd1882e79e52f44ebb5bc57953ffae,15507.9,0.0032,76.4445
09e8d635ba16a9e2c2d49183038e4eccde7cb565c4d0c501bc92d5862cbaae44,15506.03,0.0032,76.4477
9163e4b70a0154f52945792b74962933db96e213a16e5b7f4b1f161f3999c14c,15503.28,0.0032,76.451
862eb2bc7d0f7512470c6e48f1e1f99c48327ad0354b5012451b0219b174ff8e,15497.6,0.0032,76.4542
c53f7167143445edb781f997ddb3afa1c8afe00bdd97fa9f2eed0dec9055005c,15493.94,0.0032,76.4574
c6742f8a548d7a7e4053f3c25ef42b191e42ed00655e554fad249351f6a858b0,15493.4,0.0032,76.4606
5c3a3d2ea1c928859ad6a7e28fcaf53d2e9b1d886bf9398592c2d76ae7e7fdd8,15485.0,0.0032,76.4638
14a34ef3c581381e1394018c2cc01cc611ecd177510318f0b9454f08759569a6,15482.4,0.0032,76.467
152ed527e39dc2fc0a0b1faa52b49de3132988b9767db47d0ff155fc7d3aa139,15475.57,0.0032,76.4702
426ef8b7afc6a713fa0857e6a94309afb4d676e59487921ab2424a60632e85b8,15464.4,0.0032,76.4734
5c1f41891d015f782775cfe656f169c7b30fbff509ae0f6688cda8302345ebfd,15452.91,0.0032,76.4766
27c93c04943d06ee6730ea09e0eecdd4cf6d818f8f0e4d19418d32c4c65a2bfc,15444.38,0.0032,76.4798
28d88a335c9c085b4df618fbc0f88b63e50fcd5cfa57dc3941920ee0941d52fc,15438.32,0.0032,76.483
b051f53e6eea583faee9b6e301afa2b2864c2747536456b1bc364d1024aeb4e9,15437.65,0.0032,76.4862
7342907516acbe4d829438ca1c2fa708eeaa88c870f401b8d4d14dc18e7da6f3,15434.33,0.0032,76.4894
de7ab250616475a45940b23502ba4338088d9c2e5dcbf5191b5ad4ffba54456f,15424.88,0.0032,76.4926
01ebbbe36730190438b32f7daf25d6d00ec32d606d2cb5359b9b8a1a18e097cf,15422.8,0.0032,76.4958
4c18a82a343bcf6f1442ff6e4a08dd5a5f3822e38168c670aa9839efaa07d0ff,15422.43,0.0032,76.499
85bf4e3ffb689e2eeb86e03416f00bf45531a00bbe1d41f5ac23c463b8f2bed5,15422.4,0.0032,76.5022
7a3073217c019b8ead6eb458d93063c355ad07dc5c9d9043a56c0a9b2e774251,15415.44,0.0032,76.5054
4552f86ccdfe898d42901513b3fec1e1d7972986c975dae686ab6ed0a7e18996,15412.07,0.0032,76.5085
3e0090d94103004bc29018d2ff5bc0a9b232b5a0edd4327afe085cb500a2a1ab,15410.99,0.0032,76.5117
75c1e9dec457006312b4be32dba39fa4997dc136ca3ccaa9d2be3740e8a9ec59,15410.12,0.0032,76.5149
07aced832f94eebe5cb9dbfedc640d4dd1af62cd428e6b5c0e19034507c417d2,15402.56,0.0032,76.5181
7a36ff5fa13d1470e47cc55bc8a73d248680826f868c26b4a2e4e23860348e70,15394.79,0.0032,76.5213
3d10c79e72c8cdc0158ad8dc390c462274a476acaa9756ed7ca548755fdf89c3,15391.54,0.0032,76.5245
1c33534825247ef9ece253f4fbbf3c9d6121f7ca9ebc178fb96344880cdcf64a,15385.91,0.0032,76.5277
134a42023b0875744a8de32ff19184818e3c09ff25eb2dafdf31ef744a4c31ce,15385.13,0.0032,76.5309
6aa0d7bea2315ae5ead0c6ae141821eb0ed01f72510f18e521c32e6f17dd6217,15383.6,0.0032,76.534
7b81daf0258ccbe2677376eb4462ed80adcbae45d7d801ac7d2206bf221b8485,15368.37,0.0032,76.5372
8852de0fcc4e84a7143fc9651697164dc416719b2a5c369cc93d32fa8cd1234a,15364.35,0.0032,76.5404
b7cadb913fd88041df42dcb0f4e1d742a73561d5bf6b965f7c5b09b9145df465,15363.48,0.0032,76.5436
e69b029435bf057eaaab7891e7e4ff10505c87de9a95cd0da2a06b05cab7226d,15362.0,0.0032,76.5468
701466df94fc2077cbf032a0fe98f55fde675811c6dd42c0bbe6d9c887022265,15361.25,0.0032,76.55
1cbd7c635aa68d773b5c6a3216dce2abd157e9a6fde332d5e40ce93bf13a7a28,15348.63,0.0032,76.5531
92bd8701c8447781625da4f22c5cdbc87fc8c81d58a6c31c9bc0028c60174576,15344.92,0.0032,76.5563
b953925651d0320932d9b7b055e7320866a834fa81c6ded7332aa1b0ea6654ed,15342.0,0.0032,76.5595
1cee1542761aa02cbd56b6cceda22022c317ecec3d6b4e10ee35cb18186bd957,15335.18,0.0032,76.5627
71f0237743b9f18e67b43c66f01d183969325a9f63f4edeb1e638058b743005e,15334.62,0.0032,76.5658
29ec1008c8349c84477b9631b35b32f7ffd7320faad411aeda142454c14af79a,15327.6,0.0032,76.569
3e1d5db924b7a07a3d9df345307d4bc8f844cfd96be3e916d2291aea6f2a8868,15327.4,0.0032,76.5722
7a360754602a6db4b472bf123b9de4f83f7b24ad9ac26b3eb32add0dc75696dc,15324.3,0.0032,76.5754
1003e6b9c9a1f3e8db31aed528fc738cc624e19080c4ad0402e540b20a728063,15308.7,0.0032,76.5785
ee9734fbb35006cca0abe5152c66c9195a7d2fd1706ab3fff642e7c0e9f619b3,15302.81,0.0032,76.5817
92116086db3986e641f1a228178ac936757185ccab33e145fc565ac4fd4a264a,15300.0,0.0032,76.5849
a4743f5d8bdeef3c7856cb64403048dfeb99c7edb456a4df43eed13e925bae53,15297.84,0.0032,76.588
a471a3932853be7416ec125799d6c03fccd8492bc98472b419c75f8b21cec5a1,15296.0,0.0032,76.5912
889b69b42c4aebd4aa23b0db6640ebb734458f9dacff8ae5bcb29f8a1c7364b9,15296.0,0.0032,76.5944
91d3b9ae87297ef210daf47cc8f9097056e54d84057eab64b320b7230f07278d,15296.0,0.0032,76.5975
43af12253875d1c1e0e17802af03f10322bebae5829870275f5e108111181b00,15296.0,0.0032,76.6007
eb58586e451e919e7d8f5f516913e112eb87441fa4f1bdd06382bfea5686a03e,15296.0,0.0032,76.6039
f308f8ce8c1959058451303f507bc1b76115788175f492d12ef83a7cfca50b78,15296.0,0.0032,76.607
3dfe9d5ef24719f56928c0ab4f3d8b2efee52bb2027977eba50c78485c15b9fa,15296.0,0.0032,76.6102
3f7b73bd2917e18f746b47a987a68442f460a3aa00987855aa8fc7cd794196e1,15296.0,0.0032,76.6134
bc2e38b611ca40da9eb6701dd047e30b55dc94f3f1db0d429e4b1478ff8868a8,15296.0,0.0032,76.6165
b9a9d2c27e114f2491edb5d909ab37b9acec9eb7e458e8e3517bf392cf2eb11e,15296.0,0.0032,76.6197
b6d20701722ed2a1e3a92244ddc3b3156ecb8e46dfcba391b142309fd32eec0d,15296.0,0.0032,76.6229
b34ee3f92079ada8a33fe9b0be6577795cb8dcc302af51701178597ec431e0ee,15296.0,0.0032,76.626
bc303a54a7638566d86ab5d98f0f2fae57b6440e4d77ecd567f0ba91f4b747a2,15295.29,0.0032,76.6292
c5c770a5e231e5476e03801dbf430c3f88ac5ccd661a850830ac937fe527b26c,15292.9,0.0032,76.6324
4bfaa99ec32d9ee2c5e8973494d4ccdd5a6ff5d21ad8f5cd7f91a2abaf8a8049,15290.0,0.0032,76.6355
2a54b03c527f38439a22f3a0095fadfbc5994be0ff3541b9f448f8106e957cb8,15289.0,0.0032,76.6387
c15827ffe451e63bfd8958d898b6ec0b462932f179f5840a7296fcebd94af93c,15287.23,0.0032,76.6419
9e1cc7bce7a9ce1533ea9ecfea76ce07837d3c0723eab18d0a50bad0d1f7501d,15286.0,0.0032,76.645
04fdc45213fb06c9b72780f5ac1e7059efbe7673f2d641746decc1db34c352dc,15281.8,0.0032,76.6482
66fde4ecdc68cf0562f4290163498e9e1c27f8e2c78a4c72ddd8f6244afeb5e7,15281.05,0.0032,76.6514
c098caa6442691c2000377858e2da607489359984febf4101aa85b1f4e2355c3,15280.93,0.0032,76.6545
3186713e05ef521e9df484d9dae3ae2d5e4d5cf57cc6443f1af8fa2f3db0daba,15280.7,0.0032,76.6577
99fd62f939ba0b03beaff1db2a75abfff4f5c6c281fa7931b0d86de8866a79f3,15272.16,0.0032,76.6609
351361d25ba64fd14c07e2e5df2bad1b202931e0f1aeb86548a4fd034b648e34,15271.88,0.0032,76.664
de96c89232e754179311ee30ae010dc75a2695b3d771e2f0a10c14fc5de57c74,15265.85,0.0032,76.6672
0c5a84a842cddc2474b2e6d25827c42ae588aef8c4d3b73e00ab248ebdbaf8d7,15260.74,0.0032,76.6703
b7280740e883b76da648f8267903f1f1e6d441e4071dbf4bff41cd34a70c1acf,15251.8,0.0032,76.6735
82cafa76c83d10dd5c60e2be391333d4bb1dedf66c67375836f9f181f02eb197,15243.82,0.0032,76.6767
4a78da6e610f29e8f30f8e38015accb55c03d3b99ad0d50398d29e08bc1f9dda,15243.59,0.0032,76.6798
421921b162ab5ec0b572f0705456ae57743a68b3310bc524ed34b0f3c6e5059f,15241.13,0.0032,76.683
c77274fa7914928aac24b74b749f782928d279992899262f57878625f71b964a,15239.3,0.0032,76.6861
fc7d760dd8677c6ab9853ae1254c525ad5250e3071e4905fb6506a3469bf35e3,15236.85,0.0032,76.6893
22592335609ff225642c5948bf7f6880a970fb133710c8697a37c7465f05ad6b,15234.1,0.0032,76.6924
1ba305f75e344c19538a3d2c975caf4f9c75fa7d8cd7ad524d7dc61e9805ce6e,15231.5,0.0032,76.6956
efd9cbc0987fcd24f31ed651d3358b012234abed05c0e4d310adfa23c224ed16,15228.03,0.0032,76.6987
1e502d0cfb2c0412142fc42874b58df0a47152f52a80b31213748f0a4ec71c99,15227.58,0.0032,76.7019
32c5fc761679747b2dfbef9e3e1046ad37b7e0ef15290cb6cce63f78c96b9ddd,15214.12,0.0032,76.7051
dac5690be903fab61e8a43d43cef27171073fff06ca8c8b83ece7908a1f96aac,15209.19,0.0031,76.7082
f427ba60211699461aa4fc8f9cef38dfe9b6329b36f96d35ea968b6b3de8b71f,15198.15,0.0031,76.7114
bd453493e714348c328dd3d5b6eb9e10bc8f0b95b4f09e8007eab91ad3ea63e9,15194.43,0.0031,76.7145
2364096e0ce2f0801b35b341ffa19990130eb2f7e1eb8a5c5af5fc33048b829d,15194.26,0.0031,76.7176
7cbf6813c665b6b034736c238722a201ce45b679470bd08ec68614186c36958d,15194.0,0.0031,76.7208
7a588756c94e24afa80ed1da799c97113bb43a3d9f57f2cda18d176c53ab697b,15191.05,0.0031,76.7239
5725d1c3c67e7b259d2f0684bad1a49f556b715fc96fe442c1ee052c8a1ed9a5,15190.0,0.0031,76.7271
e74b8bd42c173d46a5d1f5902a07d21f6a674610657c31a62e3b471904aa3a3d,15184.33,0.0031,76.7302
a84595110e3179e1b5853d601aeb454337666e75eac075ff50593deb421e1e51,15182.18,0.0031,76.7334
800ac173de8dc8f3fc910d5473798fe9b244fd0aabeb706d0f10a20bf2f85814,15175.2,0.0031,76.7365
7dcc04309aa9dd6f3079cdf278fab231082613c59d166ea6d0110b47ff373d2f,15167.96,0.0031,76.7397
3dd1fd8c7c6d38c67319ddf3f62c82c8a8872eb32b22699e3f9c7962aad72f52,15164.55,0.0031,76.7428
bfc38c9d6b901d65ead2870b97ae0227a84c9a4e44dfae72a7be7a08ba97e25e,15162.79,0.0031,76.7459
e4f360fd7d8ded25bf33440c3f871835887d06c803d1b4a69cc77c06caf64338,15160.84,0.0031,76.7491
7c965e8048d556d3d9a70c549ac9198ec1c2daad6e562b2760e27b12c66ffd5d,15149.08,0.0031,76.7522
b9ac8160b123340c9b6dadb14094ca160682d5f162ec61260f4a184dd906d6e2,15147.45,0.0031,76.7553
242014caa5cd68a23ef52be9e71bcfb235cd074bf7eefc48f430ac478bdd70fa,15147.18,0.0031,76.7585
038aa0d779f8f23e2c98f9ae207a0cb84ac8cf4f706ab67f0fd115ec2cc0faf3,15146.16,0.0031,76.7616
f1cab0c48c7436ef45ae436190232d1fd56629d4b68c8d39790b932a7b9eda9a,15141.27,0.0031,76.7648
2cae207a899f6483838d4bf330b6f9d6b93259c4d52918e6ffe0d9c0d7f933f6,15139.76,0.0031,76.7679
bb7aa0ced6161f8d1ab16031370669dc074856e8f6c2f42f99973f5516816ec1,15135.76,0.0031,76.771
7faf7e4d3c2d3442b1de6b09c6f544ce594c675f77511392e36633241f79e31f,15133.45,0.0031,76.7742
c43c416106724c70cde9b7045372770c9e00faa83a96391584011e0964929aa9,15129.8,0.0031,76.7773
d5ea3e3ae13aee87bd6f8e40f20ba2fc3267d8eb9f261510c6441c6d9fd06e0d,15126.6,0.0031,76.7804
c1aded0908f5c69bea3e04e8ece81706b594212d9ca45a0a247a352fabfb7d33,15119.98,0.0031,76.7836
8f5806d0a0e1596e732299aa4fa43f9372619e9d41e706bcda36ce74835c6cbc,15118.0,0.0031,76.7867
f0d9020adefcc87f29bfb0bf8dab06da579e109bf9d9deea5e0775ae1bf154c7,15115.58,0.0031,76.7898
6213594c632cf0a43f4c591cb6159d1039285f86d31063600d283155696a4807,15108.17,0.0031,76.7929
732394c9545439bf5afb2bb367a14807ce1aa795f29ac844ac78d8c18657be99,15099.62,0.0031,76.7961
58e3dd17ac0829146909a2af1fda9573e3f262eecf51a707c944793d50e31fb9,15098.04,0.0031,76.7992
7c77d50e301b97b08ea934b199f44e86721cd0233adc5b18e30cd79126ecb799,15092.81,0.0031,76.8023
8fcb8ea72fc3dc75ac48335d2b9694ac4cd9f769bb217fbfddb1aa28ebd52a9e,15086.32,0.0031,76.8054
e61ded8b3c581dd8f531763e0a3fcc9c5805457a991df9264ed4606d491bfa8e,15085.93,0.0031,76.8086
d37b0113a0523816427293bd0946b244729bfe06c03579754a4b5c37280d42d7,15084.0,0.0031,76.8117
9210892f7fdacd8a511da4b8a3559313d7aa8ca21cefb938c3e710f4d08f8cf9,15078.87,0.0031,76.8148
6d6201c61d4d54a409969b8cfe46cd6bb06e7eaa87359f56e32f78f3d6aab46d,15073.62,0.0031,76.8179
756bab718530efc2681a689a7f3fcf99b611c1faa395a7cc6a9e50f91b466f24,15063.04,0.0031,76.8211
db6259d9306727cf4c7fcbb3ea0ca96cedc4ccfa6045af65771579885aa44718,15057.0,0.0031,76.8242
fb7f1812aa209159a2779fc5d8ef5f19a79da6ffd06e32b9cfe83b0d0fed0ea4,15057.0,0.0031,76.8273
a5ccbd0c4eda044d11e8619809238780b2ac5446069955ad40be7b48e1726e1f,15057.0,0.0031,76.8304
d59677a6aebab7fe0b4c678abfd692f184e0fe547af422c1961987a0fe469f64,15056.71,0.0031,76.8335
0ad77f38334e15b20a3ea19191f50e80f1d64d0d53496210c67afa40ae42831b,15038.2,0.0031,76.8366
7ce80776d56c21bec69fc9d3e746a40d899644df9fee9ef946d43efa76c5179a,15032.88,0.0031,76.8398
2938e59b13e69ac4c858781eb13567eae945f407518a18032d85e5f6eadc7f8a,15031.44,0.0031,76.8429
ff55844549f234f97eaf147a6944d83edd5d5e8abbb55ac91bb461717ec55e36,15028.0,0.0031,76.846
dec06b6c180a16a4253db0f13a23f7d1b61007b346f57a62b4b3c830f05d51ea,15028.0,0.0031,76.8491
e45d08ded6d9f04f3887875a330c5d6dde772fadb7fe51f1711671ee2ad64144,15028.0,0.0031,76.8522
8e57858ab42fef1ee804b572421beb315e9fb3bd562f10f2f1c9ccf0384e8d99,15028.0,0.0031,76.8553
4905723bb4b494992aa8606d9548b1aff8b902653bf5c9fc36d9abb792963e58,15028.0,0.0031,76.8584
c77758312df21a847a506f61fc8e7eb20bc05fc2834596ff9b485e47e837040a,15028.0,0.0031,76.8615
ea0ad003bc116de83e844b6b2c5c68fa504acdbad0b490b48dc9769b4cd22b3a,15027.0,0.0031,76.8647
c230cc78a02593d4653a30331e829dad3380b971a7be9677acc6c02bba5240bf,15025.93,0.0031,76.8678
b845cd8a088fa03d94903438884d96093a8cd4499798894465666d7ed3efbf47,15010.5,0.0031,76.8709
9ee7994d4e2466db86131b86c227eca4864ca8dd314109063872ef9be52e48cf,15007.44,0.0031,76.874
cde2a74b37de9199b031ba49b861ed218123051df6b81521d4c8bbe857970b14,14994.12,0.0031,76.8771
10956e7c92b2daa92a9cf571a02156652779bed97a4985edc89aa69bf3fc6624,14994.0,0.0031,76.8802
a4be517383c1f11682ac7bc2e30344f29b0bc4656461ab5bc13bc59f775a67f0,14986.55,0.0031,76.8833
bf9cd5dc516ef86e70149963786f94b3ad61153cb81115325831bef165faf842,14981.5,0.0031,76.8864
bd2319c044bb73f338282eb48c8f0d2dd6b13cf636bb5e7626ec3ba961030c9c,14981.5,0.0031,76.8895
751b42b24b07f66b33eb3078e84b414e6be381b0d7aceb0a679c99584480aa1c,14981.5,0.0031,76.8926
82c91e329463726e31ea19de9cb8b3ce6b9f17b8e2597ae85f5f2e7674bc038d,14979.59,0.0031,76.8957
ef474486b1a62d1629b1b863fe79c4c47bb923a21cf91998aec3b47eba161dc7,14977.6,0.0031,76.8988
13e35976fcd2a1feb71127c50f69cd6cbbeebfdadd62c51806401a8dd874461f,14971.62,0.0031,76.9019
e59878fb9036402e55c3582acdf8d378bacb5a63f7b072fbb649fbec544cb4a6,14968.0,0.0031,76.905
ea6f5ab4da16b487f34ca60ebbe9397bcb5c07d66789c4f3e6019e4b04e3c4f0,14967.73,0.0031,76.9081
3633212cfa96dba595e428b28c2f1004ffb3a47ed621f833120bda2884e7bccc,14963.78,0.0031,76.9112
893508a7c5027fff747a042b6807a0b923bab6de63a8cc92e919c98bbc053507,14962.5,0.0031,76.9143
125d771a4aa5298894fb800fd8c6cc1f948d198669900a19c84455833bc332a1,14941.65,0.0031,76.9174
9f8a7a998fbd6cef928d4188e1106a4eed7fca9c36d394decd0ade8290fd79fc,14940.6,0.0031,76.9205
900997b0169205c28fef4b5f46da5d613317d6286fbfce1e6e0cb203c3d5bd61,14938.0,0.0031,76.9236
d443e62e5312280d01948a3dcd94592d6b57cdaaf0694b617adc3af5dc6edbbd,14935.88,0.0031,76.9267
6db6c9e54a09a3f33da4de1c2a98c46cc2792cca15ce97a941f4d270aeb8359e,14933.67,0.0031,76.9298
805d4b9e32f7eb9e491ac122e7615b89e28cfa62913cd0213893eb66856f0bc1,14933.34,0.0031,76.9329
4a999fb95430a7c0579c81c5b6130755333240d40946da0f3b80ec98a483ffb1,14932.6,0.0031,76.936
654f5dd16b82d751738464d551b47ec8ca350f07c96fa5af857c7265728fac3f,14932.17,0.0031,76.939
78a0d33d7f3ac37fadf345b32e03a5f9f305c02b3d74f4b403759c6ac58be6ed,14929.8,0.0031,76.9421
1feab26f2e6f8c4e5dbfa749fe92826d4c03685b114970054151043e60452baf,14928.22,0.0031,76.9452
446d22d123b00b9210c895fff673e9d82c46440395c2b035faed04bc6d63721c,14926.92,0.0031,76.9483
700c2ae93869316cda463bc3942037248955f5297175d1794c247351bbd1d173,14926.87,0.0031,76.9514
416490c64ac58fe48edcce97e2915e011a40ac633fcabadde76ec2520e330b97,14926.54,0.0031,76.9545
33160680e867458de35fcca000a19bf61c7678d452b762dfb78133b4efc92493,14924.0,0.0031,76.9576
b4deb41fcce429cfce4735889ad04cce57c9f6503a5706dce1d7e6ec9df3be37,14920.15,0.0031,76.9607
7ec8e8518ecf404ac7c9862cca4ec7a59dc2e8e4f147a3b09c7b1c1546c9f94d,14915.62,0.0031,76.9638
33867efcf873f0d247e6f53753c22943cd32ae9009e5b52838eeff7b6e168740,14914.4,0.0031,76.9669
9060c3433805d7c6c5ac352fb445803ada3da5573c8e0ba56f70fdc46230c4a3,14898.56,0.0031,76.9699
29d37246153cc2e227ec8d27079d903aa8566539dc455c8ddee55fc611576321,14891.8,0.0031,76.973
e00378d7227a38a2113b4bcd988cc0bd42f007d9de07b8d73e49c14f532717b4,14879.69,0.0031,76.9761
bd07bec82e622a3cae0c665baa74cc6d188cb89fd53b4bd87331b3bd01d2ccf6,14871.29,0.0031,76.9792
780856d5234ced9804c0943ed1f013be904fe61618f613869158358ecdcc5abc,14870.78,0.0031,76.9823
93a62af61f56a5f1ef17ecea82c996540c1db33eece57a599d1cf813099e34d9,14864.8,0.0031,76.9853
6db3e16c17015278c6adeaae521e202f90c45a8b5d578a40686d20639420aad1,14863.92,0.0031,76.9884
1fbc7e47ade320dbfdf8c882050b38ad85f597504507e88bcf8a717286d9c842,14859.84,0.0031,76.9915
39bbd154f35cdc10200935f8292c4493b91221867e3021a8f900b36bf44fee1f,14856.33,0.0031,76.9946
bc92841f7a091935a298ac23d6eee5000717d6be03610ba797bd6485aff796ee,14851.71,0.0031,76.9977
8e7c6cf6f6f2c51362df5f20cb20298d9a8d3739c1b0ec613c70370a5944b318,14841.0,0.0031,77.0007
ab8b8d1afa91160b6f8f33d0f8b8bdf862d1d3d8f90fe432ebb98cc92af93630,14840.65,0.0031,77.0038
7c6f46328fb84556e21c99ea3a756dbf8909708423cfaed2b1918d56dfccd9fd,14835.8,0.0031,77.0069
a7f8b7e87727145f57d382ffd9f9f28210484ba080eb0abf7dc47c3d962d4afc,14835.12,0.0031,77.0099
597d6208386ecb0335ed79a0fb6010de1b638cb2910f5c52af4638b4089abdb4,14824.02,0.0031,77.013
3a4385c1ff3a5d0cf214df054e869d1c7fa48a96ca9c2b933b49485bf559e1f7,14820.42,0.0031,77.0161
56a1f25410f5a4329909684b239fd089c4ee7a7bdb898d1cbab755facf718a70,14810.2,0.0031,77.0191
02a27cd3f8525eb66927166a6bef3192e90ff492137104e1a08a0420cd29240d,14806.76,0.0031,77.0222
fe8667568f1f134e673ca6be47cc6ace268a2f570abad6f3361d75f94b582c01,14801.44,0.0031,77.0253
f3ab61298a9deceaf09072ac35934b2c5c3ada1e9abc30daded369067a7a748e,14801.35,0.0031,77.0283
7921d0865fe80c104263bb0f3dad51bec7db604351e6fd51673d53d3a4e2feee,14799.8,0.0031,77.0314
1a0e5d88fc3d75014ca9884c0eef36d99c378ff44ab82e02393550f8804b697f,14796.99,0.0031,77.0345
057ac580bac119aa0e5b8ada942789c2956376e68f7a1ef0550e1f27baa38bfa,14795.93,0.0031,77.0375
f42f51374695711092b18aae4c5241fe240ddaf0a5ec8cc0e7b7d53b427d1688,14792.4,0.0031,77.0406
a05646931faf38ea663d80e379ee2162edbb7cf8d7156b12ad1088cc4ce20513,14787.16,0.0031,77.0437
413ebf70a7ae5d257a88a895d2a191ca67e0ad93abf9020c4a7ed6428e897607,14783.01,0.0031,77.0467
77e0938113ce1d5a3bba00ef4952617f3b6d24b319442e178329983fe46a9c83,14781.41,0.0031,77.0498
f841a8a9147d28889c7ba19a2ab821ff20d1fe90d0bd37dac4913baf2442528a,14780.0,0.0031,77.0528
4a197d7be23f263dc423c59fa6c0a49e15aeae63c68505e183ab237bc0373a72,14776.3,0.0031,77.0559
83c9699b83281ebdc6da47c46ea4e9784bc4cfdeab07f5f64ecfc1e0f57bdba9,14775.0,0.0031,77.059
d41c71bc29bc59d357f1fa8dd1274ad4ff2b22471c3d787ff6da6f998144aecf,14770.8,0.0031,77.062
a92021f35155b7bcf32618d879bf17a5fb0912996a57b71a319008e5a13ebee8,14770.8,0.0031,77.0651
197f60e75a089e26031b95e6142c262f78e5e04468627b1edaedcad985d9994d,14768.55,0.0031,77.0681
33a7414f44e0b946abe595ed856b98e93aa10276468eb52b46b4731e952eedcd,14765.98,0.0031,77.0712
654b94bd36b2220c405d828f66a9165b79b35c3b5a0d28e32cbf5f91a255ff36,14746.76,0.0031,77.0743
8e17abd21b68657b24da96526e682abd80d0cb0124c47ba7cefa7b24b09a682e,14741.8,0.0031,77.0773
99b555aac4e86f5f60d49fe836578a9c2e2fb7431ec1089b76985d8d597f2b16,14741.14,0.0031,77.0804
9cf8ff1d6a83fb6f471dcdc56ee955d088aff2db32250fa54a03ffad0174d60a,14735.72,0.0031,77.0834
5b92b3c311f80fbea7e1db3b0fc75699f2c97b31d499d056b45e54eaf02fab6d,14735.6,0.0031,77.0865
e78dcd2ab23bdc60f1f97aced1140b43d2cc47daee343654dc53e8672c74b1f5,14732.7,0.0031,77.0895
9084dc2d2574296a0d7215c1c0c7b15a27eb06b53d6924c02624a5072b63885f,14731.0,0.0031,77.0926
c99ee49bf5723dec204f264d78fb196bfee26698883748474c8507dd07801faa,14726.64,0.003,77.0956
75565b9d599f320046f1a3f4c7a505173a802979a05e9fc1f27979c1b172b78f,14714.85,0.003,77.0987
515a5085127d655ee9ab461212ddc758494a07ad583bd012543f7177b94fb6ae,14712.91,0.003,77.1017
d6a3fae18d9542b7350ae1b5df40b1688736cf3c2fe25d87813ef9e308ce4e20,14704.73,0.003,77.1048
a842dee4663fe85d94a7a8e82626fbc07992a2301467909e24c5f6744582b61b,14703.7,0.003,77.1078
5034d7a8d1c642e972896bef135af81205479f5e277c6289474ec268c87c2270,14703.57,0.003,77.1108
0f871ae5d15cdc36873c126ed97c4658c7a25fb0020d5471c92913dd086d889f,14693.45,0.003,77.1139
53f2018882c9732f113f912420bf26cb3793604655e3d58178b8165962b074a4,14685.4,0.003,77.1169
909d11faf663cb49f3ca461a5802548731b3a2689c972c6db02d7fce27115a24,14682.66,0.003,77.12
8df695ceac8956aa62cf4907f5ccf32623d0a6852cdd6948abbb6af8b3f7cc15,14680.2,0.003,77.123
6a1a7601fac958ee967c73fe19315db8f6cdc3f1cd8370056618e6bda90a0569,14676.52,0.003,77.126
a4743791ce64b04b4bd0e876886d8e4fd3a368569224c502876b4a350bc64431,14676.0,0.003,77.1291
4059689bfb3f3590382e7f62188aa74ab85053022c443a25da1dc3051a6b9f2b,14672.0,0.003,77.1321
2b293d09b726954032706d3e8d508e68d5786d821eb2c4ba1c8e0e5266a146be,14669.75,0.003,77.1352
81b48fadf7247d60588a8bc69e36007180234cd023d7ce5f565028cde51ac5b4,14665.8,0.003,77.1382
afd679cd3f9a81fd9ce02e6434a24f848937f09909fabcc3b3781e06036e284c,14663.6,0.003,77.1412
da8fb24215b4c219bd8799098dde0b3ccc4f1b290e80b8e9ee880398962c8939,14661.3,0.003,77.1443
c83827b52fd01f084e7dea058dd19f738d9eea3daa4d2587f022a48e0d1bf84b,14659.64,0.003,77.1473
207e31b86d2ca15ee5494ab7e4741a1d12b1931dd901b8aba39ef4e888e7fb32,14659.23,0.003,77.1503
dbf25b05a7e4e5a840a44165b52380723da095e46269964ae2fd867048c0260d,14658.42,0.003,77.1534
d467ec15da1815a6919df0514545ba244c9234da7fbb60b09e6a5c85764062e9,14650.56,0.003,77.1564
d3b3eb6ab1f944715f29f61cb98724c7ad576a34eed5655e69dd203b5b93b151,14645.04,0.003,77.1594
c145d8692cd6ea465c7986101d564b46616e76d48ad01f16a5d6f6c1df607983,14642.2,0.003,77.1625
d21ff4e4c7620a18eceb1c7c4adeadd4cee6a4cfe9317be65c2aa376419bd1b7,14641.87,0.003,77.1655
b67e586be3173ec59b289b09115bb34c1f00bd0c62e5aacb180fce1c15878f0c,14640.69,0.003,77.1685
84a1a1298c7655ae813847e6071d5903073b6ef8f51d8bd955385f13845c57cb,14634.9,0.003,77.1716
24089d34c340b043e2d4695d716887c2271031220e46e8932933cd2336b62a05,14626.4,0.003,77.1746
f31c9090f0721df074820160e82c6a0b78750e90b694505353741f7d1e02e7d1,14615.96,0.003,77.1776
0d220ef13b7a81854f3d33a5d81ad224cb503c1faf094eb0260d3cf9732bc0e2,14615.72,0.003,77.1806
04e48ac7521e8b8d522479979ebeaa5c972633d5b282106824320d0fd71d949f,14606.6,0.003,77.1837
60593f11be801824c606118647a650b176e09561ddf59598ae8a66890716debc,14601.99,0.003,77.1867
9856d5d00bee7ef321975de3e7065ca3804522de6dfd526ec4e393bb9e567f5f,14600.0,0.003,77.1897
f33d8fd78e7ad25c46fe8d093e68f05e6463996479d9aae5cda9d62c70c6668c,14596.0,0.003,77.1927
dc9169eeea78b3c1b1d5e4dd103a64f032b1b082b05c868f1408a1673563b955,14593.79,0.003,77.1958
f9ae5162e26a04416819a24fb7638b661ed82bdbadb2dea49712f6f236aed302,14589.0,0.003,77.1988
af7bb08d993207dce01d6e58626652c95f01d6836cf788bc7e7cedbbaeefb2a5,14586.14,0.003,77.2018
d8e2de61fea49fcf7161c491b2ea2acdf97f9a870b8e38d4a8e010b5e4f38dce,14584.72,0.003,77.2048
968207a46f57d3660cb0e19e892fc109a1d93ffac9ece2cdb344d3be6e532da7,14576.6,0.003,77.2078
6f50a1429e950d42685c82ddfaf587e723491bb7665eb401732c46ed92cef434,14576.6,0.003,77.2109
b6c2f9b24093604996364d6377fb86dfbe3cbf583c37d717465f75e985c2042b,14574.76,0.003,77.2139
5ec814b41552b78aaafc7993405865a2391b65f5bd51309827fc0fc40b167716,14569.26,0.003,77.2169
6e26df6c3865175ce71980aa11efd79daef4e4f968a1536323358132e39e97da,14565.61,0.003,77.2199
aa75e604753c3328a78070f612e9d718e3af4c7b3e813f2ebcd398bfe99760f6,14565.06,0.003,77.2229
8884c729564a7f5ab71a6833960140807e2057541d265e999b5687e66c00477a,14562.02,0.003,77.2259
889cd94d9b7c20b11f93bc1bd3cd6a145456fe9abbd059d1293dc4d8d1586ae6,14560.0,0.003,77.229
16e95f9cac7737bbc354a6050c59bc197163bcb40fc5cce38fe28ca75337f589,14558.94,0.003,77.232
99bf6a4702721ee848b1eddf40493df3efa6b715aec5743b19b6dabeac600d39,14557.6,0.003,77.235
f2a55590f843c957f48118efe82a28300699df34272ee9afd223274fd4aa3ce8,14554.26,0.003,77.238
46cf5cc7ecc4c7584dad9a7d2b30eee4ccdd9d45aa776251327aa76d856c77f9,14549.2,0.003,77.241
677c9d13e5e44a4a551caee9221547c5b95e3b08314307f763bd949eceec1275,14546.7,0.003,77.244
223112e464be39ddb9ab1c8e8ae73e7b3015b727bf34ed314c45a734f454b87d,14546.0,0.003,77.247
e07233ca0e0020183d537d215a8f44ee0dca8c465291725bcc39df8f8191e6ba,14518.9,0.003,77.2501
ea7fa9e4cbadf19469998096bf8d187c62235aed45c125a25d5541efe249ad3d,14507.72,0.003,77.2531
72b34f17096ba4a3e4206b1a2f68d46ff4241630a51a124f78f275c1c568c153,14505.6,0.003,77.2561
6d30598b53d855667f11e494d43ca1837a80b0b7ac11db9b725bca7f18cda205,14497.34,0.003,77.2591
3e9cdf02d7502d5e1b06b797a21b2290249a5ac2712e8b1205afe811c28c40b4,14492.84,0.003,77.2621
e0f7d588865ab03229cd8a97f77525d5dbc2b96a8204f3e4741ea7bbfd3c1151,14491.48,0.003,77.2651
f7f7b664724bce5c7c5ec139634d8f5557fa1693090c19b400236d4e6cb6779c,14491.45,0.003,77.2681
8f2d2231473448b1e2810fe3132e7e085ae1bb6a377977dc520c36dfe252796c,14487.67,0.003,77.2711
747b80ef1ecd76138427fb7452e0c1703502c3a93870ae4cf1058e3c26ccce3d,14482.42,0.003,77.2741
5f5bc1ad221e050a88d885761688566ca2992df1d7c8dcd8b9c0c46cba29170c,14477.52,0.003,77.2771
d0d1ec183968331fab0af9e05e51444f834785c16bdbb924efeed25269ada2ed,14470.48,0.003,77.2801
9df75cf0e06bf8a1c7be52ca6e6541b0b0f8c9211fee2509a00bf79c37c88681,14459.26,0.003,77.2831
55c9678eed160824cadb2b8d41c31dc3d068dfbecf9b4c673c5543d3194a401b,14454.0,0.003,77.286
0aa2440ee35bb5a45987c233b193da41959b4e8122230e8db9648af4df9099fc,14453.01,0.003,77.289
a28b51a55a2766d764e5cc9a9db7fa93ae17371de0d0908db3907544e1790cfc,14449.8,0.003,77.292
a6f7ddc2f9c9eb655a7cb2d9028329bc6aec21c5967ad5b870ac778265b024fb,14432.0,0.003,77.295
cfec5d8710e6ddb7e654a6901abef69a88c828b3dd31af0aa24ccf5dc3bf8124,14432.0,0.003,77.298
d2488d1624e20e785602466db2a2460bdc184b438d3657d5bb7542585fb0023c,14431.4,0.003,77.301
c61f3140ca5f523e5defdc7210e0a981215fa4ecf55a9cbcd9adea14f5dd7035,14424.08,0.003,77.304
fe0186dfb5f076588a407064e4a29ae629cbe7371f7bf01e009afaa39463c251,14411.44,0.003,77.307
18f1379a430b6f3615d5cc37f9cc4ff90bf6deca2f3a75756098142340acaf2d,14396.63,0.003,77.3099
fbed5888e4e8bcdfe361ccd7827d18f557f392651d3991bd67b998d39972d62c,14389.56,0.003,77.3129
690548917866c5dacb070f51b98a4364786a613a54976e66d574920be87d5ded,14389.56,0.003,77.3159
b9023b42af017665f916b9f062508d57cfa6c60042b6de97054a1be458653650,14382.79,0.003,77.3189
308f9adc6b9140212db5d9158aa83715cf2d8233e9938176b0aa962dc2c11a3c,14377.5,0.003,77.3219
8e17359eced39f95d4520c78b80214a3bd5546f887ca0f883b1ebfb2c776cf24,14376.06,0.003,77.3248
0ee077721654904995101adf4503bc0995c00f2ab2b1b29aac90e0e0f27d67e9,14373.4,0.003,77.3278
ef6e75e9591c7e388588e85ee7d9122fe802937d6a5b57b3e3089bc2fff88e4d,14372.0,0.003,77.3308
0c34a27f0ba1f58b9e81c6c4e337a0abf6c1920cd91f4b5c6c438a0de7eb62eb,14368.98,0.003,77.3338
8de6b90a50b2b6fd5574bcdbb1301cc7e46c868fb566fb1842be7845eea5cb9b,14366.7,0.003,77.3367
44b2c94a41a56c556a6fd745aa29d10438d5a6f1127a555272b1cad5511c9ec4,14366.25,0.003,77.3397
c03c805d81e07e60a12be22934c5be22eb7c7bcb805a08167abcfad12287ea58,14365.16,0.003,77.3427
125b9f2372c97b3e6960a85add2e1bcaae613f4716b52fa4408917865ca74598,14361.13,0.003,77.3457
54907129d8ec3bd571220d4179f974ac3a47cb22fd25d2b39b1d4256ea2c89ef,14351.66,0.003,77.3486
5f20f2c9efda38f8e76a7bc0ce01e4c1be1e7e601dc9acd1041a5a3a4bb8294e,14351.65,0.003,77.3516
d35aee8f4cda52b011d0bea1a34c350c07624699d95984ccaf67a2878e6a1085,14345.91,0.003,77.3546
dba7fa570c070a23089f84527d367b1c3de8ade5c00e20378662bcc0773fe5a4,14339.66,0.003,77.3576
85eb098b214ea96edae0265d681b9335de5fc466b31d88e5b3b58b1a7311561b,14336.2,0.003,77.3605
39feeb4d14ad2ed0b8f408cf78278b570ce5c50b50c17bbb82d790a8f5b5396d,14326.0,0.003,77.3635
2b20cc1c7907d01463f88cd05c7fa7a6c6a051592e8d81350dc9e2d79bcb1fd5,14326.0,0.003,77.3665
3ac6a502fec8de7a795d6f9cdf4ffd9e52c8fe327ebdbb649878d33bd8fb6d0b,14326.0,0.003,77.3694
c50a6dc5663619f43b2f1682b176ed75034a7b815ca231623ec9ff707d3d7a8e,14322.59,0.003,77.3724
7ec48009a9f2734b27ad7f4d88853a132c636c050b38017b1f1780fb44f7d322,14314.75,0.003,77.3753
add04bd225c92545332e3c46724fe16f4207e6e0e495f9378a38cbcd297a9898,14309.16,0.003,77.3783
ad9a8f52a0bd28d737d143d83027841cd67700502e1fb1a6156e88ab79e6d882,14307.0,0.003,77.3813
a800b3db36d5f66807bd43b8fc48ebe78e49f62d4ed9b419402deb4cd1fc15ce,14307.0,0.003,77.3842
ec614a1164b26c5fe97499b852612d90fab13810f2f00b381bfb0aba0dc9bbd1,14306.79,0.003,77.3872
bda59b241a835a3310b2524cb22c4f2a33abc817353017346290ffebf74b1b92,14302.21,0.003,77.3902
1c35040fa90818ebf84c9b49ef8753dd29022b998cf3c7991a0f79d8ffdd5f20,14292.34,0.003,77.3931
69fa77fe4e6e724de3dc87370ee6f9674f78a64bda981c5b4699a2735da4e061,14290.8,0.003,77.3961
efe68c60518dbe75974ffc2dba07e4dbfbf14888337d39abc612cc3b4f77c8cd,14290.27,0.003,77.399
7b07b25719c043d2a89fe3b844422a5bdcf9b0b3c65b986d6f92d1247a1f0a3d,14288.94,0.003,77.402
012c3ad025955403673e1bb07ba8834b25fa343ed5f511a25743787bdc09b38b,14285.54,0.003,77.405
7984399f9eb348e42fecfa32658bab9a2b7a50c1277645f8e3025c209849978c,14283.2,0.003,77.4079
dd2a409531420765e9b0df2a0fe67a653a952d3ae575b1d08cefebeac188a102,14278.76,0.003,77.4109
e6b239795362512f272e3c0185ef9e65d758d6048c945fc487b242159e55224f,14273.02,0.003,77.4138
6aafa0bc7ad9aecca6e01388a57fd46ff881fc929f76cccb42ef2769c878eddb,14272.75,0.003,77.4168
cc254d91435d17fc8514045a0cb31c294b429629b77f79e38e942ecd9ea7a2d0,14271.54,0.003,77.4197
e5b7860692ef1e84e9d42384e47badff8b2b6fb7e4ad24b0eb717991cf0fb518,14267.59,0.003,77.4227
4479232dd5412dfbfe5e25017d2693e9904ca64dbabba0c453572f76f1f507f0,14267.08,0.003,77.4256
43f1af9a16ebfc064128d305f6ae27068d1d3d3d34f04f219be380eb1762825e,14266.7,0.003,77.4286
7f96d8ed034a1cc7cc7faf56b8d9c5343d32a13cd6443550c0b9bc465d3c83c7,14266.4,0.003,77.4316
649b9a0a73ab1550a49c6e8d77edaa0705926e192d9600e184119e4302f18c93,14263.12,0.003,77.4345
efbbfa6f8b3cb0d09385488c45d6d2245ea127471c39df25f684e62398aca579,14258.18,0.003,77.4375
75e0cde017db87034a23fd13be69848a8cc9e7d21d83341d7ba38ac6737f9343,14255.19,0.003,77.4404
ca3ba85e5a90575a6d675ddc001121dd4d522de03f21b62d633e19e9550dfe38,14250.0,0.003,77.4434
b640481a1baa95c9ff41fbdd942029acba697a1bdc057f0b314a34f74dab3e0f,14250.0,0.003,77.4463
b5c2ba4fcbb1e98e6466e59cebb16f28fe26ed904da57f17668071829ead6054,14248.55,0.003,77.4493
e43407f848e49fee09c7b0204369acffecab5fcbe9910611df6c33146619e00f,14248.0,0.003,77.4522
6f936a914e5ed679504c9fabdb04b9c45f0c5988bb5f95f531bdd45709e073de,14246.86,0.003,77.4552
85d06fc914019e13b3b3b8a239169d2c8c9fabe2c26a3925394fc8bbaed440e8,14240.4,0.0029,77.4581
676b232c38cf602229f87adb292365ae97f390d3fd65c6e9aa781146b03dcc3c,14238.81,0.0029,77.4611
b4f5b5f1ebcde3f62aaf8e7ceecff358225e72e0525b6e121f6ccfdd0a2bc9d0,14238.18,0.0029,77.464
1056b9615fb5cc74e2a44556d8e36177b9fbe1c64fdfeea7d48b5ee8474810d9,14234.08,0.0029,77.467
82325100ddf8b57d03b9c515f3379b1ee73f2c0ee7e9faeb8e4aa85d5ef5b470,14231.6,0.0029,77.4699
a4a6bf31472066574215fb26bfb4625927320ab9684e1d1a30957a74f56e2a6a,14219.99,0.0029,77.4729
555eabc6077a4b87dea7671715be944fd5751b95f83a7303ae85a865a3e97aab,14218.36,0.0029,77.4758
d92332b14e530bd23349daba80abc0f9b7b30498e48842622a99d996c81e99ce,14218.34,0.0029,77.4787
c6a34d883b641f4fdb47debd4c43b80fa63ba173375543b455b43a37935366ad,14218.27,0.0029,77.4817
92ca6665566bbc4ca8c375add9fd7a3434f41ce6376f14f2b5fecd9b20f5e841,14217.58,0.0029,77.4846
57628234205900b50bfb60b4f41006a7a25605dfbffb21c34b3cf813f9477186,14192.25,0.0029,77.4876
255ac9696fb17437ee76426d0d29d67489a3b824178b15dbab3009b89c97a87d,14188.45,0.0029,77.4905
d2d5818690a18cd0983c041e0aa7c5e3279b4ad7a101142aa774118ee1207a8c,14172.84,0.0029,77.4934
b978faadecbc5d4ecb6b5a52ca0fe7065798a29e2f9246c23e7480858cd7cd7c,14170.03,0.0029,77.4964
9291cbe25424976a6c865e4b033d113cf8cf356c5dda55e8178028739d7144d1,14161.89,0.0029,77.4993
518cd19dc3a24f0ad23f37199ab9923b9de77e9a0e4b0e397aad2dd3c27004c4,14161.0,0.0029,77.5022
f319ca5cb98c7b946683821ad8372d9e798ab1ba2e20600d66b2d36b5c6c9687,14157.72,0.0029,77.5052
82df13bcbb4c8dc1bffe80c7eeaea4e6b9d116a8bd7e9c34a1f4d9ca7b67b0a1,14154.96,0.0029,77.5081
c05ab6f3a8814a56aafc210c8088270ec8d0c527eca682050928fc6e4ebb636c,14154.48,0.0029,77.511
f1a901e538284e33acfbdcacfe110a4cf8632121e547291cf4f75768ccd80939,14151.72,0.0029,77.514
317c7096ca20916b9aad88fa740277de23f360c0fa92f7263bdd3ebbcbc3f1b9,14150.0,0.0029,77.5169
97410e2e6c9eb5ecf55f09e775899fd5861ff0d55dc413c1e10437120b6c7cc2,14149.77,0.0029,77.5198
dc5f91db9fb09d6ad720c12a9ed14fbaba9e7c0b4a1872fb71a9b69809877594,14147.72,0.0029,77.5228
090d02557171d2b6b02a6a085fb2ab0a403187db38f83e989afa65c28fcba1b0,14145.68,0.0029,77.5257
545c0551165b1a1abf620d81603f6cc4a8008e45fda7c69cf6c0f0c12f17ec56,14137.83,0.0029,77.5286
b73462a4b9c19122ebaa8ddb177949a6aac06d8302eb9b909f79f1d32bccdfe7,14133.52,0.0029,77.5315
c8e97f3850d5aee700b40ed8393d84810e22a43b0ed0057b18d8377a480a1a40,14132.09,0.0029,77.5345
face601c7e32ad3914b0826a5e044085c7734be769b6b493a3bbd5482a8cd982,14127.51,0.0029,77.5374
5a4bb52b8b3f1e12bcb38cda4555acf1a37a8cedef85b7da01cd5003328914b5,14124.4,0.0029,77.5403
a81245edbe2eb301d2e2cb50cb2e486d261dd52e4f9a39a4d2d6f9e98af81195,14124.0,0.0029,77.5432
c0f952b476e79ebc773be1e42f90b17f29bf5cee8d635129deb17df18a5374af,14124.0,0.0029,77.5462
fcfbb25ec216a88b9643eff75baf6c9446987924c84efc63b21c8bafa38e9235,14123.79,0.0029,77.5491
acb1ec6ef5d7274edba6f760126c65ff6762ca27f2b6392863a4334371329d8b,14123.34,0.0029,77.552
37467ce36db0abb9620afdfd43e9bc75177adf73413c74ee354f2e15798792e3,14121.59,0.0029,77.5549
3ba8dad9232483ccb11a4f0fb29d6b31bc89c6b3b8107bcdec2366abddfd472e,14114.87,0.0029,77.5579
11f957866e1a2d328b603ccc1aa39951472e8ada474b8bd92856c5e77f08d239,14103.57,0.0029,77.5608
65439b2347e3c457e65d9ff57eab47a206e7321ad221a7ce33608df70b1f42f7,14103.09,0.0029,77.5637
d9dfea033e1ff4a0fa309d13cbf00aa7cb161c8e22f48c2e9f3e24ad45c71ea4,14101.31,0.0029,77.5666
b5878bbe2e2aca95e142ad59f52d6c083917db97392b034e87ea1d344d4e0748,14101.01,0.0029,77.5695
4ec2dd9878243b224b397ecda81161e6aedcdbc74d968bbcd99078c20e7ff2aa,14096.59,0.0029,77.5725
ff0c9ee1e9d90023b004065edc469d7eb9ab8aeb8f2562eb426110e87b933aca,14090.5,0.0029,77.5754
aa3a57e0180c940d63fedd6718be6191a36d2a077c4d55341b7f9a04412e5f7a,14089.07,0.0029,77.5783
f7d67122292a0a729d0ccb23733024218abcf9ca6eb365b86c52e444fbc812db,14078.95,0.0029,77.5812
7894c77c02c9bd8dc3220f8f652195472f387f96fa66bebdbfe8ea904a1a50ea,14078.84,0.0029,77.5841
c58dceab1da0761677be6266e8875d72e8a4bb03864085b0617c758fd201cbfb,14069.79,0.0029,77.587
36f7d55f4b14dda8125b4aa0d0cdd9a9e210359741d91a31f6009878abdeb290,14067.26,0.0029,77.59
066c5f8f2a45ece342b47e55881b888e7993ae3fef8f901e932e8f53a577dad8,14066.31,0.0029,77.5929
4d0dba411bb70493e2b09d382daa3c6fff87ef9e8eec8d0382a3d62568050bac,14064.31,0.0029,77.5958
2c843fc5c432b3b70e3bcbf16c5e1108eb1a394598e10bac02d891caf07833e6,14060.0,0.0029,77.5987
e8ad32a4b451d8cc11be3b43608d259ade9386d89d7ce3e3e0b85b2d3489b579,14060.0,0.0029,77.6016
07f5ec65255096ac6ebdda5e8293bd1d07d404c5931ed05a26fb4a0c345c1bf6,14048.82,0.0029,77.6045
cab4d5cd82caafc84c9bf43d5130f7622db6ceaff5e32897eae86a15cef2bbd4,14048.51,0.0029,77.6074
c220734c1fe69aecfd334c10caed50113868bd7d6966fef65efaeed3099bbf9d,14046.19,0.0029,77.6103
164f5bc59472b458f5a06228d3f9379eeb793b4e85ec629eb17c26b7b36fb38d,14045.99,0.0029,77.6132
b5666456d8650402336d641ccb1043d3b8e4157533cae0597141241aad05393a,14045.43,0.0029,77.6161
4d1d798ee1352a3c92ace834da7ff274c09e8a27bdc3887d05e0e7e187f8e538,14041.3,0.0029,77.6191
d8c62cd5bca22b519ca07e84590cb81251ca697b13562266446deab5f46a4dfb,14040.4,0.0029,77.622
ad750df83cfe15cc7c54e405a256f448f0d0e65e67de47378d4bffca37e601ce,14031.6,0.0029,77.6249
524b575904c0279b98aa08ac76f31e50d107a9e3d31b36627495917c3cdb631c,14031.09,0.0029,77.6278
caf9bc76cd4fdbee1b53f9a5a6a74f6dd295a49d8296d59b3fb961e8acffa373,14029.12,0.0029,77.6307
f0a56e8c272b1e1f581c5a986873afdfd2a8c22d754fa22e134c32411135477b,14028.8,0.0029,77.6336
09a266acdd791378fb1f479eb7ea9c1669742c716ec3fb40d064905f26b87f92,14028.77,0.0029,77.6365
b61b66b5980dd99ebaee838d85850f638e178bc6edd5b2df3403fabc9c263193,14027.59,0.0029,77.6394
7ee605610373968afcc148e486a292feeb9100bf4f4234afdce4c9d0c79a994d,14022.8,0.0029,77.6423
427e3d033e0cb247cc1160f287a9a4d32125c78017cb980bc298e3e14ac9d2bd,14022.31,0.0029,77.6452
7efd097388182df9458cc8a8e54cf7df676e378fde0c7ef9ae17130d3b1ee7c8,14020.97,0.0029,77.6481
e118e2ac2fd1694dd07b0fb61953249adcaef3d0cf601ce14a40fef6da1d0678,14020.59,0.0029,77.651
614b0e54fdc57a5af25c46e7011292521ea39bfaecb6fa3b95eb203e12c2c1f9,14016.66,0.0029,77.6539
7a121c161ad19283a6477f6ddd895b784b79ea385d29e828514561650efc3201,14010.61,0.0029,77.6568
bb762ec047675c9945691eec32847d3133b3f3919f4ca676f6a5530f32480608,14008.35,0.0029,77.6597
1305f2dcf7e71adca26ce2637498d2cf8fcd637591b11d1cb05d27b0894617df,14007.6,0.0029,77.6626
e958d890d1f68dbe7bb44b32dfff5b5fc0af56b875f1ec6d87f3692c44ae605f,14006.42,0.0029,77.6655
de170a8e7ff8262ff931140d090732ac18fe91b9aeb66caf498f6c565172aa3d,14004.9,0.0029,77.6684
c12b620e87240bb00cd92b8b59d87631d0796d4293a60b303b77199f505bb7f6,13997.53,0.0029,77.6713
de5d40df51ba10f59cbbfbdd8b70ae6b24f94bce9050e2821ec3977f55f4a62f,13997.4,0.0029,77.6742
a3571bb2dfbdde9776ac553f89d9e80565b6e384f5f60c7f0a7209d67cdfc5d7,13997.4,0.0029,77.6771
ed3e77b8bef2ca452e03492f894e34737d25fdd7dc63ad6249795a18f3f63367,13976.17,0.0029,77.68
89f7ed66065324a93d4d397dca5ae856943df500e21bc3ba2f3e77222f84b7fb,13973.2,0.0029,77.6829
467660073d65072de328370065b53e4299388526b4a54b9225278f7c6848e1a4,13967.18,0.0029,77.6858
984d25500f6ab6822a60c97fb69e3d3ee502d4f7ce24aaa3616608b987d4f189,13959.2,0.0029,77.6887
5b70ecd66b018559fd9ca6763a320f20bedf9f21d33f4c0b575d2dd7f22d5c88,13958.86,0.0029,77.6916
2958eb270f2ebbc323d79f6849ca14a2724ceb3e3c4114ba1ef1fcfecd6bfd42,13940.84,0.0029,77.6945
9cf636d68d959e680ce2ba369d2bad441a373042f8f19c22ac44f3ec8479d67a,13936.59,0.0029,77.6973
20f3ce17003d53f74482a199406cae5b3ca11b61e4b629d12206373112e38dea,13935.33,0.0029,77.7002
8dd43e835ac86269cf35bdf48298cee40a0411f92ec1e5fb9767817712a21c22,13934.06,0.0029,77.7031
97bbf3e79e7112c8ffa47095e546f68b9cbb5a3e156fe3b0350355c0b98f1ac5,13932.56,0.0029,77.706
e32393585e8e65fb6414dbb9f6e07a1ea06371c3996a9de7a53cc627592367ff,13928.02,0.0029,77.7089
501026daf2ca3c46236708e95e98dca33b6477812851f4e11af7ef63cd70c721,13926.59,0.0029,77.7118
029b4a49a9b9ee1d06625484b6116bf6b54cab13db562ea6771146790ab67bce,13918.9,0.0029,77.7147
082c48954f6c56528dbc3cb0f313bfb6285e8db431cb492217831697ab319d76,13911.6,0.0029,77.7175
d2c90afab0b2a60309060e0753dbf7a36d835339719b5663f1c6a6b1650b597e,13908.0,0.0029,77.7204
ce1e8a505947a7426c99d793f109fc08450a2604cadb6c26c930f1c49d900bc1,13908.0,0.0029,77.7233
2aed030d3a40f7e19a9e9a1c4f1cc5d2a4e190ae0bf3707a465956b4823a316f,13908.0,0.0029,77.7262
bde7c044eef7af7e7c257cfad274266fe0f62dfd29c5ce4c4595e3e054d3d8d2,13908.0,0.0029,77.7291
2a39acb47702c17f9f4c32cbc19926b52774531f7d0fc7845cae3d6bf4863c43,13900.59,0.0029,77.7319
284ea07b0de28ecd167a42762a71af52c577b6a7e32d8da2022c9ba843bed7a8,13900.59,0.0029,77.7348
e8ccde630a0e7e1d1f1c2683c08d5b991bdeac4bb70bbe6ce23968064ad17bff,13900.59,0.0029,77.7377
db0cf4023666f2684f1b1e4d69c8ccb13f39f0a31e930578a4dc41aac722b434,13900.59,0.0029,77.7406
903012e9da7bf54e4f4796d6b17656ab43c71eae7e7b33746cc2cfafcb330457,13900.59,0.0029,77.7434
860101aa202e9c740ded7a6e03eb9f0b7af74f5fe3c4a8c2174c779401fb9d14,13900.59,0.0029,77.7463
9f2d5355009d4f65eff8a14b6783ec99fcd2214ce6e16366628df483cbbd5247,13900.59,0.0029,77.7492
f67f5d69d6addfbf1b56a3214fd65df409def0f7c8778222278954ca0d29f5aa,13900.59,0.0029,77.7521
f0cf3b518e4a8080a81e32b66eef43ba39c7d909a61e38a7137917894ac03807,13900.59,0.0029,77.755
31b605e02aa830ca2b4ac661c034decc9dbf2e2f136e78984d13aad192b450d1,13900.59,0.0029,77.7578
2ec09092b0e53d284bd267e70c614543b29915531027d811602b10849d0c36d1,13900.59,0.0029,77.7607
a74ead2e5cf3e296ff21c9ae734d7eb9b17a8cfd9b43297b7156e4cf71e593c0,13892.48,0.0029,77.7636
6cb69977d77ee53d904b8a166c973199495692b0a130b078f1696ed85ec64ae5,13884.0,0.0029,77.7665
98d0946f5e5d4ea0c50173d89025eb437fe65622fc4975307b07cca10feae853,13879.82,0.0029,77.7693
b043dab297ad45069402a3be4f8ab13ed28be326491940af2a9d63f8a5300309,13878.77,0.0029,77.7722
780f51a1f91c7de61912a914b7aa97d77133fa7d6a8d9a1638fbb4e00f29f53f,13877.95,0.0029,77.7751
5d128f81bd46b3a255b0504afec4530fd4c635dcf6b51e832669993260f6d93f,13877.3,0.0029,77.778
ae5cd9d9a563da0ebdece0ea645961df96d744e6964374ff7d5f8a8eaeb7475c,13874.89,0.0029,77.7808
e90d1bf327345ffdfd1f554802eee85ed12236b1b7ff24641c30bcba703bfc30,13873.4,0.0029,77.7837
c9f4d1e1345e2b665e1eb41d0c5625223275e789d28d9961cc872dc869ab9b85,13870.02,0.0029,77.7866
641914d4570c07a885cd3440113da71ed743b6ee4c11602d3aa9069e8a330e50,13864.94,0.0029,77.7895
847f20435e4c6c40dd82e1910aa77f1a5c9294e68e6ec27a313b867d0c6d130d,13864.21,0.0029,77.7923
0203820c981b189e149f2866b82e0cdb26b7654d5b32cd5c63925269169d629b,13862.56,0.0029,77.7952
0d0582ddc0f1a1fec00ce405a0d4a180fe368d9b5a79acd054dfc66d270304a3,13862.0,0.0029,77.7981
53b49be3b7e324240319b5824f2f7c3e47f03041c40fd5fa5162b6b137b6b5c1,13859.28,0.0029,77.8009
4c22938f3e4cf3ed42532ecc313071ca4c6bf5e48e2632278bb96abca9f1fc28,13852.75,0.0029,77.8038
040eb23e1ef5bcdab844fe27d4b195114befee2be6c88c9db1d3227cd5092eb2,13852.5,0.0029,77.8067
f1830b7a19d27af43e4687a6ce847745f768ac3ec942d9b7e0784b3672ad3856,13850.66,0.0029,77.8095
18a6a717caf0764115cc89475c1a279f0ca994dc75165d5b5115bbb2017b4a65,13849.2,0.0029,77.8124
661c17b12c9247a6ea303c328169eb10bd7d5d1c6b05d71a322fae9ed95dd991,13847.61,0.0029,77.8153
a50810d5b487f1faeb66cd3179a890aaa86bcea573bde9a35460b17b99021336,13836.02,0.0029,77.8181
ee8374d287dc3973fa11831b552743a6ddc07b726a623b5284f61116d722cbdd,13832.46,0.0029,77.821
295a321773853b999696965143e711c080a7a5a1072cb31320786295986f8059,13831.39,0.0029,77.8239
d67b7713bf1176e0c09ca60e02d644b124c232ace97dd0095742b07dce757301,13829.55,0.0029,77.8267
2d5a00eca5c751e6c3f2686bd4c16da476335a51deae5ed38eaf75ce14604c36,13827.96,0.0029,77.8296
3233a1f0b15e5817c2fc4aab16c8df324654af026a3f72a077e4ad72c3718332,13820.1,0.0029,77.8325
98bbe17e351bc11bc0fd419fe848cdb39a92d3b1491bd360f09fd97df20045a6,13818.99,0.0029,77.8353
7609aaa86a77e064508892f3d7986fb1327d253996eb71f3ec0426e2c82a897c,13815.98,0.0029,77.8382
c7e579b5fb609b33a4e365c523843a27a47570d3635aeab95fb55d9df33afb2d,13814.92,0.0029,77.841
ee81abc2f9df27d519f2860b79f54e5c8213b7a6cb0ab7683f736507e3fc9e1b,13810.2,0.0029,77.8439
d049086dc8f203f1284281e28db08293eb78d3a7475b6d36d8efe232342b226f,13795.33,0.0029,77.8468
589f1c9f12f27b6ae183df6dbc23da2213b6cee0484a884773ad17ae8d5ec4ab,13793.04,0.0029,77.8496
e6887e488bd26fe82bf77365e2c66de567f633f2388905ea0b0c765244cf0170,13792.81,0.0029,77.8525
19daab2a97ca7d20b39127156bc0f347d127e3d3fb228b6df5c80563cf26579b,13785.94,0.0029,77.8553
32d27d230c6e9d332a7dac344dcb93bed45ebef219d70eee9b29c80a6a783f88,13785.0,0.0029,77.8582
795f13a5e3fdd9d0fcdbad6639bc8ca7a90bd1c66b123f1113032fbb5f44ef6b,13778.4,0.0029,77.861
b66d368a63dd4ccd6d3d0a26dedf4a1f20321a551f7ed006094ff6c474cba06c,13772.6,0.0029,77.8639
e669e32fdd6e7c8935476623447a0c75131cefa2404c0037514ec43e8f7eb3f8,13771.18,0.0029,77.8667
915e2a2b8ffee3256e97300770cc1e69ecf5c1a95b31749e8b68810e6c88c003,13767.59,0.0029,77.8696
bad3135be85876f5f00e29aae87146a4233d55c442e773ce950e770019221dab,13766.4,0.0029,77.8724
8d06714a03690f711a091da82d96758cfdafda54881a9481c3a544c000ffe290,13761.51,0.0028,77.8753
2f5f76271b4c32fec3e5efcc0329f1bde467a3cab7adbd596effbbe01687ecae,13755.5,0.0028,77.8781
c1668b918c1c98db0a5423bd8dd5d7088ec5e2007e7177132bc4577a28e1c202,13748.39,0.0028,77.881
dd19891832eab2708a53928af8febb9a23139ef3bb9d2561d6d94dbad76d5074,13744.02,0.0028,77.8838
03d4b6c6bbfe25d00fc4e04aa905a7f9b1fc42a1533d6652c5c39c8c4464193e,13743.04,0.0028,77.8867
e09e4fbad69eb47402c3c4fc27d8751fd98257d35f54cf02617578446892fd42,13742.68,0.0028,77.8895
74a6f94777c0406ef65bf05caca9c5f78d97f9926e5f900023f9ce5183566f79,13742.36,0.0028,77.8924
2c001e7466535d3f8422636545634e0de93536ba197785ce8544d9f2ab76feff,13733.59,0.0028,77.8952
ae5f3b162eb17737e5e4047b2d6d52a3a336ce0414cd675ef6e2a021250861f4,13726.85,0.0028,77.8981
b59b412c31c1e03ec47df372955a40738ac0ed9765f7294db0a14a6e697d3969,13724.47,0.0028,77.9009
c6c5d8d0f1b506e9cd68254879cd464926dc3a283659c51179f323115e95511b,13721.39,0.0028,77.9037
77369fb509977716a9f1eab7d808cb82fdc176b756f18e6a3524a0f5e3b6b064,13718.08,0.0028,77.9066
35501c8a95e218c6dcbfe8b414fc14bd50a09040643ffc97e6e099d3315d6775,13708.57,0.0028,77.9094
ecd8409a7716ba7f20b5ed1c68de689a94636675972d07e0cb1e0c8099e392d1,13708.05,0.0028,77.9123
518040e36e0d6e78dc028d9a5df971fdbf84dcd70f0bfbe1b9450a53e8c15c1c,13706.51,0.0028,77.9151
b5a9ede9a93528be3e12c5665c179c2dc0e2648aa6f1b1650f3715e56dad8bec,13703.1,0.0028,77.9179
483fd453c04894b7904914015270a96dbd8198da754e639a4408bc25240252dc,13702.8,0.0028,77.9208
50e05740286b787299c840876defeb9805cac63ef35d183e437654cb91338b92,13684.81,0.0028,77.9236
9892a3c66c06267d1e60132c700a5221a8b0a39c1e83f948dd9619f48617e62c,13680.0,0.0028,77.9264
55abfc4251a6372424291482bd745a544b78fe101db1cbc95d6e689bea6e374e,13680.0,0.0028,77.9293
00064a5ab8c2a955d74b6b1e537d76314c61811323c803dd38cbe1c9ed111620,13675.27,0.0028,77.9321
bcd28133837e0ec46dfce18ab2a2d390b3b81756dea210e22f635830dd4ee466,13675.26,0.0028,77.9349
cec729bf6c8f69f5703642ff3bd369eddeda8c706978c3f9feb712f0269d61ad,13673.62,0.0028,77.9378
9d63743753e304c8002fcae1d5bbd64480a58a897647c2e9b9409b7b8c7071a5,13673.3,0.0028,77.9406
cfb9ad569dc10b62237f63d76945b76c34a2e61d079182805da41f33f4ad7cd3,13672.45,0.0028,77.9434
8ee3d03ff5d641baf98fdf3b2e631f901702152ad84453de056ba9e8596bb9e3,13671.75,0.0028,77.9463
bc2cdedc6907f14ae0d295c894b7cd1ad92dbd9fa2969b8a77ce4d80106b66ee,13670.16,0.0028,77.9491
88df15cb307d637eb34718af24a7fdf9cdff28cbfd7f64682d270abff028fb20,13664.71,0.0028,77.9519
789b22a1dcdc16c36991bf40460262d2655901ce374d2db63df73eeba077c30b,13654.99,0.0028,77.9547
17152a67f05dc0c1d9331cc796830485a0bad79a49ff4254a9a397595963be2c,13654.4,0.0028,77.9576
e05c358682819538ec657faa9edb9d5f32d5a88ad572276e914ae7dd1fcdc3d3,13648.97,0.0028,77.9604
24f00d0aebb258b21496fed91314189e68db3f85512bb018dd5371a3ab363ecf,13637.81,0.0028,77.9632
04aed9526fbecadbf9c59fa13442ff599e8ecb9e2470daad76a90dce2b548a56,13636.41,0.0028,77.966
d953188b1fd1ef6feb010d90bc00fc42706bcc09b0d6d21933d327cd92146539,13632.5,0.0028,77.9689
5ec1a0c99d428601ce42b407ae9c675e0836a8ba591c8ca6e2a2cf5563d97ff0,13627.0,0.0028,77.9717
68efeb84cf850d249944a1c9a3b2f90b21c1a38d56bb16b328c6c2feec3e319c,13617.4,0.0028,77.9745
ca41ad15b28fd14fdc5e1824d4513856d6b7e5fca6485d86a72b5511b8ae3491,13617.2,0.0028,77.9773
23d6c0ecb730fb534757e03baabf2bb5f37704e7f4f3276dd88d1bff67580d0c,13613.75,0.0028,77.9802
f5cf2fb79a1f69fe449a3b37f422c245cbd399a694e175805cbd0949752d03ed,13602.71,0.0028,77.983
b274c00109ba6a850ec091ab4f9ec90e2d7016fa28aad5836bcf8d90a30b5f18,13596.19,0.0028,77.9858
0cf10a71b943122ac8d8a2d5c42cbf1529c4755d3ea38729f625620ca5439e05,13594.29,0.0028,77.9886
dec6f38ef1c7833ef40a4d5f31bd02aa8223f131718d44bdb667126bb57794c2,13591.4,0.0028,77.9914
152a210edc932ef1762685047463b16c91a2de832587b869527525a169dccb5c,13571.1,0.0028,77.9942
4034e8384f4c0e3e7770b64ba622836874d1c5c176bfa009c297813f9a73b961,13569.43,0.0028,77.997
f0ff5c14a96780c31bb570908a7237689946e6459c1909a7a5e1d796a0e152b5,13559.23,0.0028,77.9998
b500e0e5cc84e7a97e5297f0766b3307793f7cfafec4cece5996c993ea60d5c1,13556.1,0.0028,78.0026
b2809084bcd8b19232692946082cc1f76f18a6e5c368c5f12d44a3aad96a791e,13555.55,0.0028,78.0055
fee810a6eb86a855becd77922819fa9bd9f001c889f8746beea62d70fe0362de,13547.94,0.0028,78.0083
492edb824f9f5d1df649a5437e378b5223614eb2e8962c8b0d575ceeb366ffac,13535.75,0.0028,78.0111
e34b644129f58c84a1385456d406396cf4af6fb598c6b060a62c3756a4ecd503,13533.82,0.0028,78.0139
74d75070923085205e585fcf785cbdd1a5e05e9e9bbb2bc3ae9c0975567a45bb,13530.39,0.0028,78.0167
59c3775ceab2d5a59fb68c082e73e44597755f04dc3aa52e175204317465d346,13526.88,0.0028,78.0195
2532b75d8c5923d631e7a9386a8694fb295ee338a4f4cfc49cc5e9a8057b1346,13525.91,0.0028,78.0223
fff713f869a4c1004166c3a8ef9b3f53d0c01125e7937df43fb7e483be99cbe7,13516.45,0.0028,78.0251
9e82581f3369d7dfe4627d612cec41d82b59c2cefbd5f141866604242d9d73b4,13512.2,0.0028,78.0279
924e90b23256fe95094bb7f915caec49fa752c084dec1bd0613041a3ee0bae04,13507.2,0.0028,78.0307
ee7670c8ef5a2ac98b1dc69d8ebfff00ab96d51b268c24569b56ebdfc4cad424,13503.64,0.0028,78.0335
76da85664349f916be3a0ab71f4fdf8cc216a646d7f5ecfbf5bb3f644caa30b5,13500.25,0.0028,78.0363
c3367627692115518f4318936f0ce98a1d1da1f5da4924f6c0139a4e0da2f50c,13500.0,0.0028,78.0391
687e16adb38e1bed7d6e35e1f7ce9dba07831773737e6284999e402a01ea2aad,13497.07,0.0028,78.0418
467c05d4831f4843681f073b3157e0fb4b4879a485687a924dbf9d34fedf11ed,13496.8,0.0028,78.0446
788bc9b1b5d0ee575555afd5fa01762fedbf893e6f34b2f5594c24ed4d5d971c,13493.67,0.0028,78.0474
b13aebb8183ba72ba7613d936cc605ccbfd427972517532b4402ecac81db7949,13493.27,0.0028,78.0502
60d8a3d0138c6a43fbfc14eb2dc47da8fe58e0947740d89c957b9bd42073afd6,13488.52,0.0028,78.053
43083e7a542abd8f36b47c3bab6259d4be361863c3efeeea56776b7b07679739,13484.08,0.0028,78.0558
4beb70d199725b127bdd7c66b7386d9170ef30244dad96656358a1809a7a0c14,13475.0,0.0028,78.0586
1800e2601cb7d34519ff78e333a0702e21bf5a146207383f66cf7bb6fdbc7896,13471.4,0.0028,78.0614
3b9c70fbbf7e960a242056673fd6d674285a32e5a99ab920980ef58758096f2a,13470.0,0.0028,78.0642
b4e86f3a4a52205a6aab7e7fb9a981b90a7450a82a47bb1e7e5a6535703b9ec6,13469.51,0.0028,78.067
1e4866ded7278d03539d35c556dba40c666bb26bf2b2cccce1b7b0699e09be99,13453.8,0.0028,78.0698
ec2631eee90e67bb82b62020f09a679f7a4c35574283988a9296e6d4e2818b45,13453.0,0.0028,78.0725
bc9a6abc0ffe8dd5b46fe80dfd0442209add5af32909736dce88651372457ddf,13452.2,0.0028,78.0753
e409eefb646f77eeecde1162aba003d9a88153c6936d1b4111aaf17b93862e66,13444.02,0.0028,78.0781
d133810a755eeef783268dc4e7a4232c5fb7e2fff86ffb73bf36b6d3b126bfe8,13440.0,0.0028,78.0809
52a7629cc9e83732a19ab8afd96c85b667f8cdb3ae5840b63503dad5f565508b,13435.97,0.0028,78.0837
27e65e86214762a66854b48ad50d878d13014b8203cdea69f443b659b4ed3b4b,13435.77,0.0028,78.0865
3806ed006e7d838b50714b6c26fed1545b8cf4373d222344ecc923985aef7e4c,13431.0,0.0028,78.0892
d013a146de6680a17a24716185a94ba53a2c4f00b64e5b1ced28d77d6b7991ab,13428.2,0.0028,78.092
952cb4ff4e659a304ea06942afe5cfe9d822779d162c2aa040010340634da10e,13427.04,0.0028,78.0948
51f5586970e4e8ead4f9d25c9d28b395d98c468b114b8ae1aaf9389aa49972c3,13423.96,0.0028,78.0976
5a5d5d22a626ac924dfabee87854f6e20a68ea40e6a64c008ae916a7060dca5a,13413.95,0.0028,78.1004
543ca8c0fb7ea08093f9c48d9f476661b01c3c387c1af5d562fa043747b4f572,13409.97,0.0028,78.1031
c5b633f2718381752dde22b5912f0ef8e57c277cf5f47eac1da706cd16fa5a6a,13408.92,0.0028,78.1059
23046d1cc224a51ecea23c1d69e1d8618dcf8337b0929de58e6a0e9a30350987,13405.98,0.0028,78.1087
29863af9de47a6ab0552cc8efbc635ef5094b4190fcd9b72dac9d783331caf5f,13401.5,0.0028,78.1115
2be5663a56fa09b87585a16b9afbca1902aa22bf7d3e093543fb7c5ffb287e5f,13401.5,0.0028,78.1142
0a33f6d7910c55d70f28fabc74ea0ea179804ef70bcaaefe86d729aea118e279,13401.5,0.0028,78.117
0d7d5c0cfc6853a077fc40d646da3e3dffc2b46032153be3572cc164df32a7f9,13401.5,0.0028,78.1198
315bb7745edc41b9eb933b2168fd9d9759dff163e89342830f99872618a0fdd5,13401.17,0.0028,78.1226
65e05ab8d175c9019886c57f49e5b46f337250333c1911121123dac5f90e0aeb,13398.45,0.0028,78.1253
6a58ac141a262941a27564e04bff9a9406ecafc9ef77339cdb845976233efa07,13392.6,0.0028,78.1281
b67267a873da3cd28ee5f574cbb406df1aa4973d7cbcfeed6d2d605b3a9029a0,13392.15,0.0028,78.1309
6db329fe658b959259b0c458aa3591ed2c2e80b7961eee20c746dbbc9a68f996,13390.33,0.0028,78.1337
207f9083c50210dce0007f35d10ac67e55c8a6a3744c410697a52d0ee52800e0,13388.5,0.0028,78.1364
fc3e775c027f1fb81a9667b2400eadea6c938bb20d7d658da13c769bc9f75b6c,13385.83,0.0028,78.1392
110b5f7d69b7d99c86caf13cdbe8af40bd022e9d33cc6050fe48c5e09798057c,13384.0,0.0028,78.142
45a4d9c1c89225d43f3d977c7c61479f2e634289a5e3cc2d83fedd05d19b173f,13370.28,0.0028,78.1447
4bdb1714c2d3957704ad0041de108b27ae2ed1c33831ac2312eec99988ba1661,13356.28,0.0028,78.1475
9fbd366c0e68690ad42b21534349396b857d56bedbde9ec1c176270c91c01ba5,13356.0,0.0028,78.1503
660ecdd7dbe90beb72244f5525f1de2dce664f7f0f4f1b866d3021c03cdad42c,13356.0,0.0028,78.153
a5b20fd8d7a442ac8e996074df29c05e0ea42be10227dc4606b2369c6ed3cb10,13351.16,0.0028,78.1558
bf1c448c91dec15f0116835bc568398ec4bcbe5c8fa6ea0ca338db77bf25c69b,13349.4,0.0028,78.1586
a5fe839be5e386d19a9e6a5e584abf68afd3f9e8074c0da91130360d92083ca9,13345.24,0.0028,78.1613
3826dcfb43299912ac01a4e01468e35d6cd5bc943a6655ede7fb363eac061445,13343.41,0.0028,78.1641
a4af8adca2e77adafbc9b0923e6f0bade7c020fb95a6c690ca742db29bcc0362,13342.94,0.0028,78.1669
d90677584df85bb3996057b95204dcda2244b144bdda97f2f313c4049cfd3a12,13340.95,0.0028,78.1696
76f9848f41c4c3e2bf0e8baaf2fcf4579d0b467e695989e507873f46bf6855f3,13335.46,0.0028,78.1724
3dcbd7ce456ae36c065200bea7e86b563e2464c487f796c5becba5663396e872,13334.51,0.0028,78.1752
2e06b03a459cb4898e4844f5f1f18c0df39477c9a712d148e1d78436dbf18fe7,13331.56,0.0028,78.1779
0a547cff3a2a19d80a494b20ad582bb34f13db4bdba32d9a387db74ec492b1e9,13327.29,0.0028,78.1807
5e1909f3427eb6ee6e923d10dedd714067016707bcaec17fad5b70a50b8c704e,13326.69,0.0028,78.1834
990385ad40cfcc5b90c162a16480a098d485389c2fbb1ff64c13894fe9cbe134,13321.92,0.0028,78.1862
583f00f674ab38ae1d4857be67b0932ede6b05a719947afcc8f60c18d2c20b07,13320.03,0.0028,78.1889
9800a8677d99e5f6968d7357e44006388b09d3b6a8676d0f930fbaa63d02330d,13319.25,0.0028,78.1917
85e2f3100893e34e6a91a899e2247333231e715d03e6f80e3ea3e3ec7767b3ef,13316.64,0.0028,78.1945
3e73aaebb0f67e38768f75e2e916481e8fd6d422243fcf2fd64defe1eae82bf1,13310.76,0.0028,78.1972
1bc3d34de03f36e76eda887303882d2510d8252978e54d22c17b65d73620de4e,13304.57,0.0028,78.2
a70d9405f92b16ae5371bd5de7b9def2faeebaa259aaab799f56cb12c98c2ddb,13301.56,0.0028,78.2027
0b2fa1617ae1efc95d1d907c5183305ce1f60559a739e5f36c335608a03ed79d,13296.6,0.0028,78.2055
8487412527f67c8928a46a72ab7ffc6b56f4901df2d87a49416d7543e9914e35,13296.56,0.0028,78.2082
c637c67d138500817795519d6d172e1fffcb487840e66bdeb629d9d4752495d3,13292.79,0.0028,78.211
1c6352f1f38c99702285f5c169dba05722239466a3efb93ad110afa1b5c57718,13289.65,0.0028,78.2137
7efdaac7c75d92c20dc3692c4ff2718ce99a4d8d46b39b2751594eba28858736,13284.86,0.0028,78.2165
3456e403885075edd4359ac12ac79c244797b1bf0d6cedac9301fe8fbc89e028,13280.0,0.0028,78.2192
34a3c7353025e781b6648ba513f4c706927deec7afc5c8ffcfd4172a5257b583,13272.34,0.0027,78.222
9e360a38a9626203b54ffff127eb9389644012aa8ec7cd80c3422e7cb7d43b17,13271.18,0.0027,78.2247
dd45c888de6119604a4c52e0a7733bc37a3991e5711bcb55ce9e2102f887e84e,13268.79,0.0027,78.2275
2186e6a155339c846528a01616c0cbe988f5d30bc767e95c7d35a0af3a48a1c4,13266.81,0.0027,78.2302
6a65974eec9fc4037fc9ee841190f75b124b618af5519dd0311b3e8bf024db61,13264.92,0.0027,78.233
f1100adc8a3a0145d5150d55b42d6f5f91e18ea1d87f7402736df3935c04f62b,13258.19,0.0027,78.2357
d9adb3704705374ecec36ad83b6d7a8fa19b830b9544802468ea19d4f3b3e271,13254.6,0.0027,78.2385
a3ecef0125dca6693f4015442c07855b364832826b04340026e6eedb47022de7,13254.6,0.0027,78.2412
97a4ed3d4974b8af7d361b54aaeec9f9e33828a9c54227729386eb265be43334,13254.6,0.0027,78.244
6e1f79e37003ecd6c6ebcbdd7fbb1001c4bc8247f722aa89fd4110d975051e0a,13254.6,0.0027,78.2467
a701e72ff0df299ea00320d0a114fe065287e5557f84ff4732327044189667dc,13254.07,0.0027,78.2494
044a51db8de8f23db7ce8ccfd2a1b3890a315bf1c84fede93308a745052ef1e4,13241.27,0.0027,78.2522
e55bb75f56788aa4222cefbebb172f7dcea759d9670a28ddb38e45e560a50806,13238.59,0.0027,78.2549
d2ac36df53c8b21046369661271d7732f08e7e6ffc5854984be54ef99ee4ec97,13237.1,0.0027,78.2577
e118ce0db2ab45b2b22fecbcc28c10ec179d6cc5b9ecda7c60b830c0efe858c3,13227.16,0.0027,78.2604
e3becafe591eaababaad5b0143a3a4b5a09fe6ce93f7c1677bface89bf81f017,13226.7,0.0027,78.2632
bcecf0371ef52a96beb92804d5e6a77a5cea1e13c21faae1f66743f3be42f673,13225.8,0.0027,78.2659
e4369daa3061cb89940cd9e008aea24e94d242bfd8bede09e893b7c100d813fe,13224.61,0.0027,78.2686
b256b1142720a086209356e447b286dbcf632d7af0e9d0c6a39d2b1560aab3bf,13223.12,0.0027,78.2714
e1ff39bc8973e8ceb2baf236ff5bc4f18d1a6bf7396d1eb3959dcfe2dbba1113,13208.97,0.0027,78.2741
1245ce54977d1fced4d0be41ba25e48072ee6da07f5a4956c40c93f215e56881,13200.6,0.0027,78.2768
9470b32abd363bf5bd78b3807a2024507da438b1424d0269fc13176efdb8c88d,13198.74,0.0027,78.2796
ad0f23751c8b75f066bcb4be8c649f38907e298ecc1e8ff2b7add16a8032120d,13198.46,0.0027,78.2823
279a05e5dd565cc5c7de5bca479a15d1e66e68228a18b2c5e3bfe0a468dc4dd3,13196.4,0.0027,78.285
d9b65eb2b1d9714651179b418ae9cf71a932953f49eba4f52f33644c9da84f51,13195.59,0.0027,78.2878
20c33cbc10781a6c835a55aa2058dbe8030cb88fdac89a50c73040d832002d6f,13195.46,0.0027,78.2905
c08f58439f1b15f3430cc80523f57efeeffeb64df821f9e4b5ca444158e1fd54,13183.78,0.0027,78.2932
ec5744bfef0057b71670c85fc9cf103d496a19364c00291075da4c6159b7d75f,13178.89,0.0027,78.296
5b5804ed59d9f44a035f689954045a7ef54434df24f980df574c50e42f474d05,13176.61,0.0027,78.2987
980018d4af0fa9f98c11d599bd080339afdf237138ed3f585a4a2b022d5548f9,13158.89,0.0027,78.3014
ed0bc3140f7f0f4a2bc44ae4583dec6014ae22b00e7930e1c7eb460f878e3da8,13152.01,0.0027,78.3041
34123c618e667a6288e722c57e1565c2de4bb31f0f43de5aafe6f7bf147db57d,13152.0,0.0027,78.3069
0ab748c87d7d87f0dc4ec68e900b15c9e5fa80e85b45597af4abc4751bc2e8af,13152.0,0.0027,78.3096
c08830e663120d1cb393ca0cc146026ffa8dfca3dc648bcf9ff36422740435ad,13148.84,0.0027,78.3123
360c01e9b39f8bac353422f6a452c5ef7d1cccdff896a0718d5decc17656d051,13142.2,0.0027,78.315
f26c0730c0b3029ca292b15c17ea7aeba8a6eb9caa2c5ed14755c050c8fbe0e2,13136.8,0.0027,78.3177
19a713ae24b2d25e8e0299e02e4103e818ef427228d0bf26de06a4698ff65bad,13127.5,0.0027,78.3205
9b50f2cec567ef08fe4f98e58a70951d19992a83d75086b377d808b4a02c5752,13122.02,0.0027,78.3232
0bc47f91eee4e850c14e9e7c1263ea68b44ba7e8d45fc15b049655d561098f50,13120.42,0.0027,78.3259
6337238cac6793b740b406712a3147d633c83793c0c2be637ddde851fcbb2059,13117.96,0.0027,78.3286
3b83a1a3a78591c38943c59c488b8d880515858fc9dc0cb9775ca2a47a9fe166,13117.25,0.0027,78.3313
f64e36bb3323f2b4278c68cd5430fcdc5f726b858cd88abc5210c81f05da6940,13102.81,0.0027,78.334
e4c62380d5d6c80ccee44ca9818a0d77a56ffae5b8e34d0aeed968cc8cdc06f3,13096.79,0.0027,78.3368
056b42f83b0319290293aeec3374549e39073a389fbf5b2df13946fb1d5265c6,13088.81,0.0027,78.3395
b81dfa1ede5c76b5d279c7c8965e95c716b8e0394cbd4d14f1ff519ed23d8851,13079.6,0.0027,78.3422
a48134ab75e6bb6cdcdd68ed4a544a36f69d1a02a1c34ce879e56b41b430568b,13075.07,0.0027,78.3449
9018260864bffbd823167089f37d7e6546cd5cee37f619c361e4895a4221be6f,13062.0,0.0027,78.3476
da9472a56fc8b2a131973158ae80291a003289a385b0f8e94204735086c92b5f,13061.74,0.0027,78.3503
5254598da1cbd1bd4e94c4c8e56eddf732af1d7f0394d1709184aa8721130066,13061.52,0.0027,78.353
7840266b1de91f4bf19e7e06a619632b2fa36f792ddec9595d75caf5cdd7a6dc,13060.96,0.0027,78.3557
795b2c8bed9468927d498e340e314790f856e55a451755d0f8d5954f8bdb5689,13054.6,0.0027,78.3584
5a34a89fbca87cca704c78a2e2d761331e06f8268f5d4e9c1859f080a28518aa,13050.6,0.0027,78.3611
f61b7026cd5c4bdf3eeeecdf9dd27494a733e4e7ba943256dc9307c0cb157081,13049.5,0.0027,78.3638
5f3fa064257940a2ac36dbc381ccc12eb728dc2eb415359e940764b177c4f33e,13043.75,0.0027,78.3665
6f1b00b5f231724f7cf677644d400ca64110464249978500572565c68aa2f379,13042.8,0.0027,78.3692
d23e6daa7cc5ff7b20149e70697b7bfd55bcf7ddd3b047ddadf43a4b758535e8,13042.21,0.0027,78.3719
9526b198a4f801d8cf29a295a08fad38f415f0808a9a8378749ef8a4c49a329b,13036.34,0.0027,78.3746
63c7c944eae1b842fbcc885fb9823fb20d6cedd602a4183550a4e10a01294f01,13034.58,0.0027,78.3773
cf28840191d58f6e5af3d93ec4429ae6e5a6af2f6ea4880adca0232db490aed9,13027.6,0.0027,78.38
d03e59748526d73618c46171c55d8d067777013738ef99f13b529687bf45e453,13023.5,0.0027,78.3827
91fafbc2dfbc86221c5b0808ee3e4c7525c40499b6995270f4145053a5418eb8,13023.24,0.0027,78.3854
b4e332c8047ed1034b9fb7f8949ea346b05462404754ebbbf6a9d3902caa4483,13015.8,0.0027,78.3881
0bdb4ccbbb58f1ef27723ab3a8d442e0be2b1ebb93ec54b5c7acb696d00b9c0a,13014.28,0.0027,78.3908
3c9b40e45c5a01ccae28eb5388b7da9c470dea1d52de7bef169ab4aaa3ba197b,13013.54,0.0027,78.3935
bc01aeda9d84593ceed5eee4fbb081f86a6401a18446c6a483bc4de3ed291715,13010.5,0.0027,78.3962
c3111bc677b90c560e6b41cc963481c09938be8572c44cc89e653b1e6950abc4,13010.12,0.0027,78.3989
d1b2a94a156d489bcbc53110f1a342c98da3ff3add036f64150d60830f3c6db3,13004.0,0.0027,78.4016
cca580ed5750815a50b1c51f941821b7846845b19263e267590ecbc18c172285,12997.81,0.0027,78.4043
0502be8aaacfa127e1c63be40cc1a8b5b74b7b5c197679b5f6d0555070dfa631,12992.54,0.0027,78.407
b2360d0894aca0f72223cea54ecdd966837722ff2fec34fe1f026b0ad6b26e64,12987.0,0.0027,78.4096
086a23f278c34dd98b3a0dae846120504cc6a809dfb84701e76bad54233a4cab,12980.0,0.0027,78.4123
31b14dc57126ee483796ec379b0fae0ee8444dc236e967dabf1d370d953930bf,12976.4,0.0027,78.415
9bbd39db3fcdae4b4923b92556ff035871eb789fae8224742a4738b35dd54f11,12975.82,0.0027,78.4177
453265f29063f39cf828a893d04cdf13cdc5093ad1dc53761ccc4516d0141fe9,12969.72,0.0027,78.4204
e8eba08ee333c87aeddfb40b8d7a04accccce08194ae8d4eda82d4a6c75c7bd0,12967.0,0.0027,78.4231
9f415675dc3b05bc7bc1dd64667e45880906f9a89c4ec1b9bff5d29488ffcc1a,12961.17,0.0027,78.4258
ca7a33a0b1f1a6c6dbd475f3a5691c828b4475988272e9a0aa4beb880c56ba6d,12952.88,0.0027,78.4284
eb6a40f73a5fa633ac2d96411f4206fbeece6db786ffcdff5b617ae11efe6227,12952.0,0.0027,78.4311
387e676eadb2fcbec2ad7db6a048bcb04b71180254f1a935d9b8a6b838649364,12952.0,0.0027,78.4338
720f4c182a3536ed92cb60c00ab1d70d4044a0b7b9f93ebd3073265f52e9b35a,12952.0,0.0027,78.4365
63a38c3f3091df2e7f24d6209de2eaea29303ad2faf4317c7998646cb6e711fb,12939.19,0.0027,78.4392
89318a103722e26c214e30af015546b2cff2a38fc010627fa903fe8b690913e8,12933.4,0.0027,78.4418
562a2fd91adb79949ef81c3853788c173710941132298be2b1fe6e668258d560,12926.87,0.0027,78.4445
902936f6a8bd723a60fa736d7e2fcab8c72a608b79735639f19bd1e8148b918f,12923.0,0.0027,78.4472
162fda1c3929b763e2d86af726d2bffe63c88d66c327b6eb9bd69d6042c8aefb,12923.0,0.0027,78.4499
9de7992a8f804a6d794f0dbaef52d1c1804fe0b7da508bbc02ecc02091fc04cc,12917.98,0.0027,78.4526
2b905ff73da047e45d8a765db31c93374a94f7a508044b31ca7c40bd48a2fbe9,12912.0,0.0027,78.4552
85a1faaa6cefbc61c4a91e7d1cab734a980e94bf6bea55a0666645c6b5ddc6db,12911.27,0.0027,78.4579
2af4070abd89d245893556568bb61558ca690172698b74dab5b5d1aa5d10fa86,12907.91,0.0027,78.4606
9e2a8ab47158143ed5c3ce36ff64ba3d62ce92b48a7862760d3e8f7e275db661,12901.52,0.0027,78.4632
838232a0524b031a780f501ea5676a36e0f9ad4f6572ccacf5ceb90116b7a805,12898.87,0.0027,78.4659
eab15c285139b150c15e929092c9725935c37713a4f4a433ec7edbaf4e9c6a46,12892.78,0.0027,78.4686
db8f630e55d8e04625cdb7a7e62a4442d443fe1b2bb681c34380e458ba104a96,12892.6,0.0027,78.4713
9c2a511080eaf93037406fdc6331d3fe2a16783c7eaf33d7c62b5b77d7929d12,12891.61,0.0027,78.4739
f15fee7e1e71e5ada33cddb5c624c444383bd1246b880198be6391aee945b9e2,12889.09,0.0027,78.4766
af1f0d82f83c385e1090d406cd4f39950e09c37ba51ad4f5aaa86be2cb1e97bc,12888.41,0.0027,78.4793
217a27dc0a6a71e0d1bb0c80dc006b73024d6be0a9134d96051dc68c876120ce,12884.2,0.0027,78.4819
48b149ba67946efc5af8f42f268bee9ee86b6ce8ec4a4b56906df4d7f4a61adf,12882.51,0.0027,78.4846
12067fd946b4f8f0cb2c35034f3c44214e13be6ec5148ccdc691c90307e41485,12873.86,0.0027,78.4873
a0d6d2025a147915955cae51e764581ca87b8b269fb3285a2ac06088b55729dc,12868.94,0.0027,78.4899
1d56c075f3e5f2d97aa94d655b48558875709cf144d40a725593a81e92799fd3,12866.36,0.0027,78.4926
ca19573ceedecdacc7824033d479219a58ba03a0ec47f26ed40d70c1d51fd3d3,12860.36,0.0027,78.4953
759be8734a679a32d852df0f8c2dc8d7e122a683e2dac3ee2313d5cf6bcd23a6,12854.76,0.0027,78.4979
1114a099aa89dc8d982eff351c3b3fb1fee21350956173402fe41b840f5f249b,12853.0,0.0027,78.5006
afe34689719734ed8b80bb80e8dd1869b1346b8e9f99dfa3ae1873e8b06febcf,12852.92,0.0027,78.5032
a360e3ed3460e23dad49c056dcb45876620b87adad09122b83274f39a7299cc4,12849.99,0.0027,78.5059
a4e489408166d4cc7e26c2e83226648f9ee60c794cc896dd682cb3e239f06266,12846.9,0.0027,78.5086
5211a3d6222b0d9f74f73d7ea158fd39bed7318a77169e04a1ded6d84cef4dba,12844.55,0.0027,78.5112
3ce235e95784ebadf4dc47922bd842dfe9c1f07e5ddcbfc637475fa923d008ba,12834.82,0.0027,78.5139
c52e492b5a6e75ac33e314523300992332e1e9b2738b503b9f1932e1bcbe5aeb,12831.8,0.0027,78.5165
e1ff34cc08ff60ca7adfcc1dd17e47fefcf1a331b8c8479b63473cd16156622b,12831.0,0.0027,78.5192
d216a9f6eaf5f8020f1b707ee693afa2bfb2ab319eb20089767df7fe5ee7d6c5,12819.6,0.0027,78.5218
fecb12cc288f4173b4dde507f1d365648112190bec2cb4288bbcfc8f1bf399e6,12816.05,0.0027,78.5245
4ddfbc51726b943e1baca4e050c57751f576151750ce68635748429c0d892920,12815.07,0.0027,78.5272
5430b981a3090ee87c5df72699873a574c4fec54bd1c47fd5e86246bc065b168,12809.0,0.0027,78.5298
ddc8889a1116c9b34a50199780ca138444f1ba2f865a14e02b5fe0b3d763c2c6,12809.0,0.0027,78.5325
6520506421d9eb2c14ecd831271fc2b11f6d577655e0f099625fd8ad45f80c78,12809.0,0.0027,78.5351
a74943754d303bbf0a31e16fa53ccf206c15a6da70f0ee5add61e274e2bb8a70,12809.0,0.0027,78.5378
0857f8734b470e05a5fa67fdc0a68126c89bf31f201a6164f0a40a6796603dfa,12807.14,0.0027,78.5404
2fae08482dee5bf88acf810220a6c13043a65e3219d1efdc70dbf03b010315c5,12799.4,0.0027,78.5431
2ad8aa2435e1a68863ad3b4e92acfe16f905cf637eb7d0783803ba99a4d89253,12799.05,0.0027,78.5457
374d71d522fbdd5f68db2383acc1301cec6d17c6bff273ec8581418a768b72c4,12796.96,0.0026,78.5484
85119adc6712341d88d9f74c9d6393dd707ce427043397d8e73b168a4f6db237,12791.5,0.0026,78.551
1cf6343ef5218303191ca295c32df480eb93149f8d689774241181dd58fc49fb,12787.53,0.0026,78.5537
547f22e01324dedc6d21b64e6591fb69291c84ad1b8eb316d68b9d2990b1ed79,12781.01,0.0026,78.5563
60e19aa2c1ccd14d06c9cb72199072eda01a0a433bafeee4c892a485d629065d,12764.45,0.0026,78.559
f02c4b875d7ffc77745ca7e50404dabe6b2db11179ef55e578123024ca423cac,12763.47,0.0026,78.5616
6945bdea81597148eeb104fe0014246f79299b63bcd884bac4a9f07aceb6d9c2,12762.72,0.0026,78.5642
8b66c8e2e2220366665b41ff51eb9a948631740a42ff3c85aaa0035b7ff93eec,12762.0,0.0026,78.5669
2dcf0094c84be2828320c78a23a36c0b821f6089da82e984afa847cf9f76d532,12762.0,0.0026,78.5695
6c3be8c173bb096797de9ccb84f9d3bda27de61ca969e69a7e5f5a8be6138972,12762.0,0.0026,78.5722
befbdcfcd33859b388e10ed3f8868210df92637f4d27817e5ed599cd7b375312,12757.76,0.0026,78.5748
2cf249bb01ba3c5d901b3a12b70bfa41a8cd39a7e7bdd6ac0492e9a21c805fa5,12752.01,0.0026,78.5775
f2177cd3441da9e868075e61c2762724cb002c83e4fbaa1c5b60c10354a83544,12750.0,0.0026,78.5801
56c130447245d3d7e780a3ff6c4cd478fddd758ea3f686aa7a9ac454b696fc0b,12744.36,0.0026,78.5827
8649bdfec8f2b48d37a79e80e43edead59a7a73d4ba7a34e34e67615cec81b16,12739.68,0.0026,78.5854
a65423a8135b7595c22a6847ae33a30815216c770273540b2c9093c337c465b9,12737.68,0.0026,78.588
9078d40534b1c12da4d9c1b2453203ecebcfec648b68ef6daa6da0615bd9ff1c,12736.71,0.0026,78.5906
56529585680087163edff86408d12fb491f9ebde3b6597d309b3d30ba559eff1,12735.0,0.0026,78.5933
74bf56656bf461c06a3bfe6b94a0eee8028f3172af2e09afc5f91f27a516f6a9,12724.8,0.0026,78.5959
8bde8988d9da52819b9839ef0e36e918659ed880e03bd3f2d4cc6a639826e3dc,12717.85,0.0026,78.5986
010cbc4ccc307d3b4fd7214c8d6c76d700ec0561fc467ae1f9c21d940fd8bebd,12714.59,0.0026,78.6012
421796f860961266c90ded34aa0c6d7177be172a37482b6a62ddadd4a83d4b1b,12711.24,0.0026,78.6038
cae4a92c8348d295b0b590e001529ad444040051715b8ca20196b70cec3cb06b,12706.4,0.0026,78.6064
92ca9cba2478c0b3f0f7ecd0e59b9ecca95afe3e86e0ba19424fe3a2f7b9a817,12704.86,0.0026,78.6091
68884bde7001516ef0c725701c1671f65bbaa7b510e40c2f24cf758080d2fca7,12697.24,0.0026,78.6117
d5b75581114f812618584f40ff93ec5acea73e66a1a0a23efe19598be9a381f4,12695.68,0.0026,78.6143
936c726d2b538400d09885a481a886adf9f0d17bc1b4a2611a85c66001496e56,12693.4,0.0026,78.617
2e12b5ca6024e66b1d1861921ca3793c65ed0211ab2955075b5af178f12bf535,12689.6,0.0026,78.6196
23b7ae423c0e3ca21287477c45ecd8ace1a016d1c8298d2bcf2a23ecad58cd72,12685.17,0.0026,78.6222
aab4d88f7fb31b59d3fde4b20277a2af44acebeef8f1bd1ef838f4ef52e18e75,12678.43,0.0026,78.6248
3ffe33d40dc9392fb206b94d6b0bd76530f2ec33a3fc28af49797e256cc383bf,12675.55,0.0026,78.6275
2d82d36c2d15184e6be709c0df7a2dc81ae1df6d33f15e2561f14bb795ff42eb,12671.32,0.0026,78.6301
dff30dfbc01636b21453a6103a5696b41215661988e9a0c5cb32b6c39c43b529,12666.9,0.0026,78.6327
94a21ba07303119533477da4775ef4694c05646008b09ac8c2afbe9795817d25,12664.86,0.0026,78.6353
8145ff44576d02bb0f220e0ca3cfeb1a8710b23702787f9fe03a8c9d3474497d,12660.69,0.0026,78.638
4c9fe33fea77da3fff7f09517032d28e25719bf5719600159c363513c1d672d7,12657.2,0.0026,78.6406
8cb4d51618d4bf511902aa22ace4842b7d985fa06a3d6c20e0f3cedadf3643c0,12656.0,0.0026,78.6432
06ae7340390430a409506d27f66920b31264eff355678427f7dc85dbd41644f8,12655.0,0.0026,78.6458
ca7f44f8cfac80d5a813b24011fb1b2ba4cdac22a267edac0987fa6d888902bd,12651.58,0.0026,78.6484
87f59c1af6e51e48978399291e4539fd1d8934e703ba79916e1c66ac970b3bf4,12639.4,0.0026,78.6511
99e956943571041519d824dad676117ce0b09ab9c1c74a0f001733640f69851e,12639.02,0.0026,78.6537
24a5cd5f3828bedfeeadc856957c58f7faad6ffcc6ef30829c2168f11f18d307,12636.87,0.0026,78.6563
cac8c8b2895ec1abb49e3f37306c9caf225e53acc30a47be529de7f203f42245,12634.63,0.0026,78.6589
87b6023342d9e13ed25987a3608635c76bc644686341b7ad9bf00bd85b78de80,12619.96,0.0026,78.6615
03513e999c841cbf27d3262a1b51b151ee9c837b71174ac92447bfa31ed311ee,12615.28,0.0026,78.6641
a3ff0ae6eca7c927431ee48da951ab4e1c75c97493a368db1cb35d34633f7196,12614.25,0.0026,78.6667
8420edb358c9f1d4eda2cf174401ba33a05acb91d7634bd06fabbd193070ce8b,12613.0,0.0026,78.6694
54a48b368e35e14a7003e4e5042a52717b1b34db130f9977cdd2719f16337b46,12608.71,0.0026,78.672
11b39afdc3425c83ef949130c688263b4565d3e3e0c94a63c16a3163d9ca2512,12600.8,0.0026,78.6746
01509e4bdf83456b4bf7c3ac4e9df0b79007f26812aaa7a63620475fb3bb8af2,12586.05,0.0026,78.6772
9c096c75402fb1cc11d70c4832e35c8a9efcb4ae8c3da87c2bc70e8364e3af6a,12582.0,0.0026,78.6798
d8934d99e7bfc8b1bf17449bac56d46e8fbe932a0fe81ab019ec590ae44ed244,12579.0,0.0026,78.6824
3a090c6005f4bfb49616a787fa2e6f122f2a7a99503d6a56c1d7c5da90ab2577,12577.85,0.0026,78.685
b8a36782873b33c1a5525fd0cf08471792e78f1455dd0d271381bd52d6e104ae,12573.9,0.0026,78.6876
14a96aae4181671fbed97417b9b22cd8a7e833df57fa65b6dbc7f05bcc103a68,12570.95,0.0026,78.6902
4efc8d55312eb410a8a7062a42df1f334072beb935cd61434894f9c9123554ae,12569.06,0.0026,78.6928
da81c6c7dd143cce465c46ec312e029fd1db9c47fcc6a7fbd82349e0bbe6e573,12562.66,0.0026,78.6954
2a511ffd0ee944b9c2df5f08b4016e29ddbb051c0916ce4135a026b992dfd54b,12561.83,0.0026,78.698
b9a5135b8e9e2d018c765de6a068f967166674074a87257be6f9933b8b730467,12560.78,0.0026,78.7006
60d7f87e0c8cdbb90e75f2bf804e2d22aee4d31d0919a919889812956000786b,12560.39,0.0026,78.7032
ad4eaf47d4456f9574c1112471fd6985a96df829bcfc55908b1e783f06fd9b8d,12558.25,0.0026,78.7058
ab86b53d7887b34de9cab574e3a580bbe9f149f4c095b45d8c6c9c684ebaa27b,12555.99,0.0026,78.7084
d41e421b0593c966c75f6b0b3c1d6042b8716106f80253b35fe3ec7bb2d48624,12552.68,0.0026,78.711
6e1d78b82686d40e763d0c5235b984dfe3d2d693fd8be57ac5414c641431b23f,12552.65,0.0026,78.7136
1963904897deff5a9e20d501bf2d5ecd3f1b05fde0e69c301361e20008996841,12548.0,0.0026,78.7162
a91b21e23dd3b8cef04eff46433de003fb9380c11069b29c1c2dea23554e6536,12546.32,0.0026,78.7188
e0376b70fe1ba7463b31a046a89e423c0778783646f77120da8c677e2967b850,12545.0,0.0026,78.7214
fb6def53e1b3a25f8aff78ff9ae7b99a7adf7cabd5fa2dd5e56e2f879dfb7267,12541.2,0.0026,78.724
2d9fc891fc8ca0e5adc48d88456cf841c71085fa19f50775e27a1b7c638f4a05,12537.2,0.0026,78.7266
ecf75e6c13d1e6d6359ea99fee86ee84e51cae1f904efa9f2c1d77ee9f1a3e56,12532.34,0.0026,78.7292
46cba6a8e1c39c402e90bd88a15c48a5fc17042b5bf5be7f692ef6a766addce0,12530.67,0.0026,78.7318
3c2d0b6bd00cbc6f33cfad8f9f92b30533513ac059d772427ca24ca439b95a13,12529.04,0.0026,78.7344
b3157ca444fba87455db40ee53f091d163a0b85228a6c3318338b86e43ddc526,12525.22,0.0026,78.737
65ac77e045dfe8d0ce79ac52acb42022b8c5741224684d81a554e4f023c9be88,12524.0,0.0026,78.7396
8b63f16d5a93bccd2296e5d4be16e4cddaf60c1482637a08203895d650fb8b7c,12508.57,0.0026,78.7422
51662757d44f4bfed14596725d9a6d603b19c6e8c5e3b764672b2ecc694a1969,12508.5,0.0026,78.7448
1ec0bad694b80eee8b2e8f4d5452b12b14ae0f75208b3ceaf51267b2655c924c,12505.58,0.0026,78.7473
a75a03ddf949be30e616f853c6f53752c501ce1aaea2ba22321134824f5e19a4,12500.06,0.0026,78.7499
e051cc216c693381249058e51c103b5553f216ef2b1be9e9e7e1dead73d49394,12498.47,0.0026,78.7525
047f70a69f7b45b264332da1f9e6b22864c8f4cc847fd52ecd048d3042e2f7ee,12495.0,0.0026,78.7551
b180923c9d7550774c3c71daa249f2aed51430f69b5716ce3947efd08cdaff43,12495.0,0.0026,78.7577
b8740e24244b725d8f009767cd7bf75c4607515c1cabef7573d073bfce80c559,12495.0,0.0026,78.7603
8e13bc7be03d609262e2bddb54fda9a9e6692f830699465fb9637d575633297d,12495.0,0.0026,78.7629
c6172727a63b16307bc3d3151a71f9a37d5568d9f3ac258eb692208fa36dee33,12495.0,0.0026,78.7655
1d7b1b06c2725376b3d0ef914b5fae78475f07151946b22f22be2a1fd74ae3a9,12495.0,0.0026,78.768
3891a22301a219c4e1dd7157eb4f36533a15e538e9fa5d7aa88f4c950022c847,12495.0,0.0026,78.7706
9cbc98161c84ae8ba9128b018bd1aa59dfeeaf3fadce50a8f8f4f3ee031c9d60,12490.01,0.0026,78.7732
30676a6d7bc004dcc97e73c3821210a3cd49c7e6679a4b2efc5cebe95109da2a,12480.0,0.0026,78.7758
5e36e0b276343ad3c1f3da738f632091c3fde33a03bfa60ba753f2550f63d6b7,12470.02,0.0026,78.7784
d089f4e45e4dc8c6eaf6bd7c86a8f7148e3e9c9bca12812b800114fbd3db56d1,12465.88,0.0026,78.781
96c2f7088a0ec71957aa4f04c31db31e68e02e9e154f5f164ea0f6463b1f1d1f,12448.76,0.0026,78.7835
a12651e712aa86406aefaa020cdb12998c29ee774ff9df9fe806c46e0edc5f2c,12447.8,0.0026,78.7861
a61a93244afac2c6a7559341115cf01ad1b3df5f03089fa1106aa358b7b7d952,12443.47,0.0026,78.7887
40782451571323d066d9a0991cb04e44a59c6793155d665bb08dbb67af3c03db,12442.0,0.0026,78.7913
13615d7011aad6d73652feb449dc6c4ba659bc232897a0899568a2d3a01d8104,12439.81,0.0026,78.7939
ba4058223a87ec7c00c1b7903d0d141b920281a142f56008d2435ad425a93a46,12434.59,0.0026,78.7964
3314528d6f0edbb41c7399fac27b535523e58575a4fb9d4025fe562bafaea5bd,12426.63,0.0026,78.799
2bceab4205a68abe91d2c28c19cbeac1fb2c16a1bdda4c75efd5707aac1ea6d2,12421.72,0.0026,78.8016
af948c690acf6ec6be23394b4bee4e74f565c8f1964d9a1262d855f2c135721a,12420.0,0.0026,78.8041
a6942c20a5a5c6b32d22daead822a08c0bb064b54bb8a1cede24982b6eebb0e0,12397.26,0.0026,78.8067
ed6ebf4e30b4ac258672a4447bdc021724a207bc110ae95d751812db480fb7e7,12388.0,0.0026,78.8093
03a04eb13d12de97669b0dadb04a58bf8fd5bd5c615833b2f4fb711a8c88ebcf,12374.41,0.0026,78.8118
399a160e9b94c886af32e77d0742d02973629298c2b0e25560f6d98fbe783d69,12374.4,0.0026,78.8144
e6372a54b44bbe251b22b11b6b33e62770c7fbe6c67bf24ba80d3e47af606e73,12369.93,0.0026,78.817
60c2501caba92214b16dcc54a629d4ea36a035fc2fb50a04eda259a03617006d,12369.3,0.0026,78.8195
c7cdf4fe2b2251248f90edbf500001f9b1b357672edd5ffa6b44a90881b09715,12365.48,0.0026,78.8221
5afb7588023d0c526c4144a5d0dfa3e34558b3e9fc725c40b371e35f4f51d788,12363.0,0.0026,78.8246
304ce220548a9371b115fae1fba6620c9ffeedd8e56916a28bdc54534425590e,12361.51,0.0026,78.8272
0108c024eb70e6f1d46202f03f00b554b6cf25efca7fdfdbaf8655a8d4ba0dac,12358.6,0.0026,78.8298
685950c8246491728952c0edeb36f18cce9a0cc9f946cde71ef65a2d58e25db4,12357.48,0.0026,78.8323
8424a54ea6abfe253086707a45da29fd05757b5768dcec0632aaa545cdc2782d,12356.6,0.0026,78.8349
2a0980ee9473484815df4b8da724abbdfdf0a1ad0552b14e5527bdd9bdb2d029,12356.07,0.0026,78.8374
aa2ee14170e36e32f1d8fc2f017e58934bbb30bd2a4f3b70b85f127aaecd62eb,12353.39,0.0026,78.84
1f3532fe1b510e71efb5304d3def58892767e4687dfedda9f125916b5ae234ea,12352.9,0.0026,78.8426
7904765817fc7e917aeb65a6242da5bb7e144d6e15f659856935ce718416904b,12349.2,0.0026,78.8451
3cdc6d2c7f34c6cbe9d24e0b9dbe20d73d2cb9d26b23d61abe35a690c4d749e1,12333.55,0.0026,78.8477
7cc6a56700f0a5ddfcf095b1ec8cf8d826d3dc50c704a623beafb7fea654cb90,12330.65,0.0026,78.8502
b1314c35b17066c37e0a0483c1d4d1109e3b0201fbba73d0c1eca152e3fa9efe,12319.25,0.0026,78.8528
b013bc4a225dfae242fb73637a47cb5445d4803486afe9dbb3194ce56f67b563,12314.55,0.0026,78.8553
7f57684013163f74d0ffeaabf633b151dcd4f8c653fe589ff38501b1213a68fc,12313.92,0.0025,78.8579
6dbf53c34cfcbff474ca36e8232f11020adaf58e44f06cfc8da885a5522fa964,12308.21,0.0025,78.8604
47f54fe2609d05b94f9338030a7213920158088106811b065f595e7cba7c4cc2,12307.73,0.0025,78.863
6a417b88ad4349dffc21faa0df077598955737ecbfec9e09e66f7b015478857f,12307.71,0.0025,78.8655
6c1525ab283c324f5077635df399ef6f2aba306d45cd77234a33cfcf13a3bab5,12305.26,0.0025,78.8681
8a168ccf0ca88315a0f9422f83ebf08af695756bd9d8844674a2567dd038aa12,12299.62,0.0025,78.8706
a149a9f67d2e23ba2feb7dad8989dce88b046ee1abbcbbeb451dfb7fd1fb81ff,12291.4,0.0025,78.8732
137b51e4246e712052a488c1606fd42fad0c45d28dcb2fee29880c9feee711ea,12287.58,0.0025,78.8757
d38a3a877d29788fbbfe77d9ded3d575fbaf34554616a9d1ae06dd559ed90c2f,12286.55,0.0025,78.8783
c5883875beb9a0c9eec33ff6767c5b4c24fa9750095c14221ed888d4736649bb,12279.96,0.0025,78.8808
de387a595ca807ba5818bf0628057cb7b4db168575ff2f62c5dd563a50468d19,12277.5,0.0025,78.8833
52d30d8f25e64bf4095d0f9eeb69bbb8be1ee6280ffff687343f00fd2186f906,12275.32,0.0025,78.8859
78dd209e8ef2d76cc85469504c12b3bcf902e1666af23ddf216426ffdcaca227,12266.64,0.0025,78.8884
5653421ee423f2260f2ff961105559bd7aae2b0e40a01227fb707f5c6624b162,12259.98,0.0025,78.891
6f90bab2eeec10e0aa0da0707b667f4c6bd378eb5f0d2f32dc8dd0cabe4f07fd,12257.46,0.0025,78.8935
ae06dffee5e71049974a3b3721dc52cc81f4c8274f452511c039d6303f03c092,12253.94,0.0025,78.896
0815f13e92b0b40e0f09326cc05191329d2e9a90246ed211124ce560783b494e,12253.77,0.0025,78.8986
759b68f2626860131c9a80bf8c4305562c7c6e1e0722e7783363b4cdd2df60a1,12252.68,0.0025,78.9011
eb394f931b7107538159ea924e9869330764e35472e409a3069df332a7925b19,12250.0,0.0025,78.9036
13257cae46b8efc237d66ed51dff24f3bb3c9efef79b0e36da52a58ecc8ecc81,12249.71,0.0025,78.9062
0c044dfbe387eb4aab183cff38989681d058423e9da9f53e7ef02e2ffd782a66,12248.37,0.0025,78.9087
3bef48c13a9f2f622bd5b670dae7f70c5948b96222e383614d2a607f896ac27e,12245.86,0.0025,78.9113
75f51e385093680b7459bc493bd2fe9ceea6f6f23fd49a87d6ca81dc77f0296f,12238.67,0.0025,78.9138
b2356db817baccdaf9af3dd2f4f73ed4198ccf4fabb227cc2433d0d94ee10483,12228.95,0.0025,78.9163
115d139a94333272845a06e3117acb9f81247d7a6b53b5172fbd4f3573bedc03,12219.82,0.0025,78.9189
1a88422e301a3978a0a72bd535b68b5089d01c9f3215a9da58522a88332d39f6,12218.71,0.0025,78.9214
8c38539e67d36f0d09e54f6714007006c173f2ab955da7170fbcfe59092d218f,12212.4,0.0025,78.9239
389e71a6e9d0f53e74d6db9222b6f429e4722640590e751f06d9d4c8b23dfd80,12211.3,0.0025,78.9264
4e2ec0cff72b90d60f95ddb556d230e6d08dd58ecc7784df1ffdd05518a4bb04,12209.12,0.0025,78.929
492da18afc16ca036d85b9897d616640cd8a41a2b263af122620c50e27d8ccbd,12204.0,0.0025,78.9315
8872c5338b97015f1eba986ed1407c6578b1c61836059f8d7d5bdf8c2fd20528,12204.0,0.0025,78.934
846c6c3fcd523d20ef07ded2ba3aff32ef77574f859cac0f056ab266ddcf3026,12204.0,0.0025,78.9365
2112ccd3b309c97cd2a6a0f0f8eba6683a606a4fb3459eee7fccbc7c2737abf4,12204.0,0.0025,78.9391
40b122f88a2110db2e8a3edf1224555f59961869927b52b8b5ca9421d86f9ac1,12200.34,0.0025,78.9416
a4ae0a11cf63df791e975024265fca78bfb39a9efcb5ec1ce986a8bf5313fcb4,12199.75,0.0025,78.9441
d2a6345b25e1c9f5a6c5fded522a90e4c292841c6659455694400539c088fad0,12197.39,0.0025,78.9467
be45e926b740d986197a413b6f906a0b4b7ff7ff9206b7041b728e225d9e59fb,12185.85,0.0025,78.9492
2cb091dbe18c7dc7d84096d0bb7bca8a7945c1135a4c00ed9f38dc5f088ecf67,12183.54,0.0025,78.9517
0d1f5f34b3193dfb75fa92b4c581f25dec64ca17cfdbc5557aeb6fc1b55431dc,12180.8,0.0025,78.9542
7d9776a633c9b0a9a1c2946a7bc6329de74742f91b1133581c26505b6afc73a9,12176.45,0.0025,78.9567
4a0b01d93d9a39c5e4cbbbf3d5b68c9cc0729150f628324f587e971b8b98d594,12165.39,0.0025,78.9593
d9ffb018784039958bd94c2f0f4ecb56bcc4853632dba446c096855f9733174c,12160.22,0.0025,78.9618
1dd0fe8075f1694278deaa41749ff2540ec1594eb31ab369506aacc9bfe90f3a,12160.04,0.0025,78.9643
1699ded3dac952c680678b030b6535f03d60d61c652fa0255d43e8335a92ae2d,12160.0,0.0025,78.9668
663a2c33a95a98ffa872adc92262c581ad423c51ad3ea3e34b43a931c55329c3,12160.0,0.0025,78.9693
4784d9d612062c3218ba4b1bb9c324b9a8de7c8439e272cee92d5af31df38044,12152.17,0.0025,78.9719
af97fa511be44fe5a03a0d2ead81df875f8bf9fa54efd8d8cac98a3517028651,12142.0,0.0025,78.9744
a4740f330d74df904cd35a62849a0f59dbd9519ac47612d110e832360a5d51d9,12135.04,0.0025,78.9769
a78db5ef42dbaa62888db744f51fbf3845c54231c91350a90986c7fc7482a738,12120.49,0.0025,78.9794
15f10ca4129e05b098dfd4905eecbfe18ff43d28854c62230758a87388b51e22,12116.03,0.0025,78.9819
852319d47877afe4d45881934d65cd07e6456e4a102f3ba39959d01b4d6074f0,12110.58,0.0025,78.9844
b61ab9ec77963984e82fea6dfc02fdc198f31a441872677778f0776076b07275,12102.0,0.0025,78.9869
be4bfd37f04aaf3760ee1b7c8b7b9854156d2bdff9944f80a129a3793e9cc1ef,12098.0,0.0025,78.9894
15b39d446833ece38bc94c9e3d9303a7322851206024315a15828a21fe9dafd0,12098.0,0.0025,78.9919
44b13bfc4453083fd1e3a50ea9af07d0b578a71b0ecc636434dac98cb1a03b53,12091.04,0.0025,78.9944
3bbfcd90bfa5576b202a25ed3e25ebea71caf633c5c1baf56e4e7f437c3d44b3,12088.13,0.0025,78.9969
8b8384a3b17e3e5e724f1cf069fde800137fbfbd7af26632f8a9983f7f738a5c,12087.84,0.0025,78.9994
e9eb589818a71733f47504bd8e9b1eb0c6ea7c69115cd92ae3091fc762366682,12078.22,0.0025,79.0019
d07caaa93ae1efae3703d893544d16eaa00cb382e1811a1f5f38079d1c2a040a,12075.1,0.0025,79.0044
3a6199e985b09cb9055e4e31ba6b4251e489dde4e44da4b926db06797fba1134,12069.71,0.0025,79.0069
758509223279807f4812fe6ce2da2b40ce50e05773b86a9e07b714603658b70d,12068.45,0.0025,79.0094
eb624dbe56eb6620ae62080c10a273cab73ae8eca98ab17b731446a31c79393a,12064.8,0.0025,79.0119
9d89a0108776d5c69803c3f97dc72365249fb8373f225279afdd3241eaa549f8,12040.91,0.0025,79.0144
d6dab1c2fa009a885f767cbef884ab01e269b8e2ce9fa3474ea13f895076d71c,12034.35,0.0025,79.0169
dabc9953dae73ee89880c8bf8b3264772401b3d51549dd79c967ba1437c473de,12034.27,0.0025,79.0194
c744989b34bca2b765da8af8ea3da59a9db168d3cda7df7126979e8783263e4e,12034.0,0.0025,79.0219
18db468746443c77129e255f667c7abd570f6d0a90fcc2fab7d19ded6da96c73,12027.25,0.0025,79.0244
8199e329068aef32b507c55741922db66324244039c0dfaeed6c08d1d32c6911,12016.83,0.0025,79.0269
106324af0d1989d877a8e26126991f4bb29118c432e915dcb5606ef684512a93,12013.68,0.0025,79.0294
55b70a7b841e7fcd8146167aecd88ac8178c3f6940eeb55b34a60f6bb11f7957,12008.0,0.0025,79.0319
4ad2ab8e5811ebe5ffa152bddc918004e32663767252c5a57cd7ca1adbd25da2,12008.0,0.0025,79.0343
0043624d80ef723fc0b4c9114c3fabe2f8e9ee15dfe80c6b0c694b628794f3fb,12003.89,0.0025,79.0368
3673429388477279437b7904290b1a529ca6eb3f62adfb842f675be2c46c72cf,11987.02,0.0025,79.0393
44d52da21533efb4e9d386770e897373f19f0fbf66811d4a3ddbd6a3ea08a7b5,11979.48,0.0025,79.0418
ceb3040f80dfd06e524e17fe6a28131e9ba2d3d58b0b4696c484954d18cfb8b2,11969.0,0.0025,79.0443
b47a744b96c91d254034a97c53c3d7ff287054fa206f4102314ccc8ccb672090,11968.52,0.0025,79.0467
4ab34cdf3e765ab1629ed66b4d683a8d5bd014b8b7e8f2f3edd4cfab45101031,11962.84,0.0025,79.0492
07bf7d94dfa21aa72b5ab1d2c1cef920b6baee8fa83d1bd4e708b179d73c45e8,11958.26,0.0025,79.0517
dfb775c6ef1462ced6d496125d3e1887ec7bd0764de9838141aa641a99e84de5,11952.01,0.0025,79.0542
18a94f8ae601e542b82028199baaefae533b7f668e4d4d58bd13b1512d658006,11947.4,0.0025,79.0567
7656d1437f311a0c380f7f355b300e31b807b201bb3a76e454c2e7f16cff3cba,11942.34,0.0025,79.0591
5d973eebb09417fcca38ef08a36dc077b66c2d7a3fa9be22a7b11aec9590bffa,11941.0,0.0025,79.0616
6cb1d1293f92fe3ea1efc558c2ba70820d8461c770ab7168c7293906e7886630,11936.86,0.0025,79.0641
8bed3d8a46b0c1ea79b0bbae217f915495ef32fefddce1282bb4f3f72e2de523,11929.12,0.0025,79.0665
271321cd6a79b4dc7522b0839107ef9c1b72f3c6c25e0670a4ad2df16ce22778,11928.6,0.0025,79.069
7552fe1c93c68fc60bb0afc739abf75a6263a89328c9124975bcb427854be81d,11926.0,0.0025,79.0715
8e8944eb75e7264b08debe3c15b29f3568fb655fce38cb1fe360d3221e126609,11922.09,0.0025,79.0739
fc40372e64b8f1306d9ec026fc12dfeb9ebaff1b8c5faccc95fab2c5030b1c84,11918.95,0.0025,79.0764
f1020903d738287a3c5e893a8f6d195eff8cc2cc6285d5ac2e9f345629e85770,11912.0,0.0025,79.0789
e8eeccf751fc8930621b04f034ae0e203e718b3743fc34102b924e6e16169a66,11902.25,0.0025,79.0813
c0d4b0824291423827c6bce87d3ba253f2bd6421e04c85f69fba59c1a4d15ccf,11900.0,0.0025,79.0838
a141d14c1e50968a2582f14479c2730dab403c1fc958eb5046744601c818e04c,11897.01,0.0025,79.0863
36b2a8f28703dc93e5d95a8bb0dc479c8e195fe37f7b1e1921dc3094a438ab3b,11888.49,0.0025,79.0887
3e0bdb02e61eba2e4dbbaf81ded52b4e79c80bb702cb308fc91a009c4fcee36d,11887.2,0.0025,79.0912
5aa3b64b702b2bfb59c232e246154e8b2caeb7ed6b6327f7a017fdd2732ebf70,11877.91,0.0025,79.0937
138c6df0d3be6dca0013b3a419d1181b6d5a1c53cc686a7a5af10f14fdca13fc,11876.0,0.0025,79.0961
d7a3e9fb0683ec1baff44078d47f63c7e0d7c3e6b9bf89b09b6b40cea74547ea,11840.18,0.0025,79.0986
a8a33ed2f2df53a8634b09f3b8d19960c4eeaec42431edcfa1c94b55e5cc32c9,11837.0,0.0025,79.101
3e4b90299d5dffa4b717a375af72772779d56d7ab1f3629427e3de486f629aec,11832.1,0.0025,79.1035
4db8eb9cf5b09bf2acfcaedffe2f8244d216f13ff78e39f111ca53f746798934,11822.63,0.0024,79.1059
4d2a6ade2bb890f4a2118d8cea74da62d7a823d2e14627cd5ae8fa2cf7afa420,11821.65,0.0024,79.1084
40962624bfc236888ff8a68a74b0c30166b7245423520bb28196b67f57d5e332,11817.4,0.0024,79.1108
bd969524a9b2fdcc555b881564e22002faaa9f61d2561b3816bdfb06bc34e615,11807.61,0.0024,79.1133
b1e62c6c21af701b4616129cae1dbee53e37df10ff7dc7147796c0ab56888e8f,11797.2,0.0024,79.1157
f5d5d833ce6a3416e1fae6a2e7f0c24ccfc34abc0a285d038609c2f09b9ca34e,11796.74,0.0024,79.1181
053747c38bed5ed3926ef0a404c1bbbbb176504af67b709b1f75e6948c68f946,11790.45,0.0024,79.1206
650c5df636a962254e0935d1797c42552c9095aa5fd5cecefdc1391902ba8169,11788.16,0.0024,79.123
6962b5a23431ef9fe2fa795bd8353f6148a3dc931a302f0bf111ccb64fde05ad,11786.27,0.0024,79.1255
8e9224b5523388e6215c246526d1629cb0a982bbf39353d3cb7001c5b5051f7e,11784.54,0.0024,79.1279
de514be67a17ebdecb21399499fa110319c5f7685612038fd3614df6fda1a953,11784.0,0.0024,79.1303
78f8f37fca02877d432cd9a4056483ea6badafb9452f1f4a58f51cb3103c18dd,11754.96,0.0024,79.1328
f9282be83f4d60f9c4c2e12595e6857b0bf726c08e6627f4444c74ace6c3b06a,11750.83,0.0024,79.1352
d9c6c94c0bd63eb1ae9dc117d5eb9ca9b8123902dfc5e20c3c6b431d5e0d6aaf,11747.4,0.0024,79.1376
5e6a5188edf0b6e04826230da782a87c86b68bc5b92b8464bd11d5906fa24727,11747.21,0.0024,79.1401
ee288a13d0d9e75d9b7bea3d36806858e2d43c1a9d04a89c7c397a1625e0e78b,11739.35,0.0024,79.1425
aacc9847a7d51a97002808fa151e03c0bf453f564e125d3c98edc5d721ff49d4,11725.75,0.0024,79.1449
df3cbaebd73505d189929f87ee03a00f5b0bac304a07669181c4ae581fb23728,11722.26,0.0024,79.1474
421c52b1e52e24901c924795304f8c964dcf61f484442a566e3929c64b8b42d8,11716.39,0.0024,79.1498
2e18cec52298bffa7fa7bbca3fcca7c16d84855e0f5e3b61a9cb4b3b7e15eab2,11713.43,0.0024,79.1522
45cea457052cd31051c029ea60d4cd69ae4738f2b89d9ef6240212ce478f9d0e,11713.0,0.0024,79.1546
90225139232090a3bf5a22a2815b790e527c6aeb26d62e025b1b83f4a8f75f56,11706.7,0.0024,79.1571
74ed886f93f245cc6fa531b4f32b11148e1986a86bc8cedd4b25f84004472b9b,11699.6,0.0024,79.1595
aaa7fda90c2754da0a917ebca5587b20f68660f761017b45fe4a7e0fb9fb55d2,11698.53,0.0024,79.1619
4c69228db1c2bb41d2a337e7e50d0d1946e4ce8989a1743c6f2ea54bad128719,11698.36,0.0024,79.1643
a82100748ce5c1778f6cb8089510331692f0590629a53836f78385d84966cb4f,11691.4,0.0024,79.1668
aae9c1ae5b9f90f11d700828e30dd03a31c559e24b76363afc8794e1b93f2f54,11688.74,0.0024,79.1692
611165f606017e0a20596c9ad2ba340e2457c964d5c6f86af3b36e78daa98221,11686.48,0.0024,79.1716
0de0db6dbc6094dc8afac6590e70b01e11ec778c83a8fd0997997733420d6046,11684.0,0.0024,79.174
e755fcc8518a991b0bc043ec67662ffd7a3207df040371f853aba68e9232c6c8,11679.54,0.0024,79.1764
29aa8a5a4e5c49b5d12b7729379edae2c3b1da9bf8f52aee4f9b53b226b60a49,11678.61,0.0024,79.1789
e02c55c7798c87d4350b9c0a58321300634036eedaac05193e605284d3d710ff,11677.08,0.0024,79.1813
a375f02b43ef2194940686c21a75292076658fed745163172fc18c0856bee1bf,11674.82,0.0024,79.1837
975c3778ac6df84ac8b20eb96f070f90e44b493f09d65b09d43864d584ba910d,11664.0,0.0024,79.1861
316345b2af3e189021f1b852677c31083c180e411271bda11ef140e2c2bdfe3b,11664.0,0.0024,79.1885
3be96fef0491d30ec3f4c458babbe8a1058f1b548ae723939122281284c2073b,11664.0,0.0024,79.1909
25c3393f70a49dbabf077572c38604ffcfcd94fc9ad0521853a84f132c27cee7,11664.0,0.0024,79.1934
a51ede3ddbfdc7095965a843d99512a2976d367d880efe81413ffa956fe540fc,11661.68,0.0024,79.1958
9a921d57bfbe20a4c65f550574c826b3a9e17c79d347b0ce38b057143b9da52d,11659.0,0.0024,79.1982
8af08ec4a18ae9965d935e7a5ef064ce0cc343561113609b7ad2557455c37200,11657.8,0.0024,79.2006
c84f11d1a64b0c753653484b09b1b1a39f4c322620782d4a5e53cab92d34f7c3,11655.48,0.0024,79.203
c281b5957985ee288cd94ce956913cab1cd6041a2e300a0b6e815a7fd30eb287,11655.0,0.0024,79.2054
2031d13f7c4c86871774b8be4b6371aa1ee39c75ed699d3afabda4e9ef6cbe78,11652.0,0.0024,79.2078
bdd9a64ac52498e99a6c613847a5f14d2ea13a90870a3b6be822fd820ef8d006,11651.07,0.0024,79.2102
58e4b1be9710c187b7bf00376ef3d19238951c0dea9fbde1816ec631e89695b2,11650.64,0.0024,79.2127
370ee03ed8aa0a817bbe51b8fc8c32c95a1a8855749016acedc67bffa54afcf5,11633.3,0.0024,79.2151
0ac510a49a26eda8e334e458ea5d9a903d4b9b5f573d44375393db754bf71302,11633.17,0.0024,79.2175
5793c7faa9e08177437aa7e94d12a91b443c8b3beaae380eb0d07b6376316a13,11628.62,0.0024,79.2199
ab22e82c384d29a3a6a3de46d2faf72a7ebe04e3b5803c4893134ae2cdd3c3ab,11627.41,0.0024,79.2223
e6ffeed35d8e8eeee0673d8b5f7051163b1f9e44d9b9295251ea6386c9ff4229,11625.0,0.0024,79.2247
90bbbb8c424d9ee8487f8eab1a9f0e429cd0305e0ca790f689cbe75a46f81120,11621.9,0.0024,79.2271
6125033510c0dfd768362802abc3df929ef2972e32f863d74606632400424657,11620.49,0.0024,79.2295
51e197d549d75965d0ad6aefd98d474c53347f196d303ee9d311be2a0608e2b9,11612.91,0.0024,79.2319
c17192087b9f0e12571fd4ba224850930a3c1f30dab832ec1ca86c28218042c7,11609.92,0.0024,79.2343
8cbd239d0bc43d937001a86509bef4024daf4426d68826072971b274cb694535,11599.45,0.0024,79.2367
138adf25774a6a8433bfbfe1c90e90884c533bb587ba193567e1b59fe1342bf6,11597.9,0.0024,79.2391
6923971918f38dba0e07b2d490bf359b7bf00532af38c80ea8062706c734ae34,11597.8,0.0024,79.2415
b26a339415edc0ef04dc375589d0510d31f4a43f50950764df3a66073dc23a62,11588.0,0.0024,79.2439
3a381f7966e43361c8631f15c658db6ac6c109b49c4b7e7c8eebb00f3de848ac,11582.48,0.0024,79.2463
5b4ac8dba2bcd03a8f4885dd4c0bd84dbf70cdfbe6c524d5f076e74e433d19a8,11575.49,0.0024,79.2487
5f5a854f7896b8dedc7e03fcac7c672af7ea2ce6d7ec6509c387f6f9be91b1f2,11574.0,0.0024,79.2511
11d93be5d9b5024c0743de7d0ca1512d7b59ac0dd44beadd685bf1b11a9b455b,11573.45,0.0024,79.2535
4f81c2f6a8abf1d966660d455081d1a15df6e562c61d2015da64830f7faf2ae5,11567.9,0.0024,79.2559
9a941e2f9c415140131519bd5f95191e2d7cfcb2b889fca3f7087574a582bd4a,11555.28,0.0024,79.2583
20c6715dce37893b6a4a28ab4632aca168c43ec97f4019ae289daad852e381f0,11547.63,0.0024,79.2607
e907fdc83c5caeb7d0fe289998b45685f8f4fc0289081d452af73a4a9e78991e,11541.0,0.0024,79.2631
7f9faedfbd124bd02e2b1d88e01adab5fd2ea3bec38215e76eadc81af8176a2c,11540.0,0.0024,79.2655
085aa7e4b38405c0974246180ff223c1b171c1478dcefe3a441adbb5b8934759,11534.95,0.0024,79.2679
e7a43447220cfc602c75e0b07eef4a41bf3567feae95666389239c76b1d4287b,11531.11,0.0024,79.2703
7df001d5b9e2e417d5cc1ca03c23b5ef240970d9b479cfb3c5274c1985aaa385,11527.56,0.0024,79.2726
21976e2e963ddeaff67723a6f63703e9652821bc11e66e6e1028ccf84a7bd5c4,11527.34,0.0024,79.275
382403d9434ff58214659ef99ed92aa8190ea2fcbeaae4b865c33b55c875f7d8,11509.21,0.0024,79.2774
2c5d3abcbc20d8288c11aa1ebe92ec5279c56b119067fa46ac01d2c605c38c5e,11508.0,0.0024,79.2798
9943c6ce9e3c5434981d2a28c845b0eecb6760865f8daf6ad30fd4efacfc406f,11504.0,0.0024,79.2822
6463bea52f13dd200a11691e27023cafe1d1599cf19e1b78a580d9e07c090a44,11500.9,0.0024,79.2846
2c9bb8776fcb62db10cbe64ebea6a53a41e938534771bae9d8593bd4884317dc,11500.0,0.0024,79.2869
fb81845316eb81c4dc79fca0b0ead6060f910795997dc04ae01fb8e30d6f81bc,11499.35,0.0024,79.2893
a6e87dd56aff00b86e3f34db147df5e38af1b8488b856174d82ff36afded9896,11499.0,0.0024,79.2917
80eabd21d4a506f6f51e0c5de3c7f8daa5fcca295a7f56aabed20418f7cd8b07,11492.99,0.0024,79.2941
408c63fd8b2bdeb1ec3179c3b9e9965e28c1e4f3b0d6c37014ada2b094fb51a8,11492.19,0.0024,79.2965
a39d5b28a26d31381b888cae291c96d8b9bbe3225e21300f20410fb6cf08b41f,11488.0,0.0024,79.2988
f5b66ce95426179dc86696c7af73b0e18707664b03ea2e57bbb6cd699588603b,11476.0,0.0024,79.3012
a97796e0e60d9eb86e095286b25bd4dc736168b091621f0fa8ae745f217b9596,11472.01,0.0024,79.3036
5f1ed6223dffe6284f99f7f1f8f5f2c8022358631949d54f3647bfc53f219dde,11471.28,0.0024,79.306
115acbaaa7f8a1c83cd971ce00896a37a6aeca6333c7c54a0f8fb3414804e602,11470.0,0.0024,79.3083
acfff983883d79566ec931c1d630bac78468e296fac4a099df3eb8882dc0787b,11470.0,0.0024,79.3107
f0d5822fd2e36c9d31a8e8b8e5cbcb28e2afe49522b880bb3ec092b7bdcdc3e2,11470.0,0.0024,79.3131
471dcdbd2b55365807df33f60cc8eba1a7127bf14ade3dd19271335901719f11,11470.0,0.0024,79.3155
444f396a4e1913286fc51d35132a79ddba1b42ed45025b9e9f030aa3b6a2a6cc,11460.21,0.0024,79.3178
cbfc8d69ecc9ba530030c68e711a8bcb2cd00c5fe19d2a73d9fd02318a752800,11454.89,0.0024,79.3202
791ef9303aec68a5c8230d36eb009c27aaf71fd24f7eea0b3edacf12c062cf78,11440.4,0.0024,79.3226
8431d5ae6e9f4db816ccbf2611cc61e605badcc4d6fbebcdcba93be3b5430ade,11439.24,0.0024,79.325
319c2b54b17c1a16c7c81e4ea2f4ecef194b2b4e43a43a835378fe315a1e7a15,11428.0,0.0024,79.3273
d64d292a8a61e85edf80a2af06da4cc499a94331b3374b827b85fb7fb0bdc06d,11421.79,0.0024,79.3297
93bf3a029ca1d514923f2cdad45f6f0db939fd08d7689472cc365a6eb8095528,11409.76,0.0024,79.332
315d9d3592e651b301f4082a3056daea3185d9af3a77d6b3f582a2307ba4281c,11408.76,0.0024,79.3344
8fc187e1557459eafea63e857a5958628b17dfabb9aed052f2ec2c0462ce06aa,11400.0,0.0024,79.3368
47cfa103676d524110667dec2d1e15d1db21f55c179804e8c5ab97d570572d3d,11399.49,0.0024,79.3391
a18e1e8f72d0bec8cb29b96806a04997e789a4ea5eb358ff800a735d7c514554,11396.96,0.0024,79.3415
455186771209b259b6b1d43c1690c4273200b11d7a70afd3cc6e24ed6be0aca0,11394.79,0.0024,79.3438
44dcdce2df83ff494cdc9c000f37df1127f831d1d818941f485f6ff68d83a99c,11394.0,0.0024,79.3462
2caba4e58d083762cf042bcd82520193ce86e6236467927a61912e533b0d6d27,11394.0,0.0024,79.3486
00d3acd762a3ab136aa4b65448d0adc5d39cc6e3604e2c979d383aa3e495b275,11394.0,0.0024,79.3509
597abee1c369d53a911183eb01b80d0449654dc0f1425b00b3961ce09cd5c2c9,11394.0,0.0024,79.3533
61c5e46af417c7247dcbce322808662252757be339ab3ed1ec6316731a405163,11394.0,0.0024,79.3556
a5969b1c9e2047247ea7dd7cce01661b51d0ffc9aaf06517d1ee8263922bee84,11394.0,0.0024,79.358
819c7bdecdf0f4c78f1a423f6f71b56416ceb2c60239b53ca76f196a5a0ed025,11394.0,0.0024,79.3604
68196a2a7e66d218dbff09290ec65dccb8fdd2cb796ef357e4085dc2554aa271,11387.82,0.0024,79.3627
efc673fc7544fcea3c0ca1648500086c772abd0b995e50599634dae0ac6ecf3a,11384.75,0.0024,79.3651
815ef2401000caa9cd550e507249b89aea1415bc34ccc70447f2f1fd859f6116,11380.88,0.0024,79.3674
e1bca0b317c9e7df86f149889d4d92fbcd401e579a7c468107420752e75b2d69,11380.58,0.0024,79.3698
4b4c5f05a7a69121ffd1a3efe4b5659a7b11f13bc1b57d0054c54f7f486d53c0,11375.0,0.0024,79.3722
56c49fd4b6f7b6c2c878c15982a5dba14d2fa06f200fd09ebe0e30176d7268ec,11369.71,0.0024,79.3745
981b74a0e4b310c31daf6f051842697c0d57a4ef9b33c0139501479f123bd3ed,11362.06,0.0024,79.3769
36139c33b4ec14b24da992335ed4296454da814dcdf0605beeda8ef3e02d90b4,11347.3,0.0023,79.3792
09beb154dfb0d608c7ab2de7b3e1db356b2aa503dc6fe5deb2652db5b3a0cd4c,11344.07,0.0023,79.3816
18e30481477f6e5be179fbb8749c6b90faded23840242b02c636425676f87ded,11337.08,0.0023,79.3839
bebf6d147352c5f721820edb9f77add5128631bc283dc1503f284aee5e44565b,11322.0,0.0023,79.3862
0968571a1f21714a56caedc96586124900850b0c35c797fa90499630a6e8ee48,11313.32,0.0023,79.3886
9b14d6c737130ea088a97333c49c069bf912771f68c1a129d8b9b21e3bd3fd10,11307.66,0.0023,79.3909
752243ab4e973076edd81d339e945ca4b3790f3a8661bf26688a6f6801566d17,11305.0,0.0023,79.3933
4074fd0578081c7b0d22a2a81ee7c0ba9af5f35356f486959915a87190dc1897,11301.92,0.0023,79.3956
881d1458851efa5f4b39c1ea29cb8739ba7f59ed6b7e574ca832308b2f766479,11296.76,0.0023,79.398
9b861885e45a65dfc28b2fec34c8c0b9155901c94d5420abdd188f580486e2be,11290.19,0.0023,79.4003
0684b7def83720fd0245a936837421d814d55c849cd75418bad639a2d24c4bb3,11288.21,0.0023,79.4026
a9695960eb99680a82913034df4d405182ed7b4adef9130f9c631148f1a8a507,11288.0,0.0023,79.405
9a1e18e589f4c25431c2a4a1aee0f8ff9fefbaa4d36f04281d410572ef4d764b,11287.36,0.0023,79.4073
d09c15ffa32573ef44ba5ab59f9ffaf4696261ebfa042e60c8f189c32fc7be24,11284.18,0.0023,79.4096
7a8288299d7bbb47f291a2c25e40649fd1d7ea769f96379db105ad7c3f744342,11278.73,0.0023,79.412
7557c3e4fe7d662ada89d11c98c959a83a04c606e5c52d32c65e72cd294a09ac,11264.8,0.0023,79.4143
f5cd1b3058c0400073f3cbe7c7fff6d7d4e1a7b4c126eb1e09f51c74a64c1209,11258.57,0.0023,79.4166
ccd4e32364aab37d098ac9bc31c1583dde66e43827e94602b7f8ab7254d6b66a,11257.25,0.0023,79.419
f2e1ce13d0a2dc2660bb7dce7a78fd64ba79a7a9a661c0644b3576056395c613,11255.74,0.0023,79.4213
5ccc01cba82defa597c36bf5b9b673f43b34ca312c1694319cd3563c02c13182,11251.8,0.0023,79.4236
d6973eb266917b9eaa739134396bbf01ff7930a58c2c90cd20f9c3660525a860,11251.14,0.0023,79.426
2297fade722a916486eaf13551ae7caf34e7dd657c15f2ca324cc3ac399ee52a,11248.21,0.0023,79.4283
2025317a65e1a142ba7554099c0f1d6a50c5620e3db946798abb4e34261523c1,11246.5,0.0023,79.4306
dfda200c05bac3b9b7f5b98af910084f8e50e4b78b0bd053179ac902eb9f4d60,11243.0,0.0023,79.4329
ce0b082f25d4572fb9a550f3ab37c6d390326f3c835560c38aff5f217bb924bb,11241.41,0.0023,79.4353
6cad1011deb06b86d035613d61184569a7dcca0e4e3b47221a903528e4374e33,11236.2,0.0023,79.4376
0681354d33f55af42a72e5f05b1854268a5d58c9400b3d5a4f251923a92d143c,11235.28,0.0023,79.4399
9efca25e1163db73fe41bef9bd27c248ba74b0212b4873c4ba1497847966fc97,11234.82,0.0023,79.4423
ce3e3a087631a1732071fb2992aa4abc0177361c57bb598507bd53a33be13fda,11231.75,0.0023,79.4446
a3f5bce23ac86afebe6c1a7dd7f3e2233c5be3aa16fd5340b1cc0a807aeecf9d,11207.88,0.0023,79.4469
fa6574943ce605db04897c761a3077690588426cedb4fcb57d02538930350fdb,11204.94,0.0023,79.4492
b627962b40299c7633fa3dfa1a647b2e118505fa2490c356d4599fc23b51fa4c,11200.0,0.0023,79.4515
8188e6fe355563655f3e4b2f752abf8560532cee25aa5e494a5447424016f978,11197.36,0.0023,79.4539
bb06af3e662eb74169bb39c46ccf27d621d0a060b4932288d7a7210da4b58b67,11196.02,0.0023,79.4562
eaffa80f5aa7f77548e18ff881384622241cd8aec8f49f358be25f470144ba97,11195.64,0.0023,79.4585
2b092fc330bbc1c29722fd8828483a490bbf52527190b38cf981d82ef57c19b9,11194.62,0.0023,79.4608
1da017fa56fe48fa5906ac33abd133f9ce438f18149a12c5e44f2cef02b09c13,11190.0,0.0023,79.4631
268bda6400e2970e7b3452c7ae650a359e97a65f29246442a5657474f0a91c3e,11185.91,0.0023,79.4655
a2ffeb72a8120c58db2044566b5db8edac5821b56d46517250c83ad32b1d8a17,11180.0,0.0023,79.4678
dfabccee0f6226ed32cb549cc7cf77a030b53313d625ae0ba598bf67f1eb96ad,11178.21,0.0023,79.4701
6f736a66e0e1ba7eb3679b6125251090677970ea953075d9a0604a417d32c011,11175.63,0.0023,79.4724
050a9d46eba417028d3f9b52dfd0b94a4e4e275a972570aff33a22059dc50902,11175.21,0.0023,79.4747
826977e2896928203a5f401295ad44015c16bfc839532d7f2923298c94e60c6c,11173.13,0.0023,79.477
f7cfaccaef5ec289411e4a2c019ac54bc8802f41fc73ae63f4fadb9bfa0feded,11168.83,0.0023,79.4793
8716dae3f47b26e4560b13b898b9092ae1e6ebbd7aeb86ae7c4a20c0630aeb0b,11164.7,0.0023,79.4816
40bf4aafac392e24732ad43d998dcce2f63e6005c1355169eb2404fd64fdb6a1,11164.16,0.0023,79.484
ff3897c2bbb169b7138e6a39487cea361e94fac8e6e5a36f91e06320bfc265b2,11163.11,0.0023,79.4863
b24751749e3ba4f03dc11ad136fdb8dd5de8ef626d4de1ecbd2bd21213e37338,11161.01,0.0023,79.4886
3940259a8cf41f016bde6e9aa13ab2a19968c13e1a52870319cc56d17da8711f,11156.6,0.0023,79.4909
cc82e735097d732f53881aabb758e7336431a37914023e1d61373a1955835055,11156.26,0.0023,79.4932
9aeb14bab4cc009481a34a64781c64f6ae3fa6590ada428313298c9ea92333cf,11156.1,0.0023,79.4955
d917673ad088399017ce8aa3e697e790d40a1717cedfe453e7d01ad741a49263,11151.63,0.0023,79.4978
5a83e188b696bd1cfe2c427e1d9aaf7802db07e0e3e98c9e9deb54a1bd2dac16,11139.45,0.0023,79.5001
2339985558cee487091fe724ea666b26b76a00f9ee18bbbfcd270fb1d79674e1,11129.83,0.0023,79.5024
8ad01c14485a31f908fbff249b037ab42acb1a53320ef9b66d60251fffaedcda,11126.0,0.0023,79.5047
4dab3d815e633676e535e04eae9eb0424133724997783650be7d0cd492c82270,11124.55,0.0023,79.507
25ebe3918b0bfaf16e3e8c356a2cf5f8d6c113cf2c3721cbcf47a401bd5412d9,11124.13,0.0023,79.5093
d6bf6b762ef829e9db9ca80812b7ec0e6fb6b7516b098bce83f07a3b3c762b1e,11123.76,0.0023,79.5116
68dce7f1f7a3287244ec50d9ebc4ffbafaadf74f1e1ac7e1e41d376122c08437,11123.36,0.0023,79.514
ec436d66ce0ecdc22de6ce853dda1e9d4933f6ac7a64367827973c5fa33a6ea2,11122.36,0.0023,79.5163
92da802fdd00d2975e21c0b714c356df06b307cadd3d338b67fd5653da0c80df,11121.82,0.0023,79.5186
151be7f060f8253b6b1d5842c0dbd746d23a5a41eb262e3bc3df672aab5d4855,11121.8,0.0023,79.5209
3d9cf1821b7fe512cd6677765523e45716eea2e673e3cbc5809450d5e2bef5e4,11120.28,0.0023,79.5232
79a95746c650b7457f81856a1891855e7ac4857212477f2bd1502ac16fc3feb7,11119.71,0.0023,79.5255
d79d8face370838859f4feeb423c58c124b4960a5372745bff4e7282741e16ab,11119.52,0.0023,79.5278
f2211e564d146ebf6985f9fd60942bf7fcc73474af51024dcab47d5d1e8664aa,11112.65,0.0023,79.5301
7ce70572e551c162dd1da7fbcd5e23a80982ccd0272913ba98d440760831c1ad,11107.34,0.0023,79.5324
e4099aad99d643e87bd5e486516b68132d57464573b3e77f89b292d1160e21a5,11104.4,0.0023,79.5347
e1f34f1f090f4e64467e5ed1fa283dd46ebe3d533db3bae5d938c2c3a18ab454,11098.2,0.0023,79.537
98606c8a3edd20b674fe49f249332b5b8f4b0d1483b3ad92dbc61bf6335e1de3,11094.6,0.0023,79.5393
3982d9c34552a3266eb64c69c4aebe5fa5dbfa76a391ca885792bf6d25b0ea93,11081.64,0.0023,79.5416
036b16380237d9bf2b86f0d25935f44257c696339b37588b6761d7b247d5bd18,11078.41,0.0023,79.5439
ebb95bf1708c724de98ec5287c22bfe34afc45ee973a33f43ac1f789a198b778,11074.8,0.0023,79.5461
5a7d70531ae21e6cec485c7ede83f612b7dff0af077e0698f91b5887cd2c43a1,11071.34,0.0023,79.5484
12eb5b41ea715200694fb7165e2ac16a9f202aea8839ecc7d9f826b167ae690c,11071.2,0.0023,79.5507
3fd8369da28a27b5b877e7e44a703e57d688c5568ed68e3fd4c7662b00463d05,11070.8,0.0023,79.553
9dbbc07754183dc9df10197c59f0598174bfa80d64ddf70b79bf4eb6b5ea967e,11064.4,0.0023,79.5553
316d764a04952588fb2e6e4f29dadc18ad3f486f72753ac93c6c5cf5a48da2a8,11059.18,0.0023,79.5576
6a6b333ef2a5ad2cd10ed8399d9d45489d014f4792b194b8c7dbf1cb8e6058ec,11058.5,0.0023,79.5599
0d632f5e74b1f3681f0147657865aad34bd43972733257d020463e5ada52f0db,11058.22,0.0023,79.5622
d9f63a7d6496ece87020ec031189421c458b8d4cd4e44d82345ad5ef0674c12a,11056.89,0.0023,79.5645
ea048c771d25144fff306e32cdf926276bc0fbf3200955ae84b7acae9ef43cab,11054.58,0.0023,79.5668
b3e25eacf9d0d65425dd69943c25e36ecc615c34b1acefe14aea94ebbba2c4f5,11049.2,0.0023,79.5691
ff131e94016e8ef6978c0b6165285c86de8dd5c1af5640a77f5097d8aadc491c,11048.13,0.0023,79.5713
fc672688e3aa03bd9d3439c65f20019c948be6ca6d47fef6639088e4f87f7f6a,11045.57,0.0023,79.5736
d48359db63870e856f20f3f14f0e47412b6d8c8ac915597c40154c1d88953433,11041.01,0.0023,79.5759
8ff4cfdefe8e97d9e74c7c7c3a52a7810f1da809a4f60236219828bfd09f71b0,11038.0,0.0023,79.5782
7f2f519a8ecc93a654f9c689daea0859f5941cbc58df950a3c79fed001e5ced3,11036.0,0.0023,79.5805
850c9ca19763c4e6fd0cbea813449f03cda44485ad84ca6cb1b3a64d6979c8a6,11033.18,0.0023,79.5828
94b3ffcd353f03df1f57abf025a55f1ade442eea436ebd072444b82d63f24f04,11030.51,0.0023,79.5851
295a708a4ce529f48edec4d0184f9044e50955be0ef22f33e8d458e74b8fdf8b,11030.51,0.0023,79.5873
4530e56a027a4edffb281eb23794a7bd14c5f4598e36c793800f8e63d90c6a65,11029.61,0.0023,79.5896
aa9e86161c3f659cd07cc402514eac73920f9e4e256aaf914eb9e5ab2b2a0482,11025.47,0.0023,79.5919
698b56cc4c0397dd80f3289185b829771a8449b1f2b77041f9bb30ce51923958,11012.2,0.0023,79.5942
9f0c64418ad1d21ca975497e31170d35cb0366bb597fb41afe058e16c039d7df,11008.74,0.0023,79.5965
3a05ab8f6f70b528795cad11e310f94b8d33f9dd489739a734d0aa7dbb57de27,11008.32,0.0023,79.5987
97e3638c83a6b33ae9c5faa35a7c4f95fea7beef7fe67b0dd481a90785560eda,11007.26,0.0023,79.601
4daeadf57af591bc571fe1405c7b1bce4f1648aec1b28c48380b18685ff61a2e,11001.76,0.0023,79.6033
95e326283f9d880670b0af939d0335ff098d579487afa46286f48fa3116d32a5,11001.51,0.0023,79.6056
9d5fe97b90b5ba28fdffc4d780399784fcbb28e2228f3a09f38977917a290a37,11000.0,0.0023,79.6079
904c442535b787c27cff67f6e2ddb85ad5a790ddfcb5737fbfd6d182c54893ed,10999.8,0.0023,79.6101
595e75a6d7288efad171206eb7531ac26dcf123a67ca56c771a14e7300f387c2,10997.08,0.0023,79.6124
dc9bd0376a6d42641841bf3b17f91c3055b805295b7d2f9a4161fd0dfc070518,10991.88,0.0023,79.6147
24d1e4d3452d885d14c1d66e82879674b5ff298ab4ff91291d64e27a19b38bc5,10986.51,0.0023,79.617
c5c17db891a7c1d5d72633c2d44ee740df31e93f4752954b57fc7875306e768e,10982.27,0.0023,79.6192
2f24eb91b1e337ff48f3157c023508e495b0cde7e891e87a58585317d9f44738,10976.8,0.0023,79.6215
7ad34a4ac8ad23781bf6270abb5a09241e6ebc29ef70e31d34b332d2ddd8455c,10972.0,0.0023,79.6238
d20d353fb711821ef409de6726cd14554ff846bd4b0b71ecd500b2762d43f127,10965.91,0.0023,79.6261
7303d00618be5c7b5a2687e2d3e2bfd33b43fa209297ae6bdafd59583a6e90cc,10965.33,0.0023,79.6283
4dab946ff503501ba394eafdb848857d138c492d51bc0178a8e3793294d0273f,10963.91,0.0023,79.6306
5d11db568c3ccb65a1fac9b92e59951f831d6f5480e07d5b7fec3aacb596d0da,10961.96,0.0023,79.6329
73552485f27af8c9d3f3d653d725e6da89d25e5452c85377f53fc680addb3007,10958.23,0.0023,79.6351
cd9ec93dd958eff5d5018044bbe7c17411b95f20b519b5b96b6f93d1772fc9b5,10946.54,0.0023,79.6374
ddf9459b5a97d65cc328cc62ab8769c74f907b9f86a1805fb2fa1388beac0735,10941.42,0.0023,79.6397
788fed4cefcf457afc6984efa7c19031a3325d2a93527293d2ced18bf9b7bb97,10940.12,0.0023,79.6419
24b1663899caa76d647963b5d11fa7cada8362f809694995864bd9c4a4f1c3e2,10938.6,0.0023,79.6442
9d7482a9a05214f665722aad4f802913b4dab2fab59d8a73206f0aac76ec4955,10937.2,0.0023,79.6465
612ac630215a709631a6509e7ea87919bc0fc38011bd6f6a9393b855e49791b3,10935.4,0.0023,79.6487
99224348c4c70ab17fb9cccf12f855c5b5642e8aa95a36482ae52c2d93730a06,10907.97,0.0023,79.651
a305bcc90a95a8b8afbbe5923c520a17659786b9787cbefca385ccad54093503,10906.11,0.0023,79.6532
c1bd8548db7ef9816c1635670768dbdb95912ac3b504c822b687a60cdf2abeeb,10906.0,0.0023,79.6555
d1bf038a3467e11fbb602e6a4e23c1a440b9e98f7c27b7c059bb186e60c1dee4,10902.6,0.0023,79.6578
dca0adc7142b9c706df66f3f8e000ddec76a594b7cda43d0f7cdac680b4a8280,10898.82,0.0023,79.66
d6195d1c256c9c0bb4e29ecd55c84e4cf9433aefee974b5632b697c4bb84b01d,10887.13,0.0023,79.6623
cf7dee3443a859943d9ecf558fe5cf260f9acb4150b5d18d8b2e04be1cc3ca54,10886.94,0.0023,79.6645
d66b857ae953e89c0492008f26191d985862b6c63c9a205d5882610bc59eaa77,10877.3,0.0023,79.6668
45f5e548a15d81b8ab3a0740188f5623b5db1e2b1b4dcba95467c98294223dbc,10872.38,0.0023,79.669
a075d257108203073509eb57c9b1fbd3d68c66cff6e5b40fc0ad6e15bfbf3eae,10859.13,0.0022,79.6713
3aae4a840c00a7eefa7cb51aeded6210b5f66afbe6c3567841fe9b2591a66653,10851.4,0.0022,79.6735
e14f60f948936afa6796e8518fea5da782a5a1e9b98b2d7bbb56270a3459ad86,10851.23,0.0022,79.6758
341af9ba127c61a59da13a810c527e6e183b75392b12777c7588909c416629b6,10850.71,0.0022,79.678
954098b244eee1ddb787e5fe5a71639749128eaf19854214184575e6221ff730,10849.25,0.0022,79.6803
4cca50d950222dbbe9dcbd1ae2fee8b6e2283cc46a7b8f245214330400bccccf,10848.0,0.0022,79.6825
88c11a0653f8f7dcca09a0b08450f0132b342f2fece8c4e5f2a51c0afd88beec,10848.0,0.0022,79.6848
76d61c770aff8bab1f88c7d953c3160bfa584511cce50a845b9a2c07c2e24a1c,10843.4,0.0022,79.687
916a2c5150a2157abcdb13d17356f5e2e3cd9032c3fffdfac5c2df45c6c21885,10841.4,0.0022,79.6893
3a9f685664b094114cf01852e732bd912d06a77f8d04c3ef9be9b53b06a2c540,10837.4,0.0022,79.6915
4cb72d05d82fb22c813bd69f6cd6b991703eba9afb1642b07e4735a39ecaae26,10834.0,0.0022,79.6937
afefcb8eb6993d3dc7f56282fd35b85babfd06cf043fdf8ee70a773a5fb3a3a1,10830.08,0.0022,79.696
0addd725b4f6df21e483b50d97feecd4ace9e21ee6135c415dcc2ec9c7874f4f,10827.68,0.0022,79.6982
b8a5ef8a790b9fabd0aa1c1d7bbc887879b684468e279b90808b071e7bfb067b,10826.6,0.0022,79.7005
14d7f90525fa0b3029044db982ba896df913b41712da6480ab366330b378531f,10823.55,0.0022,79.7027
2e183d75c43602ba8f174227b154198c660edb8c91c75abaa5451d5a43fbc961,10822.56,0.0022,79.7049
a3c5ab2a52a5f0b42d022be74e25e8254f75749a71e5cfd85de756befc9e1da5,10817.8,0.0022,79.7072
bd89fcb2121d3fdf18fc280a0e54e24d7ebc4c84365c350082a2d9efdc9b5b09,10812.15,0.0022,79.7094
008128546368cf06c440a34ac06368ebeadb08697d5801b7f99d93b2c9e82c55,10812.02,0.0022,79.7117
03a8f0c5ec1bac359a7e68996a63d45c86efcddd2cd2c1aadf941a4b91dfba51,10809.95,0.0022,79.7139
610a45b7dde7919924bfafb0eaf18ce503014ad0d30ad42835c1b43c47b67793,10805.2,0.0022,79.7161
88ea690e10ffbafb8755cd498409b317c469d82bc92af7c42b4e41c325e62f91,10802.54,0.0022,79.7184
8ef7c914489f652c2b75dd168b65dfac6014ae5d04bbf9734780d734a23ff75a,10801.4,0.0022,79.7206
86f6c91fe89e6754fe567b05980b05c3996d78d09fe27e1a4136c18173f650fc,10801.4,0.0022,79.7229
08d65646e2224477ffabdd9feb25e9776e6f3aab46cda374bb95a764b7833afa,10801.4,0.0022,79.7251
efa62eeb0a037b7c0d37db30f744ebc6f5ddb9ed5e94ea1a900e828ece7d60f8,10801.13,0.0022,79.7273
8b12d7eb7b40a010040c2157701a2a3fd8e7a9ecaef58b7ac8dd20bcc7282094,10797.76,0.0022,79.7296
5cc449546ab22cb44a9f12b7227fc2ba71482d02bcf55a7eb855f7ba4008db65,10793.4,0.0022,79.7318
aa0de60aad088735c13a3955947e8c4d186ce5f217eceae16dc6a51e5729de46,10792.2,0.0022,79.734
393fad8de1b9d95e6af0887fb4c3f2cc8adafca4d1ba5461babb0416f7ef51d6,10788.8,0.0022,79.7363
9cfc32334826e51009c67adc4ef38ad1a05c195854751ed0f10187a742065e80,10786.0,0.0022,79.7385
d86ca19123f4dacd836dd1ca7d65ca93e4279e4e892d98ce829dd9a08bcdeef8,10786.0,0.0022,79.7407
fc58ce923145bc2da6d38c644336bf91fcb6b688e415c7724f74fed9e4adc602,10783.4,0.0022,79.743
971f34238c0725649cb561980b2e3c026c655cc6fcfcfa7e516839d6075422a7,10779.41,0.0022,79.7452
d430628b2173ce5bc597e72f2e78ea5b01c7fa93be413dd2b48fdd74b4f38e30,10772.6,0.0022,79.7474
7e0509c6f580da635ad5a28a3548d55a4ceb9473939f82cf64c084f98c09c2c5,10768.85,0.0022,79.7497
61e6d0037db1f36387618cb764e780cf3b2784151407bae6e82d12c0b5751cb1,10764.8,0.0022,79.7519
7a58d8d1b3507f8471b38b9d65d10d599544e95594b3d31492e4fc5dc7efb6d1,10756.0,0.0022,79.7541
e546531ec1a33f1a2bc03906a1bc76a45e6ec859bf02a2dca2b7b4a90e683856,10744.69,0.0022,79.7563
3998b988b2bc1f321d5965ed1b3693e1029f2f08caa230ab0d5d6f3a34c3314a,10742.29,0.0022,79.7586
e35c6450bb1d121af34f5c07acd4846c3e8417dcc29f849499dbc197e518ebf8,10738.4,0.0022,79.7608
093014c662cc5162175e9f6e5cc37854b12e9f55c28562cd8d85ea3aa5b665e2,10737.4,0.0022,79.763
0fd4d145a7fc2194d68ce36eeb0f6b87069187d963a059dbe2c72e39e52cce4e,10730.8,0.0022,79.7652
a700848d8c746ef499af4ac918797ba7a78c0fdd010f7600ebcf1e6fffd1e38a,10726.0,0.0022,79.7675
aa4310848dc1f6798a9b31fd0ed2e8764bedd9281809adefe06cb9aeef4d2c73,10718.74,0.0022,79.7697
5d5b85f1a768aa9c64edf2f8d7483565268fd3640c1c4e132312dda74a70273b,10716.28,0.0022,79.7719
eb838f5d5dfa1ea3a8a274b3aef123e5485df8dd69e38f190c37f107eb3f53b3,10706.8,0.0022,79.7741
77fbd3083f9b6199cd8567b8e38683ca8078bdb9479fbeb018bab94567e2d384,10704.0,0.0022,79.7763
716d0adca9d9814f7455d96e4a4c21afe55852f768fd0265657744d6286ea163,10703.3,0.0022,79.7785
3701c01b67083d1b676fe8efc7c7c4a327eb4c769e0fed61ffeab207c0576b73,10699.98,0.0022,79.7808
593d33d88acc10d7ae53a4697f0a63ac7241d3cdb0b0a0a54b8608f5cf7feb21,10697.13,0.0022,79.783
d43daae05ca8908fcb00afbe7899660995ff7f56558eaa5f61fea0b817dfaf91,10694.45,0.0022,79.7852
d3b5a413892fc7d2ff1135b462a1dffec25a80f3f33eb6566b6775f4a33be043,10687.1,0.0022,79.7874
5a9b6b062be6e2b5b53619103beb1ba6606c071ae6e397fd6a6bff79d9613772,10686.95,0.0022,79.7896
e1d1639212bb3e983ab18709be35a588e875faeec4e0414ffff6b9807158aacc,10686.0,0.0022,79.7918
5328e7ef0a620478260a1ca97d9c8668d782e2438ba2f8402f7acc1fa1c4e744,10683.62,0.0022,79.794
0fb7fc12906eb2a3db43df699d5fcbd49b4fadfc3291852f30d7f3d98d86e4a1,10673.4,0.0022,79.7963
29432752f072c1c4b9a7061d7b66f63807147d1eea6c3cd77826c910dbd0a483,10673.4,0.0022,79.7985
dc012fba183088b5770fec3204c93be6fc2df4a67f2ac6249c9f164293b84d81,10673.4,0.0022,79.8007
9088d99da749d4e7561ad8bc7378390514308a4caf7d2337c0383dbe3451994c,10651.75,0.0022,79.8029
6fbdc2fda59c895e14ed257e89a9cc9b6c01338e1961289a9f38e1f98184018d,10650.75,0.0022,79.8051
e93355e737887a33f74c44a804ac8372f73eac355d765c1ac6c60a6d44bb9f6f,10648.9,0.0022,79.8073
c501455c0522ebb5f2c71916e36420b0a4ad3208db2e60748bb6f386f965ace9,10647.56,0.0022,79.8095
7de0f70cbc99356f1848ab0327a951f695dc9a4d826f1d58bedcca01ad0b24da,10644.16,0.0022,79.8117
dbacb7173e0c710aceeb32bb74fb3d0e692c73e4e88ad63107fb4265c51997cf,10642.0,0.0022,79.8139
29273de1c20e573af0f26905b384f6f214bb41ba94cdbdfa829e6970cd51d78e,10628.1,0.0022,79.8161
39aeb1ec837b06f7fb738d5419d186088e0f0f68a6533ff38b7b39f0cdd1a2fb,10627.04,0.0022,79.8183
59bba2cfc73a4db17922612055cacc206a9b198cb5b8cf003fd7a74063836aeb,10620.27,0.0022,79.8205
2fd163198122a30c531c305622ac0edbb04885aff7c2c6ef994c5aaeda0a8cd6,10620.01,0.0022,79.8227
3e260d53a20cb2b3651419051fbb25e6ee617805b883dbb4e4e005e3869209bb,10618.92,0.0022,79.8249
1d1cd436c3630055a78800127fc2872aaeae25b7a632bd670ea8b1d9f2e6f34a,10618.1,0.0022,79.8271
90f57b00c1a634f503f0a936e471ca89543b0cb2a891a0794f62fbfd29fb4002,10618.1,0.0022,79.8293
3c851794e9a30f0c5ec111d1057a81af03933ec27fa2201422d9b3599c3942f9,10617.95,0.0022,79.8315
f85b1bfe83c32401255e55c7f53d30212b7bb490d5accb4af64e858876092678,10614.95,0.0022,79.8337
dbcf9a4e6cb0b1a381a599380fd37ded5f02a6676f930a35300609ee10e6b66a,10607.47,0.0022,79.8359
10ca30205e1db8dbc2ef34577b330325d7ac543c9ad0fcfcbb58b0a862c9639b,10597.44,0.0022,79.8381
69990ea0a752be2efaa1ba24667f72f2e7b6dfaa79dc5b81119a12d3614fb3db,10594.96,0.0022,79.8403
4de5fd42298b2966f98f3913db5e3afc3b5b8cb81c6e33445a607d9e25202155,10593.37,0.0022,79.8425
c43a50412b8c65a07ea072be5120b5fced1881bf33b396fd2450d8cf59174d4a,10591.8,0.0022,79.8447
0ae20d86819d237206426f2321e8bcd7c1646745d32b573e98b91b9a979ce55b,10591.5,0.0022,79.8469
3f6a4f3021ac288c0e0f248528720ce1b203cdab7cf85f68c186f5ebf6cdd6a6,10587.86,0.0022,79.8491
708ba52213a3d12b4bbd2b7b3bf68a394e88f2ac3fc0787179c02431ea14c146,10585.3,0.0022,79.8512
a5d782b3e5ce90d5eafe5c988a158ef1e2dfacddec43c0f061f3e73f2ce5c775,10583.1,0.0022,79.8534
fa4aa30a3bccd3f35d82a8a20db5feeb3b2669db7a35ffa2b604ca216beb6fa2,10576.24,0.0022,79.8556
951483fe85ac63aaa2b6f1cb9e841562b0dcc3a4340e62463b035c45a18ccd22,10572.01,0.0022,79.8578
e214fb2a2276fa8fd4f00600c5d985d26a32b580bc9b8786818febb40951d82c,10571.01,0.0022,79.86
961d2f138784d3008fa488d1b9cf6fd70c7b076bf71fbaaa1da8e05b278fd731,10564.6,0.0022,79.8622
d9138f0e7c03475959fba7e09f363774237041cb3969140c82f19d09c847fdad,10560.99,0.0022,79.8644
6a869e60db44469f5abc3be7f44347722870870a37c1391485fd11b1e9e6502d,10550.4,0.0022,79.8666
5682972e80b9314378a8f47ae1654133bb0e781bee9f7951030d975067088498,10546.08,0.0022,79.8687
1f6e3458a980e9e9c64d7f857de24c2437b956b266e4199c7d57f9bb450f6472,10539.51,0.0022,79.8709
c1ed89d9d2d434395ba7cc535c792b3be441611be5a68e2727983fcaa5c514e8,10526.0,0.0022,79.8731
da0d07526018f65a66cd82bd1e46449ad001988ec886f3dc3b7b3f95e41f6b00,10522.2,0.0022,79.8753
54d197147ef276882d15c22a6572c68a97f32caec4a31fe308442d3b2219360d,10519.6,0.0022,79.8775
e711f0db525a9b79ced1f48d2e4121d8bd0aff4533bd6c60e860b3536876a94b,10518.08,0.0022,79.8796
61e7b5ded197be163bf985c367bdad7b17efed90f455a0a4eda397b9a66c79a7,10511.06,0.0022,79.8818
39eb9e7b5d1a14e56e0c182fcc60a88e0002c3ea72962721ba3ad99c9ca51495,10505.35,0.0022,79.884
a705cfe74b654ab56816f3c5f56709f528d083b3850131053f5110fe31319a84,10500.0,0.0022,79.8862
871958876b32170115808e89c6464c3891affec0ed102e5440891a24ab4406c8,10498.5,0.0022,79.8883
3daf5ab89d8f3daa30fba19dc924224921237e220a2c8598f2d58ef3c4d9c201,10497.3,0.0022,79.8905
cea3f07d7a389580a3c855fffae09f06b8fc943b9eeab3c6904e5ca30929cd96,10496.2,0.0022,79.8927
956a0bca24e544b6b42bfcaed2f55f1800cedbf697450fb12013f3141782563e,10494.35,0.0022,79.8949
2322cc806e38d1e3fa9eb41ac113d5f3c7175abc63b81a2d1dc2ee3e2ffabf3b,10487.54,0.0022,79.897
169f7b36ae479d66be0cd683fd61cef25a5334dc873ca28a1dcaf27b9c7d0882,10485.0,0.0022,79.8992
e084962077bc3f9fca226f2bc8135ad8b0179e407e942f71a89ea575507a322d,10480.23,0.0022,79.9014
0ab97dac8d0a28f9cd21c02a1ff66339eb133c1a9d3bc3ea9796575d2c7f377a,10478.7,0.0022,79.9036
24ac162936639b763c761366b59e80f880557ebcabeb060e2f7197bc7c43bcd0,10478.25,0.0022,79.9057
bb5d70a75add09e0651f1f32b4097eb192f0ae38e994396fdae2fbe13398d68b,10476.21,0.0022,79.9079
51bbedb83f41dd5cccfc138b9d9e64a527ad1dfea029ae846ad67b29ebee4801,10474.12,0.0022,79.9101
33e36af0f998fe7de9cd81bbb1c888084fcf088a57001913b433786816c6d354,10471.73,0.0022,79.9122
6b943aa9b2dc7d6f2f04a83c1f4c2cf5faa111a521c16581e2905630a2c6991b,10471.2,0.0022,79.9144
dc50c0bae2f90d066f9d4eda242d3323cd16242df3461ed9618e3c19e1bc4c0d,10469.2,0.0022,79.9166
bf33a81174df72813a7805465c22f779511d47ef00d127ccb83d11ada1760f8d,10461.48,0.0022,79.9187
b9e61e467056d6a80bfc2c75c64164c2bb77a1dc8865704f92add05f3a398c1c,10461.32,0.0022,79.9209
c20e926ca83d420da4475cb342da9f3e65d9b983a0a33ec90638a9bfb7fe9db4,10456.61,0.0022,79.9231
3b705a60f5f4f3d22f5fb695054dfb0847cf7fd5950d55f6b7cd13646ea3df9e,10456.2,0.0022,79.9252
b51be2ef462212c65ea486cf97ffb4ac50c93bae29ad05bb38a955fa84c40be7,10455.32,0.0022,79.9274
30646c3f5fbdd547abdcb1bdbe99edccdf8dcf4a0ca6ea9a92ce2f3563ebd50c,10447.1,0.0022,79.9296
b3d0405b2e2af442d9e01a013048179a8d1f4a195e887ce06a30c3e23c38beb1,10438.07,0.0022,79.9317
cc1ceef34eeb9a89a42364a69271f952ed9f82e6da74c67542f198f18158da76,10432.0,0.0022,79.9339
4f42315b9f7ce7e23f03390ca09b5b7228967f593cdae71dc356cc84601096f8,10431.42,0.0022,79.936
1be70c2378a2676a5c8f4ee3b5914de5f3d4549f4dcc38d2ccb37d698bfd289e,10428.5,0.0022,79.9382
1406bfd3805cb180372eacb14636310b9187fa16a1ecea1fd485c0b0627347e4,10427.33,0.0022,79.9404
44ad4602fbab34c9ddaaaaaf729a3c9924c6b4b31fa70aa079d4277c27df7d04,10424.36,0.0022,79.9425
50af5865fb252146aa4458ec0bfdcb0099994c2c792f3ded5be823b634cd3868,10423.23,0.0022,79.9447
5a3fd481d67235002adade2233574e79da6605f36c0d43954029ed3c80fc513a,10418.58,0.0022,79.9468
317dedeb63c4bb908a538723387b667c30a34f634b4980976f41836dbcebcc82,10416.0,0.0022,79.949
9ea332cb608c50b396f0dc6f5ca19546fb06cb6feb9aaf0364daa30d98fa8eeb,10415.6,0.0022,79.9511
303fc4e8366a55affa39243b1478caee195af1ed5e1936e0a14a9110acb465bc,10410.59,0.0022,79.9533
40bd7ed8fc744dac1fa8968e982e289e5d55146c45b38a56ec5818033c3a8ede,10410.1,0.0022,79.9555
da0954ace9f5d38034a6e60bce1fc11beb53d06cf56d9d607d61ae9e1747ca91,10409.72,0.0022,79.9576
40fc9e7dd3c0ee6d86d29eb57413073cabe3ffee8b739946e3e45f52eac199f6,10399.55,0.0022,79.9598
55a7415599e29401962d65ac32cc4fb14eeaadde5955f4593a7c65326ddea65c,10399.5,0.0022,79.9619
4fb20baef5f84ea1704a199d496819a12e2f50f4d9b419ef43d12c1e6567dce2,10394.62,0.0022,79.9641
b60be41e1d608e3875192b033307b8bb912ce794c41c263cc79697ce8392c56d,10385.6,0.0022,79.9662
0e51be8b16693668b26eab04b9cdc46df203ee410ccc6e56aa53e5b3f0ff7eda,10382.67,0.0022,79.9684
6df5f82d10df719b35b952980490ae83030697e6ec16c36bb0c2724feddf0273,10378.88,0.0021,79.9705
0cbf6097acd8bbd84ac8824112d029d43d942353a9520a49e0f133df7dae75a4,10372.03,0.0021,79.9727
52a5b319bf541c8aaf003ffed4f4561ad0483e9caca44beee7bda0e59b8d9dd1,10370.71,0.0021,79.9748
c0c8f5af8670596da6d5e4438bc0ac9521e67453aa4b9a13ad4d47f65acc3d19,10370.46,0.0021,79.977
a90fc7b8b6e6e439a5fff69bad051967ab181beba1e6eb1f46834f30f0704548,10355.1,0.0021,79.9791
5b12ccf9e6cef4631676568993e9bae221c2c14e90e324b7c54a4d59d172f2ee,10349.9,0.0021,79.9813
6fd0167233589a067086c8e1a93e8e9b2e30e31e9e2c7ac5eb9819ccee914d1a,10349.62,0.0021,79.9834
65807af01a7b9b62652d9a43ac4b21b8d7b5765b62a682d1aaa532602bf22157,10348.2,0.0021,79.9855
8c17c8c130ce2d96a68958cac5c9a863a2b47be736b3e8bdf52a323cec3e668e,10347.0,0.0021,79.9877
ce83e694544c72feac5fc6b87818fb8bcc302bcc00c80edc15eb26a1ce30a63e,10339.63,0.0021,79.9898
d3fc12767a598768040993ffa172a28441cdeb92a90f618fa92aa19348e2a55c,10336.83,0.0021,79.992
4d50b1ef27ccbb096a8a2e001acb2663342d2f152c056ef5575cfa01f14a250c,10326.0,0.0021,79.9941
2b94bfe3721563a6155bc98015b460380986374efd29a884dac3b56d7e3682e2,10326.0,0.0021,79.9962
9c0f4c3cfd977e1291874121943365db266b0cb2dd29565ab588e9f05708f9f4,10320.37,0.0021,79.9984
f1bcb8791867f641769603ec314bd3c8b71d2cb436b8f76c79884738dbfc42a1,10319.4,0.0021,80.0005
2c72199d314e19d8501d18348f1fd5a3754de97d60beb097ea6e1020310628f8,10317.88,0.0021,80.0026
f2a58c1931966be3502254cf0f2db6e948e3eafa6a4490dd07f960b677b07cf2,10316.18,0.0021,80.0048
2ddac1991391350d0f5875c4c4ceba17fecdd6a5dc73daf6b78518da21b27ada,10314.48,0.0021,80.0069
973aee33416781b21a77689dc63c0881656b0a760e470477cb63c098209e9444,10308.9,0.0021,80.0091
0e47c95132e0b066372ad00bf7f4a3bed7b1fef6aa25427f23e179590650ba94,10306.07,0.0021,80.0112
79d59e4cea8158ac20d64a3fe4b3f62aac8b341e6c4f601d048f4e9f0027048b,10293.69,0.0021,80.0133
7b129384ac7c0597a418bdc12df0084b66570fdec9703f401bf1043ff64eb22e,10291.88,0.0021,80.0155
fb3daaf295c3cfd2b1727d5600671c0729856503782f7c25d389d6bae4a88e30,10289.6,0.0021,80.0176
3ae158986195437b05d35eb7fa6f83c681f689e30960bddf179264848e9c4460,10288.88,0.0021,80.0197
2ca799fec5cef457dcc296f9351f721cf4292c0899ec967d84fdb80d8cd8394f,10288.32,0.0021,80.0218
a3a0472cf20ca7237fba02103065140ea3af6e78c702e3c32f4e16a656cd0507,10287.41,0.0021,80.024
659c26f9fdf3a2f4b2cad140c9bfd629fe2a8dc79b9322fd261f803bfc99cf97,10277.19,0.0021,80.0261
9aeca03a1ccbca9e64d8cd77e025da06d1f998d3014bbdee12c3561ad94c98c2,10276.91,0.0021,80.0282
402040260f59652f0be47d64feb44bfce882e324dc5ee350567133bd66c95fb3,10260.0,0.0021,80.0304
542200eaa9a7a54d70bed908356079cacd0762bcc488210731a86a38bb043c1f,10260.0,0.0021,80.0325
8b7eaf4d3b879e71a8309c20e9d98ed404b2d8528c1972a9f3c300dc4c00d0f4,10255.6,0.0021,80.0346
17bea95c4d994bef57e50d8e4d2143505933f72b897f293a30f31876e34a07d0,10251.7,0.0021,80.0367
0a75c2b8023fe11e22820943a6b989c4a0146e1f486400fdeaaab6f0888a48a1,10250.71,0.0021,80.0389
22dada84d7d1eb169ed8f4182525c804775bc8de0eefe72545998ac68cbabcc0,10249.29,0.0021,80.041
dc9b47aff9aaaca367f3e2341d28b07261f520dc45a3aaaf2038403732c974ae,10243.72,0.0021,80.0431
f0596e8cf2c01b099420ea53335d50ba013b6da8bf03edf023e66df7e3eeb1e9,10231.66,0.0021,80.0452
af1781836076f20ca5824c4cf0332e78d9302a83115742f5cf0daa9193595052,10224.25,0.0021,80.0473
d5fa9e4a3504e718909cd1a4d0944667fc3a1e56a263551e8819980b2af90b21,10224.06,0.0021,80.0494
9a5be975afaaad5ce91eb387a282cceff6a514a0eeb82ffea30e6926ba387f7a,10220.44,0.0021,80.0516
a516ea8bbfa77c3009cbd0f9443dd9e6162f70b2f0ee2c4892bc9330273d4fa0,10207.75,0.0021,80.0537
8757c3fb477b56e6a7d315ba448a1d69c56a353f502551f57d9e335d519c3f8b,10206.0,0.0021,80.0558
dff26c6a41a9f1bfdf641666c03ce7be874864a315b6a5dc3a455ed24c291d8c,10194.7,0.0021,80.0579
e0baaa58c0ea71710b61d85e9f9093cd587948b7bb39a1a52ac8883109f7a8c0,10192.2,0.0021,80.06
7e8c7726d341143509544f9f12d47898399d8e50673900c6761de1d6fbc13484,10189.0,0.0021,80.0621
8a35662b73c82ab013817df06bf061c6389e96c561645354cc99db3027fa6cd1,10185.13,0.0021,80.0642
517e4dfe6b0457bf696a891bdedf0a905881ec7af1b9dd20690ccdfb45a1192b,10183.86,0.0021,80.0663
b14272099ec5fa22059b3e90ac9c3d7cd83c69363284e98ca7cfd9bf83eeebd2,10178.3,0.0021,80.0684
c1ceb34f14b6df059d6db3621e93281dbd9742116fc192e8752eb56a84a8afff,10171.23,0.0021,80.0706
6c66417390d1a8945bb58d5379d3d8ebe7c0ffc36b3c694b2c140226597663e3,10166.62,0.0021,80.0727
2a712c677e0a96d8d506a986916a223ed5cd438aeb9b9dc9678c7fc8f7c76bef,10166.0,0.0021,80.0748
a67afe50928ceddd8f3abbe2fcd4b7b68175ec40d84d343bfb60517bc75f2954,10163.58,0.0021,80.0769
0ab1c6de54bd7fb8d9afb9bd020909654f1365ab0e1f6732565b20fac593c66b,10152.58,0.0021,80.079
6734ec413dfd1fa27c6008e5c7d14be354f46a6f849190357c15d061556008ca,10141.64,0.0021,80.0811
9cabfe44f9fc98f07f5e8b8a450f61d7fd5f3ad348016031e553981ef81c385c,10136.34,0.0021,80.0832
c606a04ab1f08189612c704df6141d863175e8fdce4ade8fd45b31b758f4ecce,10129.35,0.0021,80.0853
1f4c1ca9db6d9ad3a31284d9e42874669268d016531d840c87f2f922b0ec2738,10125.71,0.0021,80.0874
57d8108fdd0cf53cb8cef3c52e3a5ab2c18a9cf191b38b099d30ac5f5b5162fb,10125.6,0.0021,80.0895
2620519589257dff74e95f6e2f8d7ee80f476036b6de12c45f62253f7d2c2f18,10123.15,0.0021,80.0916
e8fae1972ba2ecd0533c1858c26afb86d96b1a46fa1f4a558e0ba8307ee41d55,10116.12,0.0021,80.0937
84c9de6863d213437b94598e3951afc4dbba4b3dbe997b72750ab4c893198a0f,10114.0,0.0021,80.0957
8d7fe3fe757d248a392de4b33712cf19d4a9a3c43ec637632bd48b6d0e4728cf,10102.9,0.0021,80.0978
e1193f9bae46352df7bbbeb07cfae07f448a393203ca265f6e6876d2c4cd56b3,10099.6,0.0021,80.0999
0e9366c24e714dc2ac9e0d3958ef9a0e3a1292824848d52de7191dbae00eeaef,10098.4,0.0021,80.102
06a51044c6d03e25c9c5162013b6e6fae84a1c1bdeada7faba55864bac57d816,10097.44,0.0021,80.1041
97584016d211a8c269c24d685810251fe968e83b7e20e58f58e926facee1af85,10083.37,0.0021,80.1062
b767711786d8a76d07e58d3500a0b1d7dbe348ee3fa0d63d460dcf992148bcb5,10081.6,0.0021,80.1083
63f3bc0b8226e9a51f7ba5620cb4a9888a84a836e7e708ce92d543fd80f26f4e,10072.48,0.0021,80.1104
dfb26b592862a23917f0f4afdaf736413f1dc251db1526212c54b60785b68fb4,10064.39,0.0021,80.1125
f8ef8c0dc13f974c60f12f6776b7836404739dfff24e466ddd38e85ebb4ebf8d,10062.37,0.0021,80.1145
cd1f0b52781d1fffd5b27829a9afdbbdef36b94f07103bd50adfe579096080ff,10053.44,0.0021,80.1166
5ad545f7f9352ac2bc31d7e16216c0570309370255a48c80c39f0fe3473ef44c,10052.81,0.0021,80.1187
4555097b0afa723138745c97d845f11c16bf9ab26b07f2b7c1fffa9ba601c26d,10042.27,0.0021,80.1208
7c642de22117bccc16420b81856be03027f868aefbfa04426a084fab0a06f46d,10035.13,0.0021,80.1229
bc8510cc71d32f128b1c18352db37eb6d009bc61315f36aeeaf4b29dfa0d5969,10034.6,0.0021,80.1249
0f2b6c1bf13affa73d1c57a43fe68956faf3bc7d3bbe570305a3d753873b9311,10030.13,0.0021,80.127
1db265b717e1fb25cc4d4f2fd164e531a00e289e97aff0b6f7955e9a799ad9de,10026.98,0.0021,80.1291
ff45291b218731c935900fdcb6b1609c884f7a1351801490aca722826115caac,10023.06,0.0021,80.1312
7c017350b94917ed40a74d741c25f824551c6d23f9b7f74001d3bc993fb4c602,10020.5,0.0021,80.1332
87c89c3abf13f9b85b05ff399fa418da6f0ac3f25929968f68c1817ce836f796,10018.0,0.0021,80.1353
eccc7570e0f6fc0b8dfeff10d72090790cd7af50475c1171bc3924c4306a4978,10012.28,0.0021,80.1374
3523d49f10f1f667ad8f03c57fa1501d206a5eed87a149ac9a4118e58ab7ef3e,10004.61,0.0021,80.1395
58b6de9c9fbc29b954a53b0a458c53ca8d8f65c34187b85e399a816e66d36757,10000.0,0.0021,80.1415
e1d5103c0103b9992e3ad320c48aebad5e8f1a00c5f70b15b452f078bee41f4b,9996.0,0.0021,80.1436
0e837ef16936787d865c856f9176ae1e300ecfbbf74da71cfe4b0d16a76da208,9996.0,0.0021,80.1457
59c4d7b5e7e748e99667e09d0d7eebdc4e9ccde80b4f36e916173dfa0e0cf1c7,9993.63,0.0021,80.1477
14f9e61d16ce9284d12e186f8238512adac066fd43dc8c24a0ac48b18dcb5654,9993.54,0.0021,80.1498
7a3cb804a3aa09ca0913a072e9a91edf8a228c7a3651a7af4b5d0efb19b2f220,9981.54,0.0021,80.1519
a996deb54203c5ead0e785702a73f34b17470e2dfa49bfbead0410a232527907,9979.53,0.0021,80.1539
f325a8ba44493216661bf8cac89f1dbf371d1e9c115cfc699884050636b50bc4,9976.39,0.0021,80.156
970237877893ad0f5d2c6a030d530f1d8fdafd93634904a36b72bee74f940fa8,9971.08,0.0021,80.1581
bf36f75616f845968acec68d84cf38c08d02827e4a1ed15cdd4ed5db3add7b7a,9964.35,0.0021,80.1601
cd45240b40140b9f117781106d656f9cd3c841f238efb08224d9935f1340c8c1,9962.49,0.0021,80.1622
59dca5196de84b2d2f1b490fbf1dd01ddf1c2f5bf4dc038a354097d1f23291ef,9950.0,0.0021,80.1643
125e7ee22f0be14d88015ae825e2698cf869b46e56a8b3a37b9b9c7c83618208,9938.85,0.0021,80.1663
20f50082afc10f8fa58848601be508c95f84ecc30ee6c6b804ccdc1ceb2dedd0,9936.15,0.0021,80.1684
b11d87844532260235657ea7a9868edf7bf13db4a6941ba7335e2d023b03ca40,9934.17,0.0021,80.1704
bd4591373d6b23478736254090a0dd1840a35e20287775793ba8b9cfe4ff8aa4,9926.0,0.0021,80.1725
517617e852ed786c51455c3c615398b979c1eab1c7b2a64311e5910e35e5ce65,9926.0,0.0021,80.1746
cdf9997cc67aaa1280a204ad280c613c270bfe41db3cd234861463505556c60d,9926.0,0.0021,80.1766
3788481e15a9cbc446898de9bd302771699db84c39d0b9c208b4e190ae99907b,9926.0,0.0021,80.1787
961cd405a1e71baf492ebf0e353e72dcded91d9fe4a83935b7a778a89daef04d,9917.6,0.0021,80.1807
192072447f6a5b9ee70473c0950008579fe448b82b52e21a053a629bcab8bc42,9917.1,0.0021,80.1828
5831b1aba0341766e4ef9b0fb80bcdf102a510a4247b0a3249286f01abf84b88,9916.2,0.0021,80.1848
f5c22e0135e9d497fd79b5053d5bdbe73fae1a9f305523c130b0dc5bd84d4fae,9905.5,0.0021,80.1869
6681ad7a0a0ffe252c929ce542841c4db951cab737346cceffe541d49d563930,9903.1,0.0021,80.1889
3de73402ef203d9ee45e81f5c53ce756a21123e83ec8d7ca75af273f0fe807b9,9901.21,0.0021,80.191
aec60715a32e522a37999e6b05d8423b7f0ca456772b9db47e385123a6a28da2,9897.18,0.002,80.193
f84d492189b59f5dee56a2970311e5d61ca3e9b46cd6be1d9e5368bd7ff19777,9895.6,0.002,80.1951
fecdd79ce271e02f51d9c2da70a4fdfdffd94f980fa25d80100072817b520b8b,9892.4,0.002,80.1971
3b6fc456926198838ca4e043da64a884e441d199beaf3d4e94778e7ec5d6944b,9875.86,0.002,80.1992
b482781859838a92983bb5c0a03089a08ac9b2d7131bf87c8e3dc4a5f4a9807d,9861.49,0.002,80.2012
38cb77d538febda188f6304ed5129aeaa39cf2d9efa61fc27f01f47ecaa47952,9861.27,0.002,80.2033
a3a57a526a573e044672b24e6e2a8899a5396ef416000c76d099b3a07e4637f2,9859.6,0.002,80.2053
6f6d171bd2600f4a4043caca0eeb72277d9f2de1d8daa3ad0291a95bdc010d70,9859.6,0.002,80.2073
89761cb7ac2f0f046dfb9fe8281a4e7635db17b3e1b67cb059ba626d5b586cc8,9851.15,0.002,80.2094
98ac053ed51edfff43030b04a5fa5dadc65c6024f3517d4c624a7c0ca31af52f,9848.2,0.002,80.2114
eb333978f056820d2500e9afec1ed4822898fbc5874a4caea12aa163b32964f5,9846.27,0.002,80.2135
f0cd7a4af31dea89248eaa785b6669c106390344cd60b39fcdc00fecec169a75,9839.81,0.002,80.2155
49c05f08a98b5f4bc2dfe12370505603b2c0bd797712f8ac68024bc7867a036f,9834.14,0.002,80.2175
29df310c6ec21974f9b4d27d633f6839dfb4b12d52f5b7335b887ed54826041e,9833.05,0.002,80.2196
3c67d1b9af947a8c23f97145f88ae156bfbcca876354b61920d953582e1139d5,9830.6,0.002,80.2216
1d7a6491b231658c19fd25f0f13b6da16e52125230bffc6d600df05d491f98c7,9826.13,0.002,80.2236
5d00b380b4e115abad85c67d432e3f8fa12edb58d93d3b27991126e4bee694a4,9820.37,0.002,80.2257
616085ad1b5981c0aca459aa539a3db1cf70276a753761214b3293cc201b1651,9818.48,0.002,80.2277
a6ca3fb6bc4695ee482532faa4c0a999f3dd06ecb62de10490b5b0da096e7a01,9808.67,0.002,80.2297
4a6ea72067aa6a55f6789ee662e74a28f5f918f2424d8d84f608583a5459623e,9803.4,0.002,80.2318
f57c0ecf5ce5c5410570bf32e6b83a187bc8e91b9322a57d7651129f8242f0e8,9800.0,0.002,80.2338
242f438a413b951b50153013cbac9400923c3d569197a03d5def8a5b0cc77818,9789.41,0.002,80.2358
7de758e900a645cef6f984100cdc957c0757ee29e6bdc63b00f7d4b0b318cfb7,9786.67,0.002,80.2378
1d4a60a6a833921190ce9bc6fed10fa544fc4a49967c47aeb75b1ddac9435077,9785.23,0.002,80.2399
9550660cdf2c601a9b5920ff9cebe1f95c97df9e32d5aac8e88db70589fe0d18,9782.2,0.002,80.2419
526fdf4199c54d22f18dc0bc29cf86d4afdc2e3c7b96e6850f70bafe48b302bf,9766.74,0.002,80.2439
e174ba23ecbfe435b16cea4155cd9d022131c716b4c2f9ebeac8d07ef0046043,9760.81,0.002,80.2459
02683948118b0e27320e83d700b0bd5163187f918b2b97798f1aee007edc2e8d,9759.74,0.002,80.248
92ad28d2c17ee7e6cba7270a72e4640d910a739f3647e96c19dab6bcf858dc5b,9758.52,0.002,80.25
39e138ba83e459deda24d0f0e0abcf79e9c150ff8cc846ba94bf1c2e3343dd7b,9758.34,0.002,80.252
1464f917a4fd8befc158bb37ff3b615ff429e46387b2b766481fa6dad7868580,9756.27,0.002,80.254
d6f39c453a99499ae870fdac95e855b8127d36495cf5ceef72bde3ce5fba3a34,9752.09,0.002,80.256
c85262434075e04790420bc9f5f22e6134c450236b24477ea3a3816a93ec4e91,9746.09,0.002,80.2581
a1dc9add1e98e5e1a8d1a54e5b87312982ccc83cad2dc4b99e2a36c6eb8a2f7d,9744.88,0.002,80.2601
339f2e8b51df9229396e00bb53cf816f2c63b89b22ba07fa936f3bd36b04bd92,9744.0,0.002,80.2621
d624ab6bc80be546b1d04c1a722071071c918edb002e75e0f12edb44ce02467f,9743.52,0.002,80.2641
6dcdc0a9fbe42f807ed115d7aacc1137b6384d3a5e3ce44deec8ad4e0a394260,9729.9,0.002,80.2661
500129dd9a773340cba38031a7e59b8b4f951a087d5515c1f8001977667fbec5,9726.33,0.002,80.2681
afbb34f32aa3f20d29e743e7ab9347a82c4d1ebaadfe4673c7c2ec893f4f8f00,9725.79,0.002,80.2702
08c8b17783eedf517e1146ec04c65d40f026d05fc4fef404e873d552f452bf18,9716.5,0.002,80.2722
d37d29f6de091972fee3c9596db0896c86c69d2022a8a611621aabc203ddb71c,9714.82,0.002,80.2742
7a44023aef067e89a7ea0fee8c62e3552bd361d5b7b131c645a68e1d44f88324,9710.56,0.002,80.2762
c25202b2986a4220e16f931811baa83364b11a1a74a30c1f4649691e3d4c230a,9709.0,0.002,80.2782
4d5cfe41d77fd6eaf9496ad2bc988b6e37e3edbf6862ef413370e81ef9377052,9706.6,0.002,80.2802
af0acd4bca1b85df68ff3f673b4dd5ccd441ac10a6a35066f2a1191ce6f208b9,9703.4,0.002,80.2822
056cc3e4b91ffa46435bb981d0d98c329222ca41cf12825a533797330a9cc56e,9701.91,0.002,80.2842
19708995df6d86d6ab0b2a988bd8b562f081af4dade99bc6e80440446fbc2bf5,9696.71,0.002,80.2862
043312d437a61a570a8451457c9fc1f13bcf17e4c37d0357b715949622aabb8f,9695.61,0.002,80.2882
357a3fbbd9e6c7ac8c58794d93b1657b15854dbc201609d31a78945134c888ac,9692.97,0.002,80.2903
3230436328066bc7fb6380ff88400558aa526ccce4a9367fe635da09d5c21945,9689.98,0.002,80.2923
d279a12a7ca6814da071467fb563f9a5966593e0a5c0fcd3f8c41397ee9e5eb2,9684.81,0.002,80.2943
f07efef6db0b165dfe37602752750821a162d290adf7ded6b0be9c78cf137f35,9681.55,0.002,80.2963
890c6b72a9e09bd707134c8ccd9b7436c5146fca01ea7308636c4b9055ba291f,9676.47,0.002,80.2983
0ddf7186063d849a86ab7422f3b3398ddb301d9c181e6567c616a418b773492d,9675.64,0.002,80.3003
1dc6144267ce9c1e0b29af14cd39bdfc5f3c64b38457ca4355650cf548e3eb27,9666.27,0.002,80.3023
1ff57b7d17e371f4c52b526506ad544577c64aa9db0fd0fb49328f895c29f74d,9666.0,0.002,80.3043
47be035c0550b52b8c84b8131175bced1f44173a489df5dbb3627762ec244a58,9664.54,0.002,80.3063
426ad24e092d873aa7630f70c3a25e376636ae0eb5477411a1d751b708fe9975,9660.0,0.002,80.3083
153ad0c13c7a8f55c260e5f4dc422be9a184918228c45c9a4fbeea4847440bde,9655.0,0.002,80.3103
ee3ae31f5998b2d4de7198c51b9528406f0116cc525311016c5308ce157ac089,9653.67,0.002,80.3123
24d0bb4cecc85610792f77d12abf5e498f4e351772a777b01137a3698dd4e1b1,9652.51,0.002,80.3143
ce330f3c4d655edb65ba7c6df0941de491d3d809233148a0f4b806cf90d9faae,9645.64,0.002,80.3163
c5fc805df50fc753d91ccd2cad48323c902bf694b54294a34b591b9cce3a3920,9633.2,0.002,80.3183
06681682656aca5348777f3c7f004746eb6810122ef666517e5520d2748d46e9,9613.26,0.002,80.3203
b3349b533f5f629c9e873e9ea7470f19a94c50b2eb76dae8e1a9290f9eee4c5e,9611.0,0.002,80.3223
ece27ae7356141ffbac62e5bd23442b77d9ca32714531b9c6cab987bfd32ada7,9610.57,0.002,80.3242
365420df0187c5b334a015a445b34d9d1c9964c0f3267008e56e50b9869900d6,9608.25,0.002,80.3262
cf18bc736a73e5dcd141fc933592609de7f85a3c0f8a14a3670bd73b5fb20aa2,9583.66,0.002,80.3282
aef033c822096a66d1b621c57c0fb97d3c015ebd48ec65f583236ba5bb811e41,9582.64,0.002,80.3302
79896b49ea99a8c875a631d504ae102920391b17c7d4164605fb4425537af17e,9577.45,0.002,80.3322
c715326be4a8c872597c763f45d480566d4c786b8bdfaa2bed694c8c443cc994,9572.24,0.002,80.3342
9dc97c79a75131fe8fc7a3a12709e0c7033b575758b39cd150d232fd2769ee53,9571.16,0.002,80.3362
d1e798ff0f4c5fa9507f84ef7a4d201fd333d2ee75e161b58f9e0276e2878906,9570.4,0.002,80.3381
c9207bee5f2471ee10f8349ffa96dacaa81913dabf3b09b797738333f724ba0c,9570.28,0.002,80.3401
03f449a29615c4bef284ec2c3d697a74a8d89cdd63b704016591a9e78bcfeaed,9570.28,0.002,80.3421
46bedd3baee68568fd6ac0176997778f790e7639ac2f95287f794d4ad44a6453,9569.86,0.002,80.3441
51ab65b483948d3387ca18efd1817f83e7bcf46cc3281e20dece92646e8be978,9568.56,0.002,80.3461
f8953329e864b58962a41e8733ff5b94fa8ee7a3de249553f1cebffe2399e5c0,9568.53,0.002,80.348
91a7bbeb8becef03457ff5267c04bb7aa02d3b6a312280d328dd36b79e53feca,9566.51,0.002,80.35
c3a6188097493680a84ab0f1ad00852705e722436d461ae74d417de1eadf230c,9565.92,0.002,80.352
9eff24431bbdd773886a36f4b7023e849b1f5ffe601663283ddc8859ba11a6d2,9564.67,0.002,80.354
6edf2e2cbc79085a365fb996800a766bf756d528d48b57ce4609e6b8a33bc1fd,9549.5,0.002,80.356
4b97c1cb8735f4b2afb596a0a363b421bda98314bbaea964c370dad205e612f5,9538.81,0.002,80.3579
7199072f0c01392827fc8064647feb6a84be5c940f8c45668ce27407f58f5757,9537.6,0.002,80.3599
a28587813831d944efbd2e384d6eecb46b0ce001da6502e1a9f644d212fe02f3,9536.6,0.002,80.3619
2c3cecfada1c52978215c67b681c0238106855cfd0e42224dc09d75bb6b651bd,9526.28,0.002,80.3639
43761ffdeacf83e04c55f57c94d40e17a0b23bc75a82bd06ffe9f85d8a75ebfa,9523.14,0.002,80.3658
864235d3979b06563c5eada203bf6ef40f5fe9b1475dcf8375cf5013f187f364,9519.8,0.002,80.3678
cfc5a72b7ef598c7c565803752721f6d278a69b27e3ec05eeddcedb3fe49b568,9516.91,0.002,80.3698
2bbdc497d9194b5c42b5f9b1702002f7e9cf7a288f37a706ff3d8dc5dc753ccd,9511.3,0.002,80.3717
16a81282c2f9837bb9781c2ad991b723014c8b8b2aa1d1fb7e92fffddcc5521e,9510.0,0.002,80.3737
0059ae4f781824deeef199294b37c7d5f696e657c35d1b6b28b226ee05f3d349,9506.02,0.002,80.3757
c05223f477067ec85a849b2818ee2b957f4e48f934f2130e05846d3913ef4566,9504.0,0.002,80.3776
4db4c9e5bc988c6faae65481dde832495f4c917484459de8a981affb50e04b82,9503.4,0.002,80.3796
bf17370f730cb2cfd08931262cd683a688b5442b4395c25bfa43e4c44e9cb836,9500.4,0.002,80.3816
43b1e2eb36e504fefe1d60f31823cc0eaa9c8aa36ff8a97a6072058c51462174,9500.0,0.002,80.3836
518b17b34e7867692250b1e361154c55d869c45355e3911a22feb8b2f595d717,9498.94,0.002,80.3855
8dbbfed34abea723df5b953c5c27dda3cd2d3f1078d1bba182b377b0d87475fd,9494.64,0.002,80.3875
f7d6adf40b26293e4437f3e2fe09f1077458879ba976306308c1c4d1054657bf,9483.4,0.002,80.3894
2911bca6d03911948132d5d60e8cb64fb01f0e0424f9671123afa0c821546f4b,9480.0,0.002,80.3914
c03a41730315210b00c55cd5e51a8d9c55f3d59579aba150d90f05121795176d,9472.91,0.002,80.3934
6ef6a4c45ebe0bc78860384a39c1086403170f0f41dfd3b4f09c8434c27f2d0a,9468.64,0.002,80.3953
46d4c7c3285e2d04cbf9d55aa79142a277c48372a71c1455971363f2b8f8ed67,9465.18,0.002,80.3973
f1501b0397129a9464c70ea9e3908f36397df7a5e5f03cd29a781cde827b8e9b,9460.69,0.002,80.3993
a486e5558353d0a590552ea5e0b0ccf4d2d9a1ea92d319b2ad5711e9ba10deb1,9460.35,0.002,80.4012
e1a6d1041ba597d25bf69c72c4bb53ce3cdd74246469cb3d802a1c75e6276ad6,9458.59,0.002,80.4032
22d74861ee4037c544f9ab9bda3ac2e588c20f813b87bcf49483113fa31b6062,9457.47,0.002,80.4051
814e3c8c9c29c57c29b6af6719b0b4550b1aea975f662ded33fb51814e4cc32a,9454.8,0.002,80.4071
32c11e0000a1328a74094090a06a66fa546b3adb232bb7f492424d3c4de14c13,9454.53,0.002,80.409
166b9c37faa52e57a0fd4d2bd4a6ae7872f1a7fb6f17036480a3d3fe4dc813f0,9451.68,0.002,80.411
2ed445e730881c752fac03bf60d5a656fe6d98b067cae7f4ab9ffd039079e1bf,9451.4,0.002,80.413
7b1a562c52b5b43a0271c428925419236232acd878a3d6ba87f56331604d6003,9449.69,0.002,80.4149
73ceb80cdabcfcf86ed725c092acc9db8ad9ad90069d7cbe56abd670969004d8,9447.77,0.002,80.4169
55caf0bb963fe1482fa1e0d74abdf1da9e157fe415a4103234523b67eb40d2d1,9444.0,0.002,80.4188
9868e38874a142fae55d3becf151bf469fcd5f934144999511262173f917d7a6,9442.81,0.002,80.4208
a8d46ca53b31e8a0567887f9b94c333c1d2035a6a941324907af7ff9afd31e76,9441.77,0.002,80.4227
7e8a444022608a660b6113240de9fdfe93f022ab8f170c0e8f31a334cf8ff162,9440.0,0.002,80.4247
7083d287ab80c6510088633aec766b36e56295c1321242c15cc475bc5be18c18,9437.2,0.002,80.4266
4339146d351bee3977804fb09917d385eb8e3b6dc443708b70fbfaee5bfee66c,9435.59,0.002,80.4286
fe4e0174a71c179438184bb7f7586167a70c2fdeefd7bcb50fd3261654be5f61,9434.0,0.002,80.4306
f25ac95b14f8c6321c74f23a84a06d7684be2b6b06bd99cf6f551f7a2edd5f54,9432.87,0.002,80.4325
ceaf639a29b5f38769036f2ec4d0095ddd0409b954c5faf6859519ffa40f0f14,9427.5,0.002,80.4345
0a5be456e692eb6959d49d0f5e5c866a656e973ba0642289dfd6e66383c611ec,9420.77,0.002,80.4364
ce11daabbf8784dc49d9d965b6b94be83a75b92a9cc49819870b47357ab3a74a,9415.68,0.0019,80.4384
db3b7a1b011de87a5cf2227a7928f854274bc7ffadfb1a4d9dc6688ccf228206,9414.83,0.0019,80.4403
9d69d8e23749228bef0085fbd8183705f31c7df302a82fff92d34302f4a921c1,9410.17,0.0019,80.4423
29e7da4670d7281d66662b950bcd6625dfdb0e1ce97fcda44898e169acdeb907,9403.25,0.0019,80.4442
df49252227e7697b22cd2f705a0051c4ef15326eb355cdacd7385ea0079597b8,9401.65,0.0019,80.4462
f35b618e1cc9f818e45cc82e701546cbe5bde29e6d15b98ebc897960316d9e5c,9400.69,0.0019,80.4481
189c23c02ea5e1f110f9f68e3109537c33331c7b2ed7251f8fde59da6d1b1190,9398.6,0.0019,80.45
5a8dc06d1fd85924f3c6bcd1ca63e2e56cacf4f562811b359346eef39b3177e9,9396.0,0.0019,80.452
747d06f4ba7ad09b5940716dfdcfb6601c72a091350c206feccf4a6f59cd047c,9395.2,0.0019,80.4539
81ba53400b0d0e7568fd45ff173723e46c4fccbc11073eb1472ca1ff3564b204,9395.0,0.0019,80.4559
bbdb037926ee363417e5f8c5f4d414a9b963b803afddf73f6a657b64a30c6948,9391.58,0.0019,80.4578
a10e8737cc6f874a38a41a699fbb7db9b9d836fb33f7db0ff6e684ab7937dd11,9390.63,0.0019,80.4598
364da5faabe60fe838bcd7aeabe5f667df1b694dc6830b76847e277cc2906374,9389.96,0.0019,80.4617
15e95a84c6c8391bbd4670533435a6300fca21c467e38f9bcc5009fef708d741,9386.15,0.0019,80.4637
89ba4f6e674c975703ac79231e422c47da41befdf9750b4776e5b1e17fe199e0,9384.81,0.0019,80.4656
be672eb8ecac92d1bc4c6476d72ec66cfba5407c050ff70b8946fca877cc87e8,9365.67,0.0019,80.4675
fe9c23106fc09215d04a53bfa0644108b9cb5e3b2e34c128c2d9d6b36fdf2a9a,9355.91,0.0019,80.4695
d37d8194987c14d88c4fe357a00fa393d3ca9f5914dee0ac592a1f74b68ee582,9351.77,0.0019,80.4714
ca9bd47151d65a0d8627c59270e9d3243310793aba10440e4c714cf136d7947d,9351.0,0.0019,80.4734
76a6a87131838d85b898ae3ab4ca142134566858f46c4fe51d4d180d27f3c1bd,9351.0,0.0019,80.4753
8e3cbb01d4a57be21abe8c7dffd009a1a2a0d325c3356f8d683d7864ccf034c6,9351.0,0.0019,80.4772
3d5f6a7f71b61cee4f780b017dadaf14b8a4515112d2395fc49971b8a4a4fe2c,9351.0,0.0019,80.4792
63ef23d88decc2202f81894287b76b854430e9fb1bc6150a96b4a993d8ffb3d0,9351.0,0.0019,80.4811
18ddcf48ef22b004068f585cc1c935d3c25dae00d11b5b1fa50f5d68c8fffdb5,9350.43,0.0019,80.483
aac05d04ee12a823658a5916f0c6d7eb7b30ec1c0b03f915b29cc20999b02129,9350.16,0.0019,80.485
e636d5da64d525633e5b25a9284d92d050b289415e2cf84c91caaf40286c5aa5,9348.74,0.0019,80.4869
c8ded5b79300927a4ca3f1763f543196f73ed3b844f6fb59fc2c685f32c4bf98,9346.8,0.0019,80.4888
5016bdbbcea56ec50ec8cb2b3fced961508a4bbc53b7f219f86a9979ad989330,9346.09,0.0019,80.4908
a5d21802749fc3da4873b16b4b9b9b06fbbd98391eb494f1ded38eaeee0c27ee,9343.69,0.0019,80.4927
8d79561fb8b09aa8cb201b2ec74e59dd498789cade04486c4aef80a35c7001c5,9339.88,0.0019,80.4946
a635bd51bbbbc810fd06f67be937524d1db89271228f043fa628667cfb171183,9331.92,0.0019,80.4966
149aebab256c676f13f6634ca61ae07fdcad88f6225b6f6a303b1ca55557c44f,9328.0,0.0019,80.4985
dbd3feba311f25bd4dcd641765e302f2af074dddad31e68c90899b84b4e6c998,9322.7,0.0019,80.5004
91ab538f29aa6e9a91d8efc7d02e48d8d50e4c51e69aadcc50c34b49bc0c95be,9318.32,0.0019,80.5024
8a0726820999f4b6a2421e8f613da5d99c6107fe4fa69b3446c43790742a101d,9314.86,0.0019,80.5043
c7fb90a215fd8282b91664f61c784ef0de1f5b493e2e029c2432eb16dc860800,9314.39,0.0019,80.5062
6c26306cd7be33ec1861bcc10cbf86da7fdd95c0b21f098052b6fa0b420570d1,9307.27,0.0019,80.5082
90807ff1adb8a6164bde1a702e0472f86003ad4796cb8515690003a64cbe1bfa,9306.54,0.0019,80.5101
918ae424ed5983f6d5c6e0dccc9fecc6247a8abf95923f4572a2e9e34657cbfe,9306.5,0.0019,80.512
999c6b6507d9afdb87b42727461050af09eaa8143a50900ec38240813a80bc7c,9303.45,0.0019,80.5139
7b8364baa1de9e9b97e3158d35e095ccf2c7d7cc006c5763679a69036e79b047,9301.34,0.0019,80.5159
370d0403ad4904e48ed4fbc10f801bd4ab2b985d60e51b9d8acdd2c738017aec,9300.4,0.0019,80.5178
6fa3dbea71e405398a2035a45d6e0f2f53ddd0aa240390b6288a511014b22887,9296.7,0.0019,80.5197
ec28638a41806f6de2c017eaefca170c486f7611ef2562b5b41f7e82d6952936,9289.2,0.0019,80.5216
d03f7fd5c5aa9da26c2c55d8f2e8e45b06eeef7d90a52435bc96680da8d24f51,9287.9,0.0019,80.5236
948c90c10bd17e747cacd590004f11ebb81bc227859221b16d949778288c9e5c,9282.4,0.0019,80.5255
b06f0f4f52dc5154a976529e2626bca1bc6166211d4660e0fd6ae3d965666c8b,9275.0,0.0019,80.5274
319320a9f68e624c6d1a7dff0b196425da058dcf3a0a591b441ec759229975bc,9263.5,0.0019,80.5293
6352854a43e5722feff0176e35b1673dcda25f003314b71e8f59be31797d8eb3,9261.2,0.0019,80.5312
29343a333d7f1786defd648cc3396deca5b1eb135d894a46b4c07194e0ba5f98,9257.86,0.0019,80.5332
4da47fb20d677a893d40e06d61ef755c2201e70f24adf0022dd6cf56193f961d,9256.71,0.0019,80.5351
f375210e3db3047a232f23a06e759c8a943fd82dd2daeefbe8d840ee97a4e4f0,9256.52,0.0019,80.537
a9d6bf56aa878d0115169394f9faa645e6ba574f2ceb3cfb1acd26461cab62d8,9256.4,0.0019,80.5389
7dd77c3af0a6991bc1e0ec486604cf8b5b4a3209b2c7b85f767c3c308108e47c,9256.0,0.0019,80.5408
50c866fd381cd38248e103d80aaf2199157579367d87cfb57920fe95c9becf5c,9251.04,0.0019,80.5427
d910d419aee45bc2fd7c369fcf0f09809cec993a41538bb3e2a4bd16040187a4,9248.89,0.0019,80.5447
513fcfaccaf0f47291e3aac3825f06de8f173e7373b4eb9832c339cbb0f23091,9241.6,0.0019,80.5466
10b8c1554849b150acae5dedf566e35cb542f9ee8761eaa0fb87b2d7e38b3145,9241.39,0.0019,80.5485
4ffffe63fcf60e3aa5f14a9b0ed3fb06d7101f51ca2a766b89490bca557c7e61,9240.0,0.0019,80.5504
7bb6f60a875a75c8b31ab51bb7e74fc801dcece48fea09be20c0eae875db0764,9228.67,0.0019,80.5523
2504a4526f9d696bd4c6c23bd983b58a31a13ce194520b1d47d1008c3f476c8c,9227.43,0.0019,80.5542
075a1e6878a9d078fb7bbd5c0eb79b229fec27867655c6fd23134bd803d52c50,9222.86,0.0019,80.5561
6a30be37f79743a12f97080879a32a46d7ced0538ebe6365d2c78cfbd9e28cc9,9211.0,0.0019,80.558
114e879acdea4c69a0aed5d8b36ecffaa04f0c2bbf30bd915bb25e44d1b6eab6,9209.6,0.0019,80.5599
a07f211450af378fac82abd0947263b61285646dc8a4f70687058db416e88637,9203.45,0.0019,80.5618
33568d94703c15b5c3ae7ada73844add8e77efdc935e5d9b607db63dab15cd49,9203.41,0.0019,80.5638
ede091554dae0d7e36c3e7ac36ce90a60f4c81e854a797f873a328cbe1411ec0,9202.99,0.0019,80.5657
592cddd133a834cac8ed1b3f51e10264a1f9db65da96a70470650a7979971805,9196.74,0.0019,80.5676
19a217878344753a4092d0248e51adcc4eb63a57bab1265ec26382654648f17e,9190.08,0.0019,80.5695
dc6379b5c102677f106228df389264dbc8645273f79d0e328040b564e6c1b83d,9190.0,0.0019,80.5714
6d0cedbd47f982a9567d9af2d5c46a27a614f2bc460fcc6f14720c5c9c24706e,9183.47,0.0019,80.5733
38ae3c0105706680d2b454b8f7c84340c58ed21d73565a9ba5224a225bdaa9e5,9182.96,0.0019,80.5752
14fc0528bb0f263945de4b46ad815a0dcc3191fdb1f15fed64a131a9a6fcd3bc,9175.21,0.0019,80.5771
a37868cf0b59792fa4c52602c4fbefe40219b0bb03cf761386a6285575e38dd6,9171.33,0.0019,80.579
fc2179e45116246bcd535bc165da76e60724e6fbe39cf65aa30cc17c0ecfba32,9159.8,0.0019,80.5809
713167bda46b2f87e61cb5ba51ff32e9d6337fcb31297a9ead5349fd6b0f54e8,9152.78,0.0019,80.5828
822bc86e5d2b5057779645d4d73471ee1d6592e56dec834199d0d9b2b1d7bae9,9149.01,0.0019,80.5847
da40ee696a85dd7c9edb9de26d0f784e157bb44efd78a13ce218e362de171ae0,9140.4,0.0019,80.5866
c4815a6ea151967389207aca17fb898cfe954faddbfe8d20e1c448ac66eb7e6e,9133.87,0.0019,80.5884
9e19489d28217123d399963f9255f90392db4aa613404ef00dc10b5446f942b0,9125.78,0.0019,80.5903
40ebc081c2735687188505c755ab7abffb98f7b2b52e81215b23ac76c37d0660,9122.8,0.0019,80.5922
8058b0b6036dc983c718e8937f17b423bed0a2339720ddc70e202c9325f1e661,9120.0,0.0019,80.5941
a0c9a44515066a2be874f6ca42ee35c5c81c4b5dc77e79c256a1d974f4c0b8f6,9119.6,0.0019,80.596
3f9e3051564aa0e53fb2f5f2dacef550c6be3b0fbcda04079510206324ce9686,9118.28,0.0019,80.5979
9a6d533749995d55d87296149c57423dd36ee2f06ce7e5290768d955dbf56569,9117.06,0.0019,80.5998
e1bba1b3b3f88b7260e7e53f918d88b591c51a45b0df2c5402bda8c227c6c74f,9115.98,0.0019,80.6017
a1f853cc335a5fe40bf8c2a25d5a7c0252ec36c21c06caf948bc9dfe2564ca8c,9113.8,0.0019,80.6036
f6ae039e024527d16b0a71cce75a6a2ef6665907bbc95f88da7816d2f7ca8d5e,9106.49,0.0019,80.6054
7a400e45fbf1e90ccb49542b0e6db9709e87c33bb337ba3dabcb30591838a636,9100.88,0.0019,80.6073
b2bce66c37bd24942a4481a8da57668ddf79a65c61c6e55e340c8b4a24d75a55,9099.28,0.0019,80.6092
f47e46a4a41dd5d17507c96fc48fa574171cee2694d92c2f32876096969d71d6,9088.91,0.0019,80.6111
1ff409dddd87d4213b6623238b8f26b3abd503d76ffc0b42f28953103da13dca,9083.29,0.0019,80.613
674f8ed46e2a85911b041bbc240e72c512b1d27486a7dee4d805fc9b232ee1d6,9083.2,0.0019,80.6149
b11a7dcf6d7290e875ecae85ce00bb464c0513b7ff352372a3733ef84a761e7a,9079.79,0.0019,80.6167
b8adab9575037cdd010abf511a02deb5a75f52f0dd254c026cf1321510497996,9075.0,0.0019,80.6186
fbd540e15c55646596adddc185c2ca91c145a823e0f8832dec79eec604dbcf2b,9072.95,0.0019,80.6205
62b6d36653e93430df1ba5b82f31f114fcabfae830a65d9095d5303f6bc6ca0c,9072.39,0.0019,80.6224
c9a7adf33ce8b0126b0bcedb046df844b2a1d40189f8600ab6502ae6ea148a4d,9063.78,0.0019,80.6242
6e54d73614bb1d8ef180856acb5241ea3681a4799f7f67bf901ae81ba63eed9c,9053.7,0.0019,80.6261
d14d60a2867ac1d2735b8fbc4377c93c8bd0840419bbe1e01f8622fbdfdf897a,9047.9,0.0019,80.628
e2fd47b1f9f07b6c1110a17e1a014bb87dd8f45da6b791bb2c29e26b8a2164ec,9047.0,0.0019,80.6299
854c9a6ae8327b65e20b7a636a0071eced0dc06bdab7f73466123e6e5eb9b80c,9043.67,0.0019,80.6317
43f721aae126ff6b27581c9c30d8ba0e751f8d82e277df1a0fea98bd7e116e27,9040.52,0.0019,80.6336
52538d9fb0298a2e550f5f89a0550b27cebc614b9bca0f5cd458318279e01431,9038.51,0.0019,80.6355
f6a476c500539e7653943a18c45a6fab8af7b6b1cd62122ff5aa97043da5401d,9026.73,0.0019,80.6374
3ebd705a29e4e0dc354e10b0064b8f94db860dd5386d0834497a0f05d436f44b,9025.8,0.0019,80.6392
b51471012b6b2f2667a33f9eb733c739e6f165b5ef234382af256837cad5d87d,9022.32,0.0019,80.6411
a4270c907a38fe06b3b971271bfbe17b592e086bd225c2f7dac00a83c83a7050,9022.0,0.0019,80.643
3a058aa7e211aef63c0893978afdd69b4fdf8d3994944a79169d693baa89bc27,9021.6,0.0019,80.6448
12acae1e7285177f3d886e920e30ca882081d273cb478a0a2ef3e8582cb106bd,9020.31,0.0019,80.6467
0f2e5b7692620a475667d1af3bac4d121f14f8618c78518e114e2ea65165140d,9007.64,0.0019,80.6486
7ffc2066e20c16e95c0b41167e334afe57ff4991b21c8d581611a3f516a786a9,9006.0,0.0019,80.6504
201aa1727b6e6af215a3e0cb2a43b41797ede19d3b30e2e1dab0decc2c10132e,9006.0,0.0019,80.6523
70cbd568b0a067b0b87a15a7f3002ba7ae08a1e6b63d3f587cf3c4e9287c0c4a,9006.0,0.0019,80.6542
b5c7dbe973388489308aecd97712250989efaa06d6eb8c41a51f578b63da73a7,9000.0,0.0019,80.656
f8792bd7ae6b91f884e72eadb56cb1d3642c773eef5a3e314539af4e63b2854d,9000.0,0.0019,80.6579
3d65f512083441673b12dd8d9b92c8490a806ad2d571acf66038772936aae489,8999.99,0.0019,80.6597
a5139fd4739e64212a58219873f164bec3faac0a0ca571e28b4459b003bb6da6,8995.32,0.0019,80.6616
ef32f44b1c3fa241781d90a6370fdc162d8311b53ef327c96e5062f498e17cc7,8993.04,0.0019,80.6635
6be51d6790c9f9e61a44bede9c31c233d3b92be08419f558cd189faa6298b108,8991.12,0.0019,80.6653
c992be8ce79af1156f7d3e6b227695f9389b1be42a11ef4964233dfb211b5bb7,8991.08,0.0019,80.6672
b51947eafd10add10a28245c454b89092bd3d651e5a7890ffdbfc89d62066ba4,8988.0,0.0019,80.6691
d172e08bb0a610dc128c55182e186506d792458dcc9f875acef867b6b587cbd3,8981.72,0.0019,80.6709
57f9d869cc330d5a5a245f58ebf0e0b1f6ae1a3cfa1b7dd280224c47b8cbfaf5,8970.0,0.0019,80.6728
6efdf27f3f265c2a0dc87e809e65cdd08f1569b9723f9dd7dd6666d41c9da195,8969.79,0.0019,80.6746
d16804ea4c3e48ac118557f4482614a17bd73720afc539ee2c6a65f8d97cfa51,8968.0,0.0019,80.6765
9663b6af9adee58d90fc2bdb3b90ac4e2d1176aa5bb80cf0c99b41f8a69f44ec,8959.75,0.0019,80.6783
e89be3d4f05dd8493c5f554782546d941850e7d5c0add5419e53377ce20fc595,8952.47,0.0019,80.6802
ade0b09acd76d9a57d1a585f361d447929dd837c0bcbdbf48d7fc616919ee56c,8949.32,0.0019,80.682
02b6866c4c2274e4a56df95c551773cb6ea5da442e81704a7c8d9d0847a39763,8948.8,0.0019,80.6839
7ab6e18dd6c7d7541b1dcccef2f70165f50772a41ee60ddbde03529128b89f4d,8945.54,0.0019,80.6858
4bab670679fd8ab23250087d4e614a72e98f5eb46a6a719bea156ce7573e12e1,8942.0,0.0019,80.6876
db57d2287c9c18ebe8a883d5ff166bd1eb2e436f8b46b6b8a0703fd3f3640c9e,8942.0,0.0019,80.6895
e68facabed044ca71e1ae5e23fd79feada1c42a6f5dd0f2d742b891845b4f708,8942.0,0.0019,80.6913
e6ae4544136003d3a60dba3c8d37abd5a733033724e639d19e1580351bbf244f,8933.4,0.0018,80.6932
dc95c8cdbce03296fd5180781907b4736db75a27d2a77445cb44ec9dc67fb2e4,8931.32,0.0018,80.695
595a146ea26238e57d2df40407baacfe276286db26aecf30af916cf55fc0b8c4,8931.07,0.0018,80.6969
6336f6c7cde3673dde8c6ca171312300703d0d53144b524ecb343d5817172700,8930.73,0.0018,80.6987
8e7def4d840c70947c93a8101c21f5fb610ef6fcb1e0966b474604c914d1107e,8930.4,0.0018,80.7006
1fac0402b536b597c7d5cf4a4f61c90ad33eb7d33a5c258ab2a974e73fd4598b,8926.62,0.0018,80.7024
ff638355dbeef82a45012858f721320f71e5c38def0c313517e24ecece77bce4,8924.25,0.0018,80.7043
91923a79be4c98c24549d32db7d42cb18f691a97551eae9ff875545d946e9162,8920.5,0.0018,80.7061
27da41f7620b8f8fdd0f4025fb732e5fcd50490b89176ff93f4b26812ab7a713,8919.88,0.0018,80.7079
a151c35ffa7b4d31f3251a3b20dfa1b2de8baa8cc75d922063dbc446897fe6eb,8915.21,0.0018,80.7098
9a21533547379517b8d7e600e2e06bd4bf8ec1461d4d3c1657ffba0456254ba7,8912.95,0.0018,80.7116
b20f39076248a96ded6ff5ac045865bcc56d46f75c2e3d4945566243c78b289f,8911.15,0.0018,80.7135
d0ed6eb0b830f8e63f8be9f4ba26c65e67ba24d9614edbaed507fd19967db980,8899.23,0.0018,80.7153
45b8c3850ec710a31304f94620bca3ec7fb71bfa7d7e6602f81c343da5bdc080,8898.85,0.0018,80.7172
010206f19ec09d85ea388b255a5f1e4768d860c91934bbcaeba966e5191e5a8a,8884.8,0.0018,80.719
eb133c48a6e655c0bf123ab527d5c54ab84651bd37377f26446e64afdfee5e36,8880.0,0.0018,80.7208
ccf225623d6222c1104fda6ae4086f544d8e4250813a0472572054f1be59da8a,8877.35,0.0018,80.7227
4da2a7f23b15163ea5d3ab589a59d8a62dca2647d148b4aca3184b25ae0621ba,8862.54,0.0018,80.7245
6e65d9a08364533520a5dcca151f3bcf2f1cef1d7b2e34c0fdf316614c883655,8860.05,0.0018,80.7264
798ee007b01dcf367d9acf79a2363dbf8cff278c8d240dc7949220c72460a914,8856.81,0.0018,80.7282
1d3c78736a2d5653fc940f32b8e23605b0f6ee44e4631a5d079b73abc47f27cb,8856.0,0.0018,80.73
f27eecf2838a909de02f49eab661db69a412827848eb4e29a694e52622314cd9,8855.65,0.0018,80.7319
e534359a6c03c0b9f38e4a6bbc06b7b131e4ffb274062c3c3a13a42304561965,8851.0,0.0018,80.7337
3601b591722831bbbf34a6afdeb2168816d0c8ffda795f903f48d71c53fd715c,8836.39,0.0018,80.7355
1334f39242d749251bf141444fd2e6ce4fc93e5e378ccb7a57aa3edefa4927e6,8835.0,0.0018,80.7374
a5b59dd3ae1755446d9140ded7b8a30883f0fdd29df19b314769db86e097e0fb,8829.11,0.0018,80.7392
7de8419ec9d1653e8dd737b88a36114d93a97fce7ab7611ea3b9570b33f7d8b8,8827.07,0.0018,80.741
150ef2a6b28ab06fc040c39f2ab428b298e203f002492e1b922773370ae0c2d4,8819.41,0.0018,80.7428
d2e377cda33931e7c3b4587e93c5094d51b309d885d0584ece171f231c8ee0c8,8816.5,0.0018,80.7447
de2a5e7701227d343030205bd938425c022e61a71b06b3ea112fc0dbce7e689a,8808.0,0.0018,80.7465
17934b632010a153867c54a6d91db577a902241d53706484fe3932035bfef3d1,8803.4,0.0018,80.7483
b686c42a4f5363e0b16a918a13280c9eb0ec3a583292d8f0ddf3dbebb716f10d,8800.37,0.0018,80.7501
a1bf78e5ecb49827a36f7fd2c87f76463d699a7bb2f3823adf356e640d801206,8798.6,0.0018,80.752
7fe7792f020493550118d3acc3c277a2a22b261c6e5754f761264e4775265477,8793.88,0.0018,80.7538
068cdb9d2f72bda16c5934741a093a9dbb698a816d56521feca9e5b67dbdbc40,8787.08,0.0018,80.7556
9ede9dd8c323eae430798444a7e40395b9fe6be64d84684c277bda771267740e,8786.0,0.0018,80.7574
84be6260456b8021cdc736fdb33dae9c5fd65c05c8158e3ff6b94578cd2ad6b1,8784.32,0.0018,80.7592
308d22f48ac8b56a3f55be172b194705ddad89f8f091099f1e832762554b17d5,8772.81,0.0018,80.761
f612f2aa3f876712d329800c97b9462ab4879f57ad986f687c7880bf2a6873cd,8772.07,0.0018,80.7629
ba626270a8d1149f2073f37d99d5cf667077892b4d428060a206a9e14a502d36,8768.84,0.0018,80.7647
d1672b92e93d6c436c478a6913b9134e44b0e6af419bd78c293be93922eb36c6,8767.64,0.0018,80.7665
e1a8c54c65701dce6b209a66b937b4a141ecee843d6f1659de16524b31b396f2,8759.6,0.0018,80.7683
1e18d19f28b5f7ae3b661beedb4788a54d6a0e0ef53ccaebad1f8c4f88080a7a,8755.1,0.0018,80.7701
3c1e0fbc646198b7ec22912210f5f15850628f74344e0735459b9a7b62e5d673,8750.4,0.0018,80.7719
c3c4440c8da294fdf7c92c864ed27851e37cd968e8e55287da6e8be6bff3feff,8749.18,0.0018,80.7737
1af85af7b579089eae34062339dd1e58af780a746b21eea62567bff4d398f252,8748.95,0.0018,80.7756
226626b17399686396b1ebceee1eab63b52f4205be286e32bc2a818d976d9b4b,8748.71,0.0018,80.7774
6e869b058fe74ba0c0a5192341ddaa97fb831b8d619bb1270e88d4bcaad7104e,8747.4,0.0018,80.7792
46b065d2fc5b7ca291f4466beb31b2b31315af95e06e147f02e156771d0a544e,8747.04,0.0018,80.781
d6e6cdf048f5b5337aa1a4674e8d8a1bdc4e186c8c6275af74ae5db4e8b43147,8744.3,0.0018,80.7828
ccbae5b2f837237d7e8c01240cce8e1d5e0cee8ef669e4c692b4f6022b0b39ed,8743.21,0.0018,80.7846
8f84c1219b3d0e3d0e5e1a13d30a69c8b944ec861a54cb20311f4e500e1394e9,8737.45,0.0018,80.7864
e60013d76decc5e1494bb5dcc67894aad5f89116467ec86d595ab97a3ac60379,8734.14,0.0018,80.7882
1c8ae4a8d9502ecf362a6d6a23cc580d634e4a1760de3357004e917f2635bc4c,8734.0,0.0018,80.79
98f580ff9be2d127f0a33f3dd624377df6d6b0285f200a5eed7e62dccabd51cd,8726.0,0.0018,80.7918
485e56bd92fb575fd6cfb700b5b45e06ab5e5956bf6e5883ddca12b61ffc60e0,8718.63,0.0018,80.7937
3f26d041e5babfde8dd9dfe7acac8bc4ea1bf3d6d3b1a8a77ed51c1040f53be6,8716.0,0.0018,80.7955
7ce974bec53abe1003cbc7e325881144e36182b395432975525d78384d7ee1b7,8705.81,0.0018,80.7973
8f9166f87b985eb52d1de06ab25c6243c51d1cfefa8b64d133b1a89d037ff1dc,8703.74,0.0018,80.7991
ce2726e5c0eb9a6c104c32a0a3260b5f939556c7ea7b256e868d9f908a19b192,8702.96,0.0018,80.8009
de42b0845e6ea300d5fa0170d2e20e7f91e50774a5654f337f94ae37e08466c3,8701.0,0.0018,80.8027
a60f2b52eb6119ef11abaabba79588b64ab59004399eaa64d10bfb45579292fa,8694.47,0.0018,80.8045
8119fbccd086e3b8e8c580f13c43b2696c6fd57b2a52aa040b3705cb21ba3dc8,8691.9,0.0018,80.8063
66dcb4a67145fb49833976ae33015d3f6ef2c99767e9c975e35bb9cf0e60b64d,8690.02,0.0018,80.8081
85aff339eb92ad736a7021a49b80d34fafb21f8c94b332ec8bab04423d7f502f,8688.0,0.0018,80.8099
8363e9131d536f78690f21f8859843361adc59329e7dc9d5adcf5a2a4c21f741,8687.56,0.0018,80.8117
80d263000f54fcb67271311c3412287ef19335950914c2c34bf3a9f5faf359ee,8686.25,0.0018,80.8135
ad4b22b91305898f6eaf9164043a668e5d7f5882a621e695cd67dda21ef152b6,8683.18,0.0018,80.8153
30a5c29781bc5c89868f88b00deaecc15b3112bfb9661d10811fb6e935aea398,8678.46,0.0018,80.8171
36c6d8c2ee302f0450beefdeeaf9267813da320c0722708347ab10ac90a0bc47,8677.21,0.0018,80.8189
c63ac214c4dfb9e426bedfda08129b5a10a94d11fdb89c18b7b32f5463cda2b1,8668.49,0.0018,80.8207
70e10e188181ecaad6cd0a6159472c4d5a9164dda9f63f203940e67f70149511,8658.95,0.0018,80.8224
be477ff6a75f2d25de3a1ee5d3e641d59b6d44b86d8f9745e81bcfd60c700a33,8657.72,0.0018,80.8242
a2e875580388a804c53ad34162beec0b002880bdb50a03a1622be91a5389cc28,8656.8,0.0018,80.826
e566a5c387e78a630f2bb4fa46ee995b640b59fab0bc1bf032d2fb9db7de11d5,8652.1,0.0018,80.8278
b42babce6b134db162a69deb0a2c9ea0221c967839e5818e7f911c299b8d62cc,8650.2,0.0018,80.8296
4b28b41e1dffb42a5734fce8cfb247bf56631f99148f7fa7382e9a629732cc1c,8645.37,0.0018,80.8314
1f0e52319fb3365bfd10e8dab9256177166ea17966f56e5f68c903273997cfbc,8644.19,0.0018,80.8332
b59ef123725e74bbf822b07f65ce4a75afaed946dab60e9bb310e2f5261570eb,8643.5,0.0018,80.835
8b3f6ef514047d835f145eb2884b1a7fc6c3630fac55a9d48358c1eb5a5f3854,8643.0,0.0018,80.8368
b08758e5783cd9137cdf5f884dc0a72996a43edaee4ec9dfe648652076c3b73b,8636.74,0.0018,80.8386
c2964b445087db17baddad816da423a7889e1d0f7f1883ce4b05916c92f32b4d,8635.19,0.0018,80.8403
e4030a6b591bc7504a9c5514c291ba9879fe252d26b41ebf3632facc2be4889f,8634.24,0.0018,80.8421
8116a9bea6f0db4d72f0151d3f053292bc595c5f087d507bdf1e765c4a65823f,8630.92,0.0018,80.8439
27acba2e8cd7a6f27ca6b26cb3a8792960ad9a04edb62cd03a07b5c301940a26,8627.64,0.0018,80.8457
292c5009c1316c17ff01bfba2bc884019dbe63747c3069f732914501a2f2f716,8624.4,0.0018,80.8475
9948e40210815477346239fe85ba6a85b8e331f869f6a1422a9f4f5baa797412,8608.43,0.0018,80.8493
b1e5db18e391bdbccacf93df5be1f5204275add3726266b4e68e7155b99e303d,8605.4,0.0018,80.8511
3adf6c716dbae9bab5d65ec8e52688e9f255f2656738ba5d54057811155a398f,8599.2,0.0018,80.8528
d6e5ca7ea060b735497618254495f54327d7822e1909539aaec2f2e1f26ce1a5,8599.0,0.0018,80.8546
4645fd1e47c551f227d8f48d5c3d0b89728e735874a6e36694198f396ef7b365,8594.65,0.0018,80.8564
c24bb8cf117f2fb611e23eb093a21a96d9c05366568eb8c8fb5750f06ce7de2f,8590.6,0.0018,80.8582
9954fa718642d56e6f60d8d636faa6c5f14008d31c2f6125167c76fadf615cab,8589.19,0.0018,80.86
e62d1912d39845f5d349682208e4518d190a971410dcfa8c224d94796cdbd85c,8588.69,0.0018,80.8617
628a70200620794a45d7922ca88131604ed309487ed3e851dd5611bd29975b82,8587.52,0.0018,80.8635
813c35fc2bd77c8b13a1e602976803f480d7cd80de8e9dff084df68c277803e7,8586.6,0.0018,80.8653
327ff74871655d66da0099697989ffcb461162d745cfb6a3ccc0c9199a457b8c,8586.2,0.0018,80.8671
7328b8649dfb0e8a0e40814dac61abb5fdbd3e145ebaf627b80046548823a446,8584.22,0.0018,80.8689
08d9989924487c36907762ccdfc2917701e0a583a9d6d6c2a982bfb93282f866,8581.3,0.0018,80.8706
09ee3cd6a88bc783dc3f556a74b1cc8af3258ea1e46ffb13f8e20317fbf7545a,8576.32,0.0018,80.8724
f541d5dafa54208a68d3ca65ee63d91f509d68f1f0735f5e4577153eb28eb99b,8571.97,0.0018,80.8742
28d4c8ef5c9dac198bd0ebfca785a79463f96f48ac7f4c817329035ada8892c5,8560.9,0.0018,80.876
0a0328ca3ecb7bfd6e2364c5cba0f4dc7c82b5052bafdc177be9610bcb3236ef,8559.6,0.0018,80.8777
fd5f319fbe29d9a69b975fdad859c7c213450f3d6d27cb89ed5f773ab00cfeed,8552.62,0.0018,80.8795
84f0d4733fcd588a524049f09e97aaadac0e0a0c0afbc8d409df41d15e5eb6b0,8549.5,0.0018,80.8813
98cb1ca82c6624e9044ed5d60fbc9583fae3fbfcff4d8a15800ff81b980856c7,8549.23,0.0018,80.883
73c34f72be31951ca81a3398be928a1c46e1613a2f72783a7e7fa970a0420bf5,8545.5,0.0018,80.8848
641eae2d38522033aa13e2e3e0270140b6e1013fef9d75adcac98c4a903a7ce0,8542.05,0.0018,80.8866
f0c7249cee1d8c297f24b266c9cc76fd850075af3269e0f3fc84dec7bb7f86c0,8526.3,0.0018,80.8883
5db90896cadd6831204c101a944b02fa09335f55487dd4f12a81a37ba1f1313a,8522.81,0.0018,80.8901
c08d29cb205d17caf3fa291c908cdc1ef4e4b594f24d2e12a363b1ee05e17642,8522.56,0.0018,80.8919
ccc888440b93cd7d0c6f47f1673f2c5199a33d5296830222b9a2dcc5ac517e53,8521.5,0.0018,80.8936
f686d2e6e7dcf9c547fb5832fcabb954e9e08a1348336bacad2fe03d5798cdf7,8518.09,0.0018,80.8954
520e0c75e585077a020c29761dfca17681b0ce5b947121efe8c7270f006d838e,8509.4,0.0018,80.8972
1592387268731c0cd50e03c8f3b716821ce2e4892b29f2cd06aeec763266fe8b,8508.1,0.0018,80.8989
c9cb30141f413a91a419bd2f82f20cceff7b0e08294987b716d3657032ee9045,8498.33,0.0018,80.9007
a7b3f6241234b76fbe6de4842a6e0817569f7421cc7ce70e2bf9354709d3a12d,8497.4,0.0018,80.9024
1f2b5a828a5a6d4ed63084257080b5dae571a78a27a34db1ef119f4d11ae5bfd,8493.3,0.0018,80.9042
6b5bfeb595585d36142e7670ce56144fbf11462a32978d16261659af26780760,8491.8,0.0018,80.906
fc83099297bf3c1743cdb2f18c607ed297bdbd2204d82ce91684a2b9e92e6865,8488.35,0.0018,80.9077
6366b6f406eb2a977812b7cabf6843aba740b8c4a709f000d82ddfc478dc7115,8485.52,0.0018,80.9095
5600cbfa1ccfd867240cda38e8022b69c9728939e9c614d7d3e4a350e3275809,8476.0,0.0018,80.9112
fe485c4e7c082a4d038512e8273307b77f58de3953b835d7154eff877e61cde3,8473.6,0.0018,80.913
a33e3cf141a6a650f05633d0fe215af6c744d45ea9760479e558f8dc657dd1f6,8471.78,0.0018,80.9147
4d60bf102400dc308572dfdc0767cf23b93f026de8de9a996d4d22c703c827ea,8470.54,0.0018,80.9165
d123f9ecbb2bce0a04323c1354d0b3d3e674af32ab8d809eeef5a911afc7c3e9,8469.9,0.0018,80.9182
abcd4f311536acd1e19dad165e1c792fc8273999c1b4b7e7f0b749bc33a3e6d6,8466.84,0.0018,80.92
1747fa870c0042747a744fa27db1efe2eb439c000788403627d9fc608adad6a0,8464.0,0.0018,80.9218
c516d5e891c034843877b40ad9a0869608a8525ef8bcb47b6f5136c9e0369945,8463.9,0.0018,80.9235
fab78772da8ced2662cff29b6b7411a28ca23c0d0a8a5753c064fc63bd3e4c6d,8462.85,0.0018,80.9253
f3b7e67f0aa4c15c9ed7f468b4bb12fea0075e052fa0de42f62e7613249563b5,8460.0,0.0018,80.927
dcaaa9245da400df247594b88b8b789aef8efcdc46315ee850f2707bad7cd6ff,8457.48,0.0018,80.9288
7e8293c7adb92aed07e3f593c43aca3d5c2973291f2d6efa84419cefa3263e89,8453.35,0.0018,80.9305
2af523613fd73354fb1eb8abb9761d55a065d88bcdfc333ec50bebe861fc757c,8451.8,0.0018,80.9323
2554218e03acb89603bf3102f10877d50fc7cb40643f37ee2b69a6d4a6e54b1a,8449.52,0.0017,80.934
c1c66546eeb9588765a1da5a0f3b0ab24c4efe44f45c75ae7b4068e57f379712,8446.54,0.0017,80.9358
f63734034641dbd83b69328c5a77ac6159983e89c600422faf9ff09d3a49847e,8444.0,0.0017,80.9375
5c1c5ef8abfa8f5da25e460f7471ce0feaac5e6a8e044b032380fc0a698bd3b5,8443.98,0.0017,80.9393
62fc3f0c1fd1f5982c79fc1ff3eb8017c32a0582eedeb83211e3e963d825a54a,8443.41,0.0017,80.941
821eeb5f5fb3071ec6f3362a1fcc87b22707394ae4e1d877f9adffc529cb1d06,8442.8,0.0017,80.9428
dfb6da405f9fb586558b82ee0f63ad3acf45f1991271f34986beb22a2adc87ec,8440.9,0.0017,80.9445
9ac3d96b5b48942e771d950fe3b5af647d22a197bdee4540848d6c9361c2cad7,8440.65,0.0017,80.9462
37f28194bd08974581be123180a7e9ff4ae78063fc665987d2586282e9159967,8439.94,0.0017,80.948
9699666559f1e27ac9715f007b7c7cf8064c7d81ac71dff1530147ddaacdd1bc,8435.23,0.0017,80.9497
9335bcf86fc2a92e06c1e41ca48a120b1f2e3285e274aa4136ca8e6201ba0eee,8433.03,0.0017,80.9515
f7528e4522db3ebcae8d6b29c8e604d5e192fffae6f907fe1575ea32ab010507,8432.2,0.0017,80.9532
0bcaceb290f11488cf3942accd3e53850e64dac81d4cdb249eda4b36404bc000,8430.32,0.0017,80.955
5b110dedaadb92de16c3f981882728cb3df48cba720c5e78bcb1b7a0822bbfb8,8427.2,0.0017,80.9567
855ebc216239d8d998a68c8c2738c5ff01dae49f1f0f74a1f4feff569ea4d184,8426.0,0.0017,80.9585
7c520a667186c8e3ce35a92288f1d0a9cc0857089e6656c6a232e349871b1e78,8425.07,0.0017,80.9602
1007dc2537e1cadc329db5ce93c0507bf0077760bdeaeda6bce0f04ee1bb0904,8423.29,0.0017,80.962
ebd628ffb55cae2c2e6e794d75eff53279c81cf1d737cf9b224e0b6b93b95ce5,8422.0,0.0017,80.9637
d478188f089ef37c78ce46666baf5024cab36e6e694d6ef610370985cb240ddd,8421.52,0.0017,80.9654
5fa54744d239ffda43f5cca4069572908b6ad93351c5902ee5dbdfe11c49378d,8419.96,0.0017,80.9672
2e6d3885b172b69de801f8b2787fe6e536148f8b44fdfbc4eacf26d3cb90134c,8418.83,0.0017,80.9689
ad0fe810c96193ec0d4492c8c4988828df7f1fe54c608293c08dc9ba2e565d96,8418.5,0.0017,80.9707
fe253a3d333fb97eb23a614d1d43a7ac0528b859be1edb6d62b02c67c237b0fe,8415.86,0.0017,80.9724
00f11d9cc94cff24876b6a5c1ef66f0b9cd8a7f49d4301ab3a20401db4ed7790,8414.65,0.0017,80.9742
2a29ce9b8cca4199e0510fe91ebb4ed77c4aceb5b32f076f104b11efd39d513b,8413.53,0.0017,80.9759
4e9246ddae1fccc93c5ed84d28c113f08bace20ab2928521f786cc9efaae680b,8412.61,0.0017,80.9776
1927d72b2a9ac7647d3832c3cd0a95f5b6ada5d2b96cc4dee1ce1deb3ffa96d1,8403.17,0.0017,80.9794
c07a969632409b1531b9bcf83f28f5707fae04a5df11ba56a464a57ed0d2fbd5,8402.43,0.0017,80.9811
5f6b81a285c0633ee6a3e1d8fda6e94586dab6f7d60f0b426f15396a47e52a84,8402.15,0.0017,80.9829
9f7ec27835fc233083469292ce283e3f66e391d8751d08c3851b536a9d6d9993,8400.18,0.0017,80.9846
9ed1279b64427e295210c4bb660464639ab50d0d34e3fae67ee5d2b0af33507e,8400.0,0.0017,80.9863
2496c1eb35cda90284eacddc0af2bd183c4079cdcb56ab8477a88364739497a5,8382.2,0.0017,80.9881
d4f2e070896c17827e6b167176332097aa89c08ad13164639b5756dc291f5af5,8380.33,0.0017,80.9898
fc08294397157f5c621e4c5ffc766bd84ef33069deea09d3ef9da1c3146509d1,8380.08,0.0017,80.9916
0ac723cd16d476dcca0d9bcce32df312260c0f865b857274113a1cb7fa6ba6ec,8379.0,0.0017,80.9933
48c367670f97fd537b200656aaab7630028c136df074b903f291afbe85b3255c,8375.59,0.0017,80.995
588705681a3d1b5b9464fc419a2babee479321b4bfd25f003dea1f2c70d69b0b,8373.85,0.0017,80.9968
78804d3d3f6970950faba44b41bb09bfe68381177126190cee35cf3d92ae8e36,8370.4,0.0017,80.9985
9ec6c3adde343684ead9f9abb52a8cc696415f996b7954e2bdcfe27279d8e022,8359.0,0.0017,81.0002
9bb962ccaded3277e842406c3a35b850c74ca151fd5b76047007987118a5aa1e,8358.4,0.0017,81.002
a6e4eb842c2506c120a11279aacf95ba8d3e1dc46f373b0a2c014aec730164c8,8355.68,0.0017,81.0037
7fedcf27c59ea6d9acaf095afd09ebe6c419db87e16f98c8405d2ae3f35de68b,8354.57,0.0017,81.0054
1d4ef9b2d4149453aeb7d8b59147f42e02a9bcda16ffab44851563a209ecfb5e,8353.54,0.0017,81.0071
bd84e98d38ef0087448188cb9dc5ce6a482f238d85d1d61b24aaf4d4b2cbf23d,8351.48,0.0017,81.0089
b406d4bb3947027cb5ac41fa26fb11724be32d6f9aaf93543aad953f6233a59d,8347.3,0.0017,81.0106
a77627d85beb06752a21e6d25d2df8c8fda78eb101167fb1d14d0db8d3c35ecb,8346.32,0.0017,81.0123
afe8dd8b3b190d67d5f2aadebc7045bdc5f4d9e5fc6c842cf4bfb0357f3b3b54,8345.6,0.0017,81.0141
aa84b21dccb21031de1d487c463f976a0aca7c0222bbba643858a603095334a6,8344.0,0.0017,81.0158
bcbd77b0d94304c6f2178c2735ab50eba6574d8997ff060ee89e5fb5bdc2c508,8344.0,0.0017,81.0175
95a9d432d043e3a1ffc29a84da0b33a971264c3cceb16326533ecad4d190c3ff,8344.0,0.0017,81.0192
a23996ba2a942c6d421f4f2dea88169ca93241ec12ef3c809c9b7a91199118b6,8344.0,0.0017,81.021
96061e92f58e4bdcdee73df36183fe3ac64747c81c26f6c83aada8d2aabb1864,8344.0,0.0017,81.0227
09b19bd0ef8ded4fd8cb9d3b2857f09777109e34e2e47124e9b604a9f0e288b8,8344.0,0.0017,81.0244
00160672ea739f619344d2d1bcd2361236e3b58eee34e999cec13fd2a4e007d6,8344.0,0.0017,81.0262
833a54660b4a5e727f0e7d00c269dc6e49f9a893b6de2f806db01ec080d197b3,8344.0,0.0017,81.0279
ece204c6f8ce2d24ad16c24f643dd91e6f628ce360927cdf77c574ea1ebea32d,8344.0,0.0017,81.0296
fa3853ccfb6bfacb841bab9d681aa61ba5016c214d974213f4232614ee26ffdb,8344.0,0.0017,81.0313
ee5709def5dfb0bb6a262726ccb9f24b9a2a65c6a1c1eee0155b0ef04c1c2c59,8344.0,0.0017,81.0331
f7b569bad25f837380822e9113f51ae8333824ab3521d30acf09e0193f63b0c0,8344.0,0.0017,81.0348
f085f592f1b6f74ea07b4c57d993f6ed189dee6e67e2e9cb6c6490bdf8631672,8344.0,0.0017,81.0365
3a4c67538340ccd2299b33cbadb18755694357dfecacdb48ba30fcef1f5e0971,8344.0,0.0017,81.0382
4cba4f46a7a83f410b8f83cde346b67616ddc38a1c63f2f3f443524a815f2934,8341.45,0.0017,81.04
ff234909f57ad5e02d0c25313182a133e082fc0f8be6324e08cd76d5bfde7a83,8334.59,0.0017,81.0417
69341f5d0fcb91f43849654d1dc74dbffb8ebf14f0a91da5ed45f3c902a1758f,8333.26,0.0017,81.0434
622e1e7c9205c712bcd560dbadf33abb5a934c5bd4c93ecc627078947badfe3a,8332.29,0.0017,81.0452
050c213cd1f3f63db1c3cec64b2282557bf7ee6e2e0ffb9261815a205c471304,8326.76,0.0017,81.0469
e0d64fa276b8367d990cda85d2341def55938bda5c70fd356534bed2f961f25c,8326.72,0.0017,81.0486
4887ab643601d4abe994039c157949030469ee59347e2ce74781bd260bba02d1,8326.14,0.0017,81.0503
54af0a7408d9bf11da799043e817d799a55cb46373237534a2c02f2682d19fb6,8319.1,0.0017,81.052
ad8bc85b23079eb1c083a9b33095c1ba5c6153443e036c1dcc8f8228fbb25a81,8318.55,0.0017,81.0538
bccd14bf68cfddcd778ee52a09dead99642d2007b65137d8625ccb114235336c,8317.81,0.0017,81.0555
43db14561cb37db41b25b81bc9450fb0a7ba94faacd3b2e61702133180e02b7e,8314.21,0.0017,81.0572
6beaa946e07d8e47f072067cabcbd4cdebf8c7c6a71099b1f7c3b757543c0e5c,8313.36,0.0017,81.0589
56b0bf1c061e8260d2d301026f24820bf1fb1f5f630a09f1b88c6529cdb585a9,8313.0,0.0017,81.0607
4c853410413b28f5cc1511cd68cf3c0116162aa3e88af7df234600c5b10798af,8312.2,0.0017,81.0624
9aafdd22f18c533b4bf77508d6796c116cea87aa99f13405596c7535de60443c,8305.1,0.0017,81.0641
f14e485cc915ea615cf874c58bde8fff5d95b9e6cb7b9c73647f9492e33e7381,8297.4,0.0017,81.0658
8cc10e5262b18f54d70e2b5d40c944e46ef050c86c72dd50f40cd4877cae7cfa,8284.49,0.0017,81.0675
b1936934417de43b87d98982a4de6a01c1040643a290d6bd42340b62336db275,8265.0,0.0017,81.0692
6ae2ebe81e6b1873cee491909969b54de1731c9b0249eff82b4053768e79424c,8260.31,0.0017,81.071
69bceb6a9b70c6b5cbe4e953de4e79f674baa0d4b833b87b999a0dbdca9f9888,8255.88,0.0017,81.0727
436fa3855ad6bfa5f9345a2e8e885b09fdb8b81a713e195b69bbd62b44c88804,8254.4,0.0017,81.0744
1c903dca8aef901bf10305f9a68e94004c60ba5d2b4a459aee4ad5f4f88ad64b,8253.74,0.0017,81.0761
6817336e903bee200f6b065e95bb3832cb493f58dc076665bde4915ab81761bd,8251.0,0.0017,81.0778
241d6de5f5f03c6668ceb32238759b1f7e30359fcddd0696ccf953e4296fe3e2,8250.89,0.0017,81.0795
aad043becd9ff750cd2e045531f70b607deb96588da134ce718e7eb67d47141a,8250.0,0.0017,81.0812
2cbd2f44b21adb2249f4a94a98ae9867fc6cc9bf76c9ca1c88d7ece475ba9051,8249.75,0.0017,81.0829
9be87048f0913385e325dce080fd7684b2a0b29578721a36f0e841c0aee231d5,8246.99,0.0017,81.0846
5d99516225cd327ae9bef75844d744a5d8c2a764f793a200b9e74f0dcfdfa67f,8246.4,0.0017,81.0863
973a6c59cfaab487c6d6762b9fb54dadce9881f95391efd7163ed28bc4fb9124,8229.64,0.0017,81.088
204d674d5d14b38e935a2442c64089d2a3d2c71a997fd62373d6aaaf241e1056,8229.4,0.0017,81.0897
ef8a2be7166aa1c7e2ee7c19b413077df66626b1fdc8a1ad1ba1028351332097,8228.44,0.0017,81.0914
5808ad0b44bb9431d2385456a2a95ba53b80a40fc2fabd0fcdd00bf72f683394,8225.16,0.0017,81.0931
995dee2a1e239e4f5269a5a38f15a46c39b169414e4789e595ab56774a0d244c,8224.41,0.0017,81.0949
e4db5e2a153a50e3149cdcc951d65f53872f7cd940d7f688a5328860da4dc8b7,8224.1,0.0017,81.0966
84277809a7de6b782553d83b92282f577ba7d4cd7727917d0748ad761e6afff1,8217.4,0.0017,81.0983
c66b9faee78d1e7fee5b2ac60c6d202200291de072b94e4b7e6ecfa576b84bf4,8215.9,0.0017,81.1
0c923a570d89f8cdd1284a7c45184e588e31ffa9847c808599715c09aaa73ba7,8207.42,0.0017,81.1017
25edc1f985b326fc96c511f04cb59fd929d199c2e0610b1d8e4af596df616686,8206.84,0.0017,81.1034
220d407faacc0861a549c9aa5f1afc339d60b626feee0e1e3a09166b3793b5d1,8202.0,0.0017,81.1051
82356699eaa6483c6b150e8fee4c473612d10bb75b2384cb588643c3f75ba1da,8202.0,0.0017,81.1068
4c5bba2fe849d004dbe12cab252874dc4ffafceab241fbd2e60bec92074a3e47,8202.0,0.0017,81.1085
f09fce70c152ebe686124c740663d175e07e92feb9890a64d6f5b4ca1a09dfc3,8202.0,0.0017,81.1101
5a201967d8650552d6cd32e46861852d8bd10bf4261be438b856dd08044889af,8202.0,0.0017,81.1118
c2b78c22043d41e14f9d75ff0ec749f8858dc51e51cb32ee9b052d434412bf22,8202.0,0.0017,81.1135
0c69092d16c56b717cea594037ae9294a4328caa9f99099b6a01bb4907a2928c,8201.32,0.0017,81.1152
5eba83ecdaa8ce660e26e249974c17efbba77b3a85a3bcdf269011ec25ea4fe7,8200.0,0.0017,81.1169
ba6cad1e5b7a2bead7a219dfafe1a7c3033894dc6c73e5313e961a7a9f5fd049,8199.42,0.0017,81.1186
f48fa9f11924ad3f29dc5f3b28c38a0fd2a49309ae6efc82223b41f711d8e8d9,8195.87,0.0017,81.1203
465ac754651f1baa88478c488103f0df7de3ef349e7e0e7a8e611158ddc859fc,8187.9,0.0017,81.122
bef2aa0e72a97591c5a5e53a28073452c3a9aabe4c312bb26789dfde36a4945e,8187.04,0.0017,81.1237
05f2dbcbdd345ac69dd42e25c4338945c5102dac9dd597cec342a0c2165ddca6,8184.48,0.0017,81.1254
1a80f91dec1620fed43a4181b6aea8dca494c81143e4f7a9aba46ee5fbc2c288,8182.91,0.0017,81.1271
95c3206f270aaec63dd961a88bbf1f331ceaedff55217bc601b35f8692a2e8ff,8182.02,0.0017,81.1288
9e04fea7a4b26f800b80fd749e8656470cd6a83241acb9321c325ba085d285ac,8181.14,0.0017,81.1305
6e6b035c3b5104b18233cf7ed4ca9435214f482fc96d23cf1beade2b75014a14,8178.06,0.0017,81.1322
19753f52c262e8804cbad51fe582671e4815b152a09f0a92f5d7d24b54512c32,8171.21,0.0017,81.1339
74a4ed4b29aa01c33e4f72a8e11706a9a82321c984d298ce1f8245d0c2220ac1,8168.8,0.0017,81.1356
2ff6fa2ab51ae202429afeedef0006b1853a44214eff46105ed78a2977c4617c,8163.6,0.0017,81.1373
904a705b898a03c9a2461f53699a7796379f16d19312a153702b8d841744f1a5,8162.5,0.0017,81.139
a04640375ca7d35b12db85a2412557a14029a854a9a07144e56b16060f33a56d,8162.28,0.0017,81.1407
26294f65a4e76a876a4d7ac8e38765038ba09d3b23eb3381f90f69259d64c4de,8161.44,0.0017,81.1423
84e1d724d3bc825cf4a97cbbcfd7179fa5b6aa8a38cbf2e44d12be79a98f2fa0,8161.43,0.0017,81.144
4bff26974559dd2aac842b3040db8b1464753d96eac924a7cb5ca70556b4a137,8160.42,0.0017,81.1457
14d0489a8193f8081baf6fc25b7f2c48196579cf5e7cb62b8c001c9e337a25cd,8157.07,0.0017,81.1474
7a80e291de40189f24ea44da40284e97b9d31f14fc352e7eff7a8c0d15202b84,8151.25,0.0017,81.1491
e7ab4083715564f7bce1e2dd5bdf420e2c9f37ccf8e9b2debaa2be14975347ca,8151.0,0.0017,81.1508
414e1ca0685c388b4044a168d5366e5af0bf5d2bddb3dcce1cda8569bd48dd41,8144.0,0.0017,81.1525
197134bfeddbea30cd63e396960d489ff3d24b4c978e72121ef7b50a6823550b,8144.0,0.0017,81.1542
04d1a086e6ad0b390590c4a6faacc2d7f0fc5049f58856ccbb1e16674f280d07,8139.94,0.0017,81.1558
7ba201b782c35cd0ffb6b8a1dda7ddf391551432f9b78060fb7bb9deae713900,8138.86,0.0017,81.1575
ed86ee25703b2b847e5f8ee94162e5079144f5f83acb1dfeaf9e267c5932ac54,8132.0,0.0017,81.1592
5c8043663cc2b123b9504f0a0ad6256e3a835b0122a5b0e8ab455fc399e0ead1,8127.39,0.0017,81.1609
83086337e7f55c819c7242578a7d50bea40e0b649258b19ae4796864d41aaf66,8122.89,0.0017,81.1626
c5098523972344374fdee6a1452aaa6948e34de491c37bf8c5452290d1ae6da9,8120.5,0.0017,81.1643
974c0c6bfbe73afd0f1f54d3de0aad6a84518c7c47a27074813d2b0d493ffe04,8120.5,0.0017,81.1659
d0db4f231a158517fc24415181efa9771e92bdbca9009b18b31c2af7a3f639c1,8112.5,0.0017,81.1676
f86af96374e09b3d52eace24b87abbf1d93797f6136827666ee765009e3dae33,8110.8,0.0017,81.1693
3187d811951360b4dc644d62d21f84d176c01b2cca5733acf4657e76f7eeecd6,8108.35,0.0017,81.171
a0f8cf85283016e71162694e9ac540c640dcaa396f949043e17e2e69d248ba6c,8106.0,0.0017,81.1727
5a5beeda4e2b4a6cd4552c46b04e6ad054d04f2070616952fd7da8a950157369,8105.5,0.0017,81.1743
c879232f0dd93bcf41202a94e484ca7e77a86351f66241e62d5b807f49e5179c,8104.0,0.0017,81.176
4f0e70f993083de9a594904cfe6aef5bdfe134a45c4cb7c24a4fb483d2fc1211,8102.54,0.0017,81.1777
69b2f83c2d68e52b9c365421d46a881382ab15e6e507687fbf7164e36612d7fa,8100.94,0.0017,81.1794
eb0864286d4ab47a182c05b5063667332f5b9cd9443e68d9e46ae0968b517e1d,8098.62,0.0017,81.1811
32f2c521209d7de8bb7b4b8451b9979941f252d117e0e7487a4e637af7a52307,8098.21,0.0017,81.1827
aed049e40545a6f5e9c1f7a185c5a201fa95385ffddd99e113da09fa8fe81252,8096.19,0.0017,81.1844
d74c4d16693fd87a11fb531b72212a3e3cd3e826957f3418fc5429356eda5c3e,8094.8,0.0017,81.1861
17df7ec67f036103163ebaa7120e521e80bfb6cee5007f0a2d12330e44151103,8094.8,0.0017,81.1878
4712a0c6a0a2f2bae2c5a38f13e8ccf899d199844474aa62a0e8b13f27488d64,8083.62,0.0017,81.1894
bff3ac190d331d7c21b5d6dd52501db3d86464b3d269c341df6d810b814de798,8083.5,0.0017,81.1911
c88b05c201364321b8df28da2b6a1783e6894d0301eedbacdaa7fc0b67a0cd6a,8081.22,0.0017,81.1928
5884ccb3d2dc6a72d4fc103544caeafd3e89aae28f0a54d59662f923536fed53,8080.0,0.0017,81.1945
3aca34bfd58338adbc142a654ce24c923a31391387ad2531695ebcf978154887,8078.61,0.0017,81.1961
9e1cd749fb839aea47ae6a50e522f23dc814497d72f2b16c4e86eae9625da533,8077.18,0.0017,81.1978
70cd96ab02bb799fa7b7a0e1336cf35edc645dbcb166b1f745a9187c241d3dc4,8076.59,0.0017,81.1995
9a752bdb687440eb0facd3d1d9f1dfbffc38d486a547f9e20c7e4a62f1817fa1,8073.0,0.0017,81.2011
f1d69272610c51dae6ef9fa6af82b73a3b003569c15d37a705d670a52fd67429,8068.03,0.0017,81.2028
ff239e595ec5f80c6c06b6c3c2bf358c81727e24f7761f7cbc10f79700e87564,8065.34,0.0017,81.2045
434b4d1abf52f3df860aaa81e3c5d4c6d3cf027502b4ec6485732afd2778fdc3,8064.94,0.0017,81.2062
8495f323c51b195b4c493922f6122b9d53e03cd7d340faf91d2bc36028c09d90,8063.6,0.0017,81.2078
9cb796ca68467758f4e8de059bd0c233012922afc1f39f0dfc023f80ed598ad8,8058.33,0.0017,81.2095
b5515b28c1caa90ddbe79c25e60040468a0b72e24e7d90ce59df7df4e89942e9,8056.0,0.0017,81.2112
35aebfd17c55705224b77df82c89e93f2db35d180be53cc1952fb7615cfb6204,8051.2,0.0017,81.2128
2eb234c8fe67a9aa3ab9e24de77ce6ea5405849c8416def2c92db656e276e2d1,8050.08,0.0017,81.2145
44925b6a118d0d37010de4e1c52119dc275a13fd27d66a6126020aa1bcd72f24,8045.0,0.0017,81.2162
519b5167a933448204450c64d04b05e1107fe156494bc13bf3e4458433a1cf14,8045.0,0.0017,81.2178
7d2a9df8dad1c06ba88a03c8ddf69572296f01c8c22793f92b189b7690d27a44,8042.91,0.0017,81.2195
6bc7b01f12521bd8d9aa6812eb07c6f9383d8b1ca5c759a5d6d1791518290b2a,8034.0,0.0017,81.2212
ee7effa9ae264a7f2b3e9f9afaab86eac32e986c70ffa1dbbe1f715b055613e2,8032.96,0.0017,81.2228
32b2fd384f40e86ffdcb2fb1cce846c60bb0a164b0a7009b6f17c5f40e80f8bf,8030.8,0.0017,81.2245
c5899e33f95ffada370d2c974f4e82ca2c53301227182a14aa85c4422ad39825,8026.8,0.0017,81.2261
549f415818f2854b1e9165df9f8b8c65c164fb23ff4a96e14493b34a3ffeda90,8026.37,0.0017,81.2278
7be5a6e5d05927af8778c3cd436fa8dd67fa5b604f4067b1d396a523811c6352,8026.2,0.0017,81.2295
87e16cee23127e8bdf5b66a3ec3b05607478b36fe9727c1b34f977fc92741f06,8026.17,0.0017,81.2311
44f4068e567cd69e130f3b8aba7fce07e25852b42a65f472cdcf24d9f196c9ba,8026.0,0.0017,81.2328
d0e8a3582affa958b8f3451f8c4914cd2bad9d05c29e71cbbc92fb2fdaeb8512,8023.7,0.0017,81.2345
0f6c7855d8e9af32796fda6a0abb115a22e631ae7323db7774f02a21f5a67d1c,8021.69,0.0017,81.2361
157abfccf45aaa7fe19e241e32047e135e3d6c09f6928013266e52416ce522f8,8021.0,0.0017,81.2378
c9b8d4137883c6cf3cb03a0ea36c38ee8cd3a06fba7918bbb3560a52f87ef81d,8015.28,0.0017,81.2394
434d67bd37ce9f5f1b7f7baa40cca0ccdd47808bb708d73a1cb5f5a14544de1c,8010.27,0.0017,81.2411
21845abacd62a0c3ba1a1e33ada9ef77eef81c69e8bb405960eff8bfa9487141,8003.74,0.0017,81.2428
3a342237066e56b00339a44c3388d0fca6b9b2bb93c29500a18e93adc38a12f7,8001.55,0.0017,81.2444
54362b982f8cb7f371dd20b82ab1295057d5090daaf401518b5332b7832b2de3,8000.2,0.0017,81.2461
36c05b824a7cb7861b447c9251f6914b601d93181153cea48272b3a5eea1d143,7998.98,0.0017,81.2477
e0aba28fa1690cf43d55d79fbfdd49787ca11f7029afdaeb21463b1de9aa8a6f,7996.5,0.0017,81.2494
066e68bf3f3c2bdf09ccac3c1359102d8e99a64d7d4eefd7fa6f0e0c089a127c,7994.0,0.0017,81.251
6eecefd16c1e9d34ca7e6f5a41903ac8d0524ad13df2285fbea00685d362eb65,7994.0,0.0017,81.2527
8ca02693ff18665a54725e499c42fa6b162ea7c45af9f510367a7efc9fd918c4,7990.8,0.0017,81.2543
c3904c48e6f98ee9ed2b85ebcd01e76ffd88196f1b0c4948fa3ae31cabac26f5,7982.0,0.0017,81.256
3e38e73a5be9d691ce9cc3c0b6630385100873a76f7b5d9ce9845e7f8d157194,7981.44,0.0017,81.2576
f8e8a05abec0f79e08c1ef7f74c880efde23ad42e7bf9c2865d5ade1dd3618ee,7980.93,0.0017,81.2593
3457bd73f6ad34a6c6064221c7430a44f6f58cbd1d1728837531989bc5d50e4d,7976.18,0.0017,81.261
d62ba39ebef51b3f8b4265050ae3044f2e8247662b4e6fa54b547ae6d3775f57,7976.01,0.0017,81.2626
b242fd85143a68590c88c2b144229640fd85be05a1d71c074a793fd22c89f6d4,7971.9,0.0017,81.2643
e200784f5995723d4d36671d020d77be3353ff75ae55414adb71894d0eaf838d,7970.33,0.0017,81.2659
e02d1054b420c8e0d6de7d54e46afcacb3c094e3bf93d201f53fe02056212dc9,7968.52,0.0017,81.2676
c68a3dc18382224ad1dc4faa31b7649fd425ea7e13c0bf677ecba9d08a20ef3d,7968.15,0.0017,81.2692
44fd91f35dc7c4257e47a7f238ffe2d839a38c5117397d8b496c984868270b54,7965.0,0.0016,81.2709
435d694cfbd632cfdd009cbaaa00364e36603df5ba91a9c6854aa59b32405569,7964.57,0.0016,81.2725
518370e482ad4249b5d369a5fd58b06d3872c635ca1b8272540dae718ac30263,7964.0,0.0016,81.2742
793edc5b585c975fe225fa6f081159c36d6504ff217404ba2fba584f86200903,7957.02,0.0016,81.2758
000685779b5aa5433a46cf6e78e4b1030f66030e7b6f83eb75bb4dbe1640b728,7954.68,0.0016,81.2775
a64fd93866c502ea34db38691ab92c615ebb58f73bf19b556485e6b353532744,7949.91,0.0016,81.2791
1aa45ed061f8f41b7292a435ae009b9e44b9d0dbc7b76cac50490f783956e667,7947.54,0.0016,81.2807
09e368a32f80d23de470e3cc6bc19043806d19eede4052e6ad171e184e8cb792,7946.63,0.0016,81.2824
be92f44312311b9cadba76cfed0e66b01743aea7ff45a563d97fe35370967a93,7941.08,0.0016,81.284
b93f14fd3b5fdf6b9757d8fab58446af8d2ab7f418bdc767adf00a3a7571f17c,7941.0,0.0016,81.2857
f273e0a821e37cab6897a3ed236aac63f92e010627c77c0b1b4b7c0330e1f357,7940.29,0.0016,81.2873
72f12473ec2c17f715ca4cf17749f5a80e4f3c79688919e83f6885f2d7ecd12d,7940.13,0.0016,81.289
2a089b47e1052a73d9145a34792de6eb8f58026503e0ef7c05cb7b451fc4b358,7938.91,0.0016,81.2906
8b32fed5913bbeb859a9be255bb99fdbcee788c395441674a5aa643017518454,7934.8,0.0016,81.2923
252396ffd9ff0195dd3aa75392516cb1cf90b476d4e186659bcffb217629a578,7926.67,0.0016,81.2939
283449093ae14688b849d2a7c08b1c32954f69a8862be37e6a6ba4bdf440448c,7926.0,0.0016,81.2955
61f17cf3f2c64f514ba2d6a57a4e5e7612e2aca0e9612d117eecc707db5d11b6,7926.0,0.0016,81.2972
0cfc2beae2f0e324bbe1af75e8536f17da9934727bbec85e2952db2166c6c8d3,7925.4,0.0016,81.2988
8edc2c5b02f0d8365023f77ea4549e8967618c0362d002e5b2d5366cae0f20a5,7912.84,0.0016,81.3005
ad2fa9ed7639fddc0a0db7673049d871a432fbca26b4df9991a1f024e8efb50b,7902.0,0.0016,81.3021
ecc15b698f6b8b0d221566e99360c628227d53f7ed5e42887bd2a7108ebbbc29,7900.74,0.0016,81.3037
3143fddd0edd64b39c68efc4a3bd35aaa21864e3bcf89597ffeb3e76c4d9eff3,7900.37,0.0016,81.3054
eab10115b3585803978d59a134a7439bb5491ab3ac2cec0ebf49dd49f69bdef7,7900.28,0.0016,81.307
7fe5433cf2eb8b204bee88324a3018f71ae7b468d6cb96c4f66ccb231018d3f6,7898.3,0.0016,81.3086
e8c12915ee2b0fb132cf832cbbbb6033ae38f2f8e8b484656853b8ecf80b182c,7897.56,0.0016,81.3103
e759105801bc3316a5b32f408f33a94f19781f17f6354ab816a0791d41c8b44c,7893.56,0.0016,81.3119
71f130fdb0a0a10257ca2277b9ef677762548314f6f9c751997d6241e4ca61b5,7879.96,0.0016,81.3135
88decce0e9e0ee38338e3958336d290ad3cb846090ea3742e2445f4ce979ef5e,7878.25,0.0016,81.3152
4c73ee8ad87f2f749f4ed82fa233792bf02b8c8d28dfbcb05753b11cb51a42ff,7874.96,0.0016,81.3168
b6071fb703c11f28c9801ecfc046e3283c77059ae80905ed9367ed2552ae6edf,7866.82,0.0016,81.3184
0dc05d896ea4b75077593d4a750be23fbfcc9c8d0fc702e1db20ad671260841f,7865.6,0.0016,81.3201
1bc2eb1f46a96549f20e256d4909a61e07ca4e05d11a1ee2d26a204762a8f31f,7863.13,0.0016,81.3217
db4b3acf45afb2e5942c8cdc3d84e4d989d458f8bb7c351aab069a90f42b94ab,7861.39,0.0016,81.3233
c952c9a3c267c50489ff9f25b239af81f95c519094ccdeec071baddf19a6b4a6,7856.42,0.0016,81.3249
07f43eeb256fbe829ff62abe54123fda32370bb3dbe111d7c8e070a90b902fd4,7846.77,0.0016,81.3266
d5471b524290bc90d605bc4b5c5f8849d345960007c91eeeaf4d8ca7f832db67,7844.74,0.0016,81.3282
880ccf1bf8301fd170164928f476a1e0fe1173b521e8c045e9b1077d2353a5bf,7843.72,0.0016,81.3298
2243ac3b611947b4ffc03894232655116301412f4f0ea9252188d42a76316c6c,7837.2,0.0016,81.3314
6f89a34c6d60651043e10c83f8c01ccaa9825d189b881b07a195744fa7788f06,7825.51,0.0016,81.3331
c5cb601e7762f26619b4bb14dab055b655ab50c6bc7fd2b037a00c09b2c8d754,7825.17,0.0016,81.3347
b408f548a098669ac7ca7f34dca1ae9f3a3c1c67323fd12cb5c937080e8c1ddc,7824.38,0.0016,81.3363
20439e2c2fe856eaf4f9f79c19eed27342fc9602492edb24700bfe9473812375,7818.0,0.0016,81.3379
e69f039f60f3eb03c4d8bda976f7f8ed9af6691e92ea57643d19a860c8a37dcc,7815.75,0.0016,81.3395
fbeb3d5f8bcebc31f260dce44083f7f53b16fbc6988504952e5af9e673791048,7813.12,0.0016,81.3412
32e83186aa3de2382db368bedefb279e7a1388694b42d2d9dc553bf8984b302d,7813.0,0.0016,81.3428
ca444860f0e1ddca9596007253ea43b3a5133780b0a566d9a096a53568c063fb,7809.16,0.0016,81.3444
278001541230709646bced94ce4624f0683a0920ab799c4dea86733cf5556454,7801.6,0.0016,81.346
46401036870ad7047143b320658cb8aa00c884693e720e3b0a0c564f30f473e9,7800.0,0.0016,81.3476
1a4d3d2b8df3bdeb7e46c1ef89aba70049282da56792a9b2d6b21b9a0133f783,7799.37,0.0016,81.3492
c2139ddb1dc7a6acc690c4c8ccb351d8977829efbf11180a8c98640098b17f55,7793.33,0.0016,81.3508
5f02acb108bf52f3d2dbdd1610a7b81006dfd150ca3ba8b905576f9383831a34,7789.99,0.0016,81.3525
b8624929ee0d67b307085449236eb801212e11302c7ddcace079956e276f3de2,7786.86,0.0016,81.3541
7886bc46468214dd2657d61c0fa8168b53482e81908b9e34521fa4a7fa7bafb2,7785.42,0.0016,81.3557
15e19c170efb201a7f2aa3ac7bb3d2995dec1e8401c76aab3f7f36b4fe8ec25b,7778.72,0.0016,81.3573
8d3eb3504db0537a043fa3ded0a1a1988db7d53c723c215c08d1f59a0a61ad0f,7775.51,0.0016,81.3589
b3e5614824ea52fc445eaff613ce109e3937d2f7d70c77bdfd5b39ddba53b7d5,7773.0,0.0016,81.3605
806345147b337a1b7b882aef4fd4aba5f009abd662319f5f238e15e4f5406ffa,7772.68,0.0016,81.3621
5dccc2466e1a866cbf8a9acc4f79cb03dd9740d6bc3e2ada6a1cfb4223f0b2d2,7764.23,0.0016,81.3637
32b02d1b5d688735a1f1c56c0e05ae09531f07f3320ef58a514a02d488990d8d,7764.08,0.0016,81.3653
ed8db1bb281d07b969d62ad781c71b03d231a571f5b6360223cb0e8c6594cd6a,7759.6,0.0016,81.3669
a167ca1b5bdc5be1840aeb33b8a806e0391f6ee5a0d465d6aa4cf8332155bc7c,7756.0,0.0016,81.3686
0761ccbcc7c5b174bec340d3ff38c54cb4998a3999f77ce1bb720e4a733372e1,7753.3,0.0016,81.3702
176e70ce3cc44f1188f4bd43c81eafb8587eada0a367202af3bfd034ba0f4a98,7752.64,0.0016,81.3718
a26205e0b4262458fa3d14ff942f44ca5b9d69cf00ae1c929fe806345270965c,7752.02,0.0016,81.3734
df72b3530e92ae152a3f1a2829d57ecad707c08c9e782d71e0e8d42b8c243982,7752.0,0.0016,81.375
9669ea1c789f884f9a83d26761ea073fa1404ff7a3982a2e3eeffbef4a95d678,7750.4,0.0016,81.3766
684865ea4c8b265cf9cbbcdd5d31dcabd83c3c4204ea45823b4efcc676efc2f6,7749.78,0.0016,81.3782
579e2d0f262987bfc1193294cd3ee445d7216f9f0f0efff128803a0ec3f64eb9,7744.0,0.0016,81.3798
cac03f795b113a61b374a7127274b5316bbd649675f697292ff8d148f35fb1d3,7743.85,0.0016,81.3814
453402caa96cf71bda2490249ed29289f6661860a8fc081ec29c6af91c4e8c9c,7742.3,0.0016,81.383
0a5b52e1ca69a42ff0303ea8c6f28c237b0f1f101aac0a55b3a6ec333a4d9f17,7739.4,0.0016,81.3846
aacecc169087cd43050c2cc95c2a9660dbca80a38b28321f9bda994ad362ecd4,7737.67,0.0016,81.3862
e4d0ad762afeba289832c0dde8a902bb606594bdb9a7b8c02adfee9d61ba3225,7737.09,0.0016,81.3878
c232d43f7ea69dded353751ecefa5b0127ef05365ccc8fb140ae7594058d216c,7731.54,0.0016,81.3894
4ce1edeb0d5d3eafea30d71a74a324e096e51c7f2e6aa92c16ec655c3902e34f,7726.7,0.0016,81.391
bf96aec5256b1bd6b4a862bdbfcabd00642265d1da66d0c6a6b8b4ef98d3bdc9,7725.96,0.0016,81.3926
b7f2659964e892047221f2de42bfb4a0550365e38e4b3b9d20499343470bf9bd,7722.81,0.0016,81.3942
368999b2dc00ab418bc718f72371f28e2c67538f8398660fb94bf9e9f7466442,7712.84,0.0016,81.3958
7a1d815e3ea100b2eeb34d9cbd2866543e6a780a3b3cefa855f917e9c50603da,7712.0,0.0016,81.3974
8d89e4873ec4aa1d62320463b636b296a025c498dce7adaeb801500fa8e55da7,7712.0,0.0016,81.399
947b34400ee3fbcb6aa6e3ac76257a993407b6cadb31c0bc3c3195e3ab53a8f1,7712.0,0.0016,81.4006
7f282f06c2f2fced0ecc3f6e09f21fae30a1b020cb0a685ed34c2d030da0dfff,7710.62,0.0016,81.4022
73d6e5bbfe6a5c0c3345ebe37082cafb9699b4cc939716190cf9d65b2d085a21,7708.57,0.0016,81.4038
bbb59bff65a11c202611420ea2a3edb3debd7223f4241a1b93784e62e63686fa,7707.97,0.0016,81.4054
4f03bea6548d61c4b8c643eb23e88c8004c1d6417bfc1e8cdd7055884589881e,7706.37,0.0016,81.407
3776bfb7c04b2d2d1c36d9adb6d5cb98b0eb7784bfbf81b621d6cf60dc7db161,7705.36,0.0016,81.4086
8681de0711a4b84ecf083570b829deb6264a09d4f2c13475f038333297ac89eb,7703.36,0.0016,81.4102
9c66a584cb273a91e6fbd17cf6594e1e5450779049117969c18f4ac386dfc49c,7703.3,0.0016,81.4118
ed15ab3fa8230e7520802ce31e373365df7ad2313fed2c032fabe262feac4e73,7703.2,0.0016,81.4134
4b6e9bf7c76ffa1151cf808cb7d0d014f3de085edd2393ab78dc98fc7668edea,7702.41,0.0016,81.415
ddff274fdf97114b5cbf8842c1839f26cceb0ef8cb65148096ad97df298b4696,7694.04,0.0016,81.4165
9b3be3760994f29ea857d95b77cddd7ec86bced3a43e3c32c1f5089f976dbd24,7688.32,0.0016,81.4181
f116832a0eb31d3cc89a5c4bba301d1a5758438ee1f1bd382fee9277a1fe6284,7682.52,0.0016,81.4197
bd8c8d82ed5091e3c2eeaebf4952df9c161952344653a1794cfe9af2baaa5808,7682.43,0.0016,81.4213
7f7a0872d8aa3f12f2312b93572d11d2d6c405f601b81db903014b8a1807df6b,7677.62,0.0016,81.4229
92106ca726b4263bd63cde0258498cd8f47850c6d8704b28f0088607dcecf6f3,7677.16,0.0016,81.4245
7753d465f45cde855292cfb29a50a1a1bf81e1ebccf1e620d91b7d031dc7f09a,7673.5,0.0016,81.4261
56269d48f7f2b187245b931383fbec76310c71ebaee112ad97beace042d3b806,7671.7,0.0016,81.4277
be64d68586e8827dcb372336fffb3a50524309005c945bd790e1c07423f8a9a0,7666.19,0.0016,81.4293
29c247857e5c9acd9444bedc9ec97e7cf8040347afc4ff007669370f8d6761f6,7666.0,0.0016,81.4309
f27db3bda91be3588a1b35fea006fd1a3a5ff2f74b43d081cba5e362200b5b9d,7664.66,0.0016,81.4324
c80c37705e2dca7021ddfe14d46e99a56c73e321c5ae1998e9db9556c17e51f0,7663.56,0.0016,81.434
5b2f37ffbab78a6605ee611f43ac3829ee46bdd4407fede953cc1c7361581cfb,7661.0,0.0016,81.4356
1a27fe1e12d8041fe26f29ef2e72c724ef8921ff55cdc3a5aec7c24b1bf3186e,7657.6,0.0016,81.4372
e4925624c8b641ce94f207017392a02fe2e73c911c4c62b76a3a30bc2b4ab565,7656.84,0.0016,81.4388
b12c04a9515d5fe4d59c30ade6892bb2005f1b4f8f570e0c03ec25e9d836f8e6,7656.0,0.0016,81.4404
48b8b652842c93d93edcd6d693fbb40d9e1d037bd9bbb2083843929876b0aa66,7655.95,0.0016,81.442
9526dc90d999ea8b1f49673f8bf3983222411bf21b81b97caeb3486c4da9443e,7654.0,0.0016,81.4435
592f8f70bef33dd0b8bee2a739f2f94a6a085ec4381b60d5f53363334d795b3f,7653.0,0.0016,81.4451
e963eea255a6f7fdb157e4bbc70fba46367b738790df45ea6328785bf1b0909b,7651.51,0.0016,81.4467
b177bec6973443b13a8b058a7fdc53a235e631df8d78ca1654796db3bab4d6ce,7647.98,0.0016,81.4483
e171a326dae2eb19c4050b7e9d066bc3789a68086bee4cc8d1ca94639a034760,7646.65,0.0016,81.4499
dc833dab353f70fe45d4d8d3c705d3f3ee8b658f9c2f8fada1373c5679d36ad2,7644.39,0.0016,81.4515
846c4f95eb025e0a889d097cd9810e7c5d09806808350c1df91896320e1c7bea,7644.0,0.0016,81.453
2bab0040139fc6af70b17b9b34d4517f2c92cc0df888c28ab794bde53aab31df,7644.0,0.0016,81.4546
69f94d83a016f880a5359f529c1b1bf7ca09798436d4649bd3ea7f2c90b044a2,7642.85,0.0016,81.4562
57285dc3b3a14dbc4460929fbbc7606e9438f769ca92813e5470cb7c03580001,7640.95,0.0016,81.4578
f1dce3870729586afde444948f379f7eca9161101c5f109c67ec43e3d1392c01,7632.88,0.0016,81.4594
2daa871118062e3ac416c9cfc7ff9c90b9df1431ffe834b51cb56e9a8b37c86d,7629.91,0.0016,81.461
dd0b7be07daa6768d736b64cf5b09744f849b5ab89fc65f58ee26265aac576fe,7628.82,0.0016,81.4625
56fdb21dbd0fb08ccb4741a8ae2aab45aa3ba19643e3c6a2415e251fd253849b,7626.94,0.0016,81.4641
4bba67dbea4fed51fd38ac2995d6d4bd6dc0fd7db8686ab1d0ad79f51482db2d,7622.8,0.0016,81.4657
a6aa7f7040151eaa63cd3e4bddb60a6ad5826a9c48fd095a10c495a0ec1103b4,7619.86,0.0016,81.4673
498935d12e0e93687ac5b8112bf7b075cf056efdf5b37a8968d78caf78fd4f9e,7618.8,0.0016,81.4688
0fe8b217e12fffd7cb301f6fc1502480b058331024f50f75481874ff00f3788e,7618.07,0.0016,81.4704
3d3f4ff3c2a0e601f4d5302b416461008be4ab7c6a51d4783a8959e666acebf1,7616.0,0.0016,81.472
555aa0ad970676842f9168a7132f181e02c7e7f71b771683f7f82c06de75106b,7614.0,0.0016,81.4736
5466a8258699821eb35fad0bd6c4595a8ea236f597db756eb21e4f3c9dea6faa,7612.0,0.0016,81.4752
2e574d05eccc2174258690614984eb340b2b12db44243f492535af995e92d23d,7610.2,0.0016,81.4767
78ab3547a041ff71a93ccd281996e1053db9076fc31cb0b983e4d12ad2f5898c,7609.92,0.0016,81.4783
0ae28bf85f3f2808197bb82f8d94aa91f8762a5bfedf8c94aca6a83f64c30411,7608.96,0.0016,81.4799
7d40110dd0395993471bb877c5bc1f253d34b12840c9da7c2d04a4a441fa4801,7608.12,0.0016,81.4815
c2d5d43bb7acfdc619e4692e5e74cede4f75f48f5e5c7cbc14bde453fbc287d2,7603.9,0.0016,81.483
53c09b53a557c389b9b4b35d1c20f10b9cd6586db6a1706fa98bfdd1d59551cf,7601.48,0.0016,81.4846
5367beec9e35e60392cc04fff7173a0ae1e0ddb17490579373eaa5266b17b6ef,7601.22,0.0016,81.4862
77105bc75f1278b37cf1886f561fdac9f5cec8d43c4124604259e1c153f64a3e,7600.0,0.0016,81.4878
170ea2a8bb0c1e5228753ec6749ad5de2b3f97ec3a411eeaa311562959a71ac1,7600.0,0.0016,81.4893
cee08074dc24fbf3d29675b24ceb94e11221d12a0b86cfff53a7ab8350b53cba,7598.68,0.0016,81.4909
1cd93759a0ba0d7d1fe3480103c76caebb01738aebafbd70bb8ddc13db9dcefe,7597.76,0.0016,81.4925
1f6305f54912750a8d29a58ddc74b520aa74c51f0c3f5e5294dc855f03521deb,7597.58,0.0016,81.494
e6bb8b6609a948821c9816c363c52f3031318bcfdc0d97b523d8c191d2e12b2c,7596.34,0.0016,81.4956
61ce182781f19acd95a5161a2e87da042a29ae47fef47a3bf94d085cc0866bb3,7595.91,0.0016,81.4972
618aca3fc7c540446c813500e3010c09e55d695ef1886754433d57b6c95c4ec4,7588.83,0.0016,81.4988
8064ead236008c9fb2c39a950e42f8abc7ec94c1c1aa7cb9e4159408f252d7c2,7588.62,0.0016,81.5003
b030bef361cb35d85727af50695d77f390c60ca83c87c7749ec3c4104264064e,7587.02,0.0016,81.5019
77bb40e3fc5269dce309d76ec489739482d5aa9692a0e842699d3011fb55c7d9,7585.0,0.0016,81.5035
1a3b27e06b3e35371102dc57e343f99e51bc68505b4bda2c3c29d60879fca5e2,7575.0,0.0016,81.505
da17621de16e6ddf3c1798df778d70e67fba326be3ea4e08e62dc3ebc61e6ae0,7573.26,0.0016,81.5066
a25ad934d50fd8c868a12f9bbd3935c419760ae644ddf0164ea4b0d6b6f5e977,7571.2,0.0016,81.5082
8e67a14d8a8f69d135e71b3bcabebe9490bcc2317ab1ef682d4a79da51a8d8e5,7567.0,0.0016,81.5097
97d45cab13d707541d9a95e48483f946478cbf2746e1a3924d5b3c44330abfe7,7564.0,0.0016,81.5113
3aaaab202822b6e89539c5e367f5d7708b1fd39e54f8e986df2920f691f7e0b5,7562.52,0.0016,81.5129
28581d531e43b8d02524243d879a9b8a91c762f312e2819ba305a9f45a33c106,7561.2,0.0016,81.5144
d5c3334a8aedc1ac25ae706d13f18ede2e9429ae0d77873d329d1f44ad8eb875,7558.78,0.0016,81.516
04cff29a657c8ad1ecdf89636da010f44156758fc9ea3277f1837a149f47a1c2,7558.56,0.0016,81.5176
06eeaecbdaa4a0c02e8353ab38d09b2dcbda61769eaef1ae44ea3d0bfd4a4ba6,7556.0,0.0016,81.5191
54de064f286e4df861f9a9dda9cefe401023032d61ebc52580d770b226416a4a,7556.0,0.0016,81.5207
97541fa225fe02ddb1b3973c987fccc62fc64f90b93b71ba40211544e8f373dd,7556.0,0.0016,81.5223
f328887bb152fc95bb38cfb827f30a815f1927a98c992b23dc9fd90d6d5be6f1,7552.95,0.0016,81.5238
20dd59e9bbe97d004794f78cc2e8acf437e9879661e6f0e304a5c8046a5ffb06,7543.0,0.0016,81.5254
1e961c1afe7546b7db159b4637e15706d62e2f924c879d6d0c35f9106a08060a,7543.0,0.0016,81.527
9c45b1d3ba2f53ca41cee36a7849956961370e5dd4dc762d55c6259279d53f06,7539.72,0.0016,81.5285
39dc709d4249c1cd92e4bff2c8a8427ca4f6ee7ec33a8f24883c2b939a57ea5a,7534.84,0.0016,81.5301
098cfe8236a166efd361600c72beb26aad80fb3a737b14fc4738b18756759270,7534.69,0.0016,81.5316
38fc6553888cade508b855e89f1e0b1bc7f30ce909e1634736a6ce440026a6e9,7533.56,0.0016,81.5332
254700cdb2b07c9cf71d0ed1fe9ced18008aa4292cf7ad4c92aeea3a5e941912,7529.6,0.0016,81.5348
b7e7169514854d49bf3171e4ac77356a640e44acd153f6e50ce0aba95cc7be1b,7529.3,0.0016,81.5363
5da237693b37e6ee1797e8311a5e5e0b677dbfda192c3b5e9e8cf0ce9af5cf88,7523.74,0.0016,81.5379
5c8651e5334b7b0b8ea88d6905f41ea9da61bac07460d97c2326dd87e8d59a58,7522.32,0.0016,81.5394
29e030193454a7be48071e7277ad26eb9075eda4715b0457a1b4ac3feec3f763,7519.22,0.0016,81.541
ffa23bcfeb2617ec12fa240a9ebecda5ff4cfb6d52794b3e31237f4ddeafbad0,7518.35,0.0016,81.5425
64df006775d56e790a8586b56bed52b4c5f1db323f2d67bece6f34e1d23d1794,7514.99,0.0016,81.5441
ff2e807c78cbae7d05ae510ab98a67d989dc28177dd04edbea975589ec83eefa,7512.58,0.0016,81.5457
f057700bf01e981e4cf6043677c11faf605ca1a00792068e624ed338ff105c53,7512.46,0.0016,81.5472
08b29646a445cc100cf268aef8dbdd956475f652e6d5cc1ac6066a2f829e06e3,7508.32,0.0016,81.5488
64b7220d925e3dd464c2326caab4290ee6db747bd5af440cb85a44a8fcd7253b,7501.72,0.0016,81.5503
c7c98b13bb4410a5237127c0e6f41f8adfc92604a7b3f3f367af0f3853b74958,7500.0,0.0016,81.5519
a7e06e383b5ca8a68d336696738c8a5a4da0ac60b00b5bf9d2e72c92f4ef6ae4,7497.0,0.0016,81.5534
4f7906512a689298f155a2338ad5a2103e3eb8305a7642c67d0953825a286534,7497.0,0.0016,81.555
49f7ff41f898127ced14196071a53a2f36383e84f675bf8e7f0585d1a4ec5bd4,7496.28,0.0016,81.5565
35bf98f79ca20a36ecf4fcd9b2738ce9d566a219aeb5f69967591a1b0ef8a67f,7496.0,0.0016,81.5581
eda0c6ae63bb9e1ff548cb775c277647e933acb7a997fb490d3ef62b4285bfa8,7494.35,0.0016,81.5596
cecf066fe0c95345d2525122b9433a792453f8beff48650bf04e663d059e7819,7494.0,0.0016,81.5612
6e465e3746fed6db3d184c0f39b15cc5cfef0db8c0c772c3205013bcfabd21ae,7494.0,0.0016,81.5627
767a09d673e471c199206d4dfeb48ac684ac50582fd033215c9f957165759325,7490.52,0.0016,81.5643
42e4fdb27ab25fc49f86b5c694bcf18a4d851eb2608a5247c9bb581824fbbc7f,7490.0,0.0016,81.5658
b79e27fa7d460cfd10406474dc972ce948d7d57a8e71aff93cebcd11f8700e75,7489.6,0.0016,81.5674
d083513b267715a889e434ee5a246a292bc8b1f3c79151e8de5c6b056101d1f5,7487.18,0.0016,81.5689
dfd582f937e080b4c038b2470e30e2558b85e746c0b207525b4bc93c5d6d0abd,7482.6,0.0015,81.5705
2474399ab0ae93586cd345259ff853e944d9459e3ec77f4f9a15f5f1e09b4787,7482.45,0.0015,81.572
0ba1065e28586a4ac41ab5816ffbc12f1f01fd218427102661c554640f37e280,7481.07,0.0015,81.5736
2086b883938e4bc640227dc92935bcb8862c2fe6523a4cf6f5996fb761530d0b,7477.0,0.0015,81.5751
ed0494828f315f9107c5c4545750429911075e9a7e88d573c448d81f44e0023b,7476.66,0.0015,81.5767
fb7e57ab0b6a1760b1799334896e8e22f5f1e8b51dc1cc742e752e174aa8ffe8,7469.07,0.0015,81.5782
35cb9f4ed4766628ca6575b08f2b628df2ea4162f0dfb63204ce183d713f7a7d,7466.08,0.0015,81.5798
b8957f177d7b214180076fbb731b4bc541d9c6b61a8f9e5f303f12e853b6c4f9,7464.9,0.0015,81.5813
8031175cc7c08700603cf77e9ee1846290defff0bd526e3e8f264d1738dc18c7,7462.7,0.0015,81.5829
dde0371525fdd91c44db2ea55a97c2b624e70e33bffe44bc7223f4e27034d150,7461.76,0.0015,81.5844
43723ea5ea05973c7c53977237f3cca83b63cbcd113333a55720aae91f158c0a,7457.44,0.0015,81.586
0da78e231915b9c4371dc7fdcb5953bfd2f50934bb84b4b4116c25d845f605bb,7456.85,0.0015,81.5875
914e8021793733f6ab350573041eaae297176a270ffc4e6b2a6f51c78c1c7a7a,7450.5,0.0015,81.5891
7c934791550151d394406d69b292886f6de393712431ae83664865a17ad15dca,7448.81,0.0015,81.5906
0eb8ffe9a0deae6567b045566921bfe94a578fab850241f073d16a2a0363c3b0,7448.0,0.0015,81.5921
504c0dfa698b894578d36e4a69da65be5cd2827a784cc8ca347dd5558a5cb75f,7448.0,0.0015,81.5937
969f8198c673c6711f64934543c161aa31953c6f691503e57ed4dbf08b5b007d,7448.0,0.0015,81.5952
a1d4f2e24a7eb3fa869a143e8f349332d0d96754a4440249242e3e1d8894ca01,7446.9,0.0015,81.5968
f6868f6255054f648756ae63cac1ef7eb89da468d280d113c2ef40a8f693ea02,7445.29,0.0015,81.5983
2dbe08f035e116293f32ff56c004825dd27258f97b697cc6ee7c2122fc5ad20c,7444.2,0.0015,81.5998
d8fee4a270058b69f36509c89714ce1a1a9feafd61968378894457f55901f922,7444.0,0.0015,81.6014
c4a553e109fe31cd4acf9ed20c21ace013960a66e8a9a02392332801dca6ad89,7436.04,0.0015,81.6029
fa8494897667525575fbe6675bbb6158f544d037b4728e3494fa41b9bab5e3e0,7429.71,0.0015,81.6045
3bfe347fce542f45bb70c8e157c22ea1b4688c3401d1c34fbd085064ac2e7791,7425.0,0.0015,81.606
8b4bc0e43b26a8225ec4046bf587bc182ed7db0406dd3e780619e83a56781291,7421.28,0.0015,81.6075
23362ea535bfef5b7ae1d08c3b5cf3ca1cd93a25e7870475300a7d14e1c20a96,7419.53,0.0015,81.6091
8e4e913a3ca916ac9bb0ca6f77d7aec4866d34a82962144274b3dfdf6df6642b,7417.9,0.0015,81.6106
5798a6ad44270b3a76b7b22fe88018f196c136b60ea537bcae5801a7263e790d,7412.93,0.0015,81.6121
9477b9a20a33fa02076688bcc51afbf580ad641152c95ddf1e91278c0ee11673,7412.75,0.0015,81.6137
708d9aba652749c9de07bfdacd1c2548675b786903133f1632a9f655b27da8d9,7412.02,0.0015,81.6152
d1b79f6caecad3c194950e61814470cd7d72a750b6de98d52fb8b2dd0bdc66ba,7411.75,0.0015,81.6168
b70d0163816687c9a004afe33ff7e1ce7bc2f9ffa01bf23509457cef57e28c7b,7411.0,0.0015,81.6183
ea96149c6f6ae9eb07c452dbc895072fe0268e9a8f4236d65d8ee6d4243c1489,7409.55,0.0015,81.6198
048adf04e530fdcb369971d91b58c48542b744fbf460db07c7b29a980d9cfbbf,7408.15,0.0015,81.6214
4d3b1696d05ac9acbbf42e59c546f9a13f850e688dc886b2dbe104c3d7eb3b61,7407.6,0.0015,81.6229
274ffa3ca8b30c8da5c5e7acf915b5a4e96ec1ca3bcb388edb2bda52f0ddc662,7405.86,0.0015,81.6244
7d4420e5d04aaebd049fd72135ef3f19411351435ce6fe07affae4cb91815291,7404.04,0.0015,81.626
d44922fe581a2e062f81f94c0cc0d6bf17a22c1ce815808cf9913bdda1cfd41c,7400.8,0.0015,81.6275
d4b8a682ba877afa0dabd96684173fae1aba60c49fcf8a8f431eaca77c0dee2d,7400.0,0.0015,81.629
838f073a5399e444f3dabf745b6c3788aedec396c2a826b234c094c258cf743b,7397.97,0.0015,81.6306
b9cb0c3e455742a4f2427a8dfc6ba89f4e153086ac72d231a4104c695209799c,7392.8,0.0015,81.6321
9ef8602745a31127015b196ed25a5e642da5a8bdbbb539dfc5ed71ca3e37f203,7390.52,0.0015,81.6336
2d49a581cda89a3d03f60626230d07c531fff31e207565ff7d4aefb763fcd3db,7389.57,0.0015,81.6351
dd7f678c24715f367feadd793409f26a381380a8aa6ef818eace9d3f41d0ef42,7387.5,0.0015,81.6367
642826c7f38d5462996fb9b960b3542ab527c7a0880087a8a26c666488af42ca,7387.5,0.0015,81.6382
38246e1394c8292105a788d80548883b9b15349743a4269071b2cedce55f2c2a,7383.07,0.0015,81.6397
259a1ec163d6a64b8b4f7af4084f92329fe8b12dbe3e027ada56d6ffd31a5093,7381.66,0.0015,81.6413
7f99e9e618ecac5c626e3c15f0a9527b10895c3a9abc5318f3a4f7455c7806ea,7378.0,0.0015,81.6428
758ef92d9533230dafcccf4f12c46e4aac75d0670a118e7d659db539ab3f011c,7376.14,0.0015,81.6443
fda3cbddba5b9bc6c23a69bd78260f2fffc77e05d511f9204104b3b2e59c6fb7,7372.85,0.0015,81.6458
da92d6efd4785132df36c02836d0260762dd38fd5443e15d4c08865b3fe6a47c,7372.6,0.0015,81.6474
646668c4fbc32520eac40c4c28a5f4fd45a40199fe7424b94fb17cca9e094460,7370.4,0.0015,81.6489
68ac88aef3130af1ff6b774c266d4a93f257084cb598d617ea012b3f204ad1e7,7367.0,0.0015,81.6504
e3ebdaa66786eed76f3dad88f942231375229566857c88b91c4498a072c2dc36,7366.44,0.0015,81.6519
cb537440b9fb0d63b2a7c05cbf130fb69dcb799c5e8c4c624b673f6a27b3dbab,7364.37,0.0015,81.6535
b45dbcf8dc96c0d5c1997a6e993f13cd652a90138fc4e9915aff71cb1a3789f3,7358.3,0.0015,81.655
81a212bf2f9496eb986a946b4247807c07741a3136aa681be1fe6bd1646d5075,7352.4,0.0015,81.6565
489d5cc16f8f829d8d23cb6cd9511187e61040fd61ff6dcc25e71a43dd954723,7349.11,0.0015,81.658
88301bea7d9be611915c5c7568fd7d4a381ae5a92d4cb19092d6a467eaadc067,7347.41,0.0015,81.6596
ed71be1ecb13baaa48bdd4d801cc493d9e283fdd909100c931e0edbc1af98f43,7347.34,0.0015,81.6611
da932b0961e03d2951360b6ea61cf7084f7bee0ef725b61612c5dea75728d640,7341.77,0.0015,81.6626
d5b58cab44e20449cceed5a0c36e7f28b347fd954f7fe70d5f8c3da699f116d3,7334.21,0.0015,81.6641
8b6e0ecacc046c87e9490e5edd6e1f208b6baaa49d08643f93c899ff94f9ff9a,7334.08,0.0015,81.6656
83c6d8ccbad4c61236413df918e3cd8da98cb0616157352f0f1222389c4a91ab,7329.19,0.0015,81.6672
c8603ecce356ecfa47ee7d01779010cb7d53ce482917652b63a88df099077740,7324.25,0.0015,81.6687
5c42250ae4cf779b227ef975cce56a5e38d97e907cff93e638207fde6eb6b370,7323.66,0.0015,81.6702
fbbac5963ad5606368c30f5697391ca5e01b104b24e96491b401eed09cb593c9,7323.35,0.0015,81.6717
77a76795ffab6e2ec9d053dfa633e4b874914c935f7ead51fd9b2b46b7a6c1fb,7321.26,0.0015,81.6732
dbc1cffef8004b325bb4d1d3687eba2f4b59cc1eeedf78dfee79501dd1e60eb2,7320.65,0.0015,81.6747
8d08fef573f3a7d7fa301393188aa2f0c6753ae108cef663f0963e1539a494b1,7319.6,0.0015,81.6763
599fa5a8dc521d3f491cafcb65f2ddca35e5231cde6ed030dbefa1304ac111e5,7317.96,0.0015,81.6778
cded2679e353e0cbd411503dcc4ebcc8fe3d11d86a458be648cbc8cdd022fb03,7317.3,0.0015,81.6793
ba38f2e5ca15560e4516b882b1106b490ccd164968a714fa1af2e3df3e858d88,7316.0,0.0015,81.6808
c95591dbbe6949d8a003effa09dc13881e93d019e0fd3ade19d11f08bb9786bf,7314.0,0.0015,81.6823
f1133109dfe107d3223ec093fc37c1a6f27a10eff593a30e26c96d519354bb54,7310.88,0.0015,81.6838
462a54c53e2c757bfaefc164c2eaaf671510856c498edb7f78222e9cd268be1f,7309.4,0.0015,81.6853
eb498e4b9046ecc721d3d344137c0756a932cf6032da9ff184e54e0bfbbda9ec,7307.02,0.0015,81.6869
870863ab63077ec5cb162294bfa2f9499860e1c0bdfd8482c1fb4dcdab360867,7304.83,0.0015,81.6884
1151799b174caac7a149667de7897fe707cf0456cf5f71c42cfcf27a8db2c38b,7303.11,0.0015,81.6899
b69e5e88001407ad7dda005950fbf47a9b0b6f26eb1494b421a34f1a73944cee,7299.88,0.0015,81.6914
c3f78aba223394239a7c8a5baf6728f9a8dd6ef6cce2696c5d0c92d9b87149a8,7299.83,0.0015,81.6929
4afbacbcc150dfa74ae76f4904773df73383e33b778f74af78efe52c4bf47343,7298.88,0.0015,81.6944
eb03ccaddc70ccc42a8538f319221da7e3025b813a4f76a63a470b6b25a0f853,7298.22,0.0015,81.6959
d87b0188375f12d1be1dbe7f61e977eccf05435b6623c17c3921415e5bf546df,7296.18,0.0015,81.6974
e2b63417a59dba03945c59b46a131cab8b79f5d92b0f7304cd80692c99a55a25,7296.0,0.0015,81.699
28a7132c75de1ca20adc07e7e902a9bebb09703dbda41a01d245ce8ef8ab6532,7296.0,0.0015,81.7005
a1ae758aadd65d1c6f9ac33b26fe149da8268e63d827f6d90a564247587196fe,7296.0,0.0015,81.702
1cf0c816f39b337923d66f3749bfbdae7640897abe28869bf16c932050eaf045,7294.0,0.0015,81.7035
17543a8b88b2150eb0d38ffe68c42fa20b5b821dcc19aa0204c0fbcab420bbe1,7294.0,0.0015,81.705
17b26e8a59f37c61ca3de456c936bf24011c377083622ab0bd816b578a16b4ce,7294.0,0.0015,81.7065
9e23388d1fcbeb5ec6a3cde92ae4efb904718cd62ba06cc20cd8f4f29e431081,7287.6,0.0015,81.708
1b2f314a6d317f17729ad12ed250c9eb95334d8304feb7d2c70f7a1a9ff609f0,7287.55,0.0015,81.7095
cc65b3c2a8623bf4842fd124dfb95c6c70239c203f01476de81ac2fc0838bc8a,7287.5,0.0015,81.711
5c2eceb37e28a55ec0374c9a593a16b111823c4066c32a316d1d7de27e211be7,7286.41,0.0015,81.7125
b9daa770aaf8012e26895e460dec46ca029d7436e3dbb47ad61dd60a8fb4828a,7285.8,0.0015,81.714
df9a723881cd50edf2563918724efde10c12b85bef7635c1ce23527f9e2b200e,7285.4,0.0015,81.7156
da8f83ee18a622444e0ad003823c4ef08cbc90496c4abf2558f2ac3579377dc8,7284.28,0.0015,81.7171
c4780c04c4f5274c91640e2635d070eb0c88ca41d15cb176978979115f0979e6,7282.84,0.0015,81.7186
d3a38dadefda0768d91330dd77ef1b106e44729aa724c31b15ac0627b7c50848,7282.07,0.0015,81.7201
893c38c68ffddf29daa7aa0046741ec493a18e60cddd08d5d9ffac6350dd845b,7267.28,0.0015,81.7216
4fa9c416924c6331ccb870c205dd432f67c0de9d2b21c91d6cdbc62e6818d328,7266.03,0.0015,81.7231
ad4fb6f4675881a5ba7571e5ead89a11f1c475754cc28d4d1b4d0a8ec9e988b8,7263.48,0.0015,81.7246
dc722b8018e77bc9f2d6cf77fbd8827e201bca3cf43fa574b2411fca18b8f7f2,7261.3,0.0015,81.7261
e8b311f0499b5cc91ba68c3aab0c294d05435c4edceb8f16085607f3d5f8fd2c,7259.79,0.0015,81.7276
f0937957f63e63765922b492e7b206d727b5ab1147bc171326fde5163152932f,7258.16,0.0015,81.7291
5094562135cd86e840497f4b82153981122baf1adf726284cb1adaf55893f3b9,7254.34,0.0015,81.7306
59acaafd16912e67e7e8a8660a069dd9b14998ecf38b9dbb37d4d1ed2ec37862,7254.13,0.0015,81.7321
24494ee2c47876ad01b72f1fb787bf4af8e85a9583709c244c52e72c7cb823b2,7252.8,0.0015,81.7336
600187cd69cc0b8ce9017478e6e6f0f3842b36b118dc63edfd411c388941d410,7251.58,0.0015,81.7351
269a7d2702c14836ba11e2902b54ae3188613fc69b6be255734c1fea7c3b1734,7245.6,0.0015,81.7366
4ff9002d65165c50cd82bbedff593eac145c35b27e53d8ab4278646e38776ccf,7238.42,0.0015,81.7381
95d745df3654798b6d4e9c440017fc3103800f01eff0234d7b38e4e953e5ea35,7234.85,0.0015,81.7396
d01ba79433c9c934eb6463b14587e26ce8c956ae6bd4db3234d543bce2492f38,7231.46,0.0015,81.7411
6ebe04d301e7703a837b50fb984fafd5c4b714f5f5cdbfce7e7a43fcf504f3f6,7231.43,0.0015,81.7426
af193b01b164515f3930e05eb297aca6935bc48f47946accc4e3bb09851394f7,7230.48,0.0015,81.7441
07a104097375f04c36258b92df7cacf645e68829239919d00af7c707824d7c32,7229.76,0.0015,81.7456
5ad14b5079527e0b47f48433f7f75c02f42bc77573d424eb0690714e9bdc3313,7226.0,0.0015,81.7471
c3c390085a87d76c644553e5911b2e335b35822e8d88dc65ac82c0b199710d96,7221.96,0.0015,81.7486
21edd8d51ab0b0da381fec18e37ed3145cfa09bcd34af45ea72dd648836b69ee,7218.5,0.0015,81.7501
dcb1ce78f1f57127fea960ee250d6ad27a1a25e1e05de0d75cad43d2d176b923,7215.21,0.0015,81.7516
90e5929d4d6af9529caa0dc4b830211e6b1d072ff611487d43bf61bdb6375c89,7214.85,0.0015,81.7531
80a0803e2af14d2e70c9c5cc544d7eb92812ac83355b460f1c09992b94c0c60c,7204.2,0.0015,81.7546
2311dbed1a75fb104479d91b2cb67f8d0f8ea9247a684f6e18fe2b14b82ea6f8,7202.01,0.0015,81.7561
0cc0dd9bdf0d033526e6f981b000adfc931d29038063ad03dbf5e1d4582b593b,7200.0,0.0015,81.7576
368dde0e11de776c1aedc30769ad69548673811075606cf3ef3d9014dfd68e6f,7196.78,0.0015,81.759
50855953fc5b0a13ead4264628c214d21c9d604a1dc664ffe5ffb6a3f6dc4603,7195.05,0.0015,81.7605
06cf0360fac726d5483361bae16865ab3b6a707f1829f4d5740e87a3a656a228,7188.85,0.0015,81.762
ad1717f4f2463e13ca3bb531d2f6c4920f459e08252c7d5e657bd1ad4859f635,7188.22,0.0015,81.7635
969a8998ec525d4ae03dd32b3abd03940b6c3742104c1bfa3dae6f35bf6f488b,7181.64,0.0015,81.765
37fa120e6e602611943816f2f5ad27f9d138d6110f55e06aa2cfffec37c34d61,7180.0,0.0015,81.7665
91aaa54c51f400b9d77b95cf24104c2b2223864a572a057929d490dfc9b3fc30,7179.87,0.0015,81.768
c1e91f2a49a72b2b4cd01bc9d9d1ff8a1fbc771379dfc9a12009d51e04b38319,7171.76,0.0015,81.7695
b225048c7a85a4a9428ed0e606a219f0169095414039d484c81e925591311bd0,7170.4,0.0015,81.7709
6994d12eb059f807b1889466b1d6109a9003bb953d52656ef25dcf5e1d5d0641,7166.81,0.0015,81.7724
eab2e03298a811c109f294293596068b66fb41141e92a89e2dd6a498d9452d8b,7160.36,0.0015,81.7739
9bbaf44301cfc454aab72b127fe7006590632bd3f298427e24f1133286f512af,7148.7,0.0015,81.7754
5c05e9f99283438b179199fa896e2d705d98268ae52611d6b60df9fdd0cefa9d,7148.64,0.0015,81.7769
d79e508bda4102ab5723b5be7569e7e047fe3d2909e3118a920fe09c3974c50b,7144.0,0.0015,81.7783
c29022ff29675b4d596a18dd9ee9d75fa44f1b44148e8348af15577915191816,7144.0,0.0015,81.7798
7fa90ae4237139729c6f188ecc670cc5b448e621099f19a9ecf8c78af381aadf,7139.6,0.0015,81.7813
ad79bd3c41d7c54826d513bc846f83beb4bee54aa8dbd69bc3bff80e0ff618c0,7137.6,0.0015,81.7828
f72126e6ef7e9e272e56615b873657fb85d535a3118060a25267370879e3d12b,7133.24,0.0015,81.7843
9c7329cb75932c173094af4748fb1e4fd21453f8dc94d565399280d6a92c7b59,7132.06,0.0015,81.7857
c4f9c2987b724880b02f5c3bf341229c0e937fdee8a67bf1f126befa5f3e902c,7130.96,0.0015,81.7872
f3bf5aada0af35c5e41a1ac313ecec5311ce6bfc975d90c129223d362aa17f55,7130.52,0.0015,81.7887
1af2cde8970dd4a08ad57a1a604b31de217cc5fd2a3dccf9f84b99549cf57edd,7130.52,0.0015,81.7902
ade9e8d9412828c4a35ccb4210b8b5427501714c40aab9018c076f4cf642789c,7126.78,0.0015,81.7916
120e55164d09d07b9a6b82ed13724a19e7b4be6ecc43319fa896001bd847a64b,7125.04,0.0015,81.7931
f8597d0207c460cddd6f4603b57a9daec41887a9566687de579ce5aaa7536b32,7125.0,0.0015,81.7946
015aff79f8b6db8aab740d220e53c331aed1e8a721d24cc58be89fd6f6049bd3,7124.0,0.0015,81.7961
565f9ab04ee73265e6157fd3e45034dd407238663295417a2530ad6d1032afea,7124.0,0.0015,81.7975
8e6930b63605bf601bfed00824203de045b6956d3fc07a4c41e344f922ce3833,7124.0,0.0015,81.799
8f98c129eb731b3a8a4e170afb1eaddc4e84888978d6d3699f86be7c5e6f7ee6,7122.27,0.0015,81.8005
7d686424482e81086e0e399c1f1bd9173551b38dcf2221902c9c067876fd4e56,7122.25,0.0015,81.802
f8df82fd1accd6dd9e8301f6b0d534d9833c9129da57e70b8f13161e1c4c58d1,7120.0,0.0015,81.8034
1d29984ab54afe1b3159d5c4a94e1b2defecd0e241211f03d9e1b809715e0dd1,7119.0,0.0015,81.8049
4891d9fd43684d85252abb898a32ecc8fe2de9326a8196651162865f2ff84ba6,7116.01,0.0015,81.8064
8a14a0f6da638caa61f5c8f47628e10143939d3a531de8693808ea1418e42342,7107.1,0.0015,81.8079
8c486a0232b4f53ea90aa512d0d252573075e69562a65ec178a4fd7b05c83e9e,7100.69,0.0015,81.8093
0942d6c633da9bd5d4fbeecacde9f6d80e3fb00c423123848e78b4b213781233,7097.68,0.0015,81.8108
39f31157993c0da83b8ad21837dd06696faff02d991a3a359a6bc605e6227d10,7095.51,0.0015,81.8123
9e2c26531a1f962a57306b003578aee9615069c2096038de39358fdac9861eeb,7092.17,0.0015,81.8137
61016ab303efb871722b1de1904694211c016c617543e71c175300d96bba5802,7089.14,0.0015,81.8152
48fb4e442f71256d019949bb9c860c55f636df7092d938f473f4317129ef1e5f,7088.9,0.0015,81.8167
69640666a3991e1741b0643886f7eb3376a435b9173c6cd8729352d325faf1d4,7087.8,0.0015,81.8181
50c0d65965fa308d26442a42cae4d2e8ab614306f236ce0efb620bc4dd79d674,7085.68,0.0015,81.8196
6d9aae72605ccf71ce3075422238e0f66ba7061be30a3cbe0c05678e2488b36f,7084.96,0.0015,81.8211
69e1791cd82c3b9eee3dbdab092861719afaa81ef7f03ab13a9c0ecc06c703e9,7083.99,0.0015,81.8225
155c0a01941d65eabb99176efc9bb736c72855d7fa79b990191a84bf55d099cd,7083.5,0.0015,81.824
4ef9b6319b37804523f69e770bf647fa24d2e8c5d336d0746fa1f239ced96458,7083.44,0.0015,81.8255
921ef2382c003f7e4909f233b2293c9bca24431c1cdfa0699cde9426fb36cc4e,7081.21,0.0015,81.8269
8b98ea12c898b512b6414e14143a77a34417fee129076448a72fbc936643e580,7080.23,0.0015,81.8284
833adfbf66246964c943521fa1179c467b36b7f3bf1f74683972ae5c44735729,7079.47,0.0015,81.8299
e1eefcc968901636cd9357758ef0cdea51db59d1a957288ed012993163b0066a,7075.93,0.0015,81.8313
146f20ed7f224d338d3209d7624e1cc89de4ba3a4f9c3982ebdea27bc89a07f3,7071.94,0.0015,81.8328
0fb274aa47b190889b696c74f1ac983db024d90328b38a6de8074d7d17f231a9,7066.88,0.0015,81.8343
35545a21fed2c5844e27bd580199f9397edcc969ec6438ffc088700d28ab48ba,7065.39,0.0015,81.8357
13dc2f0caccac91006cfd42009f0212655c9a6df9ad427ea2c2655de5623720b,7064.41,0.0015,81.8372
fce053c68f3393d731398e5b1edcc38d87c9e5e40cad78967ddd5d87c61a8895,7058.29,0.0015,81.8387
bc0ec1400d4fc5de2021956b86d6241eabb916db27746741d1b436af80ab96b1,7058.24,0.0015,81.8401
086545cca5cd250acbdb146e290a9ec7017d5422b334e8316f8b4d3cf60a5cca,7052.0,0.0015,81.8416
638872e0d16f773dc938457c360079349e053561d019829885af31662fa16a4f,7051.25,0.0015,81.843
3798d43d8188d6d0db0b0e8adae6f459b6e497d89bf474ce92e2bbe60645538b,7046.7,0.0015,81.8445
89ad19ea422dccda8ce0399401b8b9bbb166a5354d4531163e600fd726ae15c1,7043.77,0.0015,81.846
1b291697afe311ec71bbec07e845b18f5875ff1af6ebef498649476a6e7326ee,7042.97,0.0015,81.8474
0a4ea9675f28f00f6e4d3cd07cbf0661ce641b9e34df864e4170c0842a2e0178,7034.0,0.0015,81.8489
b85485c0b481b5429116e380b1c26c064dce805856b2c1efaf3f11a9f430e8a0,7032.61,0.0015,81.8503
b0dadf3480e1c44328f727556402761a9329b8c42dfeb94698c555b8402ae9a3,7029.24,0.0015,81.8518
3a12e2dd337fed9fd668711010bb94a37650019ae5f72c4008f14d86cb095af8,7029.06,0.0015,81.8532
939a2fb07090a198f14f04eb2a31d44dc0c9ee28b2b825f5525aa03f2757e1c7,7023.94,0.0015,81.8547
d8fa9bccaa1282c13d575c742606cf2bfbe655f91f39a444b719fa73fe120bbb,7023.8,0.0015,81.8561
015d9dd3642780e1d55a14f17932e2fd582a9fe4c2b37cdb58df4cfe4cb987e8,7023.26,0.0015,81.8576
ac6185a851118b7dd17e45d12926fe3c87cc8ae0acf32e8611afdce54fad1729,7020.1,0.0015,81.8591
54098f66f72c2301d57eeb000f3bc451caf3bbbd98ba77ca2abf28217b0aebff,7020.0,0.0015,81.8605
7418a377934a52a3e1d635572210953028a5af00a9f303baa7e5ff341942e23c,7017.81,0.0015,81.862
f41d23a5ad7068fc56cd764ca015fe8e3f7ce30b5103231d5865a9e0927a0e8e,7015.28,0.0015,81.8634
cf0805d649335fbebad4f863405b31e4df4883b03c145e9f14db24ba19b86a8e,7014.08,0.0015,81.8649
9a8f47e80c24e8f0dab5f05d10fbaf6ba6bb76b976ec428972fae0e5f362f210,7003.32,0.0015,81.8663
d3b10278c747ce1d3a9fbdcb04e3ca46c8002bea4b10f4a31e5b41892d2d1254,7002.48,0.0015,81.8678
989f71c4e773f258f8d0f09c40e75e8a641b97104680b65675bffd7b77d6ee3c,7000.0,0.0014,81.8692
4b094e0b06101fc93be2056221a123d16458528296e4b1410fe899286b08b7fb,7000.0,0.0014,81.8707
21ef60c62707a168f5e36735507850dba27fb222d36d098233ebafba2ad2a8d4,6997.84,0.0014,81.8721
130a6eabd71910b75840db94ab8c88ca8b2fdf2363b2f18e378d35c7bf5571e1,6995.55,0.0014,81.8736
602755f16b5f956bd503d23beb38f700002b8fe731e1efd8fabe97505a6b29d0,6995.16,0.0014,81.875
3412eedf058dbd39e542014c6dcce0d65b3419d9a621e4c4115be6dda8327993,6990.8,0.0014,81.8765
b4324325c02bcf6d605ff497171b3961f0ca4b4f9efec2256c994b8beeeb4464,6989.08,0.0014,81.8779
760c662acd61e542624abed875ed0ab0970e3d27c8e9900ed725d59b263ba26d,6988.8,0.0014,81.8794
78b800296609f828e75d5903591efb363685dceb120a06476cb2fb37c1be8b66,6984.14,0.0014,81.8808
38e2243012a60118cc2f7be6737d47f3cdddac5b6f2b746f7fd72c92fbecd4dd,6981.8,0.0014,81.8822
25d438a2503a9e188799596d189a0c9b28d5b35e5b54a2ac46ecef0d46aedebc,6981.2,0.0014,81.8837
ac92c641abaec8f683581e2b124e01588b40541a08a2a529f07dd3e56bef29f7,6980.0,0.0014,81.8851
8d4abe5aeafc69155a96ed444151e881843e58a74367155ea8b6075fe9bafa18,6973.0,0.0014,81.8866
f03482d7acea12a7640de3d4aff7a499bbb2b64154734c587cadaa295981ad20,6973.0,0.0014,81.888
a98a1c3c7da97a62e5f17307f7a0e1847d93fb5694019d3cd4b425e4a53e0f99,6972.99,0.0014,81.8895
ef13ecccd17afe51858ac7f163515c1db8f221f6c9b0abb9f4bd83775084563d,6967.88,0.0014,81.8909
3ad39a28122a4152a4eeff3b65df6d6c1dfc119b3428a8350b2bc3fc4deb1a91,6966.31,0.0014,81.8924
295c3985b875299eb3abc4f04403e57b0390b94148d0e0c7d29c93e87af4227f,6962.49,0.0014,81.8938
7e0d2b7cdbd4bb3743068ebcdc6a7ed541107dc9d731be57f63e5adafd8176df,6960.62,0.0014,81.8952
6289f3acffc9c94c8bdd2922c1b8245dffce3a7517f65ed80e81050a073b24de,6958.08,0.0014,81.8967
7a2e1cb4ed5045f3f5a489d0fa57f51a45d2eb70a2b2b788c713277e85bb3f38,6954.34,0.0014,81.8981
ab41779f3ab2ee4092fbf75015d648793b33002e8339def89cc1b367962a6627,6954.0,0.0014,81.8996
9d038c418382537ebe410e98a7562946b75d03c7fa4a46ebd237e9e731421a29,6953.76,0.0014,81.901
27d7c77a7cab09728282c8ef016d996dff37fcdef1131a3decb06616f77f95e2,6953.05,0.0014,81.9024
a666c634a07ee3d8645a48680694836a5e2a7d012ba4697ff59f4b356377e841,6952.39,0.0014,81.9039
ae1d272cb8a4d6a61d7b2fe9548807c972c0ffa08346f9ea44cfc5bb4a58e0fc,6950.0,0.0014,81.9053
ecebb4a4487f7d9cbffa93f30da9c0d5397f2add24095ac186e823850aaf9e96,6948.48,0.0014,81.9068
b5d2aba92e7e57828460f6a2205bb8060fd1d41fe6cd6d3019ea2b2425ab5ded,6948.18,0.0014,81.9082
d84962ec0039b0ca4dcd83736cdada799dac5fab56a100357dcc0ebcabaa175f,6948.16,0.0014,81.9096
efd48e8b0ac4d0fb3bbcac987f77088511bb68fc6fa336811adbdbe3e7f278ca,6943.81,0.0014,81.9111
dba266eb7425cdcc1ea60b39912ca21bc7a9d8fef5a1ec399fde4d56be1fcd53,6942.81,0.0014,81.9125
0bf1469282aa4859b1f7fb363ecafd624d609406ccd456154877e7f9cf769e28,6939.24,0.0014,81.9139
9290696c8acadc7789cc06c00ea429451dfc9e426cf2dce60e2666a7e56ebe48,6937.64,0.0014,81.9154
a446fcf29484cf8f3ec38fc1abc90a91fe20083ccc1b7308ce33fc6897a58f19,6937.15,0.0014,81.9168
c7b04f2ce34410775e9df64e64b5ccde68d3d2922a3b28134332382eab4efa9e,6936.8,0.0014,81.9183
0057549d464cef32259fb517e03bac2f3271d71378fd66e3810a01a8f8aa198a,6929.9,0.0014,81.9197
fd8751df0d48ed07232aa08e9845c135af55152c8e87d804faf1b8f13716156b,6928.9,0.0014,81.9211
3f1f4b61eed18188d16c071ca24e61d32252631e2819556ce653ac1af27b5a4c,6928.28,0.0014,81.9226
6990f3401666b433a7c81e0e7c609699805b24bbfcd10202f85f45f25b40accb,6925.37,0.0014,81.924
c88720d3ee8c70c4dd7cc2a555f145003cfdaae63f15e0196ed579b5ee096218,6922.52,0.0014,81.9254
d186bfc8b51a76da59bf1e1c24c83f59531c8e418b8b4debfc7f63cac5c0a78d,6918.78,0.0014,81.9269
c34912f159845dc45e3d84c7914dd9330ca1389477b719c0c5bb8c93e8b7f999,6917.01,0.0014,81.9283
cd133822452b36229da517b20298a7ebf39f6183d991da92971c218f28dce80b,6915.81,0.0014,81.9297
b3928ecf572a70859e3e696c035797079d3961d7cdaa815eb91f6d9e293c8246,6911.76,0.0014,81.9312
c0ebd0964e968d1300b7de6ea01f4d0fbce489831077a1a6f9969ab0f9e07a75,6911.36,0.0014,81.9326
277ab0ebf5b0833ce30fc6b1ec3343d617d1d0c4adf8257f10668f98d23fd1a5,6909.0,0.0014,81.934
3370ce2c66f6beebe0ff2e3ece670e09c3ef991e0f2294a7996fd95bddb6b6c5,6907.54,0.0014,81.9355
8c3bf261347a13f9cf43d859db0deeeb3319d0961a1788b0189d1e86afb64d8a,6906.28,0.0014,81.9369
90e1601a93200d1facc6f248e29aa82229a39def0edfb05c9f4ccb8394ce5724,6904.21,0.0014,81.9383
14cf71d213f5d5cbb650f4526e0a9a87b2169186742185b952a77ada157b7734,6904.14,0.0014,81.9397
41bc9f7db50a69fa8f0acc62bd3ee45f601584c16115efb07bd69fffa5c2912f,6902.26,0.0014,81.9412
7c80f5e8df7dac3ad494230ba2355f5ac9a09161ddd41a09487d9a5d05f925a9,6898.83,0.0014,81.9426
6c31f71a7744c1501a9608f9147ccd81a6ef213121adbe3a5ed50bc883fa0c83,6891.23,0.0014,81.944
5786e3b4b2ac3bc65a7dcc69a2ea74dcf0f87af89c43de3c940578bfe5e639ca,6890.63,0.0014,81.9455
d0516791a0d2bffce2cd454e2d172a8e1e17c55c1ec8880829ce7c414d6ac736,6889.0,0.0014,81.9469
5a4e6ccdf8bc0bd38bff8716b9bf077c9e8128d9c66c02467a4cf36955338edd,6888.41,0.0014,81.9483
b4fd91ce24f3162b6e69eb12a1293856639d05796657cd0ce278d62b28a0f5d9,6887.87,0.0014,81.9497
561b61088de4ea981fe28f7652f8b0f0e70fb670e9357818bdc5251bf97cd9bb,6882.4,0.0014,81.9512
bfbc04b386547435995acdda9cfb06c8bda2add6005fd7b6860b7ea9a878b2e5,6879.64,0.0014,81.9526
1191ccec880fea1f533a7eaf68de73d52562d7acf875597163dd8e27afc12e48,6879.2,0.0014,81.954
2c140e0084e59ad1548bc325c608ccb7cb4fc34c1feaef650eb268aac82ecdeb,6878.86,0.0014,81.9554
1109f6033c3cf39e1d135935fb1b75f1270b4da9ac36ca4910119068f6097711,6878.45,0.0014,81.9569
ce630e6c2220d2deef2158585915d99a77e808066b74dee54af052fc6fa1f2a4,6878.0,0.0014,81.9583
b685dd96457a598650115e54b48ab82c5b6851ebda8e288719ebc547ec4e4d6d,6878.0,0.0014,81.9597
f225b28eab933f11173bbce80b974adbceb659ab871e1c1c5c6bb68c5b83289d,6874.81,0.0014,81.9611
00fcd9e7e843a10205cc12a88564a8ed1d7921f5ed2f531c276341f16af7cb0c,6871.23,0.0014,81.9626
ecca1e1bacfafef3295c3a4ca12ad00a2c9603cc54f14ee4416656c78dd88145,6868.04,0.0014,81.964
cfc14b880058170b28156e8d78ec6428372005d4cdb81767d20088193b867995,6867.92,0.0014,81.9654
5998c9837b59ea2284479db51969b224d835819f7356305d8ca9d36adf74c7fa,6866.45,0.0014,81.9668
2cac58dc398ff20d71de2f574e97f24557c76fe4561f90ad9a189e694b9548ec,6865.8,0.0014,81.9682
b014d339cdf55e3450c7d87f6065151825f5fe7b7bc7eec9df00f12526134302,6858.0,0.0014,81.9697
242b5365832cd1b7c75903e9e66f2f68abea722352c717f643a7d418aab85c1b,6854.4,0.0014,81.9711
0ab15ca68214339e473bd2c3bdc61185a7c4e6894bc62c441c29a29c0d1f7331,6848.45,0.0014,81.9725
d04261c3d821badad7866f616390562c93b4c6eead71f1199124ba10421f69d7,6844.55,0.0014,81.9739
29991ca35c17ccdd406fd3a0fef4ab054798aca6fccd2f1f6acc1eddd8147581,6841.97,0.0014,81.9753
28921b2e537223e4f92aaeaf0ff8ae7b1728ac286b9fd9974361bcc702aaaae8,6841.41,0.0014,81.9767
16580d2e8d1d2080c9d1fc125109de577659497c02f7a018e453b5918c37db62,6840.0,0.0014,81.9782
948612e53e115fb038d56cc8544319c013bd0c6ca3153e922811e65ffa99c92a,6840.0,0.0014,81.9796
9301e385c68efc9862a8d4bec82478b9aa011a9e84c78999fbe7eb41b21b80dd,6840.0,0.0014,81.981
843b50f61f4f483acde2c770df00eb83d94aa877f004b86d20decf7370d3727b,6840.0,0.0014,81.9824
5a6e32fcc192590d21e3369830d7f29188a4bb643173301c6691e9961ed298a1,6840.0,0.0014,81.9838
eb0d645a76e6853af0aca20b36bcdc1cc2bdcecf12863295a2b0316fe90e4824,6840.0,0.0014,81.9852
9da7a229b24921ab4b94619ead14a9b11f9cedad1973e0ef6450a959584eb527,6832.27,0.0014,81.9867
aedabc56b18a86ac24dd4c09166ab1e4df39d17f12c2d38198f0cc6f968d3bb4,6828.4,0.0014,81.9881
b17f9de6c33d4ab1fab2f6896a9a096968197a6dac123b773c0b5823fce1e10d,6823.84,0.0014,81.9895
829b253cb9c82838397846c12964814d2473b7bda50f26acedb10b584b2782f6,6823.69,0.0014,81.9909
2165fc2a90908d1d3f1d5b881884d6a937c5a7a00587177d0396e31aa48e6f92,6812.5,0.0014,81.9923
5ad0732245eb48b78a407845318a37a8d3205589914d1cad33d898fd43d8283d,6812.29,0.0014,81.9937
95707d8723e1c869514e9b3add620358955512aff3df273b7803347d0e704bdc,6811.75,0.0014,81.9951
bd029df5515396779946a1e8103b2379ee204415df4722c7c542eb7dd2c24e47,6809.93,0.0014,81.9965
43fb7d8676196902d90a3a62aa306ddfb845577c6ba414ea49e00c6685c47320,6803.61,0.0014,81.998
d9352528b7b4d157bc4135b1aa42be68f34f7d0a09dbd6d9a984fa36807dd3eb,6802.34,0.0014,81.9994
d5578c53601bcc1d3786b6b2852c13f28d1eb82028be2af45fa3b5fceedcd2be,6798.14,0.0014,82.0008
a8b2268e5fca2967126d48c9b6e90cf6b3df669e37e4f8f4ed3e305944f6e22c,6797.7,0.0014,82.0022
e0abff7d94b70a71c8eee20f4c7f78d0a7c15ae5a2c079346d25835811c40020,6797.3,0.0014,82.0036
434e0d7d47a0f4cc9c31847cb6f8e303a9b02d97d94d921fa969d85303e88f45,6797.09,0.0014,82.005
820efd63e8fe61059c957ffeb04e0b236760da02b5bab93d8729c01b8f516a3c,6795.74,0.0014,82.0064
e086346dc2c9c6f0e7ac4602f4cbdaf82e26338d6e14eef9aeb464380cd722ec,6795.1,0.0014,82.0078
71fd881cd2240f7bce7714969e395662ee63f775c992a2999d7fc781eae5b4f5,6791.87,0.0014,82.0092
f302d6d5f565480aa936735ffa06fc7285f28299f4c9eb9d5bf72efeb4f73e90,6790.9,0.0014,82.0106
726fc9e80beeb603fcf9fcc2d45d4c9faf727f94bd5b91a93ea9232b1c2415fc,6787.41,0.0014,82.012
5615d78f41f7fd7adefcf23a7a7a2523f90a44ecc9c017c4dd5b878f6b8185de,6785.8,0.0014,82.0134
b5668c36bdce1d12a31b401d10821754de16a18fd800d131f974786d368c6cf7,6785.74,0.0014,82.0148
dd8e260804a85c7010fb8a5c74de297502aac4a1fe62081880d8f682b611d618,6785.0,0.0014,82.0162
5b4c74a7c38f4b2731e5dc356d2b8eee4f0040e8b168e7a07de9ea69393e7615,6781.79,0.0014,82.0176
9cb8614395616df02fe74a200a2c973ac68080a41d78a27a559725ca015dc33b,6781.21,0.0014,82.019
c15acad2419260fbea5229f6b8df8134e91783cddf0f16d9baa480af997cfe5f,6780.89,0.0014,82.0205
e8393a214489b2a0cd666cdb92808c4ac74b196c3185e962e5c89374c809a51b,6777.57,0.0014,82.0219
30f085740adf3cf460777127b3dbcf426d09bb2f0545d4f1af230c1d8d7a4e2d,6773.0,0.0014,82.0233
4cb65b422a0eb7d9460a89ee35d86b353f18f71d26edb79a187f9bebbe42d390,6772.59,0.0014,82.0247
7a53ef3adb7f6943e80dd4f438ac1f7d9e6246826920e7dc83d8f5da1b5b967d,6769.78,0.0014,82.0261
672157d8974b928676e24804f4b6e48141c9b180129eefd6460c67abd11b9fff,6768.52,0.0014,82.0275
22cfc60d370ae7c51a8bb0b5545be1cb5e12a998933f173d88921a5c93de80ea,6764.88,0.0014,82.0289
65b3aa309b8993fff6850a30e80f2f4bf8eb48fc47b316c64295e213cdb027fa,6764.45,0.0014,82.0303
078aac99a835c186c2b8013340c07ce651694685cbd87e426ae7fbaf4164ba6f,6763.49,0.0014,82.0317
0cbb4ba67595420c7bec3d1f9ebeb708ada89faac709d778cde9954dd373e24c,6762.96,0.0014,82.0331
f8be9f6d6d42a273320fc4c72b2c7d232e7c8b7080bcc1e75aab9ad6b3f4d99e,6760.36,0.0014,82.0345
abac253e571bb79845a7ce191b348a6e90f749c821e67da64c3f73c1bf7edb3b,6758.11,0.0014,82.0359
843e950553df287527ebcdd15378c300684936407c217e4c8866f0d6772e75c6,6753.77,0.0014,82.0373
7f71603a98f6673fba173dd96524ecff897d79858e722900e1faace200792bf4,6753.34,0.0014,82.0387
99801c8e4808d7787628959c9bbf50dd86cda97df3c2d806d11fe754cca9f35e,6752.98,0.0014,82.0401
e400fd879abe1fae22fe79db7b066631bfa18e4ed7ad06bbff227f228e3d5212,6750.0,0.0014,82.0415
bf5bbf927dea1adcf0da8dfb40033f546dd3ed6d40a18206e0ddd5d9fd267082,6749.81,0.0014,82.0429
9ec3321648d6b68f1e20914f0efeb1c70c44f36458a816411a83fead575dbb38,6749.66,0.0014,82.0443
b1bc831deff10f02e1b5e73384a6a68102b31eacfeed4ad5d1702f5a9c3e47b2,6748.47,0.0014,82.0457
00cfbbe738383c3c58653f9ecbfa225fce883fffdbb78c6ab925752e810b338c,6748.23,0.0014,82.0471
feaa44c39bd19b7e3aa70e163d175e966e6eed9941f22e8cb6437ca6891588a0,6747.28,0.0014,82.0484
420ac331f11ecb6097e4d9cff915faf2fe92d4ebe9bbaabbb600bac16b1c3f7a,6745.3,0.0014,82.0498
2dbda1e0f38f65ed7a00b48fd5222451a39f7c49ed05c708f962599cdb4869d1,6741.64,0.0014,82.0512
5e2e2dbd118756951ce553c24bd7361d9265a6bfc9c52f7ab1a3241383764bdb,6739.9,0.0014,82.0526
16d470cae2c93395f8f766b14470483f22d209a69e0f2bc8210b414159d225ad,6736.62,0.0014,82.054
8119d04e2478bab8c5b0eef751ad0afa0950e45f0013905fdf4210dacb88df9d,6736.36,0.0014,82.0554
5ed984f9e94fb2652ceccf0d453d369622e47a259800ed4c407ade108eb55e7d,6734.68,0.0014,82.0568
f98b730c0260cab4e809629fa3b039c69d5557568ea8d06b40d048a22405f203,6733.42,0.0014,82.0582
eb383f301cf941f2aaa43700fbd1ab7f75111b3d8cd022f5855ab7df44707cc2,6733.25,0.0014,82.0596
d4aa0a7e35d091bbee3a4df1ad6901cc6a7dc600b28a54a7d046da2692fa51ee,6729.47,0.0014,82.061
f866c97c69dd5653b04f4c8cd56e791bb7d89c0a439d7f567ac85dcbc87bcfd3,6728.34,0.0014,82.0624
49c2f1b28b5e036a6504301cad236fb17b3bc2fc731ae572af7262cafbde53d3,6720.4,0.0014,82.0638
9730b3e03ee1e322e46431b56fd8cb92c8ba6fce94caaef607006fbb3b7f47a1,6717.8,0.0014,82.0652
9fe6904c321ce41a6f729aec5b195cc581884c7fd9dab7c0fb579f49124c4a0e,6709.8,0.0014,82.0666
c2cb1f9d81e952f749639d27d727b58af09a99969c1aed10592a35a64ecd3b6e,6706.59,0.0014,82.068
8f826f61f1532db8e0455e4f1f06b8768be24a70e07675be390d9955d7a4b2e8,6703.53,0.0014,82.0693
1c39e5265c1a8ebe4379b1b09e4b35ca3f3f20e95342375a19aecefe44db95a0,6703.47,0.0014,82.0707
144fb9d795ddf097ae76e24e4fe41778c398c1fe6348373f5d04ec8ffaf43953,6697.81,0.0014,82.0721
efef90559c6877e029af9cfdee3bea67ab2053816f90b48e126ee3d96028e83c,6688.74,0.0014,82.0735
c8a7000d45c1db93592d205ced478c7aa42e9ef06a1668641fbf17a1571b84ae,6687.59,0.0014,82.0749
be26f69002f907601d412a667cb128fb184b87846d14d29b9158ea4cd90e6940,6687.2,0.0014,82.0763
a830a115e035a8f98965911c7340843c314031d024b72b43abb9c33c263c12f7,6686.12,0.0014,82.0777
05024c456c9f8e4de640be8a8b20471c88deb0ec9fcb8dd75f8e853c6d80f95c,6685.79,0.0014,82.079
051223c452a3f5282fd281335cabf11f707ea18c2eaa22fde500151031834a6b,6685.34,0.0014,82.0804
38d49cb164cdd2fc135f9ccfbd17f540af5b3fa384815388fd8a652bc927ce97,6678.66,0.0014,82.0818
38351efe03be4ffe29bfa442423ab21d7499823040f10f8ba41c481b47b0755e,6676.35,0.0014,82.0832
470fdb49be6e573650e7a64b36931b69da6544ef4c9418360ce69a793aaded70,6672.44,0.0014,82.0846
84e336e10d4786c86be2e716d79dff38d6b4de0c9cace5ca9fa40572c80f8625,6671.5,0.0014,82.086
692a9057af91c18823211aae4d52ff09c6213b1c9a6c7ea78b29bea149f10c4d,6670.62,0.0014,82.0873
f11875b931655732a6dd0d46da2cba605a8349c42c2fb515acf8ae0f4857aef1,6666.74,0.0014,82.0887
d36de631af5c93088ee76ca177e0497db298401a4f37e9d2c7b6f6cb9dc95967,6666.71,0.0014,82.0901
f90079612f47fc15880de10b4b3cef8ac6ee79bde8d7a530dc65e305288e0189,6666.26,0.0014,82.0915
9e4680b95316f1cc73143e1dfb439a78af80d517916b2b62a37fcb62bc429bdc,6665.29,0.0014,82.0929
4f9cd34ba4ebbf8feb592841fd9e6ccd4b53fb13c8100f92ce9e0bbf02f8599b,6663.83,0.0014,82.0942
8e78b488b3dfa87ef4d2566efafe8f88f7db5e6a26ce8a184f3cceb9c76b55ae,6663.13,0.0014,82.0956
02b8e32239a72c11c1e95a1453ace99feb8d696b27c79e53b626b538ccc947b6,6661.16,0.0014,82.097
397f95bf50a4402831228a708f6efc24b6089b0106e008e03ce4c8c7e4af5c75,6655.54,0.0014,82.0984
f580428217dccc6f63edca9a84c8670060b54c684c10ba07e22edc9c55a90971,6655.52,0.0014,82.0998
321b5ba9e7ccac4cd75c3bab35161596ef698ebec90fbee135ea55854985a592,6653.6,0.0014,82.1011
5a6d0b7fbd5e8a22ea963c992201dff1e257e8d023207be27a49a0b89d1284d4,6652.53,0.0014,82.1025
55cf859722c4232c0b9eaf4554bc4fb243afb9fc859a25d3ad6393c2bb20f71a,6651.01,0.0014,82.1039
30a7027ce9e76863719bc38f97e87f92657274724ad5566ebdb070ab22281d63,6647.5,0.0014,82.1053
e474339b073f48a0efc2f55439f81dae15ae172735add4bb6fb3c6472eca04cc,6647.19,0.0014,82.1066
75652007a937545b5b25de8e3d06afcd380f9b3155b4f095e40be6e08b474e50,6639.66,0.0014,82.108
e68611a3c7841a4fbb7a843dbec8f9fecc02804613d40a46a615c2f4f920251b,6639.12,0.0014,82.1094
5326287f5e472b2354cff75a8877d7d195e017fb0b6adab617a63138630e62fd,6638.48,0.0014,82.1108
46bde1c3926822561be5cb8ec654819e68296387cfaddfaff9e1ab3c49924b3f,6636.8,0.0014,82.1121
050477f5a70ad4e8cc64dabde026da81816b5b30112416ffdcea9c0bfffe8a6b,6636.5,0.0014,82.1135
3250f39916c3ae8c94f8998712c539814d990ad894d54b7945c39ba7e4e96339,6636.49,0.0014,82.1149
7d5d28a32950c929c9da83776cd32e4d984b4a2b4b6a12215d2262c3918c3926,6632.68,0.0014,82.1163
7fb4d603eb6cd8d36a353619b37109d358f9bec94b422a8fb5a55b5249f022d2,6627.3,0.0014,82.1176
96d62f2dc59828968daaa1b1d00e91e38a12ef74b0e98240922a269078681253,6627.3,0.0014,82.119
fe5192b9b0eddee4c642a1851c4b780a7165dfadecbc20dc1e16e9bce7b17c03,6626.0,0.0014,82.1204
d6bafb4c3c5550fe87308ac5f6699d96f9360dad4f66d370939713ea4ec7299e,6624.45,0.0014,82.1218
bc14f6425d371a8c7df2816ba2c11506194a3419e97ae73e05afb31e92dcbe24,6616.4,0.0014,82.1231
f073bad0d2e13094b100cd7106f718dc44b54d0e12d6433fac5f394f2033411d,6614.67,0.0014,82.1245
f28d6eca18b10694ccf254124c99ecaeaad004306a51d7174d7ef846c4010a97,6613.6,0.0014,82.1259
9b08be9342805fb086003f7ee56dbf5acef0260e5aa67c2fa4a96ca08b6a96b8,6613.2,0.0014,82.1272
1daa3d3743db4f874c67cf5b63552f17d9be7687cd8b93c9add8393d6d9d93cf,6605.8,0.0014,82.1286
45e014cbd565a5790f9be566574b06a54c77c0bf0ad9b6f3daab01b1235ace9e,6601.88,0.0014,82.13
03fb40db94483e0323f9ab639199609e99f5d92301f7eaadc26b8361acfc295b,6601.86,0.0014,82.1313
e0f676e0218b45a5db1d9b3c0b58bd0cec30f2ea437db612cf5a78f095941b66,6601.85,0.0014,82.1327
a24d8e99888db04091c42c90e47a89115f247838cf85cbdaf7fde31d5c01ebdf,6601.37,0.0014,82.1341
119ea2cb48e31fbc55632864e8e0a7a773d7eed5740cffbfd14da30d850bf296,6600.3,0.0014,82.1354
d61c91e54fc10069587a513c80d19ff75d9981c87dcffd106d4b83e4434a2808,6598.24,0.0014,82.1368
8ae8952611d8946ac8ad382ea33f9c1dc87dc56c64c8db290f04d676f27379f4,6593.35,0.0014,82.1382
9ef6cd2cb09116d7d9a05bf159158974c1789989982a734458604190b7c0a2f8,6591.68,0.0014,82.1395
19f48ab8f29e41808a255135d9914394d1338d217ab29773e7f45fcca71b3cc7,6589.04,0.0014,82.1409
19af3fbcd43c1af7a427c5363fb0ba1cda5e318e1c0e3efae40f7a52b48e6687,6587.89,0.0014,82.1423
5d7183627dcfb65f5a0f734cec853343d7069a1328535fabc80dfd7172cf6d13,6583.35,0.0014,82.1436
86464ff32618e0b67a39a4ff84f52aa2982ad1434712ea5cc0fc7ce2b9307a73,6573.84,0.0014,82.145
1de83e5ebc03a30c95e6ca0737ff2c3436b78b163c987dfd0211c27c02176aa8,6572.0,0.0014,82.1463
48e2928675f25beda13fe6aebfa7c63ec73e1a8a7b10ef3ddf6d9e63b7c3ea16,6566.14,0.0014,82.1477
b1ab4a1189daecd8d2db14872bef42973a66c035a0ca519cd4d6c0f237591c6c,6565.8,0.0014,82.1491
263a1795245d116a55095b307ae3687f004e35a6232634c1217e701a79d5729e,6561.75,0.0014,82.1504
94fe8e5101e8b610f1938432603dbe5a4f36367c2864a42a833071886bcc0a18,6558.19,0.0014,82.1518
496d8e3c89b668ed2b41646e771c8f3d5f72c0a3fb67d1bed21eeb7f202e50f8,6557.1,0.0014,82.1531
d25a099b3726b65e786ab7b6ffd1cc308229cf587618b7a7ec3a157a211dfd81,6556.11,0.0014,82.1545
a3a6fb7f6cd9a02a85b939ad1f15e51846033123c64a09811c6aa4337e14de55,6551.87,0.0014,82.1559
7108c860d5319d73c443df25f0638fcf14fee3f959c10e869c9c7a1ad8f05e76,6549.23,0.0014,82.1572
bd38eb707106eefd92e81bec790355024ac3101b33b9daadefa8a97de7d9f915,6549.0,0.0014,82.1586
7bb313d89bcbf67e7001eef73d3d890d801daa021ef3621fc97ad33b8d1f9063,6544.0,0.0014,82.1599
e908e7cf3793b70e435f8d99b328b3dbaf93717b3e483cfc205954e65be78242,6544.0,0.0014,82.1613
5247fa17c0008ee3f1838c512edc8fe82fedb8666a1c8d613193cbf1127f84ab,6544.0,0.0014,82.1626
f6c79eb1bb048559e1965e8cdfa166bee2f8a38443116430acb6b597d4a6fb60,6544.0,0.0014,82.164
1971ee80b068a53297e777838baffc095d3cf0844f7cd86f57bdb02628e96521,6542.0,0.0014,82.1653
0a8f4ac402f0f00f515aa7f502ea6424ea6abdfa5a437ce616b3136478f44a4f,6540.0,0.0014,82.1667
28eae99d87de6a8abcd3b597c132b9793f79d851cf4037e9d1f2d6b8dcefea45,6538.08,0.0014,82.168
9d0f9740bf708828641fecffa4c14fa25d195953b513e82203fd62533512d55d,6537.19,0.0014,82.1694
befc3b638e5600bbdc1f30fef3b11dcf83635c57472005f21d3a7969d940b311,6533.3,0.0014,82.1708
85386e70a64bb147709fa0d3d289dbb56a999ba78e4cd7a60665e0c75bc7f033,6530.25,0.0014,82.1721
46be9ce27d598911e56f3a9c45c1143eea780d3ad915f4cca0ac4d360c842707,6527.49,0.0014,82.1735
47db0e47f0c9253a302e5055856145b80a4328f54c7d5f7d40b43c60d2a34b73,6526.84,0.0014,82.1748
e6f5858d7d64a906027c7a7cacfb1d71a7e97f1f62ab41f33ef189d0e16c7642,6526.36,0.0014,82.1762
f87e7fcac589c72a65bc3cd477a4bd6c3657bb014476af879132e6c077457aad,6524.71,0.0014,82.1775
bc291359afe52a937c11c9045becfe915acb8e1aac759054134d48b3b3e35e39,6523.35,0.0014,82.1789
05d107a1a1e64e3ce9927e07b0b8404b18d0232f0f8a631c91649cdf19f08d53,6517.96,0.0013,82.1802
44cd2438ead4d3cfdb5442b4464342ed9608c9d18686c837e0f8c5219b95fbb0,6517.5,0.0013,82.1816
e5e53c784d5d49de1cabb6e904bf3380026aadcb9769775a268dd304dd9aa2df,6515.9,0.0013,82.1829
7dc4b4899d8dc4c8e166fa22e659affb0f4334c7796f5f1aa18034c0aab3f7a4,6513.77,0.0013,82.1843
844e443efe46b99ca4918b60f2f9bbcdf709f79abb22c78ccbcc9b9f8b02ce95,6512.96,0.0013,82.1856
9759d7be4191f4ae17ea45e69d3de055b528dce2a2672640ac8ce07a26b7d372,6512.27,0.0013,82.187
d476be83c26922a36fb64ff9c1bdd3bd51db10c6f867aab645b2619e324e1d34,6512.11,0.0013,82.1883
1459a694717cdf3ac056f9e5f6da9f218785a13de0882192fda47ce21d1ba5f3,6508.06,0.0013,82.1897
98b9b1a938f4981d391ff38896b35aa02e950a59612bc8567cd0815891884415,6508.04,0.0013,82.191
4365a9a5a90878f63c132f27d40cf9445379afa0c011e7bceb68522b31211cea,6504.07,0.0013,82.1923
6985765acb2973fc3189d76dda1930792d74dfe6953d27153b28bde4d23cb1be,6503.7,0.0013,82.1937
8e735e00f22fd15f61bc93104ef3228d48995a81d2f21c7bad174539c2235bdd,6503.45,0.0013,82.195
3c05482ff9aacea3a9dcb9c8e066f2366a2fac24dc1787c91c31109db4881a5b,6499.99,0.0013,82.1964
88bdf7750efc2395f873c51c0a81b854a4c350eca43bdd776a1d664fa712e494,6498.81,0.0013,82.1977
7016dc1ecc1096a46638082a394f61b14aea5b61ab4cc15e01e1696433b86381,6498.28,0.0013,82.1991
9e4853560f5c0c52d0fe83bef20a4fd67be3fe32524dc361d1434ced42098c74,6498.01,0.0013,82.2004
2eb2921c8a1b38159fba2b1ea659589a3033ae5a60a3a0e773479a0e689feeae,6498.0,0.0013,82.2018
1b7183a2b106fdb31cb3d36232dbe47aeb5bb498f296523b02f4c927803749db,6495.55,0.0013,82.2031
4004d3e77f7b21468b6ed2bf0c9bee28fb5895142d76c87757d3df8a456a095a,6493.52,0.0013,82.2045
59cd88973690f834a03b880a3aaaba2faada3f391443df72f849936810a103d0,6493.2,0.0013,82.2058
b864af727d5d32ddfa25ba0c7233f46cc65a4c8ab073401eb769f34287e9003f,6490.5,0.0013,82.2072
d20a9129c84e527612b6ffa9bcb34cacba1c3bf2d1bcea0f4224ee9e254770e8,6490.5,0.0013,82.2085
fe2fdeec416ffb48c0c51f339f5c09d4ee02cfdf36c517a9fe0b3302b78e4308,6490.5,0.0013,82.2098
18a9b8677bcfc784e7d01991e2d0c81f45ea38f6a0b4466ca451bd21549709c1,6490.5,0.0013,82.2112
2a31834e219fd301c9fccf743a3a56df05d654f671cf5335384c20e879fdf3ef,6490.5,0.0013,82.2125
4ad35b7be340f4914accce7d99d685f46a43d1781ddb00163700ea113f81ccf6,6487.73,0.0013,82.2139
5d6ca1a48fd2bf183e7d6a8b8f82fcf34b3c6ee349896b6c5f3590bfe61c09de,6485.4,0.0013,82.2152
af7899fe3f870721286a267fbc04914a597b4cebcfcd68426a4af211050796f9,6484.4,0.0013,82.2166
7c72066c66a912cdecd0cc67136a49d31796193a26486d6b494b131c0d24f058,6483.31,0.0013,82.2179
c51fc3fca801cee542aa8dabda46731b2b71c15c63e440f16ff917fdbd1522bb,6478.79,0.0013,82.2192
426c55bcaf0126713da397b348305385ccaf8bee3235e61caffb9d13d42c80cd,6478.68,0.0013,82.2206
65f721e215bbc87d674fea1ca83aca6a6fb1f3bffb7f056b1ac891882f54b3e5,6477.19,0.0013,82.2219
680e31a042b3fb12a6f3beb80bd4d0970fd479580789ca783f88b8bd848bf91b,6475.84,0.0013,82.2233
10cb5aaad24c49b4dc1f8062ced32eddbda4f1b9b746131af43a07b887b37153,6474.0,0.0013,82.2246
405be5d3118f63efb9c2efac5497a5bc65448a9161ff171bacffaa0c2310369c,6472.67,0.0013,82.2259
44d0577105257eb156abe27bd908684090580fd18751a0864e87b11491e12a14,6466.88,0.0013,82.2273
15ff9c245da7a2d6564f416d2cb70d18146616cdca8349c64ce0658325cf3cf3,6465.25,0.0013,82.2286
47b6239204461d6b6d43523dba385ac759b6aa3f0a74bee4ed917384d70ffb98,6463.08,0.0013,82.23
0616d9c004b8cc6239eb0ea4ea4508a81dd20fd7e87d41c72e428966132999ac,6462.67,0.0013,82.2313
65e8e0b8280fb480332749fdfcd9bb7ed06e5680474045a5df2e75a3a39d2285,6461.5,0.0013,82.2326
7f92c81dda19d0cc032a812ebd9f14406681d7f953271d6eea08c47b75061772,6461.4,0.0013,82.234
5fbeedac522b5b3962f90591876325b09eeca3e557f9b0855ea4559d889f86ae,6458.0,0.0013,82.2353
d6ea9c55718733915cbb7485a3fea30dea47db4625816518b63d193418e13729,6458.0,0.0013,82.2367
c529f18a6afe66dbd16b92e75de92dd08ae12d9d0874ba993ea6eb0795f97433,6457.65,0.0013,82.238
7e5a1e6babd89ee7259c4a11bc8bd90959bd68b9e179f709e023bad88fd4773d,6455.8,0.0013,82.2393
5a9788c1434d2653d2d6ed7eda409a5af5d196f29b9da89c52ff83a94490445f,6451.66,0.0013,82.2407
e3bf40f5746126c874e583ad68f70781356f868af14ba7067aab3cc41343fefe,6449.03,0.0013,82.242
198d7de9bec67e9dc10e883eba73e9eea17cb5201b6058a173995fa0cfad0742,6448.28,0.0013,82.2433
c0f19debfab6206f25415838fda35993eaf10a996c5006d3b99a5ede5788bcee,6448.0,0.0013,82.2447
bb77b38a71cf008d5db27d9dfb36f1a4f621574f47476b87fe73fb01bcbde2aa,6446.88,0.0013,82.246
b1ddd362ab07aac8754f69ad508f8e27a8c1b65ede476043d11ca2567db0ae51,6441.84,0.0013,82.2473
36925ec4a7f6580a95dc91e791d93fe255d301f6c7566eaa20ea0fcaac0baf66,6438.48,0.0013,82.2487
1a7f7ae2a653351f8183711cd9633c865f3cc6d467b23ead5cd73f136d2fa10f,6437.66,0.0013,82.25
02858890babfa9bddcfa62e2b92b23e139afb3b53d0c3ed970676e1a201829da,6433.5,0.0013,82.2513
9bfd4b1e0ea7b5974db8c1207189ad881325b35359573c114b61cdb1b3ae316c,6433.17,0.0013,82.2527
d4ef230779f0d648059524d91db12720bd7af2b0fe775b2b363e4cc196614820,6432.49,0.0013,82.254
a97087fabca9aa384fd5e64ae750a9b3fe2961129d43c0ab0b5527ebcaa2f0c5,6430.06,0.0013,82.2553
8ed63c433df63e4f521aea8f0048fc06d76d9bbbdfc644f7b66051a071a4faca,6427.42,0.0013,82.2567
2f135940315a97110a02cb461f3f465ced6604d301a02995baac27583ca98e23,6425.19,0.0013,82.258
36dcf7b1a904c83b6c3ec5a58bb344c336853590f4e6bd0e8ebc1e437fd580fe,6422.41,0.0013,82.2593
ed82da2c0cf5bfff6ffa7a20c7cef124d5d12c86401c00ed30bed1becce962ab,6416.64,0.0013,82.2607
a990cb6cac776aef7e411c8fda7cf89527c8f015d6d8204cecf44aadf829e62c,6414.0,0.0013,82.262
8f4780e889559e0574e30b0491f3bc2d9ad1b1ad3e1c204ea66e3cffb82dd1d2,6413.0,0.0013,82.2633
b4e9409a0be4263874d58a5934316d57c46b2bef781607c06e695db683461a40,6413.0,0.0013,82.2646
6f9663af51d203ab340227496f374c2677e87554d6cf22d0e16334d6b48ec9de,6409.9,0.0013,82.266
e50f678bb6d2453b3504aa664bbeee2cb90a5c7eb0ea2c68cb7a04a002633b8d,6404.5,0.0013,82.2673
067b4447a274d09166bf6bdef7a5a375947545e38af2da9c0db10d37976f7663,6404.19,0.0013,82.2686
ce734336df8311842587e7d803dc883ccc4e5f67f5b6eb3333d86193669090b9,6402.83,0.0013,82.2699
18a900bad3020b364b25c6b9bd70420b0d56200f462286bf17d4d97d5d772095,6401.6,0.0013,82.2713
85e0090f3ebae223172e61fce32b888aa91ad2599d7a4e99dd5499793877f150,6401.18,0.0013,82.2726
f0b97355c5aea534107bc96d42ab627130f3bd8f12a2dd75f753af60d93c9b09,6399.21,0.0013,82.2739
cbd31cfbfe00030cc2165c8d6d71545be1c2c9f3d611a705bddda024ff2b0625,6399.1,0.0013,82.2752
6d0e986a867fc042ecfb64878c0907f044916ecef318a279614cd24c8822339f,6399.06,0.0013,82.2766
0bb23bd0c00aefb8fa7ba38d12c49ca86880b8260c7ba76293f019603c7cfcc1,6398.89,0.0013,82.2779
baa21ee8c93f1d626d0286c968bc0bcc684d0db0f15ee3d3c04a6745e4b1beca,6395.32,0.0013,82.2792
b24b46dd9241dbb651242af61746b5c046aaccbc739bbed8eeb1dccf2139adfa,6391.94,0.0013,82.2805
9102c58a69ee33a2fa0864446a78341934a0b2b8939db7afb6941ee84ab57c29,6391.3,0.0013,82.2819
44c49f7b1326f1cd5a7a060f340173892b78514b7140cf03732aa264003fd3f2,6388.99,0.0013,82.2832
abf0b43ce61cf7d9d69554b078cc60b532fb7aad6d5f255bf47f9808fe4dd49d,6385.29,0.0013,82.2845
1e5e53ff46af0838b553316f45d5fc69f875c2e5233ecd039956392bd4185d8b,6385.28,0.0013,82.2858
1b69a634a26c36d05c7c90597db4f8356e71a745785eaf45a4e95d0f41039e5e,6384.3,0.0013,82.2872
6a95e560981cca04ee833e9db9e17b3d62ae1339276d966c269d8e58fa8a8bcf,6382.0,0.0013,82.2885
2721b20e12b32d895ca72c77a76dddf9f3e27a1e3ebc378edb81368e2672f4eb,6376.0,0.0013,82.2898
971a41523fa8daa92c358ed6f8fa2f22b942bcef47afef8bfffcf05927ce7df9,6373.54,0.0013,82.2911
c1b48fe144abb216472ed430ce729dea72faf3b6474b4b2d4e692e980dc25409,6370.6,0.0013,82.2924
a91959491be43598bba97e7be66447c461b86bd1cc0bb54dcad3db3f790f34c8,6368.82,0.0013,82.2938
7b41b1e5f6a53c5df16255bd3f3cc079071a2856c97a4e0427e1f8b088f9c296,6368.08,0.0013,82.2951
59865368ce67a4472657f290d2d6560f5790e06bc74de6be589f3d2962adbffb,6366.94,0.0013,82.2964
a75284202247b8c47985461e72309ba6527f6a092cf2528f5423700980fb81a5,6365.07,0.0013,82.2977
5228e71a57d7bb3ea27025ecfd9d271b4ca275b57f28d2384c3ef58c2a64f757,6364.67,0.0013,82.299
5d11e888fe109de808b760145182ae9475a4170220ad965e9399ea0123132dba,6364.41,0.0013,82.3003
99d8ab45964c83085b8af5a9ad9bc9f4c38be7cbe4308fe16fdadfde141adeda,6362.61,0.0013,82.3017
306afb09fba8e499401b6326b407bf7f89580597f924237c45003fa1e26cf27f,6360.14,0.0013,82.303
ef4c8506733c3f7395988cbe9e8dd69afd1334f9c93e6e76429d7ef785565b85,6358.07,0.0013,82.3043
939af64abfdc9f26003beb4fd5259a3e74c1b3f7eb33ada2951e409dea3723ec,6357.77,0.0013,82.3056
c0e9348083bbd58b61cb15988ff247a1f129973147771a111ea9fce5c45e0185,6355.0,0.0013,82.3069
7d9e05fae6023267181d04187fc191d218ec91dace8a6ca4a6f68dcd04721db2,6350.11,0.0013,82.3082
6839a0d066489b722a7a6d3338b61e2ed0e73b5b19fbda9aab1d4a4626799e80,6348.19,0.0013,82.3096
a7f3c453ad5073a3c4e39592f402e19c5e90027153132160fa5a82f6879f0128,6346.76,0.0013,82.3109
860f484eaf4412836c28c3226583d25fa6caa5d7b963e72270e73bab3de6bdb1,6345.79,0.0013,82.3122
969d529d53d566eb9d665e6706ba8b8ca7dfe8b9082514788b0190d89e216502,6345.63,0.0013,82.3135
952a2518a0604431838f17160f7301cbdcd5455e2797728cf489b0f836eb2d97,6341.01,0.0013,82.3148
a20a310b4ed3f26a3e6c9e179b03bcdb3f831671b6689c0d7ddab51a58ed7319,6337.0,0.0013,82.3161
9f001c13e4f02d3235deb13f16b72e69ca0980e071812648e87fa7ba79632928,6334.56,0.0013,82.3174
e7f90acc13206a09b149f1a9a6a5e370dfc75f35af0d0ffa8d302c971521dd12,6334.0,0.0013,82.3187
f8ecb9192653ec258cee457445631566b3e0e42f2972b542d913ef408aa2ea37,6331.25,0.0013,82.3201
7275729eec70a622e2ee5578188430ac982fa3e978fd3a9d7417388d1b84548c,6330.35,0.0013,82.3214
58009946159e95ee598cf5fe8bfa3161a5131354b46ed23ba09ef2d4962777d6,6328.0,0.0013,82.3227
a90a35932deed8dea3e862fb33bda257f9e7a74fedb741be6637a4df4d8580b7,6323.86,0.0013,82.324
f5af60a4325d07efd81198475ee56d755a6e46b3c4f5634ea7dec118ce67511a,6323.5,0.0013,82.3253
0114ac59b940fc666413df099efc296cc53fcca7b7e4e4bf7a9f50b54d66e6af,6322.58,0.0013,82.3266
989ac972f0a3adf1a9106cf867cf0d7bf0ca6b07bcb9be3b5dd6db8714c118ed,6319.47,0.0013,82.3279
5580a34c4e4f91c9d55273642277034a721af065445ec59dd53d7ffdcf9c560f,6318.0,0.0013,82.3292
2e0d344bdae97518378f876de4d6d4f3da97e27b473155272d6f4c03908904cb,6317.5,0.0013,82.3305
34637ddbf945bac3201585ed3e21cc1d1d14e93fc26ab7056e76d9dc35fc1669,6316.42,0.0013,82.3318
6e461f35dbdd5537049110db9d13230c96285a25bd72e15124777efcb511e2ab,6313.1,0.0013,82.3331
325204479b709511bfa5ca68013491da7bb364c809bc99c050dd0c45e3a131c1,6307.16,0.0013,82.3345
dc80c8d52a337e0f104f9697b51de69cd670f9fd9f32ef34ab941fcc11fd8043,6307.09,0.0013,82.3358
9e161c624108e7f25a0aefe7b612a0e12e6aa25c81c8e83a76e78a225fa76fbd,6306.4,0.0013,82.3371
d04babcc634473e9751e1dae73d84180eb778e2c92d1ea32810e3866ca0af465,6303.24,0.0013,82.3384
e3ae755ee432780b7d4d126e3d8535ca7e32b085bf81b8e73b1846d2015befcd,6303.2,0.0013,82.3397
dcccefe7a43d3183a1272455bd823ce4ef045bbabb6383ef38b900d7af644e19,6300.0,0.0013,82.341
fce762419b7a98fc61c8922829f3b27c6fabcf804d77e398c0939c8ecb56ca6c,6299.29,0.0013,82.3423
3e3bd885581aeb0519884ac4ee0a3b8656a92dec1ea213c5d37bed9a0a7bdf37,6297.45,0.0013,82.3436
e72180dbe754ecd24789caddae6197eb5af762381c3a9ad44d126bddaff28e5d,6296.26,0.0013,82.3449
4c49d32f7ff750f35fe22cc4ecefcab0c60347dad78cb20040e274a7e6dd3856,6294.75,0.0013,82.3462
e802db99a2abd83f28ab1bf96946096aaf6710dd7ea5adb396833289caa2d199,6290.0,0.0013,82.3475
4d46fbee28b6c5af286ec080fb500c495c0860077789634bc310170134f4dd3b,6288.68,0.0013,82.3488
08598242e4106c375e3fdc74c9587ed09bc2ed602fe2ab06873a5101842b5d4e,6288.19,0.0013,82.3501
f7e5073bb0f28a0296d517dd9a964c360f12cd5593b602213ce272a8e65016e4,6288.0,0.0013,82.3514
ca9be5d23d24b8164c9b74f85ee987e0c6ca1f7cfb558b9b72202afb37b6b442,6283.11,0.0013,82.3527
e62f07c371eb759f7bede83c9833ef6a3d75827ca8cb948d512cfa9196a16ff8,6281.18,0.0013,82.354
dbf18b398d4dfbd2481d96b4e9929ae82c59b1c729a25b1067b221e15a8e9032,6281.0,0.0013,82.3553
e372ff8df55eab6ffa49041bd628945a71fe43aaae3c5f7fd6425f82e06a148a,6277.5,0.0013,82.3566
f99331ad71c2f1db904bdb77f1fa8ca41fab6653f2b20427ad927f30e2680cfd,6277.15,0.0013,82.3579
880882d8f295ab9ac1349ada75cefcd3d5d217ba8e784512f89cb950f66030e4,6276.5,0.0013,82.3592
ffb8f9883573a307466c23ae713e0c1673cfb07aa4424442b370c3422af98fbe,6272.42,0.0013,82.3605
3b18215bb2c46910f8032a9abaea14afbe4a80e0305a076c80e7d07243e883d2,6272.02,0.0013,82.3618
fcc38795dbbdefcd3891151009dd3b7580aae8e58485722500266e0677230e11,6270.16,0.0013,82.3631
6766296ab285e8bd8046ede37914e23ef6e6b4c03fd5778de79d05d0b38df821,6270.0,0.0013,82.3644
be86af71e3fa306f4e6e4382a68b1e5b813f2d380867ab2b1876ae5d483e2d9e,6267.79,0.0013,82.3657
c35d14c1b8f97fb5fa6ee241ab0640ff642b73d3d54c0f0618d7e44ba0a6f5f3,6265.35,0.0013,82.367
673bc60183127856c783af1d537f27a9f99d15bba739c31e9f39fc0f996ed981,6265.21,0.0013,82.3683
e75378b6a80562d8429a6c255a4ac16c50f27060b2cc35e4db125abae2461cc0,6262.75,0.0013,82.3696
146d160fcdb187fec5721c0e666b7828b2176dd9b03bb096c9365731fdc8f24a,6261.67,0.0013,82.3709
c4fe21b9fc09a065b698d0dc0f5ba0c23ca8142f645a2f1c7d01f44bdb95549c,6260.6,0.0013,82.3722
8a2f3575f3ab6ec3d3782f92a3b32e68dcab5fea62e7055c8ac8354658780de2,6259.5,0.0013,82.3735
23be8887faea9235ddcdbb53e3c7ff285d37761d2f12255ff3787551de85115b,6258.34,0.0013,82.3748
50bdb90822d71bcdd3addaa025c0ac52cd831a15897e7074af41e1824687929f,6253.25,0.0013,82.3761
f0387c56147f97a7337696c25c4f6ff491db8f11c66055a661128f2dd483727f,6253.23,0.0013,82.3774
11c15f0e44a68d4a321bbd78a7df43bb89496fd2633524e87a3cbab13b28cb3e,6252.94,0.0013,82.3787
b1a71232ca0a253ae14e9bb0261f81bc5308279397df6535765ed965822078a1,6252.85,0.0013,82.38
cfc57f98ba8ff1b83bc0be09d7d6576bfb5dac71cf813690998a52cde7d2251c,6252.64,0.0013,82.3813
9cb87c2e6f747da998fbdc8ffa4842629801483e076a3e764218bc338395e217,6250.88,0.0013,82.3825
4f3dc22203978f1ef0dfbf3344c1c10f9bd3af9f547d528467e6a70f2ca702de,6248.8,0.0013,82.3838
2004e3cb777a170c4ea032d6bb8c790bef3d0dd37f77809cccfffa046bdd41b6,6248.75,0.0013,82.3851
e7bac473abdbd84a6c04f47315daaebdac5db5340679c338e0bce3ca7acac435,6248.07,0.0013,82.3864
2b7063d1ddb19b54674c4b7a25cbf30442f9f67ff3de7f9e345d9618aa7e5e74,6247.5,0.0013,82.3877
fe2e6c846ecb4e61b485644b66f3836f378cffcfcb58089a4145648d987d8f2f,6243.1,0.0013,82.389
d1f9f8b2e82a99f1b3453c136a5b828ce71be127c7249791fed8e50efd27c91f,6240.54,0.0013,82.3903
c68163f48e1b7b456fdaf287804c5cb00b45c07b5bda5e1b8be3c897d0018088,6239.89,0.0013,82.3916
f84d43bb35eec9c70718b9d10e7b5c0d7c638efd88ed5d310c2a720faba7e410,6239.66,0.0013,82.3929
131b87de5b27b32a99469994292a205e2303715bdd75b74755c5935aa4bfef7b,6232.0,0.0013,82.3942
231f98b3f721da80813b37c9dda034b012c6570f7d9b1abc29cc74d6b407ace1,6228.8,0.0013,82.3955
4264d14f1264634f63d6c3532c40267ce471099bc8018eca3e6fda70957efe22,6226.73,0.0013,82.3968
273d22eba3119e2164bd06d979d86921314b05e62a3e26f87ff18be22d30145f,6226.45,0.0013,82.3981
d5de139f59c2e537cb19c93cf78f3faf06d92fb3896cb419302687a8ac30b4f9,6225.56,0.0013,82.3993
0d88e60953c4139f462fa115cfae2b1d0e2138b2b4e05409209258a1f610a7da,6223.48,0.0013,82.4006
8712abe4cfd704fdc92730f2433e1859c6a853771900d44d4b76256afe02de46,6221.94,0.0013,82.4019
9802760b30281621a219b1eeec592f51149b9deb87e8c35cd2f5dbcb5e0881f7,6221.43,0.0013,82.4032
64789ccaf6cf22533c561fdead6b240687a72f05b24dc4ef39ff81369b199424,6220.7,0.0013,82.4045
c4605260cd40fd6e68915a2203eb434c62897329356e8e677e7faee364cb63c7,6219.84,0.0013,82.4058
d6723fa996ced47773f2dea29cce9b11f951e6dafe321a84ac7d32791c3b4660,6218.83,0.0013,82.4071
33fdf3d93f1377db8f0784f866f320359088e4eaa15bbe6a31c342a78461c0bb,6217.52,0.0013,82.4084
821f9161588f3e3da9008ecb0ded18fe126b4fcedc24ae356e38e7bd76b0b1f2,6215.61,0.0013,82.4096
f054fd72a8e4a2cdab00ede6067b9cd71739cc9556148046291b8c1d2b83445c,6215.6,0.0013,82.4109
bd3af9f902708d410a650dff65def08678b7e046db47b5f71cb2deea7cc449e5,6213.41,0.0013,82.4122
723a81d33f58bd33cf7db49b42592aee433b77abd52b1f05cfcabd43c67a20f5,6212.36,0.0013,82.4135
b8ed458dff7a6a58b08e5497c1ece660ced8b0a82f97e40a846d18c9c7fc6ae5,6210.81,0.0013,82.4148
350b85f0bcb454b591594fc6fb95a5e2ff2791a6238b5c7ae8a8ad661779c6e9,6208.16,0.0013,82.4161
cb7660633a38cb1b7dd05c486418b84e3aff148a69faf13f30d15ee523cff829,6207.03,0.0013,82.4174
974b06badaea581da8265b3027ac6e0347e5c0084f8ed6eb6c57ef2c8e5e8f60,6207.0,0.0013,82.4186
c06712dc53c3eea83051beab7eccd2f7324fc96678df70d81d18e804c5f8c0e8,6206.44,0.0013,82.4199
319980ebeaf4fa7dac76855217dbc1098e158042ec32599e20b417ac50ac8def,6204.4,0.0013,82.4212
a1c4525abad0c04816eb788c8d37136c9e03aeb71983a85104ca2bd4249a3544,6200.0,0.0013,82.4225
1eee0bce475f0b2c8f2d696c0d7c63faf2490b39167afdc47ec830936d41793c,6200.0,0.0013,82.4238
0882c249dbd516815ba03034efab40c598e19c9399e4b2a73273316c98071a0c,6198.5,0.0013,82.4251
dae9f0c22d759c3f93704a1fee8a7cf1e51e4dc3ac0cb55a9a708ff0e796ea76,6196.98,0.0013,82.4264
19acf88d8cd1b703d52f9680ee65e58dcfee375355f4b774ae411aea1eca49ff,6190.95,0.0013,82.4276
5bd61b959275012e132259b54c1429be0eb1b0be112f3f91298bad5db8bc531b,6190.51,0.0013,82.4289
a98f7e9ef0a9d7825d062f156507282949fc705786f48676429b397b743dd8ca,6187.92,0.0013,82.4302
6c3f6f5e255115edb3f8c183a139cd7113ab61e17c060a605921b0b0163e112e,6186.69,0.0013,82.4315
47b3a1f0a221d2b9aee6b834f925a9a223bfbaec2b4b80baecb48d7e63bbd2f2,6186.62,0.0013,82.4328
e602afb546a2fa41ff158d6bb9c6ca7556eea4fe208f9f4f4ffbd864bfa832dc,6185.02,0.0013,82.434
b092c6e63cd58ae840b7c1374651d2f2484b8c38038ce4c0bc157c1fe5f583c4,6184.83,0.0013,82.4353
e0b97d59e0dc0cc55f68b72972e610a677e6d496df9bb21b6bca9fca365cafb9,6177.0,0.0013,82.4366
3d049f08a6519ba55e7afe9852541cce063c17aafc54a60d9250119cffe2a071,6177.0,0.0013,82.4379
e7d5d2545822b26f22c48359d45e37dea31af24a29fcca0902889330658eded8,6175.08,0.0013,82.4392
f9a13becba735403d950d7d02d4f140c05c5fd835bbadbaced628afbc978d405,6174.44,0.0013,82.4404
b6c938740d806e6d900cca348838875c32eb3cc4602cc91799887c18f5e64ca5,6170.0,0.0013,82.4417
e80c25391556d1ee48734d26baeac9258a76d329d61f746def9c61ba99bdaddb,6169.0,0.0013,82.443
198df6a7ee741442bb02385c0c05f0d05501b432dda27ca46bc1d518c53c755c,6167.0,0.0013,82.4443
cfe72d2fbf176c99a443898fa95ac5cdd17211253734560801ae36dfbb2da7f0,6165.15,0.0013,82.4455
2bb13ad33731b0bf28a523fee6e26ea8a918eea5bdeec4777ce7ea09cd0ac8e4,6163.39,0.0013,82.4468
5b86c21f4564e1ae75bbd7abf089922c9424d613c76d95f76e6450617b8b4019,6162.6,0.0013,82.4481
a804a07cae0cc004555f9470fffc3849b623e9bb9d999b9a7c45e421068111f1,6162.32,0.0013,82.4494
4dccd038211f694dfb1ba8b30a95da998da4cd0ba5f0a0528ab78b1df832dbd7,6161.13,0.0013,82.4507
a1cdc58ba5b97a8f06ef9def723dad66573e4d4a2b424dd0b7e9277227c72792,6159.74,0.0013,82.4519
e14c1d0314d09cd74aca61938b43d3ffe9c7d8c26d43a1d8d6a59e2851919ff6,6158.0,0.0013,82.4532
b7630601b4f763dbb1ed5a9c289025e75ebef5a3b6a05e8b778ebfd33ecd1029,6155.54,0.0013,82.4545
aed072b25c4c8108654c24b9fad43a24aff83cb2ea82b1e50beca15b358f89b8,6153.74,0.0013,82.4558
41887687fe114b8a7474a11f2b4e8d7a451eacb1b5c7df9d28805fe5afdfd75e,6147.56,0.0013,82.457
1c0f9f304c5c0f54c6fa2eb869237f22ddf186758588a6317053472440979db8,6144.66,0.0013,82.4583
e79808d65639a95baf9c15ea4e20e25782367be2c10b2c174c16d96b1db4d798,6140.41,0.0013,82.4596
fcba3c32e30148b4a0c5db6c0a2c8e738d2dcde3af690cf2db6a646dc31a00f1,6140.0,0.0013,82.4608
a532a0c63b3acdca3e12efde25459447c6ed32e1c88f4719600481fc91ae2d2a,6135.77,0.0013,82.4621
2d1690d2847ac88df5d5d190fb15e7bd36fc3f468123c54b9e79541ecd1b3b55,6134.05,0.0013,82.4634
a78f24cd909f272a5f1c59cc8f73ebbae109a643a6cffdf16b4537d4b51b560a,6131.0,0.0013,82.4646
e8d6d5f9cd5ae3fefc2d7fe68e0aa52e01766b87d89c5941a6290a2dee56305d,6129.67,0.0013,82.4659
2d431b19477be5bb2d4097aad92ded99f2c0dd3886677071b533525d61cfcee6,6129.41,0.0013,82.4672
5a3c2b2fbae88f1570cb7f97847fc386f68cfb32aaf1ba3e094a74faa80be43b,6128.42,0.0013,82.4685
ae76a22639872fa060a175f3fe8d64eea596d1ed4fb663b54e4b95254a3d2b3a,6128.34,0.0013,82.4697
1304085d4b01513bb6576c1b5e062393fc388c29bd3a89d1ec6625cf38e67968,6124.64,0.0013,82.471
0723ae42cc538af502ec1f9a24d87078b63378692f0fd9c42e3f5f7246915a2a,6120.25,0.0013,82.4723
9f275516e6f56c4d62833c5a7f99bae2c758b8148bfb691893d3a61ced02a288,6116.19,0.0013,82.4735
50b32a153348534f4968495b4185c3cbf961dc422018b19949789ce85c8477cd,6116.0,0.0013,82.4748
926c9c773c338b5e6276a811775c1077c3ecaf7aec2a47bec495e852c40ec5cd,6105.11,0.0013,82.4761
87db3f6629b53222b0ab7f145142565f273cbfb30562c713e651ab793c742330,6102.0,0.0013,82.4773
cae7e48fcffc286c99962c758fffac74a5680438d306c89edadf44a52cb3fc0f,6102.0,0.0013,82.4786
afafb5b1296d7c9d54d6b50401c1f1a8f67c8c3579e05b681e48b68b9a3b049b,6102.0,0.0013,82.4798
ee5dba65d2082e271a76b7b8c596f71c0a3612766c7b14f0617f221dd5e7bf2c,6102.0,0.0013,82.4811
ef9de8675cc5781d07923f27ea4ef969593ba5922cb35d2df90238ef8cc62b64,6102.0,0.0013,82.4824
fdddba02b7112af43e6ef2d9148c5c38a11753f600a0db11b9437881fec86aa1,6102.0,0.0013,82.4836
64f6d441ae8fcee99edda47de9b58ec53cc331744ee1440308fac74615394748,6102.0,0.0013,82.4849
4c0216fbf41e114f5c12fb0cd55d9decb14050c3b4d5b5d32a55f883a4eb4695,6102.0,0.0013,82.4862
4ca89fd23e9bfc4d5111c8f502449db3a9057105484a9459bad2ad8a07cd3ba8,6102.0,0.0013,82.4874
191ccacae9fac62ecb1d86e8167838c2bffaf2cf09b0e8839b1942962fca7225,6102.0,0.0013,82.4887
7d9dd799fa0a39ccbe0c2c40733fa70a170123b0352173855e99b9a7e2bbc83d,6102.0,0.0013,82.49
73d927604a397d0810d68038d883cceb5c6fc906c455e82bf3a77f8238ba2fc0,6102.0,0.0013,82.4912
24aa5d3e5fa0085db85e39d0e8ebe0a7c7d7fc6dd5f26a56c60103505c4ce6ce,6101.1,0.0013,82.4925
50fb4a9bee63b51141c2b32e42251d1f88104731d1a7b73ff9750626227d7f5a,6100.81,0.0013,82.4937
3b2c3efdd2d15ec0a4574b0f6b1b78d89715ad0c1fd550c9025f82e8f5db7934,6099.14,0.0013,82.495
05b6f365a15a1cd57e0ec00586341e766b9c1e2e82b668204ba8d81e257219e4,6092.94,0.0013,82.4963
35fb9c6c3ddeaad9424624ad020ee801b6aeb43f282e387d38b18535256ce59b,6089.73,0.0013,82.4975
06074eb267c15d9c14f64935c928bed178184bb42e940cfc4ef804775599dd8b,6085.79,0.0013,82.4988
2dbfbc867e7f5488848cd0d4785b3594569441d321e3bca0e6530017790074a8,6085.41,0.0013,82.5001
fde9243af9154183179e1d2275f1772d88f264d69695457c53fe51069ba6ae56,6084.49,0.0013,82.5013
7ff8a0eb3240cb5f15b5883050234c9805784124be85669d857ef26acd3134c5,6081.43,0.0013,82.5026
8a958382ca40bb17b2e135d624308fca0b0bcda0ba2c3c12a14793dfd981c9d2,6080.0,0.0013,82.5038
9715356548755e7f1517e7dde1a5fdc5c70a51d0829d120f188f462de20fea83,6080.0,0.0013,82.5051
ff44a5a006d2970c4aa88e7b2747408a99944895aa73baa17b722aa966206e03,6080.0,0.0013,82.5064
b5137fbd1038402ef399f722844eaf2415fe5ed2d0093420d4d98c311cf27a31,6080.0,0.0013,82.5076
c4f0b5683f158146eea5819fe96f20c97dee48ceda9c66e9eb46a96b81c7a2a1,6080.0,0.0013,82.5089
44055bd56b7816641353abbb0ccebef1431f2c8e5a8b1a3ee0174cc2deb8504b,6080.0,0.0013,82.5101
2469ff71c00cb0af3fe853a7e7eec62bf3671c90d9c5bbebd8a5f88b0953232d,6080.0,0.0013,82.5114
e1b14c2abd56d9da002c5d9d9b12b15c50bd94e6d6075953825d58ec4810ed59,6080.0,0.0013,82.5126
5803d6c5133971f25f658aedb47aeef5ec85c24db61828b1b8885d26b4a79db1,6080.0,0.0013,82.5139
73db694a1d2f89b232e37b32562156fa91bf963e6271f697a90280c9c79f1a0f,6080.0,0.0013,82.5152
d7bfab99cec0f784227f4eaf414fce851d502fd35714ba661ac4282381f0edc7,6078.7,0.0013,82.5164
b257af3e1f2db9495dd3ad1a4b268649cbc5065088993d9530795bfe4a1eb300,6075.79,0.0013,82.5177
44895c9e0002f9b4d0e82bdb70f1bb33a1ee3760606ed644d1304fe764f49872,6074.6,0.0013,82.5189
90ab0b71597a8b93c997091a85f9de8c3e68990d9951fa2bda8c0f11631a5d58,6072.22,0.0013,82.5202
342f9d48a81336aa124e5abdf691f50b13b1d187c0386d0bed3e0153f6bb889f,6070.81,0.0013,82.5215
41027650226a12fe1e7604dad654c872664bf6286d44d78bb29e007e0d28cc4e,6069.63,0.0013,82.5227
c177f967bf0898fc4b874dfb4267aef014be671b321eb171c51d0765a3732652,6069.59,0.0013,82.524
f4ceb83b6437283de2f77117f9a58a9c23d075a0ea427b63b2b85b792150d04d,6063.03,0.0013,82.5252
a633741b0b9f891864afac5ba8034ca18e973609179ffb479bc04973f569be64,6059.16,0.0013,82.5265
3d171d4c4423b6e6c366baf0744a8a55886975be18052c8416f0847c37d676e8,6058.96,0.0013,82.5277
384033bb6a8bc244addecbd76c22764eaa60884f553ce7b192ead6467e3c8762,6057.59,0.0013,82.529
23beed9fa4b99366019a40e55b8fcc3306915ab22d1790c5a4998ac7d49a9402,6056.56,0.0013,82.5302
fd16c39ba461a6910521d0e1eb0c76d810f9ea99c14d1536d0d209191ef89a4a,6054.9,0.0013,82.5315
454ab7efbe283b1e690291d28a816c133323bac9679529986574b2151f6dc5b3,6053.72,0.0013,82.5327
8fe722f65c143e0c38d8abed756fc97a63a8f5db51c2b59bac74471dbf6a6d82,6052.26,0.0013,82.534
ef29e025c0fa69af5bdfd18bf1f105dff2a73ed11bf6ef9f136013682224a6ae,6051.86,0.0013,82.5353
3e3957ce5ed1a1d9d9d02b1551145c6d19dcea89b69b5381e00d218b7daa19d6,6051.64,0.0013,82.5365
53c5c5d276d9bcf89258bae0e886a316360a3218f813a024f7d16fe1c035692f,6047.58,0.0013,82.5378
bd01c2fab1254d49319e7541960e95b0033287ad7b7832799f7658c30d52f518,6046.0,0.0013,82.539
c5dbc0be3c503525ce638d402ef61a6f3f3d2c87861caddff5e0e1e3be7c2e25,6037.07,0.0013,82.5403
1933c3f5f1643216b324191b6b12165283a350d56cbac08040915bd46d7b26e6,6035.61,0.0012,82.5415
b430a7a0d3c8a23f140cbec4016b36fd4b3fd94eb8e86b4d0a8183944c5dad0b,6030.44,0.0012,82.5428
41fa6c4c04fbfdad7e7f9963fdb395a05d6c7f00c1ff963359e6740275f0a41d,6030.21,0.0012,82.544
19bbb37bc27e2e719d299976da512dc6a1e895fa5ac4412779023187dc0a3bbe,6029.35,0.0012,82.5453
fd02c467d9787a7f15e7dea15805fdd4d9dce4b421db790e04e58373b8fdcbc8,6027.72,0.0012,82.5465
55c998a6e83fd913e1eb24847c783665b458ee02eb8f6732589c24f683cf50a1,6026.8,0.0012,82.5478
83036104014fed7f967d77ff10bbcbc71d446fc314cdc0b909978841d25291cc,6025.81,0.0012,82.549
f1bef0e44a6174a2f25e8929510000a710251387bdf9ee1cb4450c372ac7bb31,6022.4,0.0012,82.5502
0631672b0ba9193fcb4c8a3d67bf31a3686526bebf4a921eace13f2ac25ebb45,6021.8,0.0012,82.5515
b3986e4c188c49ae62148670680ad5ace3c2ce5f58ca7b9002b41214506589d1,6021.34,0.0012,82.5527
14e1a5cce7f4da9539e3c5fc916eb6fc7c344b8d9945b848176e1b5cea3d0a59,6019.47,0.0012,82.554
4dcdf98ac292f06cb875164f078aabdf2b5dcf032856e64d087b2e8cec724ca0,6018.0,0.0012,82.5552
e25a5ef7ae33ee0e289c768d2aa3e740f48ee7d7573d7ede415a6916256168b8,6014.22,0.0012,82.5565
58582b42d24fb8f6ca00508b46bff1a6dc5378789fe008fceeb9ae4dc0009177,6012.93,0.0012,82.5577
c4aab82b1ceb4416ee91f0282a6799fed1cc87921eea326b85bbbeaf296c3523,6010.55,0.0012,82.559
ba38614cf91f7bcd7ecb5d63720914be95311778b72563932028897958ee4d8c,6006.62,0.0012,82.5602
bb6a7b004f000e3e9efd40272d3a1161039cefe6704f765156aaf586a3933f8a,6000.0,0.0012,82.5615
bd12161c875df90e1359a12df822b9bdd25f91785b8dce33c01df6274cbab645,6000.0,0.0012,82.5627
f2a983b0e2f06da4013b62e050ff56fd489b59ec1f8d2c50e3fcf37459354c7a,6000.0,0.0012,82.5639
42183749483ff0b5e691718c9e1a942444c4fd56368f6318d12e37cbfa7784c7,6000.0,0.0012,82.5652
c781f58b1117e5ff43dcb0b63561da3bd3ea36f6f41f693258bde715a8b309ee,6000.0,0.0012,82.5664
1b9fabd83f2546061949b898736eb718d549b04efa0a9ca2d1d0cdb0c590eae1,6000.0,0.0012,82.5677
f9bf74f2abdeba8fbf7c669c8657e6f57b742df3b4780e97fb9330cfab8c66f6,5988.32,0.0012,82.5689
a9cf1f2513055ce73bd3c7a3f8d1492eb883a058ddc79379073d04719fd8ae2f,5986.91,0.0012,82.5702
cd1e2ee171c9e0b3c6d5201f497f81a67e73ad76ee2a7b12718c6434f16eb848,5981.87,0.0012,82.5714
487a5ac9e232cb4f9ed19329a14d4e34fa039c0a3340b0cda368e1096931afa0,5978.87,0.0012,82.5726
b7d7fc2fe91d9eb81f7ff37a55b1ca10840bb52deb361c84659da0d70c50e502,5976.0,0.0012,82.5739
52756741c699c2d6f06305262b8507f784f4c43ee68b42dd3036c527d98d946b,5972.43,0.0012,82.5751
797d19556945376c07d97c32e668ff477285854e2602c3089a78d6bd0f8329ec,5972.0,0.0012,82.5763
0e04e1c1b37f0810b65f4a74b87cadf1c0e4576b707a4abee8f1d3c3a9c50962,5970.78,0.0012,82.5776
d09856b208e7bafff538a7b38d44f8b2a5d5786b1f78471b79824442c383179b,5969.51,0.0012,82.5788
7501f4c495fc8cd00f767fc999cee5d417a8b4d2a2862ac81f56548177a9ae0f,5966.0,0.0012,82.58
ea5227538c327219b15959ef0b24592feff90667cfa6fe73ae0959acf9585f4f,5966.0,0.0012,82.5813
26d9f38238eceb8dd93689722ec2ef56e54b0d566c252c4c51a41d8c1271dbb3,5964.0,0.0012,82.5825
32ca1c715c6973686e9f1561eaa8f2f9d2277183ed0234633c09f812a345df76,5962.22,0.0012,82.5838
85755345c98d2cb6d3c0ffb044167b331e87e30e2e382cb93783434499e299d8,5960.8,0.0012,82.585
5b8150acac038f61d787dd4289d5606437d05ebd222ce2f1266cd42edec89586,5960.0,0.0012,82.5862
a9b1551ac884d8abe800130255b8140633b622bad561c863e8d25b1a35187a47,5957.72,0.0012,82.5875
a0b48c93a6e921717c9028e4a542426458d2a1811fabbf31a40d36720c2d1de3,5950.06,0.0012,82.5887
bcaa3edc4260ae2290ed825ae3e7162d56cfa069374167d15d1e2296cdf3682e,5947.0,0.0012,82.5899
218243029f51cedd27922cae726321cf445cdafa9e72c7b31fe6e1bf4cfac90c,5941.92,0.0012,82.5911
2d0d1a2c48414b1acec59d6a51ca161d8210fb70ea91f7ba15ba0bb883e90147,5939.51,0.0012,82.5924
4c855216eff2ed5a1441e232748baafb70f395050803866fe0253133737cb786,5939.35,0.0012,82.5936
29297b7fa50d03c6fc20de8b40f2e46d4dc560607eb43055a0fa3458430bff66,5938.4,0.0012,82.5948
176350320e316cd5a1d639bcc9c585ca7c9d3763401cbe5431a46657cd446ef9,5935.6,0.0012,82.5961
1a0752eded9b4d63902e9fc832c2059dc249463cee0f69c2b85ca1b71dc5cbe7,5928.0,0.0012,82.5973
160ecfe7c83455a19b767c37ead5c5e522b0396b3058c8e6edeed3b409b4ac45,5925.0,0.0012,82.5985
f086701f79d989081f08335073c95db32fe6c3af30ef1522050bbfa133acc804,5919.06,0.0012,82.5997
0f9159e5f938a5a59b358e435e6986ffd8f6b5ae9d24e5329c9c730f6f1698b8,5917.31,0.0012,82.601
5da09f9a09d965132f616421751850142382d00c438c038aa7a0939a0876cf13,5916.32,0.0012,82.6022
a33f6a84f5a9983950f3ad56f4b72768c1246882553e7dbfbcfa3fced9167f2f,5916.0,0.0012,82.6034
5ec35153e4cda52986bd7ec457d8a6279422745da30173c19d78ae2614bc7e7c,5915.72,0.0012,82.6046
91fce94d65dc38884f0ec9b65a17bc03984804bb0287f320fd1adbdf0f42ae5e,5910.69,0.0012,82.6059
e713ebfecb8b543788ff8f816c58b093bae829fbb80eeb663a8d409d8819bab3,5910.0,0.0012,82.6071
f26e05284568eb54ac1ea4897935dcea40d6e3dd06e06bdd4f5c063d389934f4,5908.08,0.0012,82.6083
3d5653f0bd763149da22639098351e8fbfb35dc2d3b0b3fc7d52b4e55923214c,5905.27,0.0012,82.6095
b3328234e98f51cc0d6b523748d319a1f207512574e50b564d7e60470f254d6e,5903.82,0.0012,82.6108
d4bdac38d2eb019fd04af158080d0603a855daf32b63b13d2183267fc490246b,5900.4,0.0012,82.612
55415eeb63c775292da9535442cff0cc923a284e6da2fbaccc7162868255b426,5896.86,0.0012,82.6132
b6059dc7f998d4dc4f8b00be64eb2c896717790d1d1ed801f2359cfc4e3f8001,5895.44,0.0012,82.6144
410b9c09114ebd1705c5682c86a8d4a6af415d728bacd22842754e03ab0edb57,5893.51,0.0012,82.6156
c1e365cd915a020e2c5982e7f33ab9c17c321d3f36939be925ba091107bc0539,5891.6,0.0012,82.6169
bcb292afa1a2610c47f4bef44927940644208487fa1e666329e3d9e3d4e9216c,5886.79,0.0012,82.6181
d63605404213daeb2d2d1d0f01c52e31a98a6335f2682058050f020eaefc2504,5884.95,0.0012,82.6193
da70dfa4d9f95ac979f921e8e623358236313f334afcd06cddf8a5621cf6a1e9,5884.36,0.0012,82.6205
17b4cacdb099809dc9efe5f8f03032fafc9dfc0596f50b9be8fab8fcd49402f6,5883.84,0.0012,82.6217
1a9a77c40ff18456563fc15adcbd12de5887be7bce3fde73b661c0811f5772ff,5882.38,0.0012,82.623
f9ee346f718f4635c3e119de67300cf4a6fc421e7e525449355c6bf033a29399,5882.14,0.0012,82.6242
0772301aea06fafea03c76817d6ac17cdb8d0707bf224fc839150579fe7ca8f3,5880.2,0.0012,82.6254
04fa71ab5b15617316a52089e4c36384c2086e5bcd203169953d8f3e50f520c7,5878.62,0.0012,82.6266
389101acab5f945a3e88e047beb6bffc08f2003b13cdd3ccc9630862417d6900,5876.22,0.0012,82.6278
dfb2b92c3969708ada8433fb7ee783d65d168349e400cc50dc49a37a47c22158,5875.78,0.0012,82.629
458924450bdd4cc25f744747adf7ed5a484844f12db0d7e849146220c17b484e,5875.0,0.0012,82.6303
499170b872175f5c69ebcff74d7f6ef4ed77816f221dfd37fcdc2e875c73b1d4,5873.66,0.0012,82.6315
6a2d13635cdaaa31eb445158b8929486d1ba00f591a756eb9e9b6489aaa0049e,5867.7,0.0012,82.6327
f355623c9be213a563760fe48ce0f1e40ff9ac5b6376d3dd11c7a2a46106c0c2,5865.79,0.0012,82.6339
e0477df3fb6698e2c124fe6386a942f68a9134276c9d3d8d17d9738f227498ef,5865.35,0.0012,82.6351
2378926a9bcc79f385034655e9f4e1027eb6ca96cfbfb872dcbb5d09dbbc196e,5860.0,0.0012,82.6363
80bcc4b7b3f1fbcbfa713adb93037317a595649b44d04dbaa0021bf386284348,5858.62,0.0012,82.6376
cad9078078f800f6a614eba63d04bd82eb2937fb34e681988e65523e7e97adfb,5858.0,0.0012,82.6388
4ef5d8879afb4618f12991d3b33dcfc699381295263e2fedbe4b738e9d966bb0,5852.76,0.0012,82.64
d03be47f7626e33cb27c5faafaa446b78bba242e592e1083588dfa22b338750a,5849.57,0.0012,82.6412
54fb20d1f13ffdb8ab821cedd281cc9971e0107056dd1b97f49591436ede9d62,5849.5,0.0012,82.6424
adcc96c3d5587937eff396cbc0c9eb5bb2a86a0f5e43e0e95882318d9d283a38,5845.25,0.0012,82.6436
23de540ea5eec153baf38504f5f8cadcb89cb985d2db1a14e1bd4cc3a592b3ee,5842.4,0.0012,82.6448
2704492e33b23ae080c7f951a2d32944ee4bb275305f538dcc4bbf37a90fc43b,5840.56,0.0012,82.646
9bcb773f95804ee6a5322958c76e0a53df105a090bf35c7eb1d0c5ab6e3b0427,5839.7,0.0012,82.6472
8c73019ca16fde25eca8118b0e0d6133d3c60c19e2a8bc21ec61ed50e9acf026,5839.4,0.0012,82.6484
18eacf5e33a3d3b581baf97ced71a34290b460714057a2c36d6c69185fcedf8f,5835.45,0.0012,82.6497
012271993722dcb74b2693baf2233e60d846f60676c9b2b320af04757b80fe29,5826.54,0.0012,82.6509
c6bc89be377fb3ab58f40746e5a038e4f528e35f51c22435c5f60ff9dd51121a,5826.0,0.0012,82.6521
e99d273609efba464dd88db216b42bf0ff8570ec33206ccb65743a5877d30929,5826.0,0.0012,82.6533
aa922e45a4bd7deb38df9964380e99d4887545779662558f2f45b1a6b2c14204,5825.0,0.0012,82.6545
b4392d25a804640b5d1db5b0417ef729ad87317aa79991b513d848ebb7bef78f,5821.8,0.0012,82.6557
e2f7c562de6af65b0db5eef90044fb176186ab82665504c5b53126f835a4ff54,5821.4,0.0012,82.6569
bee6a9f0864628170a63b795210ec92fba24fa436e7b172d0c66a00f0bf9bbd1,5819.02,0.0012,82.6581
d783e8212ceab167d860d38ff25e8946e43873d1182526a7ffdb8852cd5231ce,5816.5,0.0012,82.6593
711092b8728d7126d4c66aeea0787b474fc34ffd7956212ea733a3a129dc0fbd,5815.55,0.0012,82.6605
bdd0996ff8a252e0247755c8124b4791085ef33a5abd6a5008ea8fe3b5797993,5808.73,0.0012,82.6617
229157fc8b889a22fdf9b712aa1b03a17eb051bb0cb40bf90d17c523aa02c297,5808.38,0.0012,82.6629
d3c09990070a1b3f6ea777668482217553d2c49d22b063a15e2dbc734d6affb2,5791.05,0.0012,82.6641
65db6f161c4278a8217ada50727d16ac5aad0ce87440e724a22ac10f410cbbf1,5790.52,0.0012,82.6653
cdc8d01a6ab341278ee6ff93d8c004b649197d74da145b63c10f93d442553239,5790.41,0.0012,82.6665
c98becb4914538e1293d71cfa34f2243eb4048b302e8484c95c423f89fa77f9c,5790.25,0.0012,82.6677
4d1c6ec913b1efcaef7710354b7366846babfc72fed3acc2108dfa3fd46ec305,5788.71,0.0012,82.6689
86574139ca725c02773c1a63d88161b7397a11ad7c2af86ed4c8c75fe12a4cc1,5787.83,0.0012,82.6701
eeb2ee532cacea1ffc3df1ba54322ae6d60e5c24b6da0dd7b9f60293b5e3e983,5786.16,0.0012,82.6713
2e59780b20bf651b3ff96bb76e7fc294fc8cb01c18fd4c7db18f68edb0061620,5784.95,0.0012,82.6725
37ff5ad2f9e9054c8cb6a8296b921d37ed360228f7e36b33a2ce7d05086abe7a,5781.1,0.0012,82.6737
3ee8dde17a92d520259f454d22f2fc74553c174521da3414354b944df06be9d1,5777.42,0.0012,82.6749
f79ff77cb494f945d3027b57fa5755916e506dfd2fd9548a3e9c03f1eb96d9ac,5775.13,0.0012,82.6761
b3611f0c6228c3ca09e122fcf7c3e58af8c16f7aa845b5305e36280cb67671d2,5772.8,0.0012,82.6773
33fdc9440304d70f1b03fb08cf59e680bff68b1a8a69a18df0ee8d2db4fb3b98,5769.27,0.0012,82.6785
4dd3ae95f33f2bbb81f66831c610acacbc9d89e50f569378e422ed36d7929d9c,5768.98,0.0012,82.6797
1ca3279e8ee1c19b197b5f3fe07ddaac831d13e7e317e114d4d78de4113522a0,5766.0,0.0012,82.6809
5c31e5382f6a7c642bac46859eec3c38b010ff1f7b233d2f3cb42d90214b34a8,5764.0,0.0012,82.6821
a799b0e00dbc4422e03b317e7973c88e3eba55d6a7244f3274b65301a17abf48,5761.44,0.0012,82.6833
54b7cb486b28dd4a9d23563794f36083e599d4247012b07440e86fc59e319a1b,5759.71,0.0012,82.6844
902e0544d849c49ff2793194db5eda76319275f6690c94f71a652e23c35652ab,5758.43,0.0012,82.6856
09ea313698cae5e01bf746ac0add4258f07499c27034a387a1d43c65bf0825e9,5748.28,0.0012,82.6868
4928bc83d741c10d7d24cf49d4595b9c98ba1232cecbe35ea3415766beda1fc3,5745.67,0.0012,82.688
fa6ab416ea1721f6990be843e0c6525ea1fe02078d38c2853970d688192b44e3,5742.39,0.0012,82.6892
c2a824544a0afd72c9bfe30643efd67fa7b92401d1468625235b3b7cce716a8b,5736.41,0.0012,82.6904
b7fb701d370d87ce0945f6862988005eeadea9c950863f1ad40e15d5959a3652,5736.22,0.0012,82.6916
7a7e06ad9dc3c03c436cad857933f8cefce5f52d9c518b641e8a5c8bb7a5620f,5731.64,0.0012,82.6928
064507692029ce0b9dbb2c5ea41f4e9d2e4eedec4f8eb527b70ce7b79c0ad6b8,5731.12,0.0012,82.694
07575aa9e70794505959e90cac6506ee47b8148da8090bdfd39f1a4df62f320a,5728.97,0.0012,82.6951
f7adb5767ef0ce96c0521dbade5c4d54cc09c7a43b63d1e65cda4636318b7ff1,5727.19,0.0012,82.6963
e946dfd193284cb8a759828b28b471c28f671b98746705c8a79a42ee54986b2c,5723.7,0.0012,82.6975
78a6f51e37b1a9c8bb52ccfd9d2aae49ce51fa2a526827796708c4174e7117b2,5723.35,0.0012,82.6987
1d913eb97e56d2bb0a91b44155c3cbbf9405dbd6f751ed312205f586fc03cf9f,5722.62,0.0012,82.6999
ec2a01611db7fd2f95b5238169442a3d737f3838a7cd90401e1aacf5aff64630,5714.15,0.0012,82.7011
19ea444c62e9390bf52f2df8863aabbfa5636c3b5afaa5b5909a373b9b7292fe,5714.01,0.0012,82.7023
920c8bd33e7fb76b51e943914fbdbff70fd112fdeaff9d398d705237946a58aa,5713.49,0.0012,82.7034
df2504f090c8a84de4d70c852199c88da7aa70c27b9bd7c33c55366473978dfe,5711.58,0.0012,82.7046
da7142764e79bc43feb3674e1c5961badb536625a331e9cc0d9f097c236eea0e,5710.68,0.0012,82.7058
cb0f0e6ada8ac553cee45e2fb87f2aa1531fdde4f183ccbad1cb4716bf14e1c6,5705.01,0.0012,82.707
d05190a209cb062dfa9a47d171a0e0427d3bbda3b686d23bcb0a017487b291e1,5701.03,0.0012,82.7082
816f200a67f2d1f1537d6dae9f4e55080d7fd168abcfe614876234f23c43953a,5700.0,0.0012,82.7093
b12038c91cd88406ad898588963e0d4c3af2a4589c0d028457b20b81d438bd87,5699.48,0.0012,82.7105
71a96b64aa491c1d77083351a508af384af016b853cd582d1feda49122611c38,5699.0,0.0012,82.7117
7c651f64e766ff5e0321e0a1957260c714baf2a84bdb77b16359c4085b82757b,5695.84,0.0012,82.7129
0ce5fb3996baaad11de9ec8406683d8f6c6b136b1023a83bd499d9f2f76efcb6,5691.15,0.0012,82.7141
b683515e95d1f265fe26abb458ca4e5fd32fba2024a8f1ce792b825c2aefda05,5687.7,0.0012,82.7152
67307ab04bf455f1a3a72250a784e3f5f49315997d043ff5ea80a585bad7bf07,5682.42,0.0012,82.7164
695ee5e9c5acf503b998e7f20b69c6466c068250949c4ece0b89f917385ae511,5679.85,0.0012,82.7176
0528c4e95502d26f32d1760de484d51d960abc66e8269c164f8d216300f94b61,5679.51,0.0012,82.7188
1f5b5677f0b9f338d35cdede36c71fbb71760eae0e138417e8d4bf7878d10163,5676.59,0.0012,82.7199
b665c0cd991974cdfc64d0128985cff11f701ff17604fb29b9f4abc314bc6dac,5676.59,0.0012,82.7211
78d0a7b89dce61aadfae8bd78f66632f3e743989f3412b137d200f8dbb4b50ab,5670.85,0.0012,82.7223
d6c03e586e0e2cd4d23edacb1581ef983522c8203b1791cdbb8e47619cd96e71,5670.51,0.0012,82.7235
6b03353d83d9428da1f848aac44efea7e64e600a8246edd5b565c9f8069f1aad,5668.68,0.0012,82.7246
8b2e8a502634699c8d72d54d008209c7d94e2ad25e6c7b75956f5afabc4b6f5b,5664.4,0.0012,82.7258
4437226e1b678c303cd952d322a7c12d87c9c6c916f803f4f37ac06ce3db3ccf,5659.92,0.0012,82.727
040883d0a4ddfd28474275c926bd735ff3f580359e7cad258d48ebd9f3ce83cb,5658.58,0.0012,82.7282
e6fe7dbf7b140fefdadf66cd5067bddad5f497b24db7ffc6ddf11a10eb57ae22,5655.21,0.0012,82.7293
bb05c7bd0ffa2d71c1c6926d533ea074a917d9b1e18f0ba9347975eb571f85cd,5648.93,0.0012,82.7305
c6b64ef1a546f15e6839a27baa5bc5ab7e1e2bce212ac35c70a013f5250a8ffb,5648.61,0.0012,82.7317
5f8d8ebcab2697d8b7558a2e4dece0d888ee4f23088bbb78dd23808c1402808b,5646.64,0.0012,82.7328
eae748b9189efd4257bdddef428c0d5fc59a23ebd8ef67c2bd9cda1b0e4b213e,5645.04,0.0012,82.734
0803e452e50e1a1d8bfe3641218455ed135b71e8a1c7b40aff984fe08a4ce707,5643.45,0.0012,82.7352
0b9e0f15631322695d1f1e67e9701b4e3a16fa8198e171213671892f98193e25,5642.5,0.0012,82.7363
a12782d224a09ab03d31f3b803c2527c4bac865d7972d4ca18c24d26d68d1eab,5641.5,0.0012,82.7375
6ef9ff94001c748b1dfb03e54e1f5afb5a342801879a78f4d6c23c1343ad4273,5636.68,0.0012,82.7387
2fcc4a0e70f3a3d309a8fb13ba5a9a5af1e104399d89f35ec7514ce2130fad12,5633.31,0.0012,82.7398
3f6bc98d6a15fa8defa855c89f5c6bbcb95dedde42a35e5746f2f7103fd53ebc,5632.53,0.0012,82.741
0169845b13fd6637a45d1cfcb54f3ad323a3152b2d7f610ae648749c684553e7,5632.48,0.0012,82.7422
ac687cc1e8b96c28fc9298e4863dd497c5d87c68ac341098854c90be64ae0808,5631.5,0.0012,82.7433
c382416671dc3f0adfc639e0a2c053c98d5fbb1748198fe3845429f29b3f5cd4,5630.0,0.0012,82.7445
51195970fe46f9ae206fd30be737d8a9add84f6665302fc9269c601fab7e676a,5628.01,0.0012,82.7457
293639ebc4d582dc30d7aa8993977eb1c9a6a8528d072bfafde99b47b8232328,5625.95,0.0012,82.7468
f93c871da7dfd1f323ebe70e4b27eb9a935665033993bd6e0f2311f4947585ed,5622.06,0.0012,82.748
aef6f9e3f983d215718c4537857831e9fb0fd6e39d537b89fe0429ee47f6ac59,5618.0,0.0012,82.7492
82d2cacdab9235927203189d1b5311dc6d4d2238630158b42fb8278327571482,5615.83,0.0012,82.7503
52144ce705561eb2770a85f804ff8822982c060fcb31964a7a3441c1cd4a5649,5615.7,0.0012,82.7515
7843df8e8f6c20fc02da2172544b08e79ac562b3050d484d9bbaf58cacb381c5,5614.01,0.0012,82.7527
cb1ab8f5a32d50a575a8bb21733c5f1802978b3bc6def93142bb70e7c1fd6f21,5613.07,0.0012,82.7538
fa3d2bbfdd7a8d50a68b573b62f6f344770b6fdea8a43f3f2106468538895087,5605.0,0.0012,82.755
d6d9f38a76b56300519574b14854f8783777d3612424ea9ce02cbae06f9c23cc,5604.29,0.0012,82.7561
58a0dcb76aa54de58b5b8f633d595bcb514cba42da71bb5381d5af5050f81600,5597.8,0.0012,82.7573
8dd59f16f4b43a10cb50dabebf98dec40e21b689774578efa2449db0b8b3242c,5597.72,0.0012,82.7585
11dfb1f7c9a9f34c010b418ee0b21377ae652f8af9aa3a7c2a9130462a0180e4,5597.58,0.0012,82.7596
733bc15e4b104247e7f5029733791a2748bab3cd315107c4fa2953bb387cdb12,5597.48,0.0012,82.7608
5f4c1e89ddccdd7753167df7a3b60b745a60bee3c8f3ac6296f9dd32effd477d,5595.74,0.0012,82.7619
e74f57b5a3d4425baed3026f4fbd5f05f6d87401ff6cb6935a9782f764b18648,5594.92,0.0012,82.7631
bf7c0184551270ef5e9acdebbee02d2dbbcab8d2fde64f2772618793b1400b7b,5593.69,0.0012,82.7643
de99093a218e6e480add920426a31b00b7de582569214b184e82fe2c789904e2,5584.68,0.0012,82.7654
26e0158ac2c823f7a8b7e84a5de6ad9ad11e028248b1829b1c028483eb18b7b2,5581.8,0.0012,82.7666
3520c1dcb582a98d177354706e83a9979073d48324b205b5d5565f6837c8b021,5579.94,0.0012,82.7677
fc29cb301fba2e0f8133e88486344adfee3be45222e0c2e168610b83abe7679a,5579.88,0.0012,82.7689
a3b7019f0d9cd4343f8894c9e0e7aadf31915177120040abbfb1da1cf25cdeff,5577.23,0.0012,82.77
06540b589d0215dbdf49605e0d9abf63313ceca784290840873a2c81caf437a9,5575.2,0.0012,82.7712
cf95d316f20c0194a41e05fe38c25bad2f3e2f37d96479b42c221190190ef157,5574.29,0.0012,82.7723
97afdf76190b3e722d1a80cf68d8c24bf7f6f341c0da0a1779d3562032411bad,5571.98,0.0012,82.7735
ebec56f111569a3f01310ff7eacf62f0581993f611ba4ba557b1fa18a35d440d,5569.63,0.0012,82.7747
0ebe323ba9476d865de36368be19e92ce17de693dd8407a0cb750d33d89c748b,5567.42,0.0012,82.7758
3d96895141449f1ff1f1614bdbc4ea71cc928409da82b9325712af5b2fa30778,5566.02,0.0012,82.777
31d88a834e71afd7ec88656993234ec61901b14e771a65e319f42bcdce34a256,5558.54,0.0012,82.7781
392a7083bce760abc9bfd0e7c6de105d2bf380f045f7339bf20cb7ec79a53242,5558.0,0.0012,82.7793
0670783b46c5906cf84d0501e8a44dc5a1e446dad06a4b2f443d54242cb78054,5556.92,0.0012,82.7804
f09577a555740e344e838e66e6a3495ea4dbc1fc84c168de8abebbfeee8f29ee,5555.1,0.0012,82.7816
ec00d88b9c436d1f4767c5d6dd39c6eba265d089491849f51ca6eb8d034701c6,5554.26,0.0012,82.7827
81be0ff607350477960c5181de04ebf55f2b5c7bcb24a29e7428307f9188afdf,5548.59,0.0011,82.7839
98e93ef79426faf84b1e2666049270256bc5e0c15055936a6d0e2731325f3ea2,5548.37,0.0011,82.785
867d53ba95f2848f3940a2a10e8ee38d960becece7667a1e3220d077002601be,5546.8,0.0011,82.7862
5119e91396b9dbf69ea42e59d561397766ec04b0023f16a327cc494cb6f2ee56,5545.13,0.0011,82.7873
1c08d66c7dcbbbd8bb28f98cb72d3e0157b53accc68fd6cdac6172ad7b1443d4,5544.05,0.0011,82.7885
d78cb455c49b894d113c849f9a2be56e6f65ed6b5bfebaaff3f8530abc4d415d,5541.13,0.0011,82.7896
b02f2902712fc0d0e20d0b0867af826be499cc53030346ca057c4140b651a37d,5537.18,0.0011,82.7907
8a5353709f80d04f98adf8291413875e2410ba4c16df6bb31b61867577e5c6a8,5536.68,0.0011,82.7919
f0f639eb2f804e02a3c4e1166c64825deed0d661a4eba2ff1cc7cc45f9c08c3a,5536.18,0.0011,82.793
7a8296e4c0460cdc18efe8bdef7bf82c3f41f736b14498b876349682975cc034,5534.9,0.0011,82.7942
5f8e548aa58b55ab858cedf719875c4250e1cbff454373c76eaea5aad3d837f7,5533.7,0.0011,82.7953
d59169e077d07be11b30ffa7325ebb91511d7021c8f78f5dcf9aaa771183b6f6,5531.81,0.0011,82.7965
4729d5ada5fa2f9e73e3efd9be82763f9185815102ce82b3326c41aec809c353,5531.71,0.0011,82.7976
36550dc9a059c7e36a9f55b98f29aae11eda94224dc64be8da2fd8f20c6a5c46,5530.91,0.0011,82.7988
d7a1020d7dd628e59c720de18b405a5689c0c08699a42da624658664ae2e2cff,5529.91,0.0011,82.7999
a342fd7d07c55ba89dcb9457b706ea1132d46b8cc325e79afe8c3eb98b59fa42,5528.24,0.0011,82.8011
b3b130b344c28e52c7bd5347314547502cb39fec8ea539a78087539c236c6501,5527.8,0.0011,82.8022
fbea89ef02b8101ce9fa2b3fa2fbc312a3acb853d4db93d83e3d9a861a7d6420,5527.38,0.0011,82.8033
669397e8ded7b53226b16c8c64d308d359b8e390315a512aa036951a3b2f8fbc,5527.3,0.0011,82.8045
63f7b5e95f9cb2d1c0848b488e3e2039bffc792aa504f0b5e9f86714f9cfe31c,5525.7,0.0011,82.8056
a1c0430f621161b3326bc4becc62705000af678c34210c27b541968052d6b7fd,5524.9,0.0011,82.8068
e7ae8673d32da30d6027d2345f7a44eda367e509714241b058fa2f1b7e32e6fb,5522.23,0.0011,82.8079
d334c65321cefb0abdc5a8710c8a305cd6facca8a49fb96ebb88e0c9d3ada6f5,5515.35,0.0011,82.8091
cd110b42369c38b065cf4220936a77978952a2f7c88d495539d8c1222f0519e7,5513.92,0.0011,82.8102
d85c3486fecfafee5d44fabdd5110bb27ea25b45eb5947637a31b01cc7a5f1ec,5512.3,0.0011,82.8113
24926263768dd039b0111a663df43a4e6493d5ca2a394a6dd365bd6e08906842,5511.18,0.0011,82.8125
862747d39b7fa72a8df037555eae8fc7c863470da5106766396b01661ec8b20c,5510.19,0.0011,82.8136
f5a3659afc94432cceef8a447742040c2df038badbd9c4e7c83a9f4ae3dabab0,5508.0,0.0011,82.8148
3d4d7f46e9cf562f7325b5b4793e2c8d4cb08c23643929b91445340578e3ffaf,5500.0,0.0011,82.8159
204d81c4117dbac5c017e564a6496d430f0b5e827da2bc57e6efca7c944cd380,5499.43,0.0011,82.817
0b5676e7964da63a91eafcaecb5b16b8243ffcdc0e008af65cdae203c41e9aaf,5496.7,0.0011,82.8182
8b419946e900818f96589418989f6f5ca85ca24c167a257bdca581d4d3084312,5496.62,0.0011,82.8193
994d2cdf6959fd04434e20e38f223af9eba59f1b374f923fc620cf35a29dafd6,5496.0,0.0011,82.8205
51cfc0d76c80989ae97ec1e65ffd29329d698473a3e0729f08510e514656edca,5495.61,0.0011,82.8216
a14255855ef2c815f2b7ab245afe1c53ca696e715f47ca55a0a59842b2f79d4c,5491.26,0.0011,82.8227
cfb0d255b6f3b58ff80353d4a3b7494b8c6c6fd9a0148a787e5ebc8d89e211de,5488.86,0.0011,82.8239
2e18c1b5fcbe64da0cd8eb0900566d40c09aa6c9df95969723b3e9990c00535a,5486.55,0.0011,82.825
7a327374228cfb7debd1e49b59371ec97c30fe8241b3a159e2e80b02649887d0,5484.7,0.0011,82.8261
26d9094be990f043e489bbb9677ba61c2db9754ae0435710bb20fcdf6817d086,5482.7,0.0011,82.8273
9c3042442d0c8e3175de26f27835b2bc6adfc8c33fd88349e4df64112d6d4375,5480.37,0.0011,82.8284
b4eb845caa0865c5bf99197b3b5cfdd492f1581cf0e574a6c44dacdc4f6d4847,5480.05,0.0011,82.8296
e9974f9130333a236be4af5bdb0530ec5131638d3de04b5974c1003901c8b5d7,5480.04,0.0011,82.8307
5ba603677298d2abae5a9e1b101d9c53ef5ecc122f688f078e15da676153f734,5479.94,0.0011,82.8318
279159a9bb873243dc44bf0aae27abc6d07bd41ce2d084e84aeb57272a4ba596,5476.51,0.0011,82.833
191a78692988d17608cd92bd58e4b563d94d47838dac12911da58bf9ae3c33b3,5475.61,0.0011,82.8341
d343d623accab46efcce73730d7587cb2f5fa3c2ebfe4ac7145086aedc5e64cc,5474.5,0.0011,82.8352
95000ba965fad5e01ccdc6357a6a3cee7466b89d84074adc1dc683bad9ea2c2f,5473.46,0.0011,82.8364
b4943d14c4543507717932aad736934916267866174ab9bb31e56887bb431b2d,5468.99,0.0011,82.8375
2ce08a1adfa66468dd91e8e94d1853754479456c336cbab6b0b9e77d1530fba7,5464.1,0.0011,82.8386
09c66fa1427c83d077c83437acd16d1de5a73847683461295938b11fe53dab7b,5463.45,0.0011,82.8398
a6611c5a33053f1878da63070a58edd8c503f359e9b761edd41818946c118680,5463.09,0.0011,82.8409
e2b70cbf8ac7a9aa662179fd11026ba58f3669ac4209845ba50879c192383435,5461.2,0.0011,82.842
1947e62d7d5a4c02c9e2251f047afbf8614869803229a86131a149e5e98631de,5454.65,0.0011,82.8431
c148ab1a6f9d2cfa22d8ba8a35f890e5cd9ca7a530eaaf597b4c2dd7366067ed,5453.0,0.0011,82.8443
6cbae9b178ad791213837565f0b448a04fab11b433091d67602deddd07affa84,5450.4,0.0011,82.8454
b05fdcf2dabaecfa786cc379703103af2a6e89f21758034b3d7c636386568332,5450.0,0.0011,82.8465
4ee4ed3a129b28cbd49a7b38a9d0dc7699313f145482eba4d9b45c5c5e6c6ef3,5447.72,0.0011,82.8477
a13285313be3af7cd7a810e6c2459346d9492d19ac73e1dd5c11498e234033de,5447.34,0.0011,82.8488
22f17d1c04117438647d7d8c02caa1281532ec77281e94f75aad5cfea2f8778c,5446.93,0.0011,82.8499
c6eac26f3f7b084f86179a331f4aef19282ab0f583e46e9a102213f474d3175d,5446.07,0.0011,82.851
8348cc9405c5a6224643456ccdaa6b1d8548a8df3452cd4b5a9e30c7ccba4e88,5435.55,0.0011,82.8522
96ee442240a95d9a7e4ad8141ff69af5b35aa279b47027d9bf2f02b4c95a1b00,5434.52,0.0011,82.8533
38099af079394374e008c94fece05081917547be767de7ca70c87efba133da07,5426.86,0.0011,82.8544
86bb5cc7126b1880978954fed95ae3f2cfbe586f67fce942d1f9f166cbbbc8a0,5420.29,0.0011,82.8555
d731c9aa2c7e71e23ce5007c0377e5d1d463143898dccee6b591c8ef4006aae3,5420.27,0.0011,82.8567
d4b15c249e990c31a192c3c49e70007dbd71645a049b40103e8da5115c5cfdaa,5420.0,0.0011,82.8578
febdc00125b065b552439e92fcdad028f514b1c9d8f8c8242ca78bdfd3d550db,5418.36,0.0011,82.8589
4aa85ec7dcd930ccae90189b9b5bcb9d78f6a5905c9cb3fd8fb4a9be04cdcee9,5416.5,0.0011,82.86
309d370645bb96812d3dacfabfe339ceb72b9bba630743eafdf57835ab6aef5b,5414.1,0.0011,82.8611
fd6d5bb84db36f54353a639691b9510df89f47fe38699089d44835f47f9d3d78,5412.3,0.0011,82.8623
a29c9a9e8b528775c93847991cee8a3991c05d44dea68223b01d03ec16131d01,5408.34,0.0011,82.8634
e2bf36dd020345a2dc28507e095e0fc057701fa54866452e855feb8e7adf499d,5407.17,0.0011,82.8645
489409f8ba5f4bcc99dcd58c115970c7a9b0b9d5cf0569d0b206f1205415b62c,5405.32,0.0011,82.8656
dee62fb216aecd97a320b7276f9e163bc12bb9affc513a30d085992dc0cd791b,5401.72,0.0011,82.8667
3b35c421b5fa2a7ed6697fc804bc209059d880418fb6760a545c48413d383982,5401.7,0.0011,82.8679
69b1a6df8cb3a0d8ba9237ce4886efbf4845726e803728be283b9f1c141907af,5401.56,0.0011,82.869
40edf5cd4ef110e959803e58a358739082e610ef2bcef0ae186078c2b7f63071,5400.7,0.0011,82.8701
051cb96c921bdff009d95d457ebe500bd7fc36837f94b9c073ab561162d2829d,5400.7,0.0011,82.8712
994f0824655b6fc8c23c10c6c71d3d72fe515dc0d8a6b3ee7faad8334e17d1cd,5399.09,0.0011,82.8723
9eb4bb4c93108e9061c2ae6232f74a93ed10af1918c200b8c45e593990c148b6,5397.28,0.0011,82.8735
0e3de9e49647ae506ae72b37b1c26cda4b6bdcfa648ede8cf81176c62aace428,5397.11,0.0011,82.8746
8ba4f0cbe09b1d5f2c2b94cc4542da0e73b821064501aa2069a70b362242a0fc,5394.42,0.0011,82.8757
9ea0ea2b7d3699bcba9e9d7d510059d9142cffa8608abb937b27504b13bd91ce,5392.94,0.0011,82.8768
1a94c05b7b18319a8358b4903a79d7f4afb5f70608f4b92ee069563cd3635253,5392.77,0.0011,82.8779
dc4d605eb733a0860ad1a5ac304f9978ad2f93b57e9c056a28de0eccd53cee20,5392.64,0.0011,82.879
6dee077ec6f19d648fb9767d22921816c24c3ba366fe6218bbe24094bf02131e,5390.87,0.0011,82.8802
eab3c85869ac784af608f14dab9609832090da872b4f461e13f9cb8db78fbe50,5390.5,0.0011,82.8813
e259f84afb09c3fbd23bf0e714cf26e9364c6661c374df1e8431662712d61eee,5387.65,0.0011,82.8824
405028607689370e9c99c8127f314c39870af638b5b935743080872c30e97b2d,5386.33,0.0011,82.8835
f088747c92e5a8365c27ef2892b763d84fd64daf948f2d5e3f7a59e3ef616197,5385.72,0.0011,82.8846
0e20c57327b140eb5c125f0bd2a7447cdff4fdc4cff65a78319e822ce2006050,5383.52,0.0011,82.8857
031872e083d3c584b795510f4243962cc42fa54a20a156a510bf4ef4b4d95395,5383.21,0.0011,82.8869
3a81e03ff2d56a65c47ece0a027a6371a5936d0f05371a5059605fe4d54d454a,5382.0,0.0011,82.888
b04ea130849971f4f9cf38c7904589e963f2b601b8d8dd200fb98d0b0224d3fb,5382.0,0.0011,82.8891
43d2658a4b254a682a442f53f423021cdd9314c7776ffcac0b67c2146f1b2369,5381.19,0.0011,82.8902
22b6f37dfdc584e57d5bff882b5af2fc7d6908c2aea3c626d69be5c3661065f6,5381.0,0.0011,82.8913
65fa83f1cb9dae92664e3e6fcaab8d64c8b8e16fc980df0033533624e06ffaaf,5375.09,0.0011,82.8924
ec2d220d50cb8f49dd8aa4981ca2322b010b778ab71573d91983bca49e8cc91c,5372.41,0.0011,82.8935
083c2a9b0670764dcfa86b276e7642b9c292b06a7722670e3f3029bd6ab862bc,5369.54,0.0011,82.8946
d9df8471017d165d340ea0bed30ff5de63fe922b723e6a070ca59eac75d5e114,5368.0,0.0011,82.8958
22763e63b8e81e317a2e650ef2ff36a46fc16c634b0fde69a41d5658c60de7b0,5366.48,0.0011,82.8969
8f77b2fb35caf3dd010f146a61193ed43e0715c604c1f98055cf86172e3e088a,5365.46,0.0011,82.898
3e236de6b839accf436504e8773543be2d84a1a4c065ebb77e80bb940acf4118,5364.98,0.0011,82.8991
5f6c4a295e0089561ab5b920f3427082fffd1a49214ab3a976232d8a22d7004e,5364.36,0.0011,82.9002
b3718bf1a7974cac8578317cc468173f33269f114f131df50544abea46242afd,5364.18,0.0011,82.9013
f9d3398df95bef877ad6b78b155518bd4ddc75dccd38d29c9f614b54bb763c23,5360.11,0.0011,82.9024
71a5849418ab7b2dbdfa7eabb69d685a80c03bfedb4a5bfcc3ce09c8f05654a0,5359.0,0.0011,82.9035
6640d5de5fb07b7b54554ae1e8f0d3b7bbee6556336b8f23af22daacaa55a68c,5358.0,0.0011,82.9046
5faad7f4eb6e507676609e982ab98df2b2cef8aca5fbfab52fb138e79b3859db,5355.94,0.0011,82.9058
569456ca3ac408acd929a28a66461b54227946df4a670b3ce64db67e44caf3c9,5354.6,0.0011,82.9069
e78b6fcd78d65dab26fd6abd1a78630339961e5b1898530c7986af75c1f9a391,5354.4,0.0011,82.908
05003a5426463e1ffcf9844d5e82341e23abc0e085a1299c081c5d3b9729160d,5352.03,0.0011,82.9091
1e600db579c136bdf564e81c8bbf14b7c2334c7ed16f7566a163316fdc0060e1,5352.0,0.0011,82.9102
59f5462a4a55497f1c988b29350c4eea7fc6f9de5878f39c0347bc293523f873,5352.0,0.0011,82.9113
c152791f0053c9cf61854a3d72c02ef9b0ac0ccc34186f7660355b70ff5c5bc5,5351.82,0.0011,82.9124
441cbeb54dbd728d4898bbbdfe82ae7936df20b419098d2de2b5763f395a8eb5,5351.1,0.0011,82.9135
51c52bafb73056d4b8dc367e110a45f2d00582e6babc1f6dae11635e0572819f,5349.46,0.0011,82.9146
8344c0b75166037deaa30bf365c4252b9d59b35e25980ee69bdfdcdf96df5465,5347.35,0.0011,82.9157
580126be9ccf196c62a950b6029852b0f1e770ddc9fc59dfd9572bf2bda4568a,5346.21,0.0011,82.9168
446b4d1b1c91e8cbca21db2cdb54e7ed4dc9f6f05db51b20e7b54a0f0d3ef9de,5346.0,0.0011,82.9179
9fc01315bb5c08a4f9c3ef53890628ffcfebae9db93a88d3b1a713c737c03b56,5344.01,0.0011,82.919
50e1474eafcff496b3aaf68a5d35a6a62d73e75d568228bba9d8aca4e3099608,5341.99,0.0011,82.9202
4acd80e7be8cb1ec2306bd547952d49d667f073357097b365cea76d66236b864,5340.9,0.0011,82.9213
120577ccb16709ee05eb25820f6917d089a329a295a57629d6b6e061dcd9783e,5340.43,0.0011,82.9224
57283907182575f8399e5a2135d219f802909c75f6447db8b813016f09870e7b,5339.99,0.0011,82.9235
dd0c4a6f9179c85d58d39ff7d067b869ca8156efb5aab3a7fe8ae542cae62aec,5339.77,0.0011,82.9246
16027f2821b5dfb76d4b7f4f39ee966deef479905a2bbfca508973ddcc8af0b7,5336.0,0.0011,82.9257
10e8e497b9903edaa03d3bcb0f4641a60d26b6efbb8bcd7171f64c74afe7f64f,5334.54,0.0011,82.9268
cbf6c868445435cb6374499af0d531dfd1f358079ddf62ef0dd0c08d276dafbe,5331.6,0.0011,82.9279
5f6113ca2f9caef2fd85f4c9178dde67b75174a265be701f1b2c80388e314964,5330.3,0.0011,82.929
b3cd0f4fad70912b2c9569f0abb1981a47493c613e35e0c255b799ff303ac89d,5328.85,0.0011,82.9301
46e7f79b3b263012f21b277fa36c9b964e092a52e12e05df1d62c541890fcbe4,5327.14,0.0011,82.9312
47c86b4a4a39deaa8fdeb742d38755f0eb5d4d4ada69623f2e92a26905ad41bc,5326.86,0.0011,82.9323
1029a3d5d8f02d0201250bfa6e0441fc080a282afaa6eb2e8bde9c75baeea877,5324.0,0.0011,82.9334
d2d3453a9fa6c16560f64781424c855ea96fbc070328b9fb3987d2ab5883692a,5313.2,0.0011,82.9345
46f2d68360d490efe7184d0e0461a4399486770120e72fdb9d766e67bb330550,5311.87,0.0011,82.9356
f3f58dca3342a090d17d2ae708ce77f4add36948b0ffc730b398b952f54cb880,5310.6,0.0011,82.9367
2d6b36f5439829159cc5952672cbb6fd8fc3fdee62cbb5173a792310a671e12e,5310.6,0.0011,82.9378
d1af8ebaed38e5e898342eb9b331f7b0339f3ea2c806849ee93da825a3e859c6,5308.4,0.0011,82.9389
51718757e5fc7fdc7cc80a1219cc9bcb3f4edcec122cf76abc87ab9a8a5f9352,5307.86,0.0011,82.94
bfe7beb3d9438f00895bdc79f79831831bf026eb14f03270075433f086bc5aa8,5307.45,0.0011,82.9411
ac0684a7d7f8040a57090608c9d06828b48939b7574b78286e3668eb684cf04e,5306.93,0.0011,82.9422
599ea6739071e374a27a58bc930bd7769090edced067caf4712faa1c35800117,5304.56,0.0011,82.9433
08899fb8f929f7ef70de4f3dfdcd66593c0aba53c6b0b2e0df1510f15a082c9b,5304.45,0.0011,82.9444
d724d5503af87f1cde483534c35237a2c9a58b4ed20d8b09d6916db8a3f7c62b,5304.36,0.0011,82.9455
091d3bce365375b1abab6abef0def05531e356456930bcb6f89ef3cbb57c8405,5302.0,0.0011,82.9466
842f20f483089f5f0e4b4bef22b6d455947fad0ce14845908e479285d694c8ba,5298.0,0.0011,82.9477
c3a0e620d95e9ef29a2c9ef06ac0513003785ae6785b9edb67f3d729397033df,5297.76,0.0011,82.9488
e83aa8bf6d062b7a0653fb07c66b34f38917688d08aa6ec702d30b48d5fb15ad,5290.23,0.0011,82.9499
2b79bcdef98649a0bea50c43c5e32379ddc55b8d1e2ffa054dad9ad2812b2498,5281.35,0.0011,82.951
b83e19f203a3124b104f2870fb0c58b8cc0aa6768c960c3ab6397c58c04c9272,5281.06,0.0011,82.9521
36e9e546657e8165b53091bdefddc0078d34c24b6dca6f02ec5c7050cb90036b,5279.95,0.0011,82.9532
b9a9608eb008109cc05178f41fa96d31e4ce4f4af153cd70559e14e187486d69,5278.5,0.0011,82.9543
e0bcfbc4c42f4580511edf2da369b56b68566c19c524d9edc809eb8dad8b8193,5278.15,0.0011,82.9554
128e9f0c882a333cddce297a711648addae6786aef253b5925d14f5c51169e27,5276.82,0.0011,82.9564
0dceadc0a80c3eb2cdff31b339529efe1fa52008dfe6f6ea0b07c6a348472da7,5274.82,0.0011,82.9575
244909acf76425faad58ef015b7ea87dc7ba95ba04d1b4c0a48f8e2307809ea7,5272.19,0.0011,82.9586
51694975a90daf53a92d235ebe808ea60efc8ae48df5442c6433f7fa3abf0949,5271.98,0.0011,82.9597
9a715b3d38036138021a6e7729c9ed4b3297ac3f2603d5887621e0af075f5e8e,5271.67,0.0011,82.9608
b94edcfd7a98a2b70075215909f8d17790604a3666d91439d7913fb1a0a12180,5268.93,0.0011,82.9619
d901142a11778c1ab9d2a12ad403ee5ea922836c98540520730534ac5a476411,5263.08,0.0011,82.963
3cc0f0062727e1629511b47bcf35373bffa44df07762c3e30d9eb8e4abdc5470,5262.02,0.0011,82.9641
145edb4c42c47d8038621a97ca0b8db6966021de46f7b2b3d48f2b683d4a7313,5261.5,0.0011,82.9652
35e4a7735c44e4797c46e6762f119a1ace8240aef1fe98b609b9f69f3e2ea440,5261.4,0.0011,82.9663
fa9da0696192ca0a5b0a87d9bcd80d0d51f4740b433a2e03f6b0c9dd5665f0eb,5261.22,0.0011,82.9673
2615bb0a102799735da68b94c0ff5aed9296151aa411111e060f4524c4fc555e,5258.33,0.0011,82.9684
283f042da952d1d384a6da1e8f63aef661ddd6b66ebcf529641a7c90b8bc7a95,5257.56,0.0011,82.9695
e8324c86e5b4a4d64b07c66e0a19e5b999455d249acb27e3f3cf9856ad648a56,5256.69,0.0011,82.9706
aecc216bca2763d2996746edbf1c03f57417c72272b87a8b62514d1686534b79,5250.0,0.0011,82.9717
8ef62809fdccf2154e0ecf3daa634b74a1303364935506acfcad903521853b8f,5250.0,0.0011,82.9728
385c88c2e28fb07f74134b4e48c20933a4c8a145276215afc07a3ea1f5264cd7,5249.96,0.0011,82.9739
5eb1644438f8ee3997185f77bcf246e12217c7a2ac85c9a6f1445121a4843a35,5249.2,0.0011,82.975
c4ce00fb5bd9f9cdfc6afe9990e201e43fa7eb7dfa5d8e3c0d27ab3c71a05698,5247.62,0.0011,82.9761
14d5ae788ee2d2b8c3879aa3f02308977be91d52cb69ff4a84b13b86e8e3138f,5246.66,0.0011,82.9771
0c4f36a783b957c5abb0825bd83e26e59e9528f106aa71e5c3ac3d7c5e43c9d1,5241.8,0.0011,82.9782
84610b2814441617a1a3cc9bc0d8e3e3783d74786d8b50bf79a6e41abe8c7162,5239.63,0.0011,82.9793
da621adcb554508b28015fa10c207051487b00b4866f607e911727c1e812f41e,5238.07,0.0011,82.9804
5efdf8b738b6a25629a7b1209f289a6da53e06c093c51b266aea87001c7b189a,5235.99,0.0011,82.9815
da16e4f99357bf1b5d57626bbdf1a368da6e64037323e25584c94dc00542e7e7,5235.57,0.0011,82.9826
eb75ab029efae8652c20327d802b063b0393b685a3e09a5f16de460eb901ee92,5233.14,0.0011,82.9836
dc9a708ed7271bfc6ee83195670d0621876f2d8fbffa6dca8d0f697e5a6a5456,5232.5,0.0011,82.9847
3aea975ccd8faf0d6d25ca835085014ba6b2df15937db5100814a3ca4b0d1f97,5232.5,0.0011,82.9858
b8bd88ec624b15e49bae96a0444e353f91199fc0908fa0db1b32ca289f29d14c,5232.0,0.0011,82.9869
3d9bf1abf65e003b42e8784b2e4b5e53919fbe2be4d76fb8f68fecb9c9855143,5231.34,0.0011,82.988
5387228eba1e01cff43c018dd745f313b4eae5e6e9a452cb90eadea97f7fcedb,5230.73,0.0011,82.9891
37c8f9de9d7890f923b46c7d0be389213be5cac3b00406863734c3ce54b7ce95,5230.12,0.0011,82.9901
d4aae9f4db5195612a0833924d50597244614d1c2cc1685728e0ae7f28a057fc,5227.02,0.0011,82.9912
67756e1e3a17e6ed0522ffa42ffe1c515961210bbbc7f6461146f079349a8f22,5227.02,0.0011,82.9923
f8baebecc4015b6e90615391f9a727211c5e5678459fb2f5ff72ae73f96bfec7,5222.02,0.0011,82.9934
59e70770402133898d22ee69b82f5f7523a64d95fb7654e6b66a0757d1ed65d8,5220.35,0.0011,82.9945
ea016be797c887f6e078bc1542621c51bd3e7bedcb4d54a9eab4b59972e33d1b,5218.87,0.0011,82.9956
bcfd30500b1fd47a851aba6dbd835a6f9c27f0d6d7524568f3fb454f89d6730d,5217.79,0.0011,82.9966
060e80311e4b65184ba3823b82832f1da044d2530ddcd260caff78357f1bedb2,5217.3,0.0011,82.9977
dc1ee017ef9390634670a8fed4d42aef7011096775e54003d1aea54e808524c1,5216.99,0.0011,82.9988
15cf3a29f95acf92f40127a915e8ba0a0bcf14fa82145c1fd2e376ee0c0e05f6,5216.63,0.0011,82.9999
940862179932fd270984a5d36f47ab28757ed683edd908bd2982a348e59a592c,5215.38,0.0011,83.001
8d6b984595056509f9006516cd3100e970442f06d9a5e1411af18af578b4b33d,5214.57,0.0011,83.002
39f53323d9e06b65043238cb51465c0a98711c1189ca34835502471ac357f547,5214.18,0.0011,83.0031
d1dadbec2b05bed5cafd27045ed637fde12f336c79dd4f041bfd7caab3ff8228,5213.7,0.0011,83.0042
a008996b75387236a328bfddb1e8e7eeefef2f38c9dd379a579f14fcbbda3a9e,5209.97,0.0011,83.0053
971ac7276e9b2af229b1d63a97ec7d3729c64d699551dbfa45d149ec693ff188,5209.76,0.0011,83.0064
3ab38a347fe8c5d527e704a220b3adf004c2f915181ebc431b25f18f273e8a41,5208.0,0.0011,83.0074
5d85d735b4c373c31823716e8d93f366d32016ca649732ebb6923f6288418304,5207.59,0.0011,83.0085
7c60a866e9ff554e0396e85d1d848bfe551db3320d649f872bb2e00ef5386d3f,5205.35,0.0011,83.0096
30c90d0657483ac36318c025c1255dee7fc64815626c1a3742527b56f84d852c,5204.65,0.0011,83.0107
992c50827e0c0e156ed8e18e72b66fe26f9a751e07f8a0b23ca9372f8ff62d04,5204.38,0.0011,83.0117
39b9f5b5ee2206155788d85f27af5933845724660fa8a2cf3d3ba853e276b4ad,5198.6,0.0011,83.0128
a29ec87dc1fc5c7f36a93054f956745e9c1e20e83a3ac97b413afc64d4c18271,5192.8,0.0011,83.0139
d00eb14335516442e133599f56090223be9168bbbfd87ba144fe32496cf45d80,5192.58,0.0011,83.015
228d770e8515dac11c7a7be0052b44f99c495c41eacbec24f22cfd3ff07eacc0,5191.2,0.0011,83.016
5c4755cb2cffb7d8740332dac5a2f2866352c82aa31e1830cbd201823fd0adb4,5188.13,0.0011,83.0171
e32f4808142a6823b853c038ca7a9dc0354375a1691410c6a8eadce52dbf49b5,5187.4,0.0011,83.0182
5fae93bdf1ac149cddc980ab925dfc6c842b34ec7219cf47f1f88c2ad268cd02,5185.74,0.0011,83.0193
f1b03ba1bf0fa1b535846b12d71be7edd1056354dedda25c5f60a9fc1d6077ac,5182.73,0.0011,83.0203
3aeee76b2f4968c9d20381c0a99e8641f282102b80788d5f59ff0adc636f6159,5181.62,0.0011,83.0214
59d84eb4bff04a4839704a1ee5b073e5071c86ec7304b7d8b3ef74b1087a86bf,5180.0,0.0011,83.0225
ad80efdf21bffbb6d2e37b6d9527caec44d7d99941dff47eba22a61537cef543,5179.01,0.0011,83.0236
652878a23d2e6a44841274ba65aa8694134c6c20f25b00ae54729711a95b0453,5178.64,0.0011,83.0246
f59a446e808cf849df037dad4c7161a12cafdda76e5d77630c91123e9bddd93e,5177.8,0.0011,83.0257
bbba3e220961d82adccd82c87765e2b07c39e28fabee7af50e66683ce3f6cae0,5177.44,0.0011,83.0268
4b6dc8c035ab619269caed6cbdae28c79de950cdcac07c8a15a94f396a4cd04d,5175.0,0.0011,83.0278
90ae4b9b3f2d92482a27de7121bf5b137ed3fcb2147813a2f177e80d148ed542,5173.98,0.0011,83.0289
0e092ababcdee12ada8b17e2929d4cf9115b443850058225542d893ac1d7dbb4,5171.2,0.0011,83.03
968509d7dd9b47cb6ce1c228455b9dde87105df5f78532cf651075b981e58429,5170.93,0.0011,83.0311
16902f1ccb1a820cf7695de929c7f2de272cd20578091492116b4f539db621d2,5168.0,0.0011,83.0321
b5b5dfeed8a11f01cd5a0394215db92b5ffb1124581dd01d833784ddc2d78670,5167.18,0.0011,83.0332
e8a309602060433993fa699be5fba4d4ffa66ad5922398e565515ba79a2ca32a,5167.05,0.0011,83.0343
431215cc672e28f8fe848de934defa35315f6d109eeb8fd99cf12850316f4a7b,5166.25,0.0011,83.0353
c4de2cdb4d8d770261b2dc6c5a01992a277b620628a79c961e13a04c4c1a861b,5163.19,0.0011,83.0364
ba957d901f6a358033d56679e942d11d6a330caf556cce5b3aa71441deee1db4,5161.11,0.0011,83.0375
23f971a6606824d73ac2b2837ad8792a7dfcccd625fa701489a2fa1b200452a9,5159.49,0.0011,83.0385
0a84e022f742f8094be6af17fb34b6b1fc1d4432a9d164ac9816fb6747aba295,5155.59,0.0011,83.0396
09fe8d496aeb0f288830a9ed305d99c8162d6e9e6092dc6f80698cd0c29fe4cf,5152.0,0.0011,83.0407
7f76d6a8e0967ae2ef495c90ba923a0016171d9e8692c4140c41d1d38b8b6ffe,5151.08,0.0011,83.0417
3dd08d9751bf6bf575e33ae909d212550f185bd575a2849c606356bacf4fbaf7,5148.0,0.0011,83.0428
7c4db15d177bbaf83dbb39e9e2d6a8b18b89d348ad92b4123ba22f40a54d2ee8,5146.1,0.0011,83.0439
d63c34e63662081fbb6a45fb991ea2e0d058d9084733ce3af3e20be8090e79be,5145.0,0.0011,83.0449
462e214bf60d8ae27765eed161ba8cc15fd91fcbbf30217c4704a3718c1542d1,5139.78,0.0011,83.046
cc2757353313156f788619d016e912255e8d7228ea0b63bc62726d18fea17c9b,5136.04,0.0011,83.0471
5e28238d391a14f598efce0674842c6a51728a4bd7ba1e79f4128ac675fdf622,5135.88,0.0011,83.0481
6bf4cc16e29099f98cbb76b4becf8fd8bb8c9dcaad440da2ba115f7126221610,5133.6,0.0011,83.0492
9f1164843f8ac9acf957a1b6d08bbb2a149ec99ac3789e68d752dfc80c5c42a9,5131.78,0.0011,83.0503
bd2cf429b4b9ce27ed50aa6246df2b074df18f47bb837cd8b5b03fcdc040b4b0,5131.52,0.0011,83.0513
f4a7804d0192d0c21c071308b8763a56f666fa0f7c94989212e7baa5535da422,5130.08,0.0011,83.0524
d138fa314d0486a5fd9530515c59338b9eafcdf4b4bfdd254b52992a58580655,5129.56,0.0011,83.0534
e10686be50a0c71b151c08eddf6faf4190ac51ffa52d5cc7071abb95a8f8f8d9,5129.2,0.0011,83.0545
218a6c045d8271319d93145cbfd6f9a82f6fc1e3dc1ffaf0076034749b333d51,5128.13,0.0011,83.0556
5ca7fe7e0a07ab96902efb6a909c913def2a7540e090172dd453541806c8da76,5125.13,0.0011,83.0566
8f375995385035c25d012b1c5c160568efca4ad035d7056b8ca9ad69fe728b16,5123.61,0.0011,83.0577
3dbfa4567524cc5ef603eb7d38df5661fb8e70eb0dd5a54544f83fd0a815ffd9,5122.64,0.0011,83.0588
f8ce576a104fbbdb8ef4ace99ee4781dcfac4ce2db604331017b7d41ee742f13,5120.0,0.0011,83.0598
b5ab02a5e5f790e47726973ffb80a86906e158aa969d415c246eae7d1d8eb70f,5120.0,0.0011,83.0609
b36cf1b8f46cb42ad78526b3dadd457f8edf0524d12ca09e77a4001ddaf0e8e9,5120.0,0.0011,83.0619
a108b6c55b44a38ad7ee1c28189e390495b617c650fdfbd26ca87c9909f64e6d,5120.0,0.0011,83.063
f677f66ea6c33f9ff7ea087e7e86996daac85b4130b67aa8d0028d401ac91783,5117.5,0.0011,83.0641
503344dd424ecfce998248d1e54a9245be456c1009ed82cb4c2f837740be8fa0,5117.11,0.0011,83.0651
b1fc4ae7811a35f8c24c3f99fc10cad180908d201216fa556352b528da6c868a,5115.06,0.0011,83.0662
06baab87417ce5c7c569d64509bbdcd477cad30ad9af9f5c1c52f7fda3c31c5e,5115.0,0.0011,83.0672
0d919a172fc123a8f7750b7118f6f40cc7ba1002527dd2ce95560dd64857028b,5114.83,0.0011,83.0683
c4703353f299904a9d809b37b5c8b34f59f0d3fd27fc06e847792fb72ae65730,5113.71,0.0011,83.0694
991be21cccff426505d5a6a38e6c826260d16b699abaeda5fd99919b49bc744b,5106.7,0.0011,83.0704
f20f68b3dc731b34695af905082bdd63822d1c051b7f47467dd326d9d81e2b80,5106.25,0.0011,83.0715
5a24bf85d8006b3e5c39d4ec7772d4344628ec4dfcb7bfbe73748c900f9f7907,5106.0,0.0011,83.0725
9c760a73e6d28ef8ff6062fdc5095504c7494efbae7ad7251878247bf1e586e1,5105.0,0.0011,83.0736
0fc68af77f001a5d3c412ee9740b95a2c24ab0e0022ad6a2d44bfb337093bad5,5100.0,0.0011,83.0746
0fab34a72bd5dde87c5f46ee0642591fa049882773af3141289064bea6ff6976,5100.0,0.0011,83.0757
bd48e8851bea29bd942784103d6f441863a16586f72200373f16c068a74be2cc,5099.7,0.0011,83.0767
0a3c3eea3dddc325a7c6f4e9bb1b467e3ee9ec9d0691ef6dbabb88cc0a9981df,5098.2,0.0011,83.0778
9f895d232dcabfade9b929a460ab1df7107751d52d99a69314612961c6791830,5098.2,0.0011,83.0789
2d72e7b0ac0cd64f3a61b9ecbfcd26be54be08802bb662bbcbbf2d5e3abf22d0,5096.89,0.0011,83.0799
b46019991c0dac913eba6dc5497fbf1de90bd198eee3a672f5cbad02ea8f0f1e,5096.15,0.0011,83.081
4bbb233a0601fc7844e411eb6630c7a7287f0ae0ef8f4ec7647298bd12efe33f,5092.9,0.0011,83.082
ba25f25dcfca962ca07be387a8013363c2ee45a75c8440aba4727582be28cfc1,5092.73,0.0011,83.0831
db61b71bf6a7ced7976f7b451ea8b2027f0a8bc0df0fac3033bd5bb3a6efadad,5089.86,0.0011,83.0841
8f39eff01b47568e34395c83f5c05f8048e869e7a4a86832f37ac484e01dcc56,5084.38,0.0011,83.0852
fa04f4abc364ce479ac175ceb66863a165af9b800f81602473790d946d4ffe36,5082.7,0.0011,83.0862
1ad6caff27f990a8be1dc0146dc1b1162aaca4088c7d8b9f6bc6ceb83bb4ca5f,5080.98,0.0011,83.0873
be450b60604076bfcce104086294e380e0618a6fc73c709daae3da3ede6cc4a8,5080.59,0.0011,83.0883
f871ba148cc65b1db4b101d545b25d642142d78fe5827ac76028b2a5b5ba35db,5080.14,0.0011,83.0894
64c586e15c250e79834418a90e2a151858c306876b7588aece9cb81a8e498a99,5080.0,0.0011,83.0904
fa3814c6b77eadc902892585e6aca1363789450e48bb0fa0640b13eacb616377,5079.91,0.0011,83.0915
4ef1b758ac8aed95f0b1a0f705fd566218af02ebebb2a51b5bc0e44ed53bf9ea,5079.69,0.0011,83.0926
5e3dc7680b3036f4b790f068f8bbe10deabe8e362f796b3040ab8d1ecfed193e,5076.51,0.0011,83.0936
cc289cfc218d7f848183aeb25c4dd9001f8a033c2251e5e060aaa77e5042d331,5073.32,0.0011,83.0947
550b182719f37fc1561f1a4ee6c2fafbb2b244b2eeeb28b36ae724d8285992bf,5073.07,0.0011,83.0957
f32bc7981e0a2cfbec470fa4e324021514b1e7560c95947bdfc952d9f69bc606,5072.7,0.0011,83.0968
a9acbf5a368213d35dc484464a8b7cc6646abdf8a5fc2567ec4d600198881221,5069.14,0.001,83.0978
ab6e5bbfded5b965ee807af73208a874c64ebd6fa0c89793a9d2419b1316189b,5066.0,0.001,83.0989
582411d6f2ee9e8cb2074ba1ac2ef19bfdb8248aa626cbc88b4e7ebf8e0f2bb0,5065.66,0.001,83.0999
61aa90aa457a0bce5390b3630fed5ce4fd0b565f0eec7ef71f7d49cd3068c024,5061.82,0.001,83.101
b56a1c3fbc5b29ccde07e8919a5684da98a778a53915ab8a8729c65e3af9aae5,5061.0,0.001,83.102
c051626e6113466d9e8f5ef50ad1819394cf87be1e79f6a9a4d242cb47e3c539,5060.0,0.001,83.103
dddd8a22f99ec19d35bd2f6c9714ba305614d47f3ca37124a4b929b256646d36,5059.0,0.001,83.1041
e27ba0f94322f4278381153b8d099495bd2d44e8490adea69cea79e2e0520024,5057.96,0.001,83.1051
c6cb583c449203e2eb348db303fd2236d7cc9cb3d364d2b76e536f42c2865ab6,5054.9,0.001,83.1062
bdb40999e3b4e4d33f6b9da98c679b6dbfd3d41d8078760bc303ee1896e343f9,5047.8,0.001,83.1072
b873d05e7bcfd569b6408d3599407f0a00764e97866ba88ad4049438c74d3698,5046.56,0.001,83.1083
32fa4ba5c9371260102ebc1ba4af1cd675c04f4c8bfdbaae0b1eb372a9dbb87a,5045.69,0.001,83.1093
c9900bbdf340a75d6745e624eff028a5233b50859539e547d3d0022e0891b9d4,5045.64,0.001,83.1104
d1ae9a35ecdb73b7d7caf1177208bf25419cd114575ec9e840bef46ae05a4950,5039.24,0.001,83.1114
cf457bafff4ab4f5d362e61675cbbc1f0248a31f50b24f47f53adf7e25e64c39,5035.39,0.001,83.1125
50a6442d4f8e66c47eba3b2ab428ddb1d1feefe3ae7af7538b65d26a795027c6,5034.93,0.001,83.1135
b95dee4cb8a4a38eae91b283c543d7511625b1a1ee7242134f58a0cdae38afd9,5032.08,0.001,83.1145
619fa553c835c6b6f7c5ed8dc86f1be6a9a002ce9b14942a534062d85f3dfdb9,5029.64,0.001,83.1156
c433b4cf9f662b0bd0a597c96f7c8ba2243af998935b2f11b41cecd65f40dc00,5028.12,0.001,83.1166
9ce5226ec4355414fe14c7f12b7877a1fb7e517c755262f7b19b7fd521ed2427,5027.02,0.001,83.1177
f69dc54807064072cb9549b2a3f5920f597d613e9fff472f06750bdf4e13d343,5023.58,0.001,83.1187
d214be85ed05f275112bff84516fbf120aa00585c2c9e9e25f0fc9e4a9000dd6,5020.8,0.001,83.1197
5b31890245ac528906e2149a3e204287e0a1fe3e953f4ba5a4137091ac69c4d8,5017.95,0.001,83.1208
88134a49248a02ee2d773214043dafdd22d15282b6977ca2f1d50f87c2f99533,5017.53,0.001,83.1218
60a9578276eb52b7d2be97714e40d4f94e4458b150cf3a39920ff3b09aad7f80,5015.15,0.001,83.1229
970b39e149322b4b3741cc67e74c74da15599121eb610dc099e9cfb5be9ea8a5,5014.91,0.001,83.1239
4e1ac5cc929bbc31bcfc0b9cc3dbcc99cc39a080a5d775a72a99422f22f79ef1,5010.78,0.001,83.1249
73f1d04a9678a93f64ece7d865afa341688276c13970ea682cab4f91afa4c63d,5010.6,0.001,83.126
bd0d829dd37bed8b09c2e37e5ad42c60e93e9f3c2f40ef5ec35ed84df7d3a702,5007.8,0.001,83.127
935861ff32e01b69e4b64a4cd2643637e6c9ade5ac511cfef35f4fb8af740e03,5007.69,0.001,83.128
4c354712b596e29e486b0305d80c9a0fdbee1a4effd3c6797cb358491c11cd08,5006.77,0.001,83.1291
d5b2f984bb5733c30680940aaf707f6cd58a91a8560a9df34272de0561f6d435,5005.29,0.001,83.1301
ec9dbc9f8248749bc6aa05f11d3c1728382ee420f265ad72ae969258e94dfb39,5004.55,0.001,83.1312
ea76e303e2d7d5fe6c28b1cdd96af83730dcb0b44925bc745f578125d4919f8d,5001.58,0.001,83.1322
830ff8c15dcf57695de7759276e55cac27a59e762115f4696ec7fe5e498e5e3e,5001.24,0.001,83.1332
4e760f364633cbf3535a3d930216d0b66e3c256cd9b4b8e14eecc20c1666ede6,5000.0,0.001,83.1343
0e38e8cceab246d4b53a1dff1d467eeee39e2665575bca00b878b606f446991c,5000.0,0.001,83.1353
b1b5d8cba997e5cfc96f7c49c72b3ee4254e76ba47c62aa3d20cf8dc688bfc0e,5000.0,0.001,83.1363
289d98a55ee36ad12563fa21c10380a6c265f4ee3cf76a15275b4be7346fde6b,5000.0,0.001,83.1374
23a7b39e56fa5c648a5fc1456c14f3346121acb0a85eb8a1d9217b5edf86dec4,5000.0,0.001,83.1384
fdbc157b610841b811991810a1cc95da9df3d2b24a2d09afcb45b5305d79be0f,5000.0,0.001,83.1394
fcfd806c4fdd718c7ef39be41f472774f0d7d472cf2c2dd1e556dd76639d6e16,5000.0,0.001,83.1405
40175b4ba7f7a4798b59c3ef784a69ba3426437addedd51c59f5cd34f7d46578,5000.0,0.001,83.1415
36256e20589ac9b925f72286db245399743f32a9cb111e1196e18ae66ec487cb,4998.0,0.001,83.1425
0cf427004d1068bdeb8ee269d871dfdcaf5745538fabf31376f0de96e2c158f7,4998.0,0.001,83.1436
24d28637ade6e9567fa24046f61c0059075ab88bd5b3461dfb5a021e3354cfa4,4998.0,0.001,83.1446
7728f4ca20ae5e480ec6265553d24ab17d0a5152ee277d0cd38545b7f1d65ed5,4996.14,0.001,83.1457
4345a79acd6698dc561ee60aa74c18f85c87e71f2a45ec5568f7801544a98d98,4995.8,0.001,83.1467
7a8d0118c13d2ff0096197fcebe18dcdd250965cd54ce0c1b79cd830f4e13e33,4995.0,0.001,83.1477
17e3145f7f563d40f2be23b8dcaf86a84732570f96774f8c97ebb4e2831a5b8f,4995.0,0.001,83.1488
99a64114a0b560df83f3d2c129c19de61d3add97b5b8669fa87b1cba80fdaa23,4994.53,0.001,83.1498
28f99112360967e37522ec739d460f6ad1352d393b1c935bedaa0629f3b053e3,4994.13,0.001,83.1508
57ac4194602a3d15d32012a7a2cf480afc14415a3cc64bac6f8b4817ee25b3ae,4990.38,0.001,83.1519
aff03877c7a6e8799057e5ad4b82de902487b7c7f30dbff9dcca9a15890d2cb5,4990.0,0.001,83.1529
c82c79538904dfe587f16b83d1983801039332ec8328ef78371ebab3f473da2e,4988.47,0.001,83.1539
f50d5f725bce3323d7659d209b2a7dac3eec039a3ea46638d3b5294364816ef3,4987.5,0.001,83.155
6373341f39a5fa9e9c2b2c4b74e020194a7d47a4bba2656b0b160e7fa37e219e,4984.89,0.001,83.156
39136f315ad5b2dcdfca6068724097669abedc578f372d0112a73a690fc1ac97,4982.43,0.001,83.157
fbbd5987c687497af2b82309dab326eff237a416e73ec8acc55fa1442fded904,4981.59,0.001,83.1581
d44456cf8eac992f530ed254715ddca27f277cbdc555a3f354b96389b9a00527,4981.22,0.001,83.1591
e3c947385bfde9a37a11858dde167607fd80c8d0fdebc805dfee996941dac537,4980.0,0.001,83.1601
21d031258a2efb1b0f6129e8990ab82e4b0d5fbb84b69e02207a73273ea21a44,4976.24,0.001,83.1611
9961a68e5cea1ff033a2684b666c987bea355bcbb2019575dbb4f448d6a34bca,4974.22,0.001,83.1622
22046fca3d05f073cfd5d314fb4ca48bf3a19bc30ec79fd7b3b9a9da934354a7,4968.0,0.001,83.1632
cb098d5742d4b91248cdbebc3fa1abcead0fdfbf06ca305c82257892ae3ab912,4965.81,0.001,83.1642
63364f649f735d9bd57a20df20228428de0d249c51d735e16432f1158c46582a,4964.88,0.001,83.1653
633887c31b1e018fc64aef256057b17a30bb30a6b0a39fc28f56bbe1f58427db,4964.23,0.001,83.1663
a1771dbf2fbb940c4568a6eebbb6a4b7ec77f1f0f84a5d01909071b700122932,4961.53,0.001,83.1673
300b3f401e4a8c5d565c40cf70f94549ddf9ef810a0f870c05e99a2582af3e09,4959.65,0.001,83.1683
d8dcb94d77cf1c29ffd4cf5c7daed27b7fad3d18a54a35cc02c17f55efb7de35,4956.73,0.001,83.1694
88810b36f7b73641168f55199bba00f585cec9ea2def5fe087cd30a76171d517,4956.25,0.001,83.1704
32fbe952c1a633c13cf1080149b7667c4f970edd3189432d9f07da253fe68c11,4955.19,0.001,83.1714
6e89ab549fbb4d66bc099b626d546b727a0b85cab7be236274c8f3737719de88,4952.82,0.001,83.1724
f96217e9bb26782f1d8e77a5cfaaed05db2d70103bc42911e454c3a9844fbc0f,4952.65,0.001,83.1735
307785dac9a329c4e45e2c2330b05921ce4b4447caf9a20843a53c035637e3bd,4950.0,0.001,83.1745
07524f797623049da5110c606d832fbf80a094a6dbd64c4faaa07b2d3433ccd1,4949.32,0.001,83.1755
a12aa5153d050cd82dcd636758d1f3123bdca01c8c07b4403f2c1a114567ad42,4949.2,0.001,83.1765
690ce4ebefe310b03ba86f4a1737312f2c255bea2d5e405056e0c1e44e7a8b0d,4943.03,0.001,83.1776
897d210a43a80f0dddc60f8920eb1d899b5b8ee4e27500cc49cd2d4d6b1f1b3d,4942.82,0.001,83.1786
bb18ae0615fceb2a34bf80330975484e86cf26a6beea04d7b6e8372fec8a0377,4942.4,0.001,83.1796
059abcdaf2f2d2fbd6d40a18ff9e7d23db83e8ea1662b1b8d96f7ff3a189dbd0,4941.99,0.001,83.1806
ec8f7dcdc578ecb165e25516cc6a3974b7acc6e49d72ac25b14fdadfd83e1d64,4939.2,0.001,83.1817
d122b89035d4ea49f2b96d2250d1e60a0265347fd1be5643d783ef2df21f8aff,4936.59,0.001,83.1827
a9d2e55c0848366d0907eb1b297f43c9603f39f8f73434eea281d72d12b898b9,4936.05,0.001,83.1837
82d163fb47c71405b98be57daf869f693367017964097d8ae0eb221a092c5940,4936.0,0.001,83.1847
9a5a3542ab9927c7275d050e89055b9215cf1cd79e4a92d1db1c44c281d7b74e,4933.72,0.001,83.1858
b3f6f36aad483c68f28e3a37be7cd9602b354b36a952df2a4e13fd0cd46bbac9,4931.21,0.001,83.1868
ec1ea34263912825dbdd46ea2066bc74e4c96ac189bb830a5f679f9af930e0b7,4931.2,0.001,83.1878
d94e173cfef0023f36f132eca972d4442de24e336ec8e12ed71c20bb548ce541,4928.41,0.001,83.1888
acda153b21a73bae8175b258b00013790f2229dee4cf819d869772e9f031a073,4927.57,0.001,83.1898
4dfd0270e9b99b2b38a36026d0c3b0107fbb93063b91c19c65d73d10faa5ed3a,4923.87,0.001,83.1909
f37a6087729eca7d3e41d3f26a1c5d4e4ef98aa5965b1ca35e5139deecbbdc89,4923.55,0.001,83.1919
a1d9b88e13a9c235ccb29cb22da8c3dfc43b9e326fdf2efd83109c1e6e1b8c64,4920.0,0.001,83.1929
eb3098ba5f7794b56aaaacbfda9ea8e8e9409122a8cccd63100b697021be157a,4919.31,0.001,83.1939
b65fbc8d30df0e142f9f987e4a8216c8515f36614175413e21825fc7bdce8866,4917.49,0.001,83.1949
b267d3ca26c8613ee16e7a349a4e2e4a5451af78eb3ba8c3d16889530b4f4040,4916.2,0.001,83.1959
39fb1a73e4a0406034f2b76fd31a8e36642757b88f6298a2a495c0ef12d2b6c9,4913.1,0.001,83.197
f46575a329a230b15f81527dbee5186f23ed7dbd381ad6c00662e5655083cc34,4905.0,0.001,83.198
bf9bc5fca1cda31624cca20d5c7bb601806fa007cb27832909a8086a9370189f,4904.89,0.001,83.199
5042da5ca324852112710052ac7365cf21911be0574b820f30beea56bbd1848d,4900.78,0.001,83.2
9a8913359996d70a9f05d62e5173d5f5abf3536f36256d430d2fd4a4b8c04e56,4900.18,0.001,83.201
8f1184c93493b1022a4bce2dc28a4caa40fee327c1b6ae97598b9ecfebc21c17,4899.04,0.001,83.202
6966c33dc29a77aba32d33e78b61e23bfe4cd26701417988c0f356a9797bd842,4898.9,0.001,83.2031
a39abe916cdc5a59c007d00f3fae8919da17f843e25786f43df83c3792991f53,4897.42,0.001,83.2041
5a24fa44f7adeb33a9edd29d0fcad89e4f6407075265962f28b449300fb011e8,4893.2,0.001,83.2051
77b9691e58f7cd526bb5f0d1d24e22fb663f08445de323224fed48f10da986b7,4890.0,0.001,83.2061
3112575e534d85951bf584657f29a06bbabecb0948e35e90ebef3ea53b120c42,4889.81,0.001,83.2071
228dfcfe9e712c1b925cca11e6c40c6dbd9ffeb0c87884dba37707856b003be5,4887.79,0.001,83.2081
1d0ce9f80a3aa75fe8646d5d2f9068d1e61aac4f9b679ee0a0182331a4ac8a6f,4886.0,0.001,83.2091
49bc39906cd5759c9e25922eeef0c217605a43445abe59201a16f9fcc8dea248,4885.97,0.001,83.2101
c8961b899e0500bd9a5b1b080a47b8d5e2b50032b45cc450877b2d59e9c1dde5,4885.47,0.001,83.2112
8fec4f178d4a5fbec7ffb73ee43097251afd47099efd12f1e401c302897403d5,4884.22,0.001,83.2122
c25bb0a4c8b6a69e66e9cbb27853807d0a0677d62bb3b813d3e38f688a1fe11b,4881.44,0.001,83.2132
2cf3456c051a4365dc77608be7b3b14c9bc96bf9961cbc857df78e0e9f9aedca,4878.48,0.001,83.2142
0f059a37b276dcc498dbd4941734c90fc7142a261390ace180628ad458fd540a,4878.41,0.001,83.2152
5883bc21c04675299f63bf94ae691cc919355b6e8f09d0f68c560f6cf041fe8c,4877.42,0.001,83.2162
9ef8abcb1e3bc960642e1b253bf10ecb7ed5a324c0fb7e858e1dcee1a84a0599,4876.63,0.001,83.2172
1b36cd7951891f387e1ea2d74fc1b86992f0985cdfd4f824f5a086b3f6973f0b,4875.5,0.001,83.2182
d6b06996f8673044dc18b3d8283b15c9f4a279f2f3414c9a1f3263fb3e0aa6e1,4874.6,0.001,83.2192
c15990d8f2d6d17853f148bca92416ecf43217e27ddb4486b7b05d0a27368454,4871.13,0.001,83.2202
26170916c4704d2ae4f2368159316f61642d0552e8dd1ba172498719f5e16d9f,4870.0,0.001,83.2213
6d7b6b650ba465cbc302572951d9ef3c406e1f5116241777cf40304ba26cb916,4870.0,0.001,83.2223
5cbc9bf158058cbe23a21621115be76ef086a41948f19998b34a2ac4ea49849d,4869.38,0.001,83.2233
6ccf76f7343d6158d2c9e3d3dcb44d4cb63b242948fd730fc53df23b4e0b9052,4868.08,0.001,83.2243
500c9632873fa5d0c7c794f71c496ceda727bb66195a99aa05778e7f9c69cc56,4868.0,0.001,83.2253
49a32cd8ba104b5010ee60847c1dbe638c1d8c4c2c43e1527a20a74fe9955329,4868.0,0.001,83.2263
3045d7ffc66dcbea90420792df8cc65b67bd0ee9eaeaa3f8c86bdfaaf4e7af68,4867.8,0.001,83.2273
1d4b0ea413772113a60278909b75f983bc9c5054d0101e9de5f8aef04cfb4ea2,4867.1,0.001,83.2283
da73ad3d2a37e3ca75098eca3742a7f9d3d4765f09b9bf131d71a10c2b259947,4863.68,0.001,83.2293
519e371466f1dd54f62bf528bc7530fde393be9ac117a1b8cdbb4067c20b470a,4860.28,0.001,83.2303
1ec6b779c45ed72396afd83f5c503093f95d8a26f31a081fe416aef9d7cc0bea,4857.85,0.001,83.2313
ae882135d03ca83a24c18158176af027abbdb3c3f7a3f38c1757d8cdd7dadf73,4856.13,0.001,83.2323
e05663965538f5f3b11a68f05aca76aed429fc1aa867622e9b6f9698a4fc509f,4855.89,0.001,83.2333
beae018fc7a18b7a8d1b869d9d7c826614eab8465ac5e358317d3c8ed23dfe3a,4854.04,0.001,83.2343
28915329afd09ea741643ee53d1309cc2b1773355acf8ef57d6c1bb0d59f3a9c,4853.75,0.001,83.2354
d331dad49c59567ba1177902b1f5f1fedbf760915356333b2915f2e34bd824f5,4850.2,0.001,83.2364
8ce85da0eddd67b4cb8702d1aa701d63afbdc74e863fff4d313b53b11671ed65,4849.17,0.001,83.2374
922e6e8a8361ae57714d63b803ca65f02298e38fef413b413db2db29443434a4,4847.95,0.001,83.2384
318ba69ef557ad8527ba9e14001b71e6ddb2c53977695eebd289f6befe39d863,4845.2,0.001,83.2394
d3e4c61987551a33e36cf4ffde3b9e689f163b6c311870c3cc60bcde67fb189d,4841.91,0.001,83.2404
22572099c96b72fb7624968e82da0282b13e895b4364f5936e0c514201034de4,4839.26,0.001,83.2414
45a86272dadfc691ebbf8dbde41f14cee7881ec696998f7dded8152f97405a1a,4838.75,0.001,83.2424
e80b09d9413af5e817faa9c835b6cb358166d1a2a67be0d177921d80211ada57,4838.45,0.001,83.2434
b86bdd61069595925d8654dc879c70a7a807eccc9192537a2d82854b2340b360,4837.53,0.001,83.2444
2ddf2a74e85424fb8cda870fcf6cc491a795989b53e7c5ae2fe782e86f9244e1,4837.38,0.001,83.2454
0b8d8de3faa39bf324e9895bf8edc9ad0b0efbd27bc3fb58c560e71298cb5a9f,4836.15,0.001,83.2464
3df1c2e29a54d6b07b24281c64cd0101a081a46d65fa0bf86a1de7f7e99addb2,4835.15,0.001,83.2474
11b6d00cf106e0834103068a2e76e040bc79b25309aee1097f76586f6f745708,4832.78,0.001,83.2484
b9a2f235dcb7281b4a96c18f7266714757efdaca0558566fbd5dde7992dab96e,4831.23,0.001,83.2494
b510cf632bbe22e90a656fa655785edaeff39f354bb8b0465e79d725b112c601,4830.74,0.001,83.2504
a886dd5cc91e1825d0633620821f23d45704b07c8b6ed6446beabd55b1c7b3eb,4829.2,0.001,83.2514
5b5bc5afbf2d12bd90c88ddc7f3df9488aeb96e96d2a84a51655b5005ecab198,4827.8,0.001,83.2524
c4192355610ee18d13fe8f186698aecd8121c77cb5091be7178160806673c5bd,4827.55,0.001,83.2534
a3f334505a3bf82d476b2ef04b36faedb48e1fe83772e7a4bae45f1c4d68559f,4824.8,0.001,83.2544
b91b3dc3388ecd634dfcc5107b4702f69b23114d75296a56630187059ddf39a1,4824.0,0.001,83.2554
724830ff7dc947bbefbe7499bbe58712e96079c766ffc001dfdae4d3e233574a,4824.0,0.001,83.2564
52fc9ef50e9c8377f5c06363e0cdd194de2246337a306631abb77b4d1d1f3b8a,4824.0,0.001,83.2574
3fe8527afcbb55bfcea2943d07dfb6d512e2f499a5985942c441e590ae633c0f,4823.72,0.001,83.2584
b9332f5c99ba5f5140c1ad1cad71bca13c378083c9bcfca97038d9afd3818416,4823.2,0.001,83.2594
296fb6941039206c056d51f081918487219139832f0eddb2b94aa57f39a28502,4820.09,0.001,83.2604
bfdc2dd1e6039724ea9e7996fec6f9e1a853977e3ffb84caf1368a6b8fb9263d,4818.12,0.001,83.2614
6f50b72c572cf481dd1c57e91909f500213fffbd5ffb9e9a2a311dd08bfc78f2,4815.77,0.001,83.2624
bcf0b1bb2411951d65d3d9e3856d4b3e3737dd7dffa88a5846980c6a5416eb26,4815.09,0.001,83.2634
aeae4745f807d6e5ac542e292a9bbcdd8b8f51cd53bf7580761de877407e592e,4812.5,0.001,83.2644
79e430e089460ff63bc07dad5f3ad2eaea5ce3d9222545ab075791526df32910,4812.5,0.001,83.2654
7773c62d38ac26e2a601f5ce5f44a0158b1cca5a0856a15c365c5e59dbd011cf,4811.73,0.001,83.2664
b0f769686823b3823fc247185d00f28e2017d32d3c7b27fd5f99525281ea4240,4807.94,0.001,83.2674
e4e13c80ace6f023c6dbd772f45c08106b15bee3a286a79391afe959fba3adbf,4806.62,0.001,83.2683
bbd18d36db24c813e8b12da9e61dbc8d95c609816225dabe70f5509eead6f8e5,4805.4,0.001,83.2693
403f604c6fa94a694296ec5b3cc73514fdaa751e69d22450486cb01ee0c7db79,4802.14,0.001,83.2703
4f5ce9d49a01031c7943e67fc9838a855aaf23b1f36bca0d91f0e33806a343c0,4799.18,0.001,83.2713
5e4064d6ac4baa92517ad22939f90e1c8ba42b49c9b16cd25486f59ebcb77c08,4796.83,0.001,83.2723
71d0f064a8a1a46c919db53a4e5c30c9ab7b4089d2c1e6dd4fc63cdd171641e2,4796.79,0.001,83.2733
24bc803028c0d420c71685c4cc22925bc9522481f0b3c822b0f81b18c9c6aea8,4796.6,0.001,83.2743
9f6fa5c81d1e8ecb06335882ffec855fe98924a8e59928f0934193f39279683f,4794.21,0.001,83.2753
4711ea86ff30eecafebd7c4ac409f14ce6235e1b9204aa1ef648ce7a7134a72f,4793.67,0.001,83.2763
d93c313f51012feb47a018c9479325d339b55b591a232fb60a4fca951ada3bde,4792.19,0.001,83.2773
902e6ff6fba21b45fddd5cb38fa7c55ab5e98d4111e9db16344cce51c7509eed,4791.42,0.001,83.2783
05a04dda0c460c4db791cd55028a221416b7228d0ddba7133f28c797ab8710ef,4790.16,0.001,83.2793
628bea5994fa37f92ebb41a0dc6b8e1033fe39c49bda5ade1ba7c3bd0b4e874c,4788.0,0.001,83.2803
93be635d191bc4b3b5419fc4717fc8e38a336398da0009405fb18e80d65e0eb4,4787.21,0.001,83.2813
0e5a8b89b4be70d8f20a70c937ccfab0ec120e69dea53f161a92024aa6fbc7ee,4786.54,0.001,83.2822
2d46ddecd09600b83aab9ab49f785a70c1e41d8d5e8bedb50c27e299efdf5291,4780.9,0.001,83.2832
3648d8e5f946313b5ed7eec7a4c3014e6e94efbac65fe2a4e0c946473859064a,4779.4,0.001,83.2842
cb946d3f85710efa1e6d8c5cba54245c7f4e0f05eb0590c7270206420636473f,4778.91,0.001,83.2852
55ae5ae5323b351f78b215b8082ab5450d982f174c42b2a2a1f1ee5d89b7736b,4777.73,0.001,83.2862
a55a77281f24c90b9413ab90a13a22323e70cb537978bcf9edb3e316f3acf735,4775.52,0.001,83.2872
2ff82e75f18ad8ca627303afdd1751d70e3dc07ce1f397292044f8d36e82c282,4775.36,0.001,83.2882
afe873c877414aa76fca9993837906293d32dff29ddc0405196b6f7ffe0fc455,4774.25,0.001,83.2892
f83f60910a6110f84a877e1d0b4c4c1668943823994901913224be100c3a9a04,4774.0,0.001,83.2902
87fe58468680065426298bab3f56645351526712b2231b496f1dcec194e1d6ec,4772.5,0.001,83.2912
02d234f3abbd44dbb09c4561cb3b94f5062bfa99a9ef5a9a8e11d68515f20420,4771.2,0.001,83.2921
3beb84b589e75092c5761cc9eca396ccbf61cdcc45d5256adcb76ccaeac0ef75,4770.89,0.001,83.2931
cd977c3b394f7bbced701a9c09f4aabcb6548522360cb49191e9c04313e72322,4768.0,0.001,83.2941
5e317ae74777bf0e3eaa8a6f8b16ce715baca6f286fcdb1b8aaa817ff1066c58,4766.74,0.001,83.2951
b84c319494b96e150f1d9b921de77ac8fe1fe261adb89bd8d84d4694f0377a1f,4761.95,0.001,83.2961
71e387e62050dfd51b9334a3d3c3eb14fba23b67cdbb8af8ad89f0ea3e5571c6,4761.56,0.001,83.2971
fe953e4a752bcf5b8ee13356b340673dfbc0df7d80c213a0b19337e1f63b68e5,4760.0,0.001,83.2981
a7c3fddf92424c3659de22bf2bbd44efe75bc3bd380adf93a81a379dd1a4ef36,4760.0,0.001,83.299
4e58d9d164f2cf89870f7b8259cc3203fc22cc475cab70d61a204bf74d23fd40,4760.0,0.001,83.3
46d23be02e00f078b0441e013d5850437e467c3216ea6011be352d792a1850eb,4760.0,0.001,83.301
51fa6394f76370180d9b5f1ba203478ab11e3bd4574706518bac2dd1d34a7ea8,4759.52,0.001,83.302
024b8a4d56d7756a556c3712319e32c3fc71cb7864a29ad5333f71a61163a3a7,4758.45,0.001,83.303
d296af22ac1ae09cf8d1abf29fc6539233ec7b648def3054741fb402af7f7c7a,4757.29,0.001,83.304
ca898f324e9ea8b09001f48c44eacb16c48d65edfa7aa7e08bf5586784b3aebc,4755.85,0.001,83.305
707d3d7cd6f87c8b5980c89399333a1602cef209f8080c1e7ca33506718d317f,4755.6,0.001,83.3059
f302c64428dac6b53059ef0f7947981b6372a3da77012707c5a97b0d0df60a28,4755.0,0.001,83.3069
b6d21d28685ea39fad64e5799343b66823c0a42cc1fe695812cf20fc04871abd,4754.72,0.001,83.3079
072abb984b8551df57590313070e9b637ed54d08974565a8b6558fea6762d8b6,4753.23,0.001,83.3089
48a744dac05b93a1599da2fa79ddeb869cdc3c24df281f23da8dc1a92002fc54,4753.2,0.001,83.3099
519913a602d9005441c8043a7ff7d7c75cf56f9db6962b5bca389ff6c73adb13,4753.06,0.001,83.3109
d34b89d8fb05d8509dbbfdb3f6a485ed718eb677737417ceede8a1a96f61b6ad,4750.0,0.001,83.3118
5eb100dcd499ab1060e0ecc2379aa197a87d8145c931f13c9f1d4b1de9baa715,4748.91,0.001,83.3128
22452caad50ec2e532791d278e67c4ad3178061a533fd1a2b9fb40775173e922,4748.9,0.001,83.3138
119b3fd81333fc48596cb91c332a32da688f9d1b3b384f350657ef3a8098a068,4745.88,0.001,83.3148
047563eebe27a86f8f6385fbf894524669ad7ef429326e8887b4658f3c87cbda,4745.0,0.001,83.3158
12da7bddc3f1dd78cefea0c544ce91704e0bb1f968a4af6d444b5562d66f0cf1,4744.77,0.001,83.3168
b3365e13c64bfcf5568c9858d3c86c884da054023a7bfd46006f20ce2da667a9,4742.0,0.001,83.3177
6314f1577bdcf04fd4190f093f9682eaf7aacf3d6ec993a23be23267bdecdef5,4741.64,0.001,83.3187
5f76c7c19c1d71c3c4f78374d090ff5c250da6e976fbf28fab1fa7ab22d332ff,4741.4,0.001,83.3197
091a88a9d73850e9503604e1264e7b58f11d6c14bfb6dd707b77cabb047a88cd,4740.56,0.001,83.3207
9565e1fbee2d48c19d754bb40d582a1c96e3c245a8693c98c6496a71acc771a7,4739.98,0.001,83.3217
9a093767b5ccd76e08eb3eef5b09a93b6541fc410e0027817a15a0ae1c3359a6,4739.06,0.001,83.3227
ef7cc499396bb749af7e51e8d0f9c947968a68c98e99cb8e4518fd976cd122fa,4738.29,0.001,83.3236
61c4e550b94c26a58c2b87ef07dc9486d35c586cb7f3ad001a7ec6deac0b0919,4737.32,0.001,83.3246
1ea4cf672ef9c41d6ede3791bade00b7a0494ce17ce585bf071408abee93ceab,4736.36,0.001,83.3256
7898865f67d0d185175205df033da4df5ca339ba900719f06b3563f52d6f1c9c,4735.91,0.001,83.3266
dab637b4a667e3d3d0e6903de9f7fb37e34143b0813aad767e8ffbfec787b37b,4735.36,0.001,83.3276
aa24ef36589543276f25edd4201ba5e96f58c07558fe5d0ad51b06a9a8daf95f,4733.93,0.001,83.3285
82afce17548a4bdfd5e034ac9027b12a59a8ab148684cf5ff96a21978e2e9e63,4733.47,0.001,83.3295
0f922bcade70dc3c38aacd02f6b495e9cd96e25cba05f7ba14862882faae20cf,4732.01,0.001,83.3305
108456427be6539a3ec642008d640bf4ace25717b5e470ce3b53d1956793c228,4729.59,0.001,83.3315
8ab3ef7b20e8963ee574698660e0d56ed1f9c69076530bb0f92583799a0aea63,4728.62,0.001,83.3325
77bdd47a496a3678ce6c4b1981e05d3425402303f720d9085710d60f7551c5d3,4726.72,0.001,83.3334
38e285ce4d7eb0c5938f6f09fda463dee1f3cf021fa24b758e7ccece46b0f6bf,4722.92,0.001,83.3344
1136f0e7cc57679b04f26fce9ea06c26bae5b7bd311a652dd635dd6253377077,4722.31,0.001,83.3354
fa7eba3448d173bf1ef550f5df16949ffa33c1cfb3b893400cfb2e290800295f,4721.6,0.001,83.3364
3d8043b46df82c93a812bac75ed84f159a4701c8bca4073d0dea3227a1311cd1,4720.13,0.001,83.3373
a6106aa5983e99ba029fb599ca7b6a179cf1151e0a7b355c4b475cfa6cff5945,4719.45,0.001,83.3383
8173ebc14144fb1c502de46fa8cd8c15b4be3ae27e546e126d3377f0a821e7f4,4719.0,0.001,83.3393
3d63611db4fdebc5415fb7d74ad9837db063933e51f4d5d62d5fe98c645ea97e,4718.2,0.001,83.3403
e785aadca950e935ad62a91276ad7638b8231be3bd7eeb5d2f1ceeff7aceb1ee,4715.08,0.001,83.3413
0d5617d7f4855ebce2c4ed67ddd0b0b6526a0b5c028fc22dd2d51e3b9abd31f6,4714.8,0.001,83.3422
14da431475669ad53cc33a30450298ab587471cbfcddb49d51cd4601db98aeaf,4712.0,0.001,83.3432
5691fb532b76e11899b65f215dfc48da43575641a0325106c972573a2494aee7,4711.67,0.001,83.3442
9b6316c3b9de01beefbcaafd7262ea313c80abf703c82bf0663c238855f60a86,4711.0,0.001,83.3452
c20b3236c826717f95a82329a70b501dccc1b067a26b3bd08a0e2881e12cbf25,4710.47,0.001,83.3461
cd935b7a3ed47fa915fb43b3e8478e671e5d44b32475864c5b12de31e5b50809,4709.25,0.001,83.3471
645661ffe9db737e5d5fe4b018a5ab635fbb4c80585f4528e296571abd495ed7,4707.12,0.001,83.3481
c547fac7420f07360ae9b321cd59e858943c58d12206f7c4ef6f8b8b33458ae0,4704.5,0.001,83.3491
3a49dc5ec6849698f024b9b14ef82e4bcf0226a5827edb8a90dcb4fbfe54fc64,4704.5,0.001,83.35
edd69641677a231f98e82c3836df7375bf671e5e78291e570dccee9cfe4135b7,4704.5,0.001,83.351
ec1dcce8fdb81cf18b17d2895128ccbfe0ecb30cc81297591d62eb23aab58f45,4704.5,0.001,83.352
7088fdc9f0dc6dcba499563e422e4b21c318bf6886aac30cb1a8b22b9717501a,4703.78,0.001,83.353
7848381af6487129194efeceab2527074058beb8ebeefa92d57b8d82d80cfeb1,4703.27,0.001,83.3539
4086505f7c51644a756bcb5ee67a12dc8cbaa251adf7f498ee5c5155f4a50fa8,4702.26,0.001,83.3549
4c612dd7b40f6157d0dae23a83f2de920c40e92e6cbdb63c193919e51981096e,4700.73,0.001,83.3559
884bfdab0d35ce0900faf85b385995ee70e833a085db96c54d9f10fdff17adb9,4700.45,0.001,83.3568
6029ea0647da84628ea8a70b2694bcbb865da0ad86bc822debfcc5fa214b980b,4700.0,0.001,83.3578
3dd9108bad58cbfa29678719fe8f000fab61e47f1c0cd1b7ba377f5c805c89b0,4700.0,0.001,83.3588
676131794d5a52bd9f41a844b095b7a9d60f04e191e1868a737b8703100bf3ac,4698.61,0.001,83.3598
e33ae9ad91f9424de5dd72d54b0a643dc1e64254e256562e02e77493ea09f74b,4698.4,0.001,83.3607
b870cb3ef22b1762d51d13353a8354019ba647f563360ea31762183131b02cbb,4698.0,0.001,83.3617
543645c700cda0dc542a792bfa76ac991447bf0859cbae17e79128e402f01afa,4693.52,0.001,83.3627
aafd1e3b0b6a6c494893ee8c440cc3e8909771fbe9affe960123701350d3a852,4692.8,0.001,83.3637
afd8d51766f4012043c9d9ec7ab05642eb6435e40c0ad8930de2cede05bacb0c,4690.0,0.001,83.3646
1c52b67c96a9fc60027668a9264f328508455c0755726dce2eb274b8ea94f108,4688.47,0.001,83.3656
38ba0c32ed3cc7be8ed80e5b8a57865ed9af60cb08ad650042de26ce8f7c804f,4688.46,0.001,83.3666
a41cf76abeaebd2ad95c178859e32cd4745c4dc48a466ac8de01075d510b180d,4688.44,0.001,83.3675
cdf436b077167be0ff3b95c9c5b4eb3968dae54bbcca228510b9e12ba9036daa,4685.2,0.001,83.3685
3953717e5ff5aba019e63115509931b5a52b4f8fdf4ac5ecbc589cfe95fab1f8,4684.64,0.001,83.3695
ccda8876f16c9fd6366878925c8d78ef10f47115d752fefc72b3d7d7c3d23a24,4681.66,0.001,83.3705
5670df48d351729c53c1ade7892c10212331bb95b9961f92a8973c9a42c62704,4680.0,0.001,83.3714
83f9bfae848884556361e10e18781229af62351600c2974a00af4a46408cbf6f,4679.4,0.001,83.3724
22e076423a2936bcb91aca880ed982c17791379bb6a96a31088f4166f9955abc,4679.0,0.001,83.3734
13c8250a42dc2fe174d9f3b23988ecb9f384e197ef46cc11807df040210ca723,4677.26,0.001,83.3743
2456da8bebd3b680c40294b5b201a34109b5a367ffb543cf050a1ddd45988bae,4676.57,0.001,83.3753
1207f2140e5cda1d24f99accf16da273cb899e4722daf9ea15813ccde9db4ae0,4675.25,0.001,83.3763
0c9f8eebe02257cc653426f373e4b58431fefe8d792e9e479b9b2bc4e076981c,4672.05,0.001,83.3772
636b256b6989454c7321a02e57f4aeb096219d512761b628846f19b27a471fe1,4671.98,0.001,83.3782
d843bd00eae9552e80c640c31603728ae98c9337fc25591eb50e17c86cbcf9d4,4671.07,0.001,83.3792
8431bf5220736d4c418555d7e77029ca4e824c204164c2195462ad2ea26830cb,4670.1,0.001,83.3801
cb9f25e2695efe89795a2e34d3301d3e6f94effeb6046ad448bbeb17543ed569,4669.73,0.001,83.3811
bda612be3bc99920ba89f074491c9643015d0c8f01831b4fef05ca541b3ca351,4667.77,0.001,83.3821
7be4d9fabda775cb70e5cfa66a51da1542eecc5d6bb29634eb7b24c98290676a,4667.6,0.001,83.383
2e4d3bafe0b45742523153612b83c51c1edbdc1d470eac1ccbcd6380e528cf2f,4666.56,0.001,83.384
2b8aa098be1f2794ef25c5f4df778db569b0513cd9a412e8dc0537cbf66b9ea9,4666.03,0.001,83.385
a8b9c1d996d5aadda12e59715330c4b6712bca7e15511d60dbcecedb8ec6b65f,4665.92,0.001,83.3859
bfe7bf203a178ccc759aeaf50c871213266fb25ba734310d2ad6fc93925d5802,4663.76,0.001,83.3869
eeca636ebabd9f4c8614817631cbd9fc6c7de2ea5c1e3e7fd8faaf151f5df34e,4663.28,0.001,83.3879
6fb4eec75fbdf6c710cd1ff5faf57fe9a4cb309a60cde0f641d8ca27c4f82eaf,4663.04,0.001,83.3888
ba2613a9373372594d34583b37d0a5574423ac1d96863db9c0a593eb48155661,4662.56,0.001,83.3898
77024d46a73b504022227de4341874534020a7e80e2cb04c737561668c9f7e01,4662.0,0.001,83.3908
cd4797d4a08283d8f1d702f7b27c34b962c56ac93e5276f88fae7fe92e131ed4,4659.98,0.001,83.3917
c9eccb12c98f4a7897cc68b52ad458868efa3f8084e5e5d51be039a389513319,4659.65,0.001,83.3927
bf63711ff574357836ec8c61f76d68c14932e6c39861c4c0475bfda7bfb010c2,4658.51,0.001,83.3937
741d2a26127c5039b4d74234fd73d58aa20dd6b50596221b09a9f0d2c663150b,4657.32,0.001,83.3946
3d2088eb244479174a7adc7d1fdc3c4d2f67a69fe922ff0c4009c0be3bf6f8a0,4657.26,0.001,83.3956
b3306c9486c13db85269210cecc7ce7551368bf54b9d750dbf0113aabc612521,4656.18,0.001,83.3965
4c361deac4c050e1f8e495c1206351328ddc61b0492c965affb580e63a35ce87,4655.0,0.001,83.3975
6779a30ac54a491eefa93a4b783f744cb4838c9fcf5fa2d0ab460c5ade0495cc,4653.78,0.001,83.3985
1b16221441de1ec3fcbae97ceeb25104e5a8d5945a3aafd3bb5923e7c012428e,4652.95,0.001,83.3994
7dd2eb8cb807a6c189a4a71dce597f40982f1b794ec463c78201154a8d826cf9,4650.0,0.001,83.4004
50426b342de46335127a1d9a467ac2547c339e42c5e12ecb206d6f1f56da2863,4649.43,0.001,83.4014
c279b97a0a2b5e8f7275db55670f3b4c00435700107a427cfea22f9404c486a8,4646.88,0.001,83.4023
5046cf15dfa341ff6e1cf946e97611c72621310f831a4c56458bd53b030935cb,4645.97,0.001,83.4033
dd19c417c706af93a7d52b793d0af157c0e90d6340c4c8bd1e9c520853fa2015,4643.1,0.001,83.4042
a404ce80b10d8d58102ec146ef8d16e9e9684dec3bd58319351de797925ac741,4642.79,0.001,83.4052
c87a5d1df37761c95087b091b83a30f9d3d4a88176c292661f28374ae535bdb3,4641.0,0.001,83.4062
2a3fe6434215920e605159d18b1115cb08a810ea92ae02265db5a6998f751ebc,4640.26,0.001,83.4071
f2624fee4566355493cb0a46071f2a2fc4bbb57d97119f452396b4de0830e8c9,4638.14,0.001,83.4081
04173cb3c3c27d44e8bf819912142d7742a21deb07a4ea515aac83e4480ab5ac,4636.0,0.001,83.4091
fdd0b565ba98e1b3853d2ff844591c2eb5496d78d16bb97624e6ba6cea7ce889,4631.4,0.001,83.41
59568f4a144577c36018d8f26f6f526b2b2b85c7ebdff7db6548a695fb3022ef,4631.4,0.001,83.411
0efedb08530ebb43fbb656c685d7b0d2eca1c88a4aa5098b5e21a8b450cf3e65,4630.25,0.001,83.4119
4eb815acab2edca758acfabd8be0a4a37b0b05125e6cc2ad8d61bb00f61a81ba,4626.83,0.001,83.4129
fd8cd09d13cc2daeee7cd170c80deebc5a713599c17af8fb00dbdb55e0ba1ec3,4626.79,0.001,83.4138
bfc84a1332df6bd0ef6e00f9cb6852ef08953a456e4aca56fca13b14e98f62e4,4623.0,0.001,83.4148
87f608a4bde817454bac06b6d806e74c0fdc1efcc581c32cc257f6a3ea69e4fd,4621.91,0.001,83.4158
67576207175054c9790920a6d6df0961588a6cb8010c5b313bd4fdac2805ceed,4620.0,0.001,83.4167
6585f6c8f9620394e3860fa4e4f6c95f4d4ef7b66ecea5f3da0b0df53657cba7,4620.0,0.001,83.4177
77ca058f8708f002842d92269114b9e92b1ea8ba8b8cd9961e7029a84b1d4ebb,4620.0,0.001,83.4186
4793f960531ca571c6d3f107d9ba7709798357a59cb9b91004024920697a773a,4620.0,0.001,83.4196
489a1da3ab8dcd09d43ffd56516db1d87e79503463734b297ae21c45eafbc540,4620.0,0.001,83.4205
1ada05d01751069dfa887c6fd1b37a6c4ecd3ae3451c95f769721247e71822c6,4620.0,0.001,83.4215
33e2084be61cb4e5d537c7ab8f36a17b4fbf6d119eee9d9f918276a89465c2f7,4620.0,0.001,83.4225
2b73abcb644a1a1b11e07ea0ffb87ed26f7622bae3f98a58c9b2332453cfba6f,4620.0,0.001,83.4234
9c89b8fd86710b4a9abfead26ba554f3da5e9563970c10c6e3671e261b61dbdc,4620.0,0.001,83.4244
b08ed0dfb8cc69ae40ccdbf13a2636e96f8a44636df0230dccf0cd7aa1ca565d,4620.0,0.001,83.4253
e6ad3529f16fd8b2275507e33030e6db124bd41728d9612b41e6b00dac65398f,4620.0,0.001,83.4263
22d3c69421a04246046725d807b6256c8ab1d78401f08ff7ec2764593d36fd81,4619.75,0.001,83.4272
110e1fd0bcb66b2d78bea34722ccddff22736b162f0eeaed0e94da2c294c9938,4618.39,0.001,83.4282
e3236750696e19fae122cdce1e1e01793d43469bcdd058cd8fdc7791228c4334,4616.11,0.001,83.4292
b5816354d755b7528d09d60da46610ebf7db0d77f9207d8ba706c6932662c406,4612.76,0.001,83.4301
b21d8c75a1628c0de5b16ddcf61a389a2a66a48d94a6562e9a3407d24857dc52,4612.05,0.001,83.4311
f7a89a7080681cdef5dfc964619e1989a095c301e81b3e5c98b41bdebdd8e5be,4611.3,0.001,83.432
20d966a8707cc8fea3be60bcbdfbf4170279019ca0cacf96d17107e75717331e,4611.01,0.001,83.433
d83cc361e15a8307c3e98fd9301a4bb0154ca2b978306900a9a92172bcbb0888,4610.24,0.001,83.4339
57fbf6797221cad5f82387c015409e5f5a4de9f1c9563735837fab128c86a24f,4610.23,0.001,83.4349
ead0896f124927fd6c3ca0da5308bb1d6f80e649b6d75be079d3ce4e795f0f81,4609.43,0.001,83.4358
4c593edec68fa5ba7f2dda1917657443e2bfb93b0a7898e2abc098f8a1a315b0,4603.74,0.001,83.4368
8d9b75b024f5bd9946c822d91f7b5d590c0d687c76e7773988047c86d5ea7c10,4602.92,0.001,83.4377
944effcc0826984b375c3afd98e2cd29674ad523a401c2bc3404fda1bf86ff3f,4602.57,0.001,83.4387
7806ffa6be476696b6e55602c96d08b1526fc307acbd571cb352ce31c0db7995,4600.73,0.001,83.4396
93b5d4e9c022df734c8ec69c9074947ace9f51e2ea1fcf106b6e1f0a31b9d3db,4600.0,0.001,83.4406
c8ce2fae44f765a6bc77919e82f2970d7e2c7b4043708d9d5df1371891bd6a84,4600.0,0.001,83.4416
72638f6492bfda6b366bc2e9229474aa45f45aca87e8cf132dd5ae01208a0a41,4597.37,0.001,83.4425
43d96dedf268fef08af7a63391c1c07615a80c42d996a56d328bb28f0232f584,4597.1,0.001,83.4435
6ee291026454a69b3b568a41e657e30f7707c7e2b403cad0f982359b4a41bf67,4597.06,0.001,83.4444
be83e29b980b0e64d0aa2faa0e0913b24ff2ae65797f99156e1364d405970607,4596.74,0.001,83.4454
ad1e959bb031431df70a13b50a72798a03fecaf6e87ac8d1039d58dbfe8b8996,4596.4,0.001,83.4463
035c9999bfb8e2012f34344c02cc4387b94b946c304db298d761e3fe528818bf,4596.28,0.001,83.4473
a0867911f0cacb347c2613437753135ed2f51b1c80c01b746d2288b527794f6e,4595.92,0.001,83.4482
4370e4d98bbd2d63f952ad5da37fdf2cf86944804f239ed7f05cc7d3c11dc47d,4595.55,0.001,83.4492
9c0503471b5632ce189e54ed1a853e66ae1bb8bc9f5c29eb139b7329c0ab2378,4594.74,0.001,83.4501
3a732dc6811bf482618018a2afebf6beeb8279e3b225abfb8b45c8abbc536fe2,4587.57,0.0009,83.4511
7b4f31cb8f155c3af1961fe084b8d49935c070944f96b9df69bb69050f543382,4587.0,0.0009,83.452
512359cf02a3080dbd85a7e6aafb0a837e220851c2e7d1b96e9c02acdf23c1fe,4586.84,0.0009,83.453
8261d074efa28aab12f3c20ccd6ded2bd38391f07e570983646672daae2e6514,4586.6,0.0009,83.4539
f2ea327ce17913466f5d76dee3108dae89d4625ec0359b3dda5bca99395b5fb9,4581.53,0.0009,83.4549
c64002c8b22a535c1b720363c1ed23800ba41d053fc82f5ba5d978ba9f53bcb7,4579.54,0.0009,83.4558
22570c28c2ed3b7fa35dae3a1e778137f5c902fd3f52ea0bb6900fa5c2c8543b,4579.5,0.0009,83.4568
97f73775a393064d3097eeb6d70248836463d081c085f4726f97ca59d3813e6f,4578.0,0.0009,83.4577
7278b0e176b52ef8e7d0a23accf6310b52b49788ab6f502f7aaa820115fc0571,4577.35,0.0009,83.4587
f536d48b2533657f3ad293d88011a515add106885177765e6c5d7424966ec912,4577.07,0.0009,83.4596
a63319f4ee65472f1050ebb86e09186ba64969521a8fa84f03e34dbb8a4fb4aa,4575.75,0.0009,83.4606
d9faf8ba661b6acbd6abfab0cca749e1d0860209800370e34bb324006280346c,4575.02,0.0009,83.4615
b09e587ab39b66ba100b60cf0e9c06701fa59e3d826119fbad3c6398a18b1fb6,4571.25,0.0009,83.4625
443da235f5fa55ccd1d8aeb676e74f0f04863ddadd5dbf7e6373c1f10e0fb11f,4570.89,0.0009,83.4634
628a5a2db9fbe820404faf5c3d38a1085404a92b8209fd80de2875a0abc39ef0,4570.07,0.0009,83.4643
0f6fd7bb5491dcffa489b907799a43db8ce61edd0fd5d15f5020c72cb2bbf5a3,4570.05,0.0009,83.4653
15d730e98619f3dd63c727fccc531222053347d527900843d104ba968b4b7c90,4569.23,0.0009,83.4662
0c5dbc654bb5cadaa1b3514b37df89c3654357bfe88896cde006bcbe3661955b,4569.16,0.0009,83.4672
0f7469d58d9df38f344a383b43d7edd174a77ddfbf4e95e4843742b48c42824c,4568.83,0.0009,83.4681
856a683b0049c553b10423f43a0daf3bf803f9327464ca23388a9d95b4bff8b4,4567.5,0.0009,83.4691
ffad1716ab5e81f2199f12c876694a822a6a0f4549b4fbaa2202d6d5ecf95794,4566.47,0.0009,83.47
08bbc56938ef57f7b55f4b4a264e741152edeff648d9303ef08bb33994d0caf2,4565.66,0.0009,83.471
c0b20f4665d0388d564f0b6ecf3edc9f9480cb15fff87198b95701d9f5fe1f7b,4563.7,0.0009,83.4719
4df4849c22b317fabbface6a04eb23806fdc27e7429d73ac856312304d2e7914,4561.32,0.0009,83.4729
9b3963748a5baf909dec446cc9fa718699f9a5928de5b2a40a403f73531b7e7e,4559.31,0.0009,83.4738
f74d34eb0c7d5881d559909944bf4ef2e1208c1e342ada767e36467154148360,4558.06,0.0009,83.4747
022bc19b99b9356390b56f933fd7b8eb90e0e6c69f9f9587fbe7890bfcc41a53,4557.91,0.0009,83.4757
0196a6b171068649e58ac983bc63a1efaf3cd2c2e697086b7c12d87aa9f85c25,4556.72,0.0009,83.4766
43d708fbde20057c323e658deccb24e7b6a5650fa62a32dfe6349961c01eeb9a,4554.42,0.0009,83.4776
d656a733e0e5bb9371f9d4e7da742e5c1e702058aec0861a71d6da61ff625ba1,4554.0,0.0009,83.4785
f97767299ff10c1b1b2fd1ae080fa9bc8ff68038cc8e7967f360ab977dca096b,4554.0,0.0009,83.4795
e33034bf6c6dc8d3078745172c3e109c2fb6d4177e6dd8443003a265d962959e,4549.97,0.0009,83.4804
0d54d7697cca79c86b74e34a7f67cfe800f6b34dac5e697a176b860823beffdd,4548.89,0.0009,83.4813
c6df6afd4a777fdf9c2a074083690ed092148e409da719deb115b1a55e52d92c,4546.59,0.0009,83.4823
a48317286e0445e807090fe301da37ceb30a15c4df3aa6c06a8d9cde05c0fd83,4545.48,0.0009,83.4832
36dc5d7da3c81531860348b8093e334a9b8651b4d36eb76aeedddabb261ffa60,4545.27,0.0009,83.4842
fed1a952001c5c6f4a47c1839e311ab8d70de0fde569ec67148e7c920413414f,4545.2,0.0009,83.4851
069035adc03365479bc1c6ec80e6248668b89722cd54861fddc27b7d17dc2111,4544.93,0.0009,83.4861
e6c6a2e770afa8f6119521375fcb41dfd863e33613e1d326ff384472ebbf84e1,4542.33,0.0009,83.487
56ebfd6f61021ff32c45eec0d42b8219a2b6b9e99b94d31fd1f642b9aa7a9a53,4541.7,0.0009,83.4879
6ea2a5dcb97a72175ab46e8a60a6789da6ac2eb5664595953bde45435535d4fa,4540.1,0.0009,83.4889
9cd736a8effefd607ab92d3bc3e05075a5c9cb6beae3216b90827ed49a63f482,4539.16,0.0009,83.4898
a3162000010de89b9687d832cfbc40cdccd268559ed4caa7cd976a0ceee7ee9a,4537.19,0.0009,83.4908
831233669c94be66bfdc843250256f27fe158b594eb64c0dc6e88fa63b2c01b7,4536.63,0.0009,83.4917
3a4e23e60fc4f8e0d03bdd191c42da299f4dbe4e6076b05ae8bb26ebd352e56e,4536.0,0.0009,83.4926
e3c1387ee6fc778b66ad3740e7cb162e146f80a8b91cb2cd82a166761daf7513,4536.0,0.0009,83.4936
38fdb984c46b1bf4d24b56c937a627bb8db9349cb59ce4bd0af928fa382b4882,4534.25,0.0009,83.4945
134e184c6474f07c3c25d67a7c35385685a77aa6d8a51e4cb00ffb80aa23bc60,4534.04,0.0009,83.4954
990d2f7b7967e6917f43b16ac5c63e8ade503eb998242eaa8eee55c4e222f9b6,4533.62,0.0009,83.4964
998418f3b94676a2e76b509f54713460450577a6050a86450c827eea79d4d130,4532.79,0.0009,83.4973
7f8bffd14d76f3dcf3b4ad036d6df87354f8001d5d084fb94ca3ab39cf3be551,4532.15,0.0009,83.4983
3c4420ed24d246f6a29c393a4ee134592ee9cff4fd6d654228df949a612eacbe,4528.09,0.0009,83.4992
dc9485712e6946f0dbb4be0672b86cfde1744d9a8025c207188b56f5922d157a,4527.71,0.0009,83.5001
a9b221be0881968e3e786b08a6d093382e2d727dbbf2d3dd67b07721feb7a2e7,4527.13,0.0009,83.5011
d7b7031388b9a03ed629fda192463088fb64b284b460fcd1e2ae1b29a387b5f0,4525.28,0.0009,83.502
933bea3e28d6d4fc21ff63767e8c1973da625ac3a257d71fb69bd48f8fd53d16,4523.91,0.0009,83.5029
2f7654765ffd6d210b9c1467bd0d1069c90b6c1c5fe2ef3703817f1a8f0b4ee5,4523.03,0.0009,83.5039
d5e6e71b1712937e570e4aeee9f701e9feabd002ad6954424fffc7960d706d3b,4522.57,0.0009,83.5048
4050b7f4626ae09c24c35f812880eaa78243e7ac7436de10dee599a05e1be7aa,4521.6,0.0009,83.5058
36d84be37e388b3181ca0f8979c4e9e1f459e6de67bebf35bf925ed8c90ca21b,4520.3,0.0009,83.5067
0de46d9c322b264c1596fbe690d43fc8ae8749ed767ec1d79a3fda059e32008c,4519.85,0.0009,83.5076
d2dffe2a25cace5060200cbab32cac9bc9e3f80f26fc1ef24f042abc765fc003,4519.13,0.0009,83.5086
7c09a9b53b86f0615e1dd239321e9df888ef1221a55bcc75b8d517f328967b59,4518.22,0.0009,83.5095
ff751f8e4c8c3d6eb2136a36ac83f56d62f70e435c6df271b00334ed2d2ffbc8,4516.5,0.0009,83.5104
467fc8a8d9ac3b6a5f86e0518ea65c7335775e02b38b417b8c8d7189f5004334,4516.41,0.0009,83.5114
7a08dc784d8023e816fbed734e5e628785464ecba6a06a940f308c9b4b878300,4515.8,0.0009,83.5123
f38468dbb5920a16410ed75d8102ecf57622ee21b00fc0f3066d102256df9588,4515.3,0.0009,83.5132
1c97285631f2d4de4a29d2a3a7479756b9b7ec3153d867d19383ab86210c088f,4511.66,0.0009,83.5142
d2107fb77ba659b05e74b55ec20daaaadab6b842a29aa9ea4b30d83284ad4198,4511.0,0.0009,83.5151
af40f0f135a14de30f7e4046072924ab5695fc8a33f4d9d098314000efbc827e,4509.99,0.0009,83.516
c7c52f317f9a5572110e15496b152207e873e44812decedea5dc6a3cdef7c856,4506.18,0.0009,83.517
6219aaf95b65ccd0a15438c6ef159e282bf7dae6bbe16e707b82d3f79fe5d93d,4506.09,0.0009,83.5179
e6faa24176f8d27b19945996800622e9a4d6741e6004d742799c404c4e46dc24,4505.77,0.0009,83.5188
0215e802cc3336d8c09d5e43c7abde02688a972648e0161150b089c482219284,4504.4,0.0009,83.5198
d1b2a396b392ee538756c5f5f9243fb83c51b174c521de14811aeac1f71653d2,4503.93,0.0009,83.5207
4ee1287ed0240d427fafd4bf249ace47245efbc74f3f408ebac056ee67f2fe33,4502.4,0.0009,83.5216
1558a81d9988936e652db0ccfe3bb828f64e00545b2cc8ca82d136b10c0c1eb0,4500.0,0.0009,83.5226
5ff9f82203045d1bfee34854fc8ebe739ecfb25f33c6ae70f85ebc2b29e4595a,4500.0,0.0009,83.5235
91f933d3085a265a21aab4dec421cdece313d114454ad8d40b4d0abf5652a455,4500.0,0.0009,83.5244
6c1f9bd797b2f668c53e4c61a4adc0866e4c7d004a43a43143b0453c7060338f,4499.6,0.0009,83.5254
c4acc13113af80b2e03739b2935fd0e094a3bb514267c7fddd293584a684a1b0,4498.56,0.0009,83.5263
572960dfcc905d9f966620cf8189c4ce29b0d8d5e2cac6ed1a7e11b22a403b47,4498.43,0.0009,83.5272
2c3a009b5e3ee5e781f8768f5ad0d5a9d582b3ee8a0cc2fb9d64af1589292339,4498.2,0.0009,83.5282
300336547c481aac03803b138b2e0f5ad9777230ec8c5343c9332ee94318111e,4496.75,0.0009,83.5291
9f24c86088ecf2bf25f2ce62a46666dce24126228d225ddd9a848965bedbd56a,4492.78,0.0009,83.53
1f546c01dd11f9e7e4e8d9c5b1271afc2e89e9736b05f621289f546d30d34223,4491.19,0.0009,83.531
9a6caad478b68bfda2e6eb825539903651f3cd3002b056c9c1804fd30f00e186,4489.25,0.0009,83.5319
258641f5d2c108eefad9bc5d3e12773cd3be1f3e19efa0d9ae0d4aaa5787a11f,4487.05,0.0009,83.5328
085590f01533eb064a5586351597ebf4f7495546b687d8ac980488e49f804d25,4485.7,0.0009,83.5337
c5b4a3f2e27bd5c083c5aefa33cdd7d213d5a805c456809d4bda1e8b264b0412,4485.0,0.0009,83.5347
0b7da363b096e4e6ba9e65cffd81e732adbd02350584d7e0621c66368cde051d,4484.0,0.0009,83.5356
6a5b0b2fafe69327aeb544fea08ceb73c6f002aa3c9831837300d8587992b1b4,4479.7,0.0009,83.5365
be51462afd32eb0756c5007dabdd56164a878a301dff9caeaa2e7acd3bf03777,4479.58,0.0009,83.5375
e7d69cb916f73f9896febc576550e2dc7f233fad565f9032000761d717e04938,4479.49,0.0009,83.5384
40147b61d4aa1899aa213ac8244792404a164aa1755c1c7f20874d5cbeb690b1,4478.6,0.0009,83.5393
088e21a948b77822d3be4c4e331be25c95e9498dfca3300128f09e581dcf0758,4478.41,0.0009,83.5402
13ed650288f5247cfd2cd8d356beec629b72bd77d29ff5e8eaf74cc56de2af3c,4477.64,0.0009,83.5412
f585b0fe011129bd960f454c25db3cfb54ed5d4fa34884ab0f17445ac55c64a9,4477.46,0.0009,83.5421
bc1d1002a15cb77ee6c2ac1ffeaaa267035a1191b75852a3e20f26f9a1cd796a,4475.93,0.0009,83.543
c3ca9db74ad590068b18700b0935903bd93b87d53f5ec2c3e703ec369b6b2b83,4475.25,0.0009,83.5439
7978a5cc69504b7beabceac8a24309ceab2af3a211f7c635b7a8501ada39410b,4467.46,0.0009,83.5449
11714d3216d668f8b8e8853f76d419a346af1435623a33903d4149b1bf97c722,4465.31,0.0009,83.5458
91d7996ee0fc615a837f8c6357040277103c832257d2f41dd3c70b4b0eaa9e7c,4461.18,0.0009,83.5467
7a9b41f9bb214c3d14d7a2c0133f32c944d6317d11146c7bd321db7d13475956,4460.9,0.0009,83.5476
9e37527c0f8e31dfbd974a930635a0c11b508f171fd1c3ad701bcc2689986aa6,4458.19,0.0009,83.5486
8126192d82270efb2de74b89066cef2116dc02ff80e3e62d49619d28c3af0f11,4457.5,0.0009,83.5495
1fd6d321af49c9c4f2525530b7a83e291cb1153a7a705af0741805f34c775efc,4456.7,0.0009,83.5504
69ab01e661f950f5db4e104d1b0f1cf452601bb8cc2803ef2d387ebd2e2e4a52,4456.25,0.0009,83.5513
838b343439b7b369ce7dec7a3bfb3865c2283e58fbb32b89260a7e64930a72d5,4453.0,0.0009,83.5523
de8f5b79c20a8fe1bb4dd56442d1de62981ec9d6b398d92d361f3bc275da650f,4452.45,0.0009,83.5532
7f2253d7e228b22a08bda1f09c516f6fead81df6536eb02fa991a34bb38d9be8,4451.31,0.0009,83.5541
509166b6c1ec0c207b4313bceeb232eb2e87e1066b8e748b6d6c05c6f3b2d373,4449.21,0.0009,83.555
4f20c55aaa703e4698692dd3ef130fa3e2ef73b18b31b3165777bdca3a85e1de,4448.99,0.0009,83.5559
b7958372c8761d3c797cd01716c6b50eadeca1fa1a7c068b2a7270a0635c9f86,4448.8,0.0009,83.5569
e1de492b270a772b29879a3bced56eef412462f4950d694059da0b2579bff464,4448.56,0.0009,83.5578
2d71fc16475ab86bcb171250321028db5565f92dca377c0b4c3764296817c510,4447.47,0.0009,83.5587
1d8fa9b0fdfbe8805140e27ec168dd2f2ac36a097fa2845676c47171a58efbcc,4443.83,0.0009,83.5596
3606149e8065115ebe98d97bcac99fe0f5cb8de89c8b0523f83f1af5f68ec783,4443.29,0.0009,83.5605
555fdc58c8643c4acc3212887078cfa948e069f678fc2245c2bc00256900affc,4443.08,0.0009,83.5615
9983ee31ef55c22bcda18d07c8545e0adf47beebd51df0f98a5fea2d1f6caa44,4441.22,0.0009,83.5624
8c059aad9e8b1f5304366e7cfdbfa778bfc4d5a748ff9559b8752dd286ee9076,4440.81,0.0009,83.5633
6867e2a0312bfa0e5f6ab7aedbb2c0953542ead29a4e9dc4a737fa323a4836cf,4440.0,0.0009,83.5642
9a73da23bb05e25586e4af0ad0c94d4256c14194ceec61b9a583d645abd5c219,4438.75,0.0009,83.5651
f70574e9c8d9a1973789be4c842aa75f6826834d43762f15a64e0fff9a5d5a9e,4433.82,0.0009,83.5661
d9a572802657fc2debfa1466cdc937d30c0ff8743cedff6d3c723e7b2ccc724a,4433.09,0.0009,83.567
0d6f2fe4e6dcd7f1f36f98e50524829a4e4675650e32b751fe572e92331f6283,4431.0,0.0009,83.5679
278e6ea56fca4ac10f9675fcde25806966fad43d41fea6036cb790690f6af69a,4430.51,0.0009,83.5688
dd866a6535ecd6c1776c8b508ff7958a7ed461fc615def9693feb368d2845767,4427.5,0.0009,83.5697
b6a431593129cbffae7abdf950064627e9505b7d9386b84a2767aea775d098e8,4427.09,0.0009,83.5707
a13320910a3c3871d77709286c78b89aa2b80f4fc9d56b4994f39f6093f45cbf,4423.9,0.0009,83.5716
507c817347414da924dc7e5e91cd2334c1f239f1b23f17f8403102643a21ac02,4422.28,0.0009,83.5725
cb1a6f4ac8c3a9d3cd4696d877d411c270849b6aacac099f2654b50033ffc687,4419.79,0.0009,83.5734
a853e645689f22f542181542f87dc2b4e4c60a4183ce99292059fa42dd03eb7d,4419.45,0.0009,83.5743
5208245336cc1d918eaad6eb2970af8087b33bd6ac2ac922836166d7a4d89a84,4419.4,0.0009,83.5752
d192ad7705f859abfc84199327b155930b051952db3b390b7037a99a84101671,4418.77,0.0009,83.5761
cde9d71ab6432e0dd7f516fda6f74806dab69a979cd764b29793266fc7a85e2e,4417.12,0.0009,83.5771
570678c78189e4eebb8d76585cb926af772199fb7a76b046d4f5412f7a13ea24,4416.39,0.0009,83.578
743ee25267c1e1651d913bdf259120a0fc6d3c88563e985543cde4533c51a61b,4413.87,0.0009,83.5789
462820e8a92787f67f40b0d5777764b6413ff8c2b0b8e1c436d3f7ad38e584eb,4413.74,0.0009,83.5798
efa2457c8f7f7322d3d8ff9d793856b24bfbdc6840917048398e377403f1fd53,4413.16,0.0009,83.5807
f6c94937c110f67664000593db25452475078ec83316a427cd4fca31f638c224,4412.31,0.0009,83.5816
79119882c761d29b038c4d247a52c032fd901ba0664db7f7f02498e44cb73337,4411.76,0.0009,83.5825
d769a93a904df69a0cb38d1f2f0513c95286a9f7ba0293bddb28fe828f16e0ae,4410.43,0.0009,83.5835
1df63a1c80998e3101126eb90acaf381ea6a3e006d4b56235c10eaf453c9f4a0,4408.42,0.0009,83.5844
44e02d1fa5a6117e9214026a67ff4395a89f889c18bd399041adaf988fa8d489,4407.95,0.0009,83.5853
4dce7701bac49acb729b0033417540c59044cf9b302cb1484606837e6ed902a3,4405.55,0.0009,83.5862
29c4ebe8aa77e2b41a1d64cfda33fa83f20a41b92a15a90ed3dc1ac07cfeea2e,4405.43,0.0009,83.5871
75fecf70e698f089a2d21fd00a370d6ece4b73c70b1e3435e80ca03522323872,4405.3,0.0009,83.588
5eaa48f0ea92505994c9cca9356836b7860609179844959d25f456fd84971225,4403.68,0.0009,83.5889
9cbb95edca12eed7a31a006902039cfbdfe6271fc3c8d9a13670d9a87778f3a5,4403.25,0.0009,83.5898
4f4d11c79373d8d4845585ea2f1e597e129cbe8ffa28e662f73c22837b8785b3,4401.39,0.0009,83.5908
c9f9204df6506afc459410d3e73d91459d144a79b72230157bfdb55f2ad075ef,4401.19,0.0009,83.5917
be5b724e74f4c91371f86161284fd800fa07ef4704c75f1a59599de3c561a56e,4400.25,0.0009,83.5926
10efdd60edb9feb6b027129bbdc8e810d28f76f87c4ab548be353643a519499b,4397.62,0.0009,83.5935
6e6c865c0fab1d19ce59f60f2f5d714aa7ff26018483b090846f682549aecdce,4397.25,0.0009,83.5944
6c3ce93e968038847f555c058580d726b3ab7fe8a8946d646198c4f72acb89d8,4396.52,0.0009,83.5953
d7b1f1d36f9cbfc897caba72b95888d1ba1d8402e8f4e6e5faddcb4821b2b5e5,4395.0,0.0009,83.5962
d81bf52d797f9376d0d2c68501de80106c4c20b1521d42d6f1ac088425f11cb4,4393.25,0.0009,83.5971
b589292594d7ca3f33c79859878976943fbdfd4e5a5d1a798dd3960ea67861c3,4393.09,0.0009,83.598
9daa046f30e7bd067ca79d262a42339cd3b35d9bc32ee721345130c119b411f8,4391.75,0.0009,83.5989
97eac010f28fb6e53fd3949161a042748bd3755707898574f681b5abe102d196,4390.81,0.0009,83.5999
bc397d387c8479448024948fec83bae9ab9db69b054cb42e3a09ef9df154eb8b,4390.8,0.0009,83.6008
0ffd38c8900791bd18612de8de6a50378602c58885baa9f29c7de8f8d9d460a7,4389.5,0.0009,83.6017
66689d7db1f45b37951e38bba524be14530c848fa97329b2f1415b0a97bddc98,4388.42,0.0009,83.6026
c6a07f2f39f94298b893e0d61416b6b6726f5e0c9b6633635fb0dae7cf1bcd1b,4388.38,0.0009,83.6035
58c957582578a7bd09aca99981b9b2d01c2b9220ed2e371905ec4720724e05f6,4388.1,0.0009,83.6044
fd65dd3bc4708467fe98510bff88499046b8fb0225713a037539023e3ea6a358,4386.24,0.0009,83.6053
b5740e131990e8a28f8c8b5913326e7ce9f6af322ac2804929dff0fca768bc3a,4384.74,0.0009,83.6062
2bc68225b8488b074eeb11c289392890979c4594b844a9d5c119a4c44119763f,4383.36,0.0009,83.6071
082744e3d119c78bf46a9d37f33a259c37368185aae9b5658237a54157bf7d7b,4380.48,0.0009,83.608
483c720c798fb5e8809c7f4c92d36954d4a4ae34798180a5c73095323fc44260,4380.43,0.0009,83.6089
81a8519b0819f276c87001afe980d4e1d81c2e05f689d35d7ad5de1b514a9948,4376.79,0.0009,83.6098
40644d3f58625f2f39de3c01222116a5b79911febd34fbfd312be090c860236c,4374.16,0.0009,83.6108
514c3472db1c6e2aaa5e1315f3d7916a35d348000e67a63e4744f83341ea805a,4373.0,0.0009,83.6117
3423926685f9be540359f88ebd8161efe48473f4d14ace65e3865deae7bf6178,4372.93,0.0009,83.6126
33ac5a8e92d74a9d66593f3a5486997a0a4ee1fe5c0f5eeb2dd8e992d119dc08,4370.32,0.0009,83.6135
5254fce08161b05c3edeff916908142ab28d94df915fd159bca8bd228632c850,4367.78,0.0009,83.6144
a91a8cc5aba73125306ab1c35903cc8a06ec4696a5df3dca24f3d5f7eec2b7c6,4366.85,0.0009,83.6153
bc3d2737266be4ebf0ac31137faf13c6687873ab332368715fde43c504fbd241,4362.89,0.0009,83.6162
64d199e935b1f4ee883956520ed3bcc9c24671cc7ccd0f4fd591e5b25006c2a1,4362.41,0.0009,83.6171
5e16e755a5fe8fb3e1f105ed35aaeccfb648bb3eadad6156cef09345a7ff4920,4362.05,0.0009,83.618
9d03f3dbaf27c0ce817b0ba4298a4dd392ae1632a0306444bbcb19b48a074b8f,4362.0,0.0009,83.6189
8e6ada62a878a16cc2bc600999abce4a99b35a92e3c0611b380686f99f680e12,4361.0,0.0009,83.6198
74d1d49c4cb36afeee42bfbfef618275ddfc1b2617fdc71de7c3d274ae130bc4,4361.0,0.0009,83.6207
b63a670ac64bdd5da59e2111eb899254162fbf2a67ca859804e081d3d3e611ee,4361.0,0.0009,83.6216
b510af291dac9e9a98a968c465e7a2a85002b86094851649f4d4b34bb0261329,4361.0,0.0009,83.6225
775891a83ca87247176a060a615e1172f8efcabae78f6fe322a951bd101fa272,4360.0,0.0009,83.6234
e9c6480a97f8aca7588471806080ee6e066d7568262271ee10f286c3e61a318b,4359.87,0.0009,83.6243
5d8af358be0fd4289166043cdc7debc6c9f6d554e71ff3a495725531f376923d,4359.78,0.0009,83.6252
b7908d5cd82ff995e2947b586b08488ef50f8443019343dee73080872396bdc3,4359.57,0.0009,83.6261
5e97116a411a7b4aad1de44e1d81a1253265fe0d7223a2cbfccae6021c72bc8e,4358.8,0.0009,83.627
afe7d01422a1cb45e5938455f48beb573a336804d846656b230b66f8c38f633e,4358.5,0.0009,83.6279
18327a764d123be4ecd920b26f8379959bc48a34adfacac48a886239ebf11736,4356.4,0.0009,83.6288
2f4512854c1fed97d4a0cdf5bfa7bc81a54de2344d99b04f2b1503ace0f48f3f,4356.24,0.0009,83.6297
2fac4b19bebff70a289d6480115e7e842f2369b153b9f6de6e05aac75eb51049,4355.43,0.0009,83.6306
f05eeb497ba57bbbb66235029798ed22a89c358900579c3459a17d1b415f79bd,4354.13,0.0009,83.6315
a07ef0ad2c09ecf63e72ed00d4ee78280bd20b61d5c4afb9dca8791356878461,4353.71,0.0009,83.6324
caeafc62f9262e5221b44007f10ff54df7846cfabe5777efa9c8bf764cebc714,4353.69,0.0009,83.6333
54fb87d255a221550ccd0dbe5602cad9281112fbb1b3197c97aa4c4183588131,4352.16,0.0009,83.6342
65968dfe73b8ffebfd3d854c4b1f2283e3d4c8da276af7ae2d960e1c40ab1a7c,4351.01,0.0009,83.6351
c788590f28ef4f49d464c687d9c5fd763cecfe31b78b625e33155cbd81451f40,4350.0,0.0009,83.636
51051c52be85a6ed370888550e47e75d4226de6884b9eac7c0298f6d15b80773,4349.25,0.0009,83.6369
a187ca70dd2b3b23432650cf88c9dfcb85c2a3b9f9f120374541b2e7b9911587,4348.71,0.0009,83.6378
ba0d89102def00790b876b74017089f7e71d59acd41a1348e72375b7124ddc2a,4347.21,0.0009,83.6387
b2cc8663551fc7b85d90c93334fddd4bf99e7a46fb65f2696a44b2571026f3b4,4347.0,0.0009,83.6396
7b30a766695a557df4ba1438bb257064dcdeb2d6ab9d4376223d090a99fd2912,4346.58,0.0009,83.6405
f666ea7ce4961ccefb39bb83eee08b714898819c6f95e3e7fd358c1557275da6,4345.6,0.0009,83.6414
60dbebe162722555e32fe887a64a54cb20a0cccc801817aeb78579f5dbbb0e2b,4345.31,0.0009,83.6423
d9bf52170eeeac97771a39c0e812ed9e69f8f769da69f39f9ef825ad5241c8d8,4344.07,0.0009,83.6432
82076b9147d5c713e01808d828be5d197d758849b79a38921ac474067b697f4b,4340.8,0.0009,83.6441
4b4cb4030f8adf447ba8c00f9977138a518896bae60194810cda2629b394f2ed,4340.6,0.0009,83.645
2aba85835c5276befdacbccd9bf52901a9e55643bbc2a41045a1d9ad9f18291c,4340.48,0.0009,83.6459
2e7dff63ee8d91977d95d6ff15e3b15b646912e410969be2b679d23a08b8717d,4340.24,0.0009,83.6468
ea4f13bc47de0ff425ca31ca9010789b4eb7839202bcd7adaac3357828056e5e,4339.92,0.0009,83.6477
f4b3c3d51526aa8f97c9b7c7ea0722f3ca08cba842bfe6a85719f63eecfefc89,4334.41,0.0009,83.6486
98dab857d1ebf7bcbf8a75f4858a0193e22583c2b6df2209be89bb9306d7c01c,4334.35,0.0009,83.6495
b910e27bb8ad32708c6f6246dfa57b5606b3a9506bc2d2bb4d0944756e059ed7,4332.0,0.0009,83.6504
61fdf46179977215cdb08757a5a95a358c06dcf8bd1297bc31a2b7749d279530,4331.59,0.0009,83.6513
fc38cbf20efb5a3d58ddc06c3bb646250cd26e123bd692f859e9e09ff5517c76,4329.3,0.0009,83.6522
48d1d5b45f15b427e7cf90cec2f49bcf861c625eba643041c64916eb4e8dd39c,4327.9,0.0009,83.6531
403abf0ece2abb5ae126b52328296ed0ac31152c5de671bfdbca8ae7d61492d5,4327.5,0.0009,83.654
0c19ba57d50ac2887724b278837147f0ae1d0409a3d38eb5e38b9192150619bf,4324.33,0.0009,83.6549
f771dd30be7345ecaab380f027f852044b98ed65e36722d17196d3f04a0ada9f,4323.8,0.0009,83.6558
1e7742a209181ad05f327a4a183985bc98a490144f89b31205bc7c24f64d4df9,4322.58,0.0009,83.6567
b4f25fd7755e89696ad3a903dd66a9453005b6c0c618dad6e83ae2e819499beb,4322.27,0.0009,83.6576
b837966e23d40789f19b44581cc343db082e7d24408ee09e743d02365f55ced3,4321.88,0.0009,83.6585
6525af12127af607962fcf2f4ab8fa5a84ad773bf282fddc3d6e9c2cfd0f24b2,4318.0,0.0009,83.6594
2116da2cf368b8053003065b2a4cfb4aec3fc237cbada27f678084132b157444,4316.15,0.0009,83.6603
8a769a0b66da74d7ef83e024d0bc3d5c03f76e5987957d145d10ecf7809ae695,4315.13,0.0009,83.6612
a5655f1e8bc58ac69cf0dc3da8bd4def6dcac3a2b54a9d5fa3427f99cde9054f,4314.18,0.0009,83.6621
0dc2dbcea2b1d68e438d25d71fffa526b7a19c14e60d008505602d702f55e34a,4310.7,0.0009,83.6629
3ff598b1a954e5df4f7f84a059ccd57b8cdf891c9c070398d800315bdf748114,4310.5,0.0009,83.6638
11199e8e6957468f555db5c605803bbdcb02cbeae3fd8fd9612ba217893c82d8,4309.19,0.0009,83.6647
ed7114dec0521ae6c0967bbd8b92c3740138138721e29cefbe7ebfd44d20364b,4308.0,0.0009,83.6656
3fdde745e5bfa649a80622e103853823fd00d7be2fd73cb4bc52b3b9999f3ba2,4307.14,0.0009,83.6665
9810c2403390c96178be44e42a714a9789345b04bcbb4fc1a08964d7b47026e9,4305.35,0.0009,83.6674
c9c4988e1f136314e448ab1f0beb1f6c1aa2352a4f80c135340f249a77e83b18,4304.26,0.0009,83.6683
6e45f3a6577536c8b9f7ee02d9d470bd448fadb9e01b72ffc1ca22859469a21e,4303.06,0.0009,83.6692
ac0cfbb4ad4597b55677a6913f0912d32965a77b0ff9524dbdfc62b4c8e24925,4299.28,0.0009,83.6701
dfdaf757bfb18572a0f576888a53966cea3a03890a5d262343e5ff1fc1e4b8a5,4294.45,0.0009,83.671
72b7d6a76da4b3e222fd548708367a1907b0ebc82a7bada3ba635a3cd21a5798,4293.81,0.0009,83.6719
2d68f071283b5cd4ba947302891f210b1546d8cfb136141d924103ef0b8e45c6,4291.78,0.0009,83.6727
0a235d4651779be4620a2852ab9b13446d8fbe4fd89ac9f19545ed24a40177cc,4291.23,0.0009,83.6736
522e30a991795d3eb4e9884d546fdab92eb49c64a2c356bc2cee83bc7ac2a9b7,4290.54,0.0009,83.6745
f05a19a5480bd684052e1e8b92846f6384afe7189066f8b07b73d96277e2fca9,4290.02,0.0009,83.6754
0675d2db6b458ac8a4e4caa500707841e7473409e74426b2fe03ca787c6a3245,4289.2,0.0009,83.6763
cf15eabc875e36414343cf93f8e9083eed8e95ce663272f8d5fb95586793ed35,4288.17,0.0009,83.6772
4f88abe91aead7eb2475376ff22ab77da0a71aa114a855a611faca91dfc5ab52,4287.43,0.0009,83.6781
7e33d27a25e576340ab71c4fd66585227e5e20e07c9a1ca4dcd96b0b15306632,4286.4,0.0009,83.679
20959fe5e5d06a1c080e3bdb85112525ea2040241ca26c8b4b59ef25259f5b05,4283.33,0.0009,83.6799
21a845a95c16a3c3e6fcf40f9d3cf7c18d93d8bf987d1e9e30e2d9e369112e92,4282.16,0.0009,83.6807
fd56425dbbf8de513ac77c79c676de1ba6c8fbdb19765fb6eeeee9d7be7e7ac6,4282.07,0.0009,83.6816
7d1dcb3a97b28ebb85ae28ca215a4dda8e5e2b0e8064e40f83681969ba8db467,4281.06,0.0009,83.6825
0c3ceebe77050424e9ede6a6a1c779e5bd23a62b235744db22de541e6db7b393,4279.7,0.0009,83.6834
bdcab27ce3bfccb0e0e32c1e2669e70b3d8b53da0c51620d26c0fda016ee656b,4278.22,0.0009,83.6843
346820c3390a405061a4989dd4113bf89d64cd50e7e764715f35c9193a36d960,4278.0,0.0009,83.6852
7ff0413278ec851abde194fceed5298293b4125d23951a873aec9779082cdb61,4275.87,0.0009,83.6861
673c93606c9519c45f28967e2a6048e37df98a75680c02bf74f65877604f4fc9,4273.61,0.0009,83.6869
a32a76fcba284adef49666ecdd25ba9e140f2ce4064452637758a38d0e7cf7e4,4272.85,0.0009,83.6878
3301a6671a2915613384488952de148b455b4c3f5603d03c391b0aaff9266b10,4272.25,0.0009,83.6887
9589322cf89bee913af91509ff98c020cc10e89823525ec9bfb337b6dab53ad7,4271.5,0.0009,83.6896
182f419060f17d2319132eb94f30b7548d81c0c740977d044ef1edbb9b97233d,4271.16,0.0009,83.6905
2daac7a1d6c1acaf122cb59b5e2449d1d42e8b16200228a47bfca557f17894b8,4266.16,0.0009,83.6914
6213bae81a96e26c9428502d94b530438fe3d5b2103c4cc91636219643e3fc9d,4264.64,0.0009,83.6922
c3edcf3ee3c32a9d2959dfa8f3a35f0ff8e2a093fe45df98ad008f2dd7fcf09f,4262.7,0.0009,83.6931
9e83b5b75dde6f2582faf6afc4370b2fbb8d88a72e1cd1e30bf55c03e89f7875,4260.34,0.0009,83.694
1147074cd1341addda0d8a3a043b2bc06ce397fab79a33ca3dad4722d4713f9b,4260.25,0.0009,83.6949
9d8cea9bad62ee2cba36fbdb54d9a5281e8f3073c126de0748791ba11e169a20,4260.0,0.0009,83.6958
6f4d16b4dfbf60be913cd52cb1587da4744c7376c9b5c1c32ad797d5f46772a6,4256.96,0.0009,83.6967
013f6fe861ed724b59f6bfe4961532bbf91d33b41bdfc9973c907c3d4da7e4de,4255.0,0.0009,83.6975
27a23f6d8a1b3854f3f7e9da665ff807b37198fc3a9054a78e8b5db6d98ceac2,4254.69,0.0009,83.6984
09ab5299d3be2109c0926380e1e14dccdccc4e94ca4032884777231b81caa669,4248.22,0.0009,83.6993
acbbde02e492cd76e4d7c4930d02c85584db6435e590f96111ccbdf621016be9,4246.4,0.0009,83.7002
d14a23869a172b0215d1b6ef01679a7b0f42b2290dd8f1285195f43dc3d9563b,4245.78,0.0009,83.7011
1e4aeb2333fc10b04d3db474d97a99a3e82f44f25d669b0f56ef09795b473fdb,4244.45,0.0009,83.7019
12c6a62b6085e18daef40d78e7f4226033fe2fe15313715fdb8df2f603a939e9,4243.16,0.0009,83.7028
1717fc0a0ab6548182b3b018b50fa2b7adcc2cef1839c5f25a492e5b08466f20,4240.88,0.0009,83.7037
fcf40aad4b47bd255955ec65d40b3f2ebe41a58d2ecc381fd5f5a49cf632d973,4240.83,0.0009,83.7046
ef771c660ce827b539e2f2e29275a68813abc8055928d46ce50592bc1d707247,4239.7,0.0009,83.7054
57da13359fa062773d0edda207e9bb2f30863ff76b51596c4d5f8d88c20a481b,4237.13,0.0009,83.7063
e5c6a83317174973448003b1484bb6f99afd67c9abea946c43bab50fb1cf7f5f,4237.08,0.0009,83.7072
8735d39ea741e9cad14e4e2109dd62a794ed25f22e4df1c9419e484eef101953,4235.2,0.0009,83.7081
b303c22a9f42a92c0ffbf1d08d7d9fcc8a1c50761a314c0c172d16d38bd2081c,4235.14,0.0009,83.709
4c8b96941bfabeb336d616ac30073af5998b1a81ffa1aaae7ec0e6112d2fb061,4233.89,0.0009,83.7098
dd446d23ee7d36f906272e4bed78baa1ca4d19dd2773b0a20f7b1a6bfe2e0012,4233.65,0.0009,83.7107
b71417224173279607a7d14346a620d4f4e3a6e84a638e2534c0b017e47f61e3,4233.47,0.0009,83.7116
c2f0c8ff626d5b92bf359d3a713d89a812a2a0a3b8ba15b1abc0069184c03299,4233.11,0.0009,83.7125
746c09f5fe673fdb064754fd4fe0b942f3fe45ff4e638fbe4ed623b9dc98f5d4,4231.96,0.0009,83.7133
140c04d78a691c642140248d898ca7f03173448feabb3e21f9b106249509e509,4230.12,0.0009,83.7142
2496245001f7d2db01b3ded684e04540ec669759785bfd7685ef892b4998a578,4230.0,0.0009,83.7151
d4614ccba8c027c54bb985f2c4be51b98c2b3f9a866b0328b2dac4843e836b2b,4229.25,0.0009,83.716
572344ec84af286eca8c1bff2a0bb93d27cb8afecbe86eca4d78afd07792f1a6,4229.23,0.0009,83.7168
4d090159a6879ee30eee2e5aaa989a3dfda205d956e2ddcd8d26f4c4c1682329,4226.87,0.0009,83.7177
63a711f4eb6a15a054928843652dbf8685f102f5bfb425df14d052ca706f3618,4226.55,0.0009,83.7186
0ed541b708cba63596fe2be41fb86a25806345b1657e86fadec573c3f98a100e,4223.84,0.0009,83.7195
fa60ce0995f15dd8b994b08983d970fe81ad4b7ef4a23411b58244e451b7623e,4222.44,0.0009,83.7203
6225d5f46c1439c167edf1534a377f8d32945f6f50dec568c4642f77e194b1d2,4222.1,0.0009,83.7212
3c7aaf86d644e3f8bd9520a8c90a0fa3878eae2d95313a70f21d5a9ac4497833,4221.61,0.0009,83.7221
7a8883271eb198976bfc0d669d06a0c1b3d1ac3db4f322aef89045e1a0c3caf1,4220.85,0.0009,83.723
0219c2a7c8aa87890e11f3e5f9e129ef2bd1087183985d4e9815f29e58eb0d4b,4218.0,0.0009,83.7238
50b6c83da7cbb759ff9daee9a063b3a29849641e91385139159ec054b7e644b2,4215.68,0.0009,83.7247
52c64011225eb85abef2083b4d034dd7ea9fe8773236cc3dec5a92dba147ba85,4210.88,0.0009,83.7256
67be144cd3f7b64308418b40277e5bf653006146eb0cbeadb8a77a778c6f6140,4210.73,0.0009,83.7265
b61ef6221a9dc6a6b867fb37c646dce7df2b03320583a971947a849c2bbba118,4210.64,0.0009,83.7273
0ac95877852650ecaa1c80eb07ec9b98d39750872f9bb394fc1e84b3e634bcfe,4210.4,0.0009,83.7282
ac29e632c4edecc3cf22f9673cf192dd08246969d7db1f600a4860bb17f00b8e,4207.08,0.0009,83.7291
bbfbd6e54b76bdd7494ac8611bae56f6669d8514ee4eb0f2c5d1192999bd4445,4205.94,0.0009,83.7299
8c95672156a6094f26ffb8201b6aa10179abc3de657e29d7915b4abaa23c496e,4201.36,0.0009,83.7308
65a928d12dc42662ca267aa16cf4dae4f4b1627c529579e47d90fe5522bd79e6,4201.21,0.0009,83.7317
6be8a98921c3545bf88deadbffa487a51e5217e6f9a9950b5b2cfe396d957669,4201.0,0.0009,83.7326
85b187fcef3ff787b58c779e3c70b7a6e04402c14fecb951207e6e4c3ea89e24,4200.6,0.0009,83.7334
0ac6a58f8f54452767194198a6f259241b758879b502528d02045e54102d2c4e,4200.15,0.0009,83.7343
5f842f869ea3bec8245231ba927bfd97cf100a9296d3585e719547c2d4e85d3f,4200.0,0.0009,83.7352
0f732877ad15aa00f8d4b1b0a369dfbf239681ad86d988dd1b4c449cf5c22edb,4199.24,0.0009,83.736
4ea6db38db61520d600bac81168d4648d7c3cdbcbfa2167504e446a6f555b568,4198.52,0.0009,83.7369
1078cff2bf780a015e9c575179077f3c3c9df47d15785a133c1384de464c1911,4198.07,0.0009,83.7378
5a5cc10fe435ffe18a3233ce291ae0214820957a284810731341fc3fd0b09aad,4196.54,0.0009,83.7386
db685a68828f13c7d92177be648dfcd7221394154e209bf1d7bd198ec631f623,4195.85,0.0009,83.7395
74a029629850f5c67678a4f44825783f4eb7fc6eb1a0c845b5d0acb324232ec3,4193.43,0.0009,83.7404
a3ecfdebb7d940183b1cf0f6335a369429b3d7109e65c26e58070bb5534f1fb2,4192.96,0.0009,83.7412
eae398c1be63c999e78b186d03b15be8148b392d19b8ebcb73bf052f80a4db14,4191.25,0.0009,83.7421
8c47875987c7407e6f060ddc413ab2f1ec8b5473085578e448ad4e40fa5a8864,4190.0,0.0009,83.743
aa2e950a6b258d7f2bb1643d9ef531ffcc2ebb4c7af7f0252354427df717d82e,4188.47,0.0009,83.7438
da78cd578a7dad7e4c23ba1e5739db729acf09625e09cdacbcd4dfe12a10b5e5,4186.0,0.0009,83.7447
e6b1265527f257b6835cd66676f4eb918e15f62aafa0d0c6e40727c71178dca2,4186.0,0.0009,83.7456
d7ecdb2a0566a77e404db79c081813d65ad457e8ca70acb4efcc96249b40e4a7,4186.0,0.0009,83.7464
9a3a0ffa45910e3f4f985b4e3abd951d7f9f3a87d18f3c8a43d6fdb8acac78e9,4186.0,0.0009,83.7473
03ca1c3278cf01923ea5fbf6780b3dace51a548cf7829816be97d6621a66cc8e,4186.0,0.0009,83.7482
0daf5717479866228388551d32ec9c5040d21b095fa7035db478d772efe52240,4186.0,0.0009,83.749
8799c8671437f3c190ced310a78fa94272184811bf1732449c19590addcad19f,4186.0,0.0009,83.7499
330f7539f62ee82c771f939dcd5c38b0f7747ad53c259fae3766e4e15a5442af,4186.0,0.0009,83.7508
3155b1d027f8aca33a0bb03725d2543bc939301ccd0832dc669077c0474a0f7b,4186.0,0.0009,83.7516
502a2a81699aefb2c8d1f9aec9011275906823253809a9ba1d03fa2d2d09d6d8,4186.0,0.0009,83.7525
083a9aef1dad72b03ea88b1d9ad3ffc910bc800b1671e1cb08899476af8e833e,4184.06,0.0009,83.7534
cd3a45aa318c7efc36e937b3c96ef3d7eb6e9762c7536f56793abca2d2d5e912,4181.84,0.0009,83.7542
e50e2dc019f37b7e4f4d28241942085597b8729bd151cd91ae5ece1bdfb79db9,4181.72,0.0009,83.7551
d02a9da06fe213969fb54a1996ed9e517f30a76eb1a35aaf5258c4726aa29731,4179.96,0.0009,83.756
49b81031e985bb5cd32ef1e4311d88c8352a589b5265e3709018e40af1507d8e,4177.39,0.0009,83.7568
7168f87a1f73ca8527967724e6111924b9499479a081bdd47871e5dad019a13b,4176.74,0.0009,83.7577
f06413eb830a255ebe8764a725f4524ef5129056552472c93808b16f74cd01a3,4175.8,0.0009,83.7586
3a9299f827ed8bd76fbd7bceb22257d3ff4eb1712ad074d8561d699144dbf49c,4175.06,0.0009,83.7594
dac735e5c4bcdc10a40268ce6a7fc03f8b76b7bcd861877449d1fc35d8d480f6,4173.17,0.0009,83.7603
e78156465beeaf7d42b336df5d7f8a9311ad209d482ba04304fcd813a89b6db4,4172.0,0.0009,83.7612
50bc1a8fc9855f66966ecaf7472d7f160c17218c6e35794f9047ecd42c3ed704,4172.0,0.0009,83.762
5129a13099c8cba3ce7501226e3891df2e8e9a23fad5f33302584f3bed351def,4172.0,0.0009,83.7629
9944dc9752741e7d54114047b283a0bd21d3e7abb5b31905c4265c6dc08adda0,4172.0,0.0009,83.7638
ee0015c94a62a9787b4bf064248399f339668c731b33bb5648216322addbd218,4172.0,0.0009,83.7646
42a31df3e26de26ffa1402e57d9bbb559bbc8045751bc1866daa0a192379bb94,4170.08,0.0009,83.7655
4b8fecfe1cc80b7daa1cd66628ccf93c1d7982ac7a65631821e5a7f00ed34c63,4168.0,0.0009,83.7664
71845850351421e5a3ec14433428bccbd9e045583de134605701205aafc461b1,4168.0,0.0009,83.7672
11997101ed2d6d36f32cb0696329cef1aeab3908129926e14012f9afe8c4d326,4168.0,0.0009,83.7681
4dbe2d1419fcce3c96b246c1a35ce97ae7629be4f58648ab4e6cfb43e8a82aed,4167.6,0.0009,83.7689
f86876dcee5f708d796437479851e400b142ba7ec5fca2946fa1de207855c675,4166.8,0.0009,83.7698
d46a2ead41cb893afef4d1b0c9236a8285228fc3942b6eefdfb5289b34434416,4164.46,0.0009,83.7707
2bd073d5c7be9a5ff13d2a56446ee6cf969e744ceb6feffea50f347798804733,4163.82,0.0009,83.7715
762b071aff22b70cce03b1d6f178351b04877f527a1cf1c6fc0d4056b8e16ced,4160.0,0.0009,83.7724
c3fc331b0601e0967a100256b8e360d4599f80762c9550d3202fa3ae46d71f87,4159.28,0.0009,83.7732
69caa1232b7270cdfd67a2ddb849fd0f0432bc21ab565f3305c0d1a29e5a7dd9,4158.93,0.0009,83.7741
12291ce05dba912055371aa326c5ef8a02306f7007273855ecb9804596526fc0,4156.18,0.0009,83.775
bea5e3530533cfa5bb30d309201059a79fdd2c51f4103ec615d32ea6c8f7cb31,4156.0,0.0009,83.7758
bc7ba3e751a10c82a95e9bc3a212ae12d012ce3e33276f696b8ec60632b35346,4155.2,0.0009,83.7767
4bc3e7387bd3e8cc2180daabcb50abb0affd5f967342309668285cbfcd816a19,4154.5,0.0009,83.7776
82d5a2a5add9cc511072270b271308f4877e21061ec007d68f73b32eccdd3d0e,4153.78,0.0009,83.7784
bfd2f41a7c8ee749eb1dc509efcdbab7be2d90de24a2598b4617f6e2448e7376,4152.27,0.0009,83.7793
a9db1ef6dddcdbd8cbecf18ce9474fe07b111620567fa8faa93b28c2a8063ae3,4150.64,0.0009,83.7801
e75119a19ec6920b2b19303f1dcfca451fe470ef5aa423debb3bd006888e053c,4150.31,0.0009,83.781
48c0856f29dcdc013a9c55795155a978dbad120794d0a5d3309624f41ceced66,4149.06,0.0009,83.7819
9d45be96489b168f866a25e8df81bd54021aa5ad1a2751ca14ac5f8cd28042d4,4148.55,0.0009,83.7827
efaf75a4ad6f12a42166c28871c710da9a9b4efd9106b5f1bfd4b62fafe69b9e,4145.54,0.0009,83.7836
3b8314d780a703d15a2b82b0e1d80c17380ff20f6200adcf0cabdfd70d24739a,4145.26,0.0009,83.7844
9d273aaeddf2cc84d292406de798a4b89c050e7932851799e742275743a2ab22,4145.08,0.0009,83.7853
96e2bb65b173d51e869f5451e99868362a5442a196be1e40de0b73cc332994ff,4143.92,0.0009,83.7861
73f034f7ab9ad7d0da5b25662a5481e6a61d22cb5a778059adc0ab1bc8453a0f,4142.91,0.0009,83.787
a3023eca71aa2de5a44a5a6145e96de2d27866d540d7ef192c82d1979951d1f0,4142.81,0.0009,83.7879
6c6bd74230bfdf456f277928375eff163c54983c5504302eddbc18a54e3ad6a7,4142.78,0.0009,83.7887
c09a5eb1fadc41edd14a0ca56bd138ba4c647166bcd1c0696036f3f79fcde438,4141.81,0.0009,83.7896
dd333822149d6ad5b47593947508a3a9d522d61a975c2671df82e32ede6915cf,4140.0,0.0009,83.7904
d6f84d1cb91fc87730c2466e49191a962616b77195c69f31becf253eb5b81f75,4140.0,0.0009,83.7913
f04d729fea3f04cc0242d4491a064c52b6d89b92c20c84cec3625a5568cd19e6,4140.0,0.0009,83.7921
f97c5b670ad672000ae889f18ef84b97c529facbebe22981f4bb4c10af7054b3,4139.74,0.0009,83.793
44c760910fd46ff47c5686927bfdf395f659cae61409a8ca06abb23607282646,4139.0,0.0009,83.7939
27f004254d0ef4d3176fcf048a1fdd0447eafb0195ea9153317960cb6aac19f0,4138.88,0.0009,83.7947
99e7541aa4694e08ca1ef5a2be35da79f90652ee6ed930f1fdce42ed46a84c71,4138.44,0.0009,83.7956
52163e55fdcf7463e1da441f6e4cb1b271e08a83086b2ef9a0bc22d0587d3974,4138.35,0.0009,83.7964
ce75175f210be07543008a3119b39972d006d4f30f6792e3a9ad598b0ffd5d41,4135.28,0.0009,83.7973
fa8f20bda0c838ba9173ec98ae242f592bdd5ef8ce1a62a62eb91645367a253d,4133.11,0.0009,83.7981
18eb97db0283e6f16a2a4183d4aecfcca51044664d74ca0554b1e5e2d35fc91d,4130.65,0.0009,83.799
555b8f72c351c20f814b50bf4cd1e1da105a3a51c16d2c00faefe3d4354593c3,4128.0,0.0009,83.7999
debc2b2d831a3487b696498dfd8d29975d493024edf85021b168a3ed25e80913,4126.47,0.0009,83.8007
26d73dc740fb99980109e4dcc3495219a83153fdf7b8bcee5c00ad4fe6c1896d,4125.79,0.0009,83.8016
9c331669e195dabc72b03b100b936c95ff1655508ec962a83102705d710fd832,4124.23,0.0009,83.8024
96e5a135cb75181225efbf6cfcac32f27d3847554c13282cbd7f2fc9536fae28,4122.39,0.0009,83.8033
5ad6978ad449cc947716dbb40c6334cade1d5598b422d202038cfe789b544b7b,4122.09,0.0009,83.8041
ae223e95feba11e3b7257ef2ea6f458ead17738cb0f8b0d3a928148ed72f32f7,4121.23,0.0009,83.805
08610ef9c4f8b3000fa900cc0cde9ef82ae8fdf7d5b46f147cbb3fb009f10f34,4120.85,0.0009,83.8058
97592ef899f873efe12c486142ee6cac58044db53b8e814383230d5af02d51ea,4118.5,0.0009,83.8067
fd6306024b70017dc563b4dfd72a743c588c99fe34ffb37d15cba1e97bed17ac,4118.33,0.0009,83.8075
fe934253cdbbe56af554d52640bd441b365068893d0f74a9415865be8d0bad62,4117.95,0.0009,83.8084
49b397f21b3f5a84f522a3720027f77266980bf75982b1b78f4006f02aa1671b,4114.16,0.0009,83.8092
fb36eaa38c5ffaa3eabf52120940d5d990cf5f1d686b4ed111dd4d5d69683b25,4113.92,0.0009,83.8101
7417fa503f33233706f3c6fb0716f9dc73908d6bb87c5f6f07f05af10c63cdcc,4113.78,0.0009,83.8109
f963300b3d5d8f1b0be072c684b3f7775d632292ba47b17d90ac4488a1ee029a,4113.08,0.0009,83.8118
12098e32dbac90f93637d3aec9ccea2bff4ac5d7b8e452b40ddfd0a90212446f,4111.53,0.0009,83.8126
c0892b41532844e352f91b5aa2f26a93cd7b0367bd0ce40ded8426690ecc90a9,4111.03,0.0009,83.8135
1ad458cd64b8bafaff1c8a1deedc53af9d8520505fadce1481327cecfaf84708,4110.0,0.0009,83.8144
753519eea8e08ccff2784f4b61d8e03d11dad7398795c4fa02575772c573a2da,4109.08,0.0009,83.8152
9e4a70e279ec7503840fb5a2a7036de2635290be6df6c2cf3038a23633699bb0,4108.34,0.0009,83.8161
8d22157ca715559428bf841c4f4337b378d98221f5013478ddf11fc1a7072d7e,4106.55,0.0009,83.8169
7d39a5cda29728ec80d24bf2f629f34dff2f6b2bed43082928668741a20f340c,4106.45,0.0009,83.8178
488107a9afc7b325ec8e20a76693532776315b26fbaee4664da1e0bb552140d9,4104.0,0.0008,83.8186
5289cc8eb954b82fc933d6526b2b031435a3ac5ab64956385cfd45ba3a127715,4102.05,0.0008,83.8195
44c53e292f0193ed840db37357513c12621990dfa18385ff1fbefcfed2556ebb,4101.6,0.0008,83.8203
6075127124d9e6876b74c28b386593b990aee767e5d6f64c20cd655a32766b5d,4099.25,0.0008,83.8212
e69d7ea7218789b3379f9f895ac6d5d2a42cbc1d90724e54df4185e5012d9dda,4098.24,0.0008,83.822
d10f9ce1e0cd088882892c3428a44aedff829a8fbd050a874d616b2e54af847b,4094.69,0.0008,83.8228
9c6cd2fda0017d20df274e9f7a480067b31069bd6a028d708fc294b68ab99c35,4094.21,0.0008,83.8237
8c6ba4b62183d0c87e6db991227d6c5e46ab7233ca9ccdcd23db6f714266764e,4093.5,0.0008,83.8245
8757b0c3af5a2d77c44c06d5208a1f861ead4d16a0f2ad373be990f290e2d372,4092.0,0.0008,83.8254
b7264a9efee02cdf6ab3176e7604653eeb6568e9d70cebdfd7ff1fcaba4a9b66,4090.65,0.0008,83.8262
711c1edd256d4e64704634e6377a8dd1980887cee25ab215823044eba5a5396a,4088.81,0.0008,83.8271
e6325a3924a7ed0b6b4ee29e6f8fd431af3445b732c534284d23b760e121ee67,4088.18,0.0008,83.8279
74b5504497e2cdc119e94324564decfe9e34cac6c7af3b85480847da58819ab6,4088.03,0.0008,83.8288
727808b6f7b1cb0073cfd62812ae4686ae0342961f4ad3f8cbf38fd8dd3c53c5,4087.0,0.0008,83.8296
a4248f3eb5a7b7593fd4d7f77f750ab9effbb9efd63d065e00ad04ad7c1203ef,4086.05,0.0008,83.8305
6508876b71a1061732db3b5883ababbcb2ab1face0699a48d9683c6c5dcb6ea4,4085.41,0.0008,83.8313
567b2c024754af152bf24d9a5346eb0a314e804f0f429d946c72405e733f7540,4084.72,0.0008,83.8322
21fb87231cf9d959e01bc168b73f734a8de0144354db191b3a1f13ad4223ae88,4081.89,0.0008,83.833
0f77b7efb35769f8f89ef73755debc5ffc0cd70e46606e5762640f4b5f2b08a4,4080.0,0.0008,83.8339
5f4255fa364357de9369884181379dd394326f0cfdfdac34573a7387cba327f9,4080.0,0.0008,83.8347
a0131a60e2e0283b642f5335353bfcefb6f4f5e302ae41f21a50dbf74b879847,4079.94,0.0008,83.8355
37e1cdd0851d877d0f8fc5bb0a221f4bde5103b4697ec461c01703edeeba2ce2,4079.86,0.0008,83.8364
f8aa5242474c50f43f8bbc458c81930ae7f0d00bd4027184986ace2856535736,4079.6,0.0008,83.8372
53d955c5c6d0321e332d58528112c3f77f25e878cde1453e9c4cba0cc2474ca5,4077.4,0.0008,83.8381
273e504fba3d36708ad788633c7ec1cdcbf748bdc068cc33f3e18d0bcce033bf,4077.0,0.0008,83.8389
33d8ac57727a5bde73360c80953aaa306096b6d9f53942e7abc9144697e505d2,4076.0,0.0008,83.8398
981f9142711bb9d633b5cc3eedaba921d4f82cec1f3992ea0e20b92dbcf88d3c,4076.0,0.0008,83.8406
3d07a669e9f193b37141d7a9650a5d48b773f81c0acb52e0c936bcead7b092f5,4075.91,0.0008,83.8415
08273c848feb9474028278329fccd70062d6bfb3357913b867024c5f3a356b62,4074.44,0.0008,83.8423
1d548ddb2c75fce08fd64cde7b21bdfa11b5cf28900c7eb2c5fb07aed8bf8f5e,4073.54,0.0008,83.8431
abbb55b953701387b200c81b1c455f429b948d414cac1c0a583d4c831d894856,4072.0,0.0008,83.844
f37f5511146f999641c8d32c56daad23a963e6a391664e703dcaa3c22e2d65ed,4072.0,0.0008,83.8448
ff25eb9b281d13a975d3d575fdc2ee7fa9c1021a703e3d7d679546274e2fef8a,4072.0,0.0008,83.8457
e60278a10c66bedd4150a6faadc23a7c083dee693c72ecacb80c844df4de779b,4072.0,0.0008,83.8465
6241253685099241bf9a08f298e21b124206014a705c46f3668f613905e9df96,4071.16,0.0008,83.8474
29a3d80a7c1e62d2499e89ef560232c3f5d7d073cb01c5ef0580b56c0609ada7,4070.71,0.0008,83.8482
7660d6d1da8969a58c07978467064cff3f0e65927b7a2dd68d4fb7a55b4cae1b,4070.35,0.0008,83.849
80116193887376c6c5bf3f4059f597ac3e933ff2c33e4cf4c3357a7c02e211ed,4070.16,0.0008,83.8499
5391e123c98dfcd1c2a96031c9a77192a9c18d1e34e5c93a945e66843821d572,4070.0,0.0008,83.8507
1a7b61035af681de3b62b7dd87a34338aac8ef47478bb03357180a7e2ca5cdbe,4068.88,0.0008,83.8516
168d2a02b1891a1c8ffc5ae467a014849b7c97528fbc0304c3b47c842384dda8,4068.76,0.0008,83.8524
b21f51d0346ecbe5aa8a9364b849c93731488d71546c73c78cd9906aa97b18ea,4065.36,0.0008,83.8533
edc6ee565bf7769025481357189776bf4e15f2ebfdc1e3c958395fc6d375ae6d,4065.0,0.0008,83.8541
14a11893981d621dd6bd049a5f53fb66cc917b99cf6e6dd98469222cb8ca88af,4063.81,0.0008,83.8549
c8bc468617b3079e7b5fbdfcce7c24c0ddddc258a3f9016152f3340dd8dd4f3a,4059.0,0.0008,83.8558
1038ba6deaf37d54111c922513b908ff0b6f2ff533b5deeba46245b7243c9998,4056.11,0.0008,83.8566
bc468a73be8fc3e44ed569ddd4b8851bbe776bea98dbb6d6b77aa0c6ed3fc9c3,4055.65,0.0008,83.8575
10e2386fcecbacfabe341bd16f935690d799a5d8a128223be8db38d028158175,4052.55,0.0008,83.8583
2567dcefaf40c4751f3cb3892f62c9bbf8e6bbe429c1fe86990adf316a35c238,4052.27,0.0008,83.8591
7250f26870fa67490069f1ef3d6467f94c1752c49336a5e393b4b7bbbd038ffa,4052.16,0.0008,83.86
edf1dbd4fe84994c74327e7db6d271606b8c57ea9a70bf0799d6761a3ddd7f0f,4052.12,0.0008,83.8608
3ca35e5b84ba2a42dfaa513c57d743dfeee4b055acb90553a44931ad696ac424,4051.63,0.0008,83.8617
bd84996138188b0f9e8524d02c9f2c0eda686f6f464f8ef4b6dc36e4b83fee8e,4050.83,0.0008,83.8625
117e34bf679dc367c8cf66ebddfad9cb5b903c5a8c0a73cfef0f37ca69db4958,4048.0,0.0008,83.8633
7f4683a8ed34bfab63e5d19b7667e66082f78e10b7261b45557e1b75aac6dcb0,4047.0,0.0008,83.8642
4e327f4ed1df5e6eb925f38cd33ad6ce068d1cc5bb6408e5b83133fbbc3743f9,4040.25,0.0008,83.865
8bcf9f4c9647f18737b1c0a235f3820d59358911a6b8feccdfd0093c98daf700,4040.1,0.0008,83.8658
1d5529cbdeb20a340c252efd2a588637a39ae00fc0f343d7ea748d3ad9a43ebc,4038.21,0.0008,83.8667
1ea3a2378ecd96411cf74f0b37baf5aedd5e362de85a1bad8d182cba6d4e66eb,4037.2,0.0008,83.8675
8a6e27007473234b51ee0775be7dce9cdc28ca149755907cc29f755d9f906bdf,4036.13,0.0008,83.8683
ed7adf5e9d24050144f6d8099aee794177096eb16ca996062aba2af02a5bd5d9,4036.03,0.0008,83.8692
7a6d213d80d49a3e270ae9fce9a620eecda80c7614e445a0a02d9ecd0fac8d7e,4034.71,0.0008,83.87
b686bf0620bc0d58357b9b8a84997712d0013478b0ee9054bc10e39ae55686b9,4032.64,0.0008,83.8709
8e9374dc0c67f92853c390fe9db1b1430f99175bd2e506c4c16b3abd936a4217,4032.0,0.0008,83.8717
201b760f28c578dae0ce89542ec6d79bee708372562c7f2f872087e44ebedaf3,4029.95,0.0008,83.8725
878fb1b4c71b4ca4472b512292c14066a01a56fbae44cb5c8ec43a46e9a07d07,4029.53,0.0008,83.8734
08593d71aac6283e6ca2ee666fbb24e173fc5c534455751178c66f503696d436,4029.5,0.0008,83.8742
fa758bfdeaedac4b4958b2eeb7c8e04683edaefe40f3614ec8b80e8a2d902813,4026.16,0.0008,83.875
21d022738df3b4cd643c712238067f8436ad314293a993533f29d1331be70834,4024.15,0.0008,83.8759
82c2bc0de374a0a290c1830bbb53053acef182bc91c5a37f22941b914b67c256,4023.92,0.0008,83.8767
6f0109f1c492d465a937f67f0d1305a382115793b6ac5545ee60a6635c828fcc,4020.71,0.0008,83.8775
9f115e2afd9b3ed10beef1f2ba1d802355451439c1b1a225ebab0500531aa35d,4020.6,0.0008,83.8784
a601187af8de529d7eb88ed9deacb3284cb17a3f36e711af71ef2c324c201d5b,4019.0,0.0008,83.8792
737872ea2f8d0ccc1d85d37fba0908f46d8115277b213319ddc4cc6f8b917b18,4018.88,0.0008,83.88
e0bb17bbda3c114955b8593c2c1c9d4e5e410d9d6e36a066fd77393d147f3e9e,4018.58,0.0008,83.8809
fc236b106048e1543d8d863a80c51ea44401db90b323fa1247cdb096dc40bed5,4018.04,0.0008,83.8817
e3896a7ee46fe996c683706c9c81f59d734da75f7dc7b3365c29976ea0ea566c,4015.36,0.0008,83.8825
bcdc3705e6117d30bdb9a2e39f4de376f31b181c3be2280be586e59d3605345c,4013.4,0.0008,83.8834
b583b2bd83011338f2bf9709b62fa633773e4dac89ef7943e4900ddb01a5b200,4012.4,0.0008,83.8842
8c862ffef6de50fc46e8902e9d91b5eeb8736e987b9f6034096c1d7e2baf918f,4012.0,0.0008,83.885
d46f392f0c58df11ff7b18d34aec9a4ad93dc7e1f83ef1e17014339cf4bf248a,4012.0,0.0008,83.8858
13e19561b95d18ff8eec3e652b1b36817f1cbe47ba9f7fb718f3c408654eca82,4012.0,0.0008,83.8867
2e42dd10214bfbf412e71ca999587824d441a50473960881e42ef626008dd4e2,4012.0,0.0008,83.8875
2820986255b92a41a80da9dd2ba5a3f7d8a0b862ae2f12c11dd467c0c1746aa6,4011.12,0.0008,83.8883
1f597ae5614e804b001e162afc782cde0883b25eac5518e69595b01e2e0ed055,4010.77,0.0008,83.8892
4cbc702530f0d0920760dd35938f3b85e92fdbf83dbd07163ebb922d014a9c8d,4010.0,0.0008,83.89
8800ba76165743039f8a714ae13c506a818acf82c9d253cb13ac1b42dc538842,4010.0,0.0008,83.8908
d33173726ce7a4491bd94e845ca1f1ba1f4a53a0ee5051e8e2ee5f1bcc719a68,4009.27,0.0008,83.8917
e6c6ddaf39cbd0af2a6c9a70795467185eceb2d3b13f3f7a75663d9b4735c88c,4008.67,0.0008,83.8925
a80aec59806c057cb8cb2e0b7aa3c26fdd698ac5e95327162c621e0d0267509e,4008.34,0.0008,83.8933
5c484325dfa21f8ec766e216954355ab996fa3e9defa84f5ff8e46b83eaf11e1,4008.26,0.0008,83.8941
a196f280f8aa6820d791944567c05b21c9c28ac02f585b1dba2106a1599c6836,4006.7,0.0008,83.895
ed42427a879e9e2c3d03852d7d0d35a11b0550426dd0f6d74ddd2cc4ec9e404f,4006.52,0.0008,83.8958
74fc0099ff90f475141560b37453ab989e3a51fd3037a1e67d7d67820b6466e6,4004.91,0.0008,83.8966
2abec724ce0f49ff8c0b2e3bb065d39b68f9c8af5e926c0d98ec9a59dab89c8c,4004.38,0.0008,83.8975
080ebcd67881d443cbd6433cb6eb77422d23c457f457e3befdf6381f1e9d94ef,4003.71,0.0008,83.8983
1251125181e6a7ef27a0694b52c8ca7b4600c87e739a3bfdbecb1fc69e344e81,4001.75,0.0008,83.8991
30edf5ad9659dcc3d25aa69ce70218f4ad05fc72ac8c75d3c7529205a8c29794,4000.92,0.0008,83.9
6d34f57f53ef67367daf0a5304201aa30d05b252a44e3719af175bfda2ecaed4,4000.84,0.0008,83.9008
9b5ed3f214d4c67ada8b4a5df3b37756a4864abc477d6ac9635d5c9ca8a69460,4000.0,0.0008,83.9016
b652bd9229194dfdb5f9dc6a224f7cfc2af3c9c12c05bc0cdf343dfc143baf1e,4000.0,0.0008,83.9024
0ce7e0e0797e03aedfdaa26e38a949cc7f58743177b404405e7df05e2f454b20,4000.0,0.0008,83.9033
08623d4d514eaa0addd1623b0877fa4c5cfae6114d0fbda578f9e3f9c6bf738b,4000.0,0.0008,83.9041
56ba1d931751a6936c983edcfa5439aa3ddf4f3dc9271ab6c965bdee549be50c,4000.0,0.0008,83.9049
26b59ce76ec68da38c6f83facb2b552e87000f55f7b48eb0524f61c1cd624400,4000.0,0.0008,83.9058
24b96adb72c482d060b22a11dc59f85795880d72a069d12c51dabbb3791161df,4000.0,0.0008,83.9066
c0d923a8bb7bdc640b6ea5a848e85964953d7597f1cd8c97d14e6f9b380fb2bd,4000.0,0.0008,83.9074
d32e368bea43d5cbd04de6a6c464ce0c12804a32e1dd03db9e3ad79fce3c5a91,4000.0,0.0008,83.9082
66e3752e488ea8e59eb24f8867513d9fc0c165ed87aa7e3724b54e478fac439c,3997.24,0.0008,83.9091
a012f4c8c69ec154bbcc6c703f6a5b4fe569b2195f4768d8cc3c041ced8f60c0,3994.83,0.0008,83.9099
be2f729ab6796de2bc2336fd3245b5ff688e216ecb3e624cf9a6346705ba63b4,3994.36,0.0008,83.9107
0b3b088ace8202e1432b6a3b9f5e6d733b980096cefe51b921ea43e4ab7042a2,3992.68,0.0008,83.9115
be9a0395c1e445598285714b1ed1651f06c9d023b164f017b04f6a00486848e7,3990.44,0.0008,83.9124
7b2a3d92f8258361a307e64545ef3b0c75b3385dd168d7b33f677ca60c8759c2,3990.0,0.0008,83.9132
893dcd423f85394edde332a33265e6567cd8618c910c137dc0f9514f423064ed,3990.0,0.0008,83.914
8ab2c799b5e2edbea1b8641e994815c5805f55c7bdb0177c1944e77ee4291880,3990.0,0.0008,83.9148
9978c8f55ef8183f11a3577ac71e93b02653ca851ea24b481cdf00e0b59fac94,3990.0,0.0008,83.9157
de86affe8ece1300caf584cd98a1d40878a126e3ba06a12dcdbcb4bfe1b949d2,3990.0,0.0008,83.9165
a3e5879009f973c93e65779308f048ef60e1b23050676348f3de75d532af9ce2,3987.82,0.0008,83.9173
1ef4c6810869cf1bf113eb09cb3add4b9507b9d498a5999612337f7de7622e4e,3985.2,0.0008,83.9182
f099fb25cc0604ad3c449abf3fccb4f9660ee0f82b19b5fd7fb0ad88ec1d6410,3985.18,0.0008,83.919
56d10d025d3e905b3563287e485393572c5f0a9920fd28d116b9c24c78c45891,3984.75,0.0008,83.9198
d11c463121e4487b46ff5cfb13f8c3c71f460890afde16fdc56d7af66c4176fa,3984.32,0.0008,83.9206
ed34ff526304e73dc5cb180daa485c75c6589ac248ccbede29fde2ac7842029a,3983.2,0.0008,83.9215
5c955ffa560bd416081f31b58ae55974e586096ac520f12bdaa29629a176dbe6,3982.42,0.0008,83.9223
9a39d4763f71d4c725c80ec90578a3c6d7fa145f5066cd13bcacee56c99a42a9,3982.4,0.0008,83.9231
308c6fbbc03a7f36ca19796223fcf488eff564d7ab4caf3be0334f2fe7d759e2,3982.07,0.0008,83.9239
8ea6d0f59f62d1b6e576112229d967393f4c770dbc520d530a8b4fe854e7c6a1,3978.13,0.0008,83.9248
b1ba243ed29a0d91ed4188ed96d7880abf8105d16ef869decf6b8e798dad5a79,3977.82,0.0008,83.9256
0a34c32caea9b5499df491d055c6aca4d8a0aa52d9539fea06b34125c32a4e16,3977.4,0.0008,83.9264
ff0ee5158a0a394fc406ef51a635af7a6c51c65f1cf896d78b19c0e4ef133083,3976.72,0.0008,83.9272
e4fa7bfa60181e776773bfc0b2db9975cf1ee8b948a8c235219e978f09258bb3,3975.17,0.0008,83.928
a76bf95007e75b18833e3033732ee7842642507d6afcd3929f8fc1906bc019c4,3975.14,0.0008,83.9289
8da01eaac3293cbf123be2d7f9b4a411b36f1ead18ce3c43ca4ccf8cc511c836,3972.72,0.0008,83.9297
32c214c3794d4fb374169bc9f2ae9cd6623713af2d3ae26c27621c92c83b13a2,3972.24,0.0008,83.9305
30936d39c24b076796af04c6478777792109216847af240f3dcc6a0c6cf77878,3971.86,0.0008,83.9313
c78d14a09d178f8d772d8ebf1a9bcb491835893c17a12d7cee16d4932b13a430,3969.18,0.0008,83.9322
a8d84a896cb135f188e7381bdf6c1c3e61a73edceb2fcfef78fc2284c1f501b5,3969.13,0.0008,83.933
b4093bfce94dde1eb41d15c4ba9aed4085e9e5360dc237a43c29d9cefb00fd27,3969.09,0.0008,83.9338
f72b71f2cf7221d17e8e7dcb23ba1aebadee8813fb843860fa6894b9c658269c,3968.02,0.0008,83.9346
8e63e11c1d077963e8e943d9a91cd5430df262fa6ca928835e319620a0e0ca3d,3967.87,0.0008,83.9354
a2fd6986da3f5d680a32920205c954bbb1c9eac0ac7e047d5da243eb7d7980f0,3966.98,0.0008,83.9363
3e317bb09dc14b962c68708cefacfc70874aaf61a289bc972ab0a32c800b3e43,3965.6,0.0008,83.9371
833b3b2cf9df6c5d8985cc834df461d80641375b3629fb5c32abc7e80b7d40fb,3965.12,0.0008,83.9379
5e7eb1412992f4d339091798c3650731835acfc449baefa1f2a5b7bb04fa4428,3964.74,0.0008,83.9387
8c917ba196adee1a35141a32a75c4d423692c22bc27daf8bf008be039113c01b,3964.44,0.0008,83.9396
efe0233a505f5694cb94d27c91d54dce820119f25866e088098c40c68f28c53a,3964.16,0.0008,83.9404
68c0da3af880ca584ed8f1e496ec7100b67384df25a4b84e090c4a4a07456bc2,3963.65,0.0008,83.9412
e7a26f99d3de37167bb8db5dda3ff97bf1034abbda5160d45cfba34d06a35ec0,3963.56,0.0008,83.942
a96cddb9052d37d27f7ba5a2132b0b0c6e9f577ee948807866e68668dfed0a8b,3959.74,0.0008,83.9428
8a1760025f6cbf360a76ae003944857b78119306aac730aa336e3830ae8f7bf3,3959.23,0.0008,83.9437
81af5fdb73a29a1ae9548c4ec16c4537740d1e932d6cef15fc1bb646bdba7406,3957.5,0.0008,83.9445
f0f65f17f0907f7e5aed257de4e4c75e2148f471c2a2c5c8e4d4c38075ae310d,3957.21,0.0008,83.9453
192488282b562a6f1c16988662fbc85c9ac8314ef56a750338a35e23d96b8a8b,3957.21,0.0008,83.9461
f3e23ab9f2d94fcd0835a263473fbdce3a7e8a5bf1ec82eb529738925b5b8b62,3956.11,0.0008,83.9469
a07bfb845f818525cdb9bb87ad0279d7480abce85cc6dd07f397aaee81a0935f,3956.08,0.0008,83.9477
92c8bcd1a7cac865d5b0da3101c830000fe3259a41439987d54d1b0519eefc5e,3955.88,0.0008,83.9486
31a8699ed846554d8f3c21bb2158c95f82cbe4a843fc4f458e2b3f98f97c6c40,3954.26,0.0008,83.9494
96e804fc28de3a4904174ddce588ef6ec82bd2e766d75c1bdb85d2ad06fd73fc,3953.48,0.0008,83.9502
a01cf06b7835f77d81177299d817b90b1bc6371d04c33b2dc3a365c85111e5f6,3952.0,0.0008,83.951
8600c1991c13d81f53bfba373653b0eae1462b0c1af3aabc5e09c4cf2c3cfa00,3951.62,0.0008,83.9518
4ebb7636393909017847ef611f3437018a477b9daa53a7d730cfea0660118624,3951.15,0.0008,83.9527
ed81e3f00316b1bb77a9d34330bda48e9a4090bd4a02ea96585ad3920b2cae9b,3949.72,0.0008,83.9535
df58a2c87d5be31504fd70a1242541d573ab4385887edbd18625528170cb3599,3948.93,0.0008,83.9543
00ca50882c3cc26385fc668cc4c5c1c8659fae20242b1197356244af7ebae839,3947.27,0.0008,83.9551
bddbfcbfd10a218b0576f41a2cba6d198ef603dcc642aacd9a6e8086263b1380,3947.24,0.0008,83.9559
1c0021eb4b07a71de5bdc94f6d6c06ac4ea851ef152eb8fbe77275d899e8b830,3945.04,0.0008,83.9567
6d250a810541692a1a927a02b3f8a2aac0bae91ad269bafe90aed380b1dfad10,3944.3,0.0008,83.9576
f934e49f1e7524cadb5b400a834067692228bbfc036b5ae15f86dff17cb60602,3943.2,0.0008,83.9584
28cc00569ffff3b6bf70cf45f29b33959327a8b305331768ca8bc67fbbf48c27,3943.16,0.0008,83.9592
e45e089c75e0cbf8cbad8019e2e38ede69dadf86c4ec440404ca8c59118ed419,3940.62,0.0008,83.96
9becf800d279d305d4bd9df0fb11f84d6ed6e1dd8d7152a725cabda5fd89a5d4,3939.2,0.0008,83.9608
2090ac5f1becbe9aba5ccba4246cebe256b902f08e857bbec218058f12bb1ea7,3937.94,0.0008,83.9616
eb2f522c8b9505ab52ee3049a5201236bd3a1717fd72a3a7808876eb349833ef,3937.2,0.0008,83.9625
1f854d9f8fc80e6d3aa3d0f57aebcab3acf618da2f9d449600d707e977ef238f,3935.19,0.0008,83.9633
d91d7bf4a4c2ec5c73b48cfbc410b8965d3446326a7ecabe49976f5dac614fbc,3934.26,0.0008,83.9641
72d4948047485d3692086a8eba3a856907ea1af4a7e61a188eb10ee562b8c629,3933.73,0.0008,83.9649
87415ef5a3f15c718185438dad5da9d0587f6304f14ab130bad7b5112d038897,3933.33,0.0008,83.9657
0ba4c8ebd36a10dbc1b77d70dc33d26b78f9027978323929c0177e38f4262290,3932.66,0.0008,83.9665
f094a32ac484e23bef357efe672414c78a8dac4ec6bcca2c3268711fe5221031,3931.22,0.0008,83.9673
02dd56de782cf710863630d0a84864fcf8599dde9cc1b8af98e2ea76c945a5eb,3930.46,0.0008,83.9682
5b552c818abc52cefbdfd12e246c6260d28d52bfccc271db4e5079033c9de658,3929.96,0.0008,83.969
958f895f44fb4de652b0c1e2c3eac8e9aff59d752379b508c339afdfd351e8d0,3929.57,0.0008,83.9698
1a54e52149f00b61ab341f3729a479c911ab2ad9823c4bd7e9037b396e0c20ad,3928.0,0.0008,83.9706
3cb9685225f04e4dd6062a3307b6693860fce074af9cdf145cdd581f0d1cc516,3924.86,0.0008,83.9714
223d523af15934b3beb69530d13fa0eab12caa60f6df5268ef313c3665007993,3923.51,0.0008,83.9722
e020dae1a90048900d5c7059eb38a370385e76ea70f363dff05346fa351bcd40,3922.91,0.0008,83.973
c0f15257d6a0c2b1c013c6f28df819e0396fa7a9738bab7413c956e5c415b7c0,3922.89,0.0008,83.9739
d873bdcca6d6325c93fb08af843b773490d53abb65226a031be244853ccb6c14,3921.74,0.0008,83.9747
9e8d862f53fc91dff83e388a02c28bf53f5d9c92ab4ec079849c0433c6e8419b,3920.23,0.0008,83.9755
ac158af060381ef609c377016fcf9a06a2aeaa0b48a7daaadac7a14420fc7d5f,3919.87,0.0008,83.9763
fa05bfb2695add155de66bb7a5732b0d6712536be5982a5ae5d79e0e0ed66e97,3919.41,0.0008,83.9771
5d67940787cbc944adf59508c5be397460c816502a195d8499e8a2eeea6f0e85,3918.5,0.0008,83.9779
a19d60eae0bbf7c4c920cd2d8d9e57f4326790aa79f31ac5eb308da28b312028,3915.74,0.0008,83.9787
52b29f35229d2aee6c0cf1d2effe7ab0e3a815ebb1d4d28da619e32ea352e8a4,3914.95,0.0008,83.9795
57661f0bb8eeb8c3cab8cda3784ad0a0c562eb4195c2cecee0fdc1e6ed9dc591,3914.14,0.0008,83.9803
728962325585d7e3fcfc28858fe166a66e656bf3b47eadb80354add06fd6b555,3909.76,0.0008,83.9812
7880b0dc99aafcab0c147f076917b3e01b3556ca563fdff3b74dbcb980ff405d,3906.34,0.0008,83.982
49fb7b24bc54a597984d7aba4a4279433866713ddf2c052acd41a1cadf52fbea,3906.0,0.0008,83.9828
b97e3f1c3afc907950f7eababd8e0ec104e13e8ca132114b9e2b006ed009addb,3903.6,0.0008,83.9836
1ac861f39c0aa42c162a1aaeee73aaf12372ec0d3817a1b98eba8e4d0e8344f7,3903.28,0.0008,83.9844
164adf71110784b65ad9d2401aba488a9b6094ca94368b1a1931276209517bc7,3902.15,0.0008,83.9852
7a54199aee79229e9cc84ee472e512915d1e18190db6260ee75c26ba70bd4ddf,3902.0,0.0008,83.986
3db169ec2c2493dcdb182f953daecb088c95d7dcdbdfba204b6abdcafed566ec,3899.6,0.0008,83.9868
8e7ac3eac46368370f814f5d7df44505c5a7eb34c28cfa2e0de7e3a8fd2705cd,3898.5,0.0008,83.9876
842a580bd9801b9c40833fd4f0b55482f8b8a6444abf99c2ea03d618d1d260d9,3897.83,0.0008,83.9884
eb345ee90953f38e77aec83dbe2ed8cadda0e6ceaef42d86c1f30292fa1a5c4a,3897.55,0.0008,83.9892
faf1fd4b07d12609a5bdb40f6d35cab0e05b879a46d4579303fb7519a891208b,3896.11,0.0008,83.99
eed8b3eddf4f160b3b74b39e3b1e80299d65f6df1170c9b55844bb59c63bb9a3,3895.35,0.0008,83.9908
fe910739375735f6ef305bb03c1249d0ba1063abd4bd757f26a55e3e32f7c4b1,3894.36,0.0008,83.9917
60e916d56183d0d692d2c47cd076a804f29f6439061c79e016062e55f5b3b842,3893.59,0.0008,83.9925
523db72e165f254c8446fdad031a5aa39d372a62da5ee074f875455e92bf5697,3892.29,0.0008,83.9933
f5039faa69352920cf7a823f0dab89ed7f2967112256c856b791d360edcfb3b3,3892.02,0.0008,83.9941
baef1b1c129d8a108af7da8812ec8fe494aa3aeb7f32a83df81a5fb78e843e29,3892.0,0.0008,83.9949
0d0a28b31fc019d28c9be4e01103afe532e071f163fda4dc02c0a1bd9c2c265b,3891.66,0.0008,83.9957
0accfbee6b2320b8522d4d574d7b02c180c8cc917ccde2d54552a13dd856d1b9,3890.48,0.0008,83.9965
a07deba7e9e5268a3419d75eefa1f687a06219beece7fb98de25379338a6bcd4,3890.25,0.0008,83.9973
c9f4e20dd15e6747df721b60147273a57cd3c389a57dfef950914441361dbd96,3889.4,0.0008,83.9981
8fbe6a24e85eaa04cb3cafc2904fb39a37c4f35fe86a1fb80c14f05cfa2035be,3887.88,0.0008,83.9989
537e8d79c95b2ccacc44d6503889e8309e551444a03d0570dd684a4535f5831a,3887.41,0.0008,83.9997
558ae7fadee1db26ccae4368c5eed3df4a7b2733d2f250aa09f23c9fc756d011,3886.46,0.0008,84.0005
680e706fec70bf86384ec5c001d4e9b6c4ce8bc23a9511ad84cf8e95878966d5,3885.0,0.0008,84.0013
d625d3d92e6532cf572c3c6e00486a1c33cd6f2fef3c1972b29322743ca557c5,3884.04,0.0008,84.0021
315b1364b0ce6e854c7f7f7b1367484e34e9b62c2cacb1ecddce1b9443756ac7,3882.03,0.0008,84.0029
47b74b972f7a83ad8964f11dc6b36ae6746fb77efe362f869bdb82836bcd9362,3882.0,0.0008,84.0037
d0a4bc969dadc0cb300160147af1a2291aa34875f5cec4005789b2f8724b520b,3881.52,0.0008,84.0045
f37f870ca1ee85076a637dac1884870afd73a1ff81fafefa7275f51e547d5173,3881.26,0.0008,84.0053
151449c7ea7b44f2ab8e08b3198802eb8872b77fce3f7c1a575fbfd4a1004a1b,3881.19,0.0008,84.0061
183c3adae99ef8c3acf00caaacecaaeca13e3889c55dc057b909e7fda0f70ad0,3881.05,0.0008,84.0069
2f70ed03a7559e4565fe35a029e0d0fe10fcb94ed6dfdd396d9ff6f38efb6c16,3880.36,0.0008,84.0077
6688be24599078d84f39104d9ab510724e6599b54de122922d867bed4d2f3feb,3880.3,0.0008,84.0086
269dd0666bf3f8e6bb68ec676c699e1572ea135e36b1aab934b68cda8376ab31,3879.6,0.0008,84.0094
c59655be28e1da23ecc39877fdcc29bfb180bba875e83e14c3dae970e9b249be,3879.32,0.0008,84.0102
2616b642a0a05a3134dbc3122e19bf9289e1b5d8643aa10bddd7ecc3ac41b66f,3879.12,0.0008,84.011
dc9f7165adcc10eda6ad12e7b5692769eb429110a01b88f41172b5c8be10b900,3878.59,0.0008,84.0118
a8d5e324bbfede8c1b159226213d71a0113e6f7a5c3f7f74cc82c0c99cc236e1,3878.4,0.0008,84.0126
c47550906b58a2a332c6691be5df21fcafa876c7da6bc4a6bdff596a304aaa1d,3877.89,0.0008,84.0134
cbbef033793981a54c435c509d97cd56a240b1f1a7e3499808128db50fac6b73,3877.37,0.0008,84.0142
1f1bfeabe0ecba569d0c230874678983b4f343e5b4b823078818dda38776500a,3877.0,0.0008,84.015
bd4303b1bb27779d727a0e5adf9a6020bcdb1358288c66c5194e7035b8a5b1bd,3876.0,0.0008,84.0158
f6138693a8af6c023bcb76d6f0a1ecc544e06cafdbbc3c7c8f70d76527992e89,3876.0,0.0008,84.0166
80bcf98e718e3c9241453aaa5cd4814a450de87418afe62f3f9c5a8e41dfa683,3876.0,0.0008,84.0174
6b739c741670284ca19dd4b9cad2abafdabe2c81c289591830fe218f7ccc5e49,3876.0,0.0008,84.0182
15884d49510141b24e4937956aa5d307c82792c7bc0f17db377fe3d3436d77cd,3876.0,0.0008,84.019
64de26c200abbf3a3e766c1b89f26196becc46ba1b1bb80143745d4212d46743,3874.16,0.0008,84.0198
41ce439343eccdc4cc76ef076e347d4e4ea1b9360c942c7a2231b134715e1caf,3873.32,0.0008,84.0206
4b9a81cd8e681304480f761783316e4040becedd1a9f8740237403bc99957f2d,3873.25,0.0008,84.0214
e3839ec9537d6d3bec010cff43016b381492b78fa7da24afbac7275b5fe61e4a,3873.05,0.0008,84.0222
13e63af4e0df578e8d2073ea5d31d23f4068b00cad2935e6ec550994676d9674,3870.72,0.0008,84.023
5236b8e5ce1231b87341bc71e6d04f508c2c713a2bf1330392206a96141ccf2f,3870.67,0.0008,84.0238
f8b0f02c5f024abfddde7eb625687ab4b54017de42e20134ad2e66c8b8e5347a,3869.66,0.0008,84.0246
8184322aab4a4d5f586fe8f48886b920d7a7af8e054dd0ed3deccfabc052781c,3867.94,0.0008,84.0254
8763cdd177cebdda3981b6f9a16ecfe7a35c169b5513f7437135992a3f2b468e,3866.21,0.0008,84.0262
e72ba71b1d8b9f8ee6aa65bf6b27962bfbea41c3b93026e86f762680d6484b9b,3865.83,0.0008,84.027
9ae2bdd7beedc2e766c6b76585530e16925115707dc7a06ab5ee4aa2776b2c7b,3865.0,0.0008,84.0278
4ad67128e22fbf1f43608398214c94688259d98495a059331ab60c6709f6539c,3864.66,0.0008,84.0286
e037737150ef548b5ae33002c34e8663810b92103836cb70cc706930c04c29a0,3864.0,0.0008,84.0294
27991ee8d8a3187e84f20ac42c2e5df16c1918e9f634527c3791f93356fb4eb0,3863.42,0.0008,84.0302
9c40e32b0b50b13a98650406dad51f1b3fe0e7d0c1e1f47f29c3cecd8a38f8e2,3862.98,0.0008,84.031
69e3ef189c3e85c5eb6d5d8d41b723c6424d8adb1e782377f5810146ff32c9ee,3862.75,0.0008,84.0318
0805926f6a8aa1acb6a9ad0453b48924df107303788eff655bb49c3c96500025,3861.55,0.0008,84.0326
17813b240fceaac230502079a4e43ef07d005a10d2b8f2d8527a4b3128400bbf,3858.6,0.0008,84.0334
2816091fc761b98b10f8333bfd35e8b405a6ed983d03a023686008566c0bdd15,3857.54,0.0008,84.0342
8dd2e4bcb81f42c6c0a175f5b990af7f66ade822018e4cf6c4de0db9143eddba,3856.0,0.0008,84.035
0a203c5d4f45da612661c53ed81fd6250a6a3a268981218313de7c212190b490,3854.93,0.0008,84.0358
70cd2feceaa0aac8ab20f82f17d3736d13b2631b079696c4ee78b4cee101b180,3852.05,0.0008,84.0366
ad2d16f7012a6a00352fad1f889adb5d8ce5ad9a55c4ff221ef3ba4cfe241100,3850.84,0.0008,84.0374
f47c3de0acbbb94366204c87fdf05470751f782162ccd343e33561c3d36dc735,3850.0,0.0008,84.0382
e15fd2a31d303f4e6ec07e927339e87160c168ef375d38245208a2964d36e3e9,3847.0,0.0008,84.039
87d39cf904a8ee519029c61a539d1ce2b0dfca15cc57823b44c715e57245fa6c,3844.49,0.0008,84.0398
51d5ddd6ddf3943a87bc57a5f7bace5551e10892e064ad839cce3ac6153882e3,3844.2,0.0008,84.0406
136cf7f8dc72582042bb59a4db884dc28dd9fe023ed5dcd639861de5c9ec547f,3843.34,0.0008,84.0414
cd22172c34fb367b55f94e54b2e2c5cb0b19b5ab827140fce57dd4ba4694f2cb,3842.65,0.0008,84.0422
d54f0a8658124cc6a73fa6b6baa5dc4a6d85ef5d6f14b045a79919a62110629b,3837.45,0.0008,84.043
1ffa25f83d24026e14007c2ac46bb3e4594a3a1d74d222358d30b45c1fb82a0b,3836.36,0.0008,84.0438
baedc473ab092b6514959c6d904e8f1011bca747445d261bf9c290d67dc1a7ec,3834.49,0.0008,84.0446
2e922613677b9f2105dc332a593dbf7dd7028cf0f4662095c6a14d63a025a0c0,3834.38,0.0008,84.0454
23993db13cbd295898be10fac92011c92fb08077b1e2bc7e327a2a1caf7cf532,3834.04,0.0008,84.0461
2f69cb08dca747ae09fdf4428cdc80fc3eb02c6a623372ddc496368ec6e08aff,3834.0,0.0008,84.0469
dafdb5a64ddc56625bd295dd0c046df7c6cefb870487fe18163ee9cfd9b57b65,3833.86,0.0008,84.0477
bc0006e4a16fd9a8cedd53690021fa82cf65c6ab472a3dfa7e9ca4a4236e06be,3833.09,0.0008,84.0485
4e9477894d1a19f60b5411128bf60046fa4a34702a3327882a23302367e4c4cc,3831.95,0.0008,84.0493
49c2e3f826d60b5fbd97017024fd290447313e7d1770730e96387f168604fdd9,3831.24,0.0008,84.0501
b42889811966f3542ea8902c05dc3dfc67d9d3738032783772786ec84339d99e,3829.76,0.0008,84.0509
91245d67ceec2784ea388d060f278faaf77d7393d61ee91529bba21f99ea230a,3829.72,0.0008,84.0517
8de6c4f835095ba3c2c1c046f8da688bde7de9fa33b273cb9752bbbe4fa5c05f,3828.67,0.0008,84.0525
287008979e120a59d07755400167ba75b7b49b1063ba783a13081ec57d131f00,3827.2,0.0008,84.0533
22c81a8dfd1abcdadeb70f3a1200159d654451b52f82645ffc8ec969f6f378eb,3826.53,0.0008,84.0541
c93aee01ffcaeaeaef3ce3a27ca8a17a791cfbcc1e964e74f0b182e94a0fdf21,3825.83,0.0008,84.0549
101c3719dbe75473977c2d5533b73afe09e04c0469ffe98720ebd53b87a3b6a9,3823.68,0.0008,84.0557
6e523d76acd4b639e6c619dea88f2f54095e9571562445e3374eb9f53d6e6b3a,3822.36,0.0008,84.0565
cb5e8ccf59a73d293f363f8707eb85a2edbf20fee469a8bf304397827d53b55c,3821.44,0.0008,84.0572
9e98f3449d6bf88d52bff1c2c833b130dce4a747bb516d0ffce7b04bca476a94,3819.07,0.0008,84.058
838ab2e7c34fbb60fd8a5cc97ba6aca90d18c8c8c1e1f1d790b676d0f4a2ab3d,3818.41,0.0008,84.0588
451e3de832005029506602bf15bcfce79675b53f56b54ca39962bee1eff8cce1,3818.17,0.0008,84.0596
1fd8b13a8998fb800eb56140f3999c6a5f72ca095e17f61be774057b32d9a387,3817.94,0.0008,84.0604
81fff2fd7f573cf72dc513303f62a29e473bb881b58dd4ca70ce4ab626497897,3817.52,0.0008,84.0612
a2539e37ceac47a6d94a49595244227fb4b17032a566f688ebd4a94d7be1871c,3817.02,0.0008,84.062
92999d79249fbdb7adb41bbc34be388677f1a214759e40755e456e64e559a209,3815.68,0.0008,84.0628
4d4264a5b22ce09802d7609cb1e9f93faf8bac554743f99356bc1d5471e28694,3815.52,0.0008,84.0636
5f3e1f7221e8afbe387dca9f907f5358c328b60e64c16d7889245f67e532dcd7,3814.75,0.0008,84.0644
7d3fd2ed44e4df6716c6989de2a3fee08eeebe50f7f8d5ef5adc8691b820175d,3813.04,0.0008,84.0651
34c8f54ec0679f5e0cadd119e8d806b570ec640413ea9661b4e6f2bea7eb7a95,3812.52,0.0008,84.0659
03546fb8d0784efba4f4e041679e1a7fdb3fbc319af0034b598f8b87147b9c53,3810.99,0.0008,84.0667
3ba507cbc59a06b2ba603a3e2b9c774ef480550cfc238b3b5891cb144a8c589d,3809.67,0.0008,84.0675
64640c7d1a1ec734a25547c3cbc5ec4a435c0c9434b3f8886b6395502788795f,3807.74,0.0008,84.0683
a602452ff6caadd7413977993a3a53bf4a0db8434888bfb20822f01815159662,3807.44,0.0008,84.0691
264050d9f4155e07a5b4b7d84afd97e63e539cae66b339d1114455fb6bfbf02a,3806.13,0.0008,84.0699
f7a2888aef4d2add8ab3ac99d8257cf5759330975fe3e136706588b914e363c6,3805.72,0.0008,84.0707
44cdd65e10c632697df15a92442f9a07d3f1795ed32b3c845c368976a0ce3fc5,3804.09,0.0008,84.0715
f53abb66137d43e3307da04f248d5eadcf03be8931f280ce6c1403ab6e8ed63a,3803.6,0.0008,84.0722
9c197b06a4c28810e333c9cc20980623196a557b5c9553c72da751c6ce961cc6,3803.44,0.0008,84.073
7f6ac9984077be47450bedb75e28ce0252d736217c7de792b31ac631b8dbc349,3802.62,0.0008,84.0738
38cc5879317d24f2f64f509aca38a02cbcf7e1859e69021043e9b3df63c589c2,3801.93,0.0008,84.0746
1d97aa6ad09aa8c7bd03986e6f32c4557e8eea69a4e9bce7a6455121bb412d6e,3800.7,0.0008,84.0754
8aa34a753ab8e73b4031f4babdf136f4705faeb1c7cbd96d8278a29aee57f71a,3800.28,0.0008,84.0762
5fe5359d9bd3a7f559e6b10ab260775ae8e6fee5846c74d51d402b47b8dd3d24,3800.28,0.0008,84.077
17665186cb0cff90e01c2c429ed47a15e4e5dd4784dcbe6503e1822ebd300f2c,3800.0,0.0008,84.0778
d046c2f4394f8da84ab8f3da73146f9893cafcadb5d329777f46f04c0e978ec9,3800.0,0.0008,84.0785
ee9a8b04b0a3024a14a2e8bd5a09c1ef0f4628f23eba860a7dc431841cb0742a,3799.12,0.0008,84.0793
1ec2a9deca6ea33b5d8213b7f300021dc217eea30a044c07af61e4dd5b25f44c,3798.62,0.0008,84.0801
b9ac8d503b2ffc2451d6815053654f12f34c1dc41bb9613effee52efe10fe7fd,3798.11,0.0008,84.0809
a54ad891dc810137e349c4f26ed884b823d716385e9a4a11d46c4ad1d165b743,3797.48,0.0008,84.0817
04adb664ae2ca49e2401c385a28be6143636b9b478b8eb400921ac3707a844ef,3797.36,0.0008,84.0825
aee7d69e488eb942381f92509cd359630517bddd796c927e2aa4760e92236771,3796.01,0.0008,84.0833
9c5fdfea8993a91707544f99464bda60ef1b576e961952c516ee32fc0796bdc3,3794.4,0.0008,84.084
a4286709e555e0cc64400a89ba2cefdeee73d0c7a7b1c05b8046559f1c4be409,3791.76,0.0008,84.0848
b548fa77f51e4c929191e4e00f9f259c3f8131daa67d25a26bcced9d1a3d3045,3791.15,0.0008,84.0856
1a1e566ffb1481eecd32915035c7fe3734fef2d2941e789c1ae092ac8855a13f,3790.02,0.0008,84.0864
67d3b06ae42b354eb3298c865166ac915d23ce8186bf12c26f0abc314ff1e29c,3789.63,0.0008,84.0872
f0d69c9694f25467bc8b81c4ce5583976be8d256026d3cbde4900d7b2362394d,3788.57,0.0008,84.088
ca427af9c5fa40b1fb6f12966f7302c6891068412c5af1c845a8582bdc73f6bd,3787.42,0.0008,84.0888
bc46e4b0fdc5ad007855c1339aba90bf18a7c68fb14706ac78969a10a7e23b44,3786.35,0.0008,84.0895
6eb16d7a88ae0d81934d581dbc565e1bcf8aae602c000bfba58ea9ec873752cc,3785.87,0.0008,84.0903
ebad5100d8fc4ad04c1a9a4a44e56b9c05c8ab6ca3eba457e34a3f4dc4c7aee8,3785.75,0.0008,84.0911
16ebaaafcea7db54674356de1535a34554d0a13154be68088f8d69acf80f51cc,3785.4,0.0008,84.0919
9270309ca00fb94bae356f130bd48f092f57bf27bcbc83ff525226272a988502,3783.33,0.0008,84.0927
a76907f32e740b1a168b33fc624f9a63214f6368552af0ff286a146864198d35,3782.91,0.0008,84.0935
6d17a63c4b5163af70b25cbb3e1a4286806f2700ba8885b7a1721825b0a6f844,3779.52,0.0008,84.0942
499fb9c03ef48b6b53f332240ed0d385cb5c6839b8d4f2c4501033d5e87a1856,3779.17,0.0008,84.095
507080cb312006aad8762b28470bde734ab63ed194ba52001941941613b1d786,3779.16,0.0008,84.0958
cfb7bd907db22c16f120ef5f955610a5c303707102597974539a306ac86b655e,3778.53,0.0008,84.0966
926b4002cc2c7a2ac4efe2879886ee265108b75c64960cd889ecbfe45b90ce7a,3778.12,0.0008,84.0974
911c348c53f9b1dd74b5dde1742dd069399e66b0f858c4e90af4293756a33063,3777.72,0.0008,84.0982
4a4edcb53f5c3551734f26557433bdc6ba04127b47a39842701319afd1bbf974,3776.0,0.0008,84.0989
e36d40e4e520c8792de6436d70ed5fdac8ac1ec4a80d9b7c2e924b9702717f58,3776.0,0.0008,84.0997
b02781597ca62285d2edca415c099cc6d222117df10fcb2257b8a941c4feed7e,3774.91,0.0008,84.1005
19e5ad8fdf0e59d90aa0d9fb7007996cffb4a6016d887715a46b7224d72092ae,3774.4,0.0008,84.1013
28cfe7189c27d95a70097e86d0298229013e06701f450c92dacdf20b24468db6,3773.4,0.0008,84.1021
ff1f7e0303bead0c2c081fea7f98db7725ada6a731485e78af282ae38204f545,3773.15,0.0008,84.1028
01b04711ba7fbf6e9d6fea71fefec74db0e269318a41f7c9b28e4a2756271ff6,3772.0,0.0008,84.1036
1dd36e41092ecd212b6be289c07fd42b26a235ae7911cd3df0db6f9fce800269,3771.14,0.0008,84.1044
a511d965a709d0bb8324d61837194079f065b707e01d063ab4f979a7f7f22376,3770.74,0.0008,84.1052
83967b971b3364a79eb68d0510b6928169d361865c073ca69f0761d252478d56,3770.56,0.0008,84.106
aa7579c2485cb023f33e919dce12906f060824c8830c3d7e0707c2ddde60144a,3769.7,0.0008,84.1067
66ce9b78a74efc475016d678ed33ab3cb126cc42742b21b38ae548decc6a7f3f,3765.96,0.0008,84.1075
88d427b40e745dd04a1ade769cfb521a0d5adb5c77be2aba425958a492ae34a9,3765.69,0.0008,84.1083
63bda6687f913c43d668c889c0b64b4c17cafaae11de6319030154d0ec62d3e4,3764.59,0.0008,84.1091
8f7926fa349fa2b58ea9a8593b8b44177901cab84807a0fe2cc57976c2a3c659,3764.13,0.0008,84.1099
7a75b362cafacadd08e0eaeacb59a14bdfec5ece82422735f76729aaf7aee72b,3762.0,0.0008,84.1106
15e8ea9939d5a6eea4e5e57f50a39577bdd1c9e624efb3bd6086c287883cc6bc,3762.0,0.0008,84.1114
54f0f3cd514d12528476ad9b3b6ec3dc3ef39558ec1c9d2da0bb6374f6c326b2,3761.95,0.0008,84.1122
ba25a5ace84230d5958908687139bfbcf685b82c4ca8b4dfa565566e1282c354,3761.94,0.0008,84.113
26a38e159258585c760a51e0d5991fc6695e136b20e78f1dbe05cd5d492da379,3761.33,0.0008,84.1138
4c8a134ed8b5745a6f8aabf8f9d739104a3983233b8fc5a8e6b4cee1a38bb08b,3760.5,0.0008,84.1145
764dedae61d515ec39ffb6a1d4f0b4306a1b3bf3bde800c399cb11ef92828780,3759.6,0.0008,84.1153
68a7d80a3ebd3fda9475e96308c31c796ba5fb0d9050278242d27d461bd83412,3758.4,0.0008,84.1161
97b1e8d6964d806b0e13c680759012ecd688866fbee10080f0ca731d723c4ea1,3756.34,0.0008,84.1169
77689243d1ac8712f6d50cc7c8cf1770181ea546367cf5b9120f6e808be35c4e,3755.66,0.0008,84.1177
651dd9465f96366240c343cf068bdeb77e0a5da2ced8b0ddbe033b60750ebda7,3755.18,0.0008,84.1184
e5c693c430199509e913b861bb87cdded13ef572e6114f8d8b565707e1c71b6e,3754.16,0.0008,84.1192
70b0c33f03ca12b02f786b62de601159567206a64ec8ca4be298df3d58016b7d,3753.78,0.0008,84.12
a1341c665261623f1e2d32224d94ec5c7b441df38f92e240f50f5f43215c52b0,3753.68,0.0008,84.1208
bd87b72b4682f6ed5ffeeb5272954e7ac58d0e861e556b7a279bb54ed3542ebc,3752.9,0.0008,84.1215
5ae2b506123459f44ece7b6afcf229db27e30a5910b569c853c1b2eb622bf1a5,3752.2,0.0008,84.1223
bdd7c88a58ed63cddff06dd4816af5ab545022f474b72379e42e9bf39d693659,3750.36,0.0008,84.1231
e41748c185b948d524a0b219a37926cb128bf77431b34dbccb76890ecae1f4b8,3750.0,0.0008,84.1239
89d84591007fee8b287d7d91e00deaa6a5f7eb014d0964f059248793e46c25b9,3750.0,0.0008,84.1246
d32e29fa4c803cc39cfe306112e4fd88f821e06b629dfb18deee45af576b915c,3750.0,0.0008,84.1254
e5c934ee0921776ed1a342026b9d462f6c2bab6b1fc3ab1f82cd2731bb1d4587,3749.76,0.0008,84.1262
f7d5db24b5873e606641ebf4fe66f0fca90882a57b3389574f2a5791f01a5854,3748.02,0.0008,84.127
4bd2250e2a21745a88e0b7966723c16b8f07ca798d622f975a2a0af7576f4f5a,3745.56,0.0008,84.1277
a69540511a2230aa83241b5b8fbe618d8961fec63fc0326927b33c5877c7795c,3744.51,0.0008,84.1285
